FullSymbol,Name,Type,Exchange,PaymentCount,StreakYears,StreakDirection,CachedYieldPct,CachedPrice,LastDividendDate,LastDividendAmount,LastCurrency
AABVF.US,Aberdeen International Inc,COMMON STOCK,PINK,4,2,up,0.0000,0.02,2012-09-24,0.0102,USD
AACAY.US,AAC Technologies Holdings Inc,COMMON STOCK,PINK,29,3,up,0.9109,4.94,2026-05-27,0.045,USD
AAVMY.US,ABN AMRO Bank N.V,COMMON STOCK,PINK,13,2,up,3.9594,49.78,2026-08-24,0.784,USD
ACOPY.US,The A2 Milk Company Ltd,COMMON STOCK,PINK,5,2,up,7.4375,4.8,2026-09-18,0.056,USD
AJLGF.US,AJ Lucas Group Limited,COMMON STOCK,PINK,5,3,up,0.0000,0.0046,2009-09-01,0.0461,USD
AGFMF.US,AGF Management Limited,COMMON STOCK,PINK,84,2,up,4.2799,10.97,2026-10-01,0.0952,USD
AIHZF.US,Ai Holdings Corporation,COMMON STOCK,PINK,7,1,down,7.7257,15.12,2026-06-30,0.3723,USD
AIXXF.US,AIXTRON SE,COMMON STOCK,PINK,15,1,down,0.7706,39.48,2026-05-15,0.12822,USD
ADBKF.US,Addiko Bank AG,COMMON STOCK,PINK,5,2,up,0.0000,32.25,2024-05-02,1.43328,USD
AFSIA.US,AmTrust Financial Services Inc Pref Series A,COMMON STOCK,PINK,53,1,down,13.4181,12.58,2026-09-01,0.422,USD
ADRGF.US,Mene Inc,COMMON STOCK,PINK,1,1,new,0.0000,0.113,2018-11-29,0.039,USD
AFMJF.US,Alphamin Resources Corp,COMMON STOCK,PINK,9,4,up,12.2437,0.9997,2026-05-22,0.094,USD
AIQUY.US,Air Liquide SA ADR,COMMON STOCK,PINK,26,5,up,2.0669,38.31,2026-05-15,0.79182,USD
AKRYY.US,Aker Solutions ASA ADR,COMMON STOCK,PINK,7,2,up,20.3653,8.94,2026-04-27,1.82066,USD
AEBZY.US,Anadolu Efes Biracilik ve Malt Sanayii AS ADR,COMMON STOCK,PINK,24,2,up,2.3091,0.33,2026-10-06,0.00362,USD
ALNPY.US,ANA Holdings Inc ADR,COMMON STOCK,PINK,27,2,up,11.3017,4.05,2026-09-29,0.00024,USD
ALMRY.US,"Almirall, S.A.",COMMON STOCK,PINK,2,2,up,0.0000,14.0686,2025-06-02,0.20753,USD
ALFVY.US,Alfa Laval AB ADR,COMMON STOCK,PINK,18,4,up,2.7890,56.93,2026-04-24,0.975,USD
ALPMF.US,Astellas Pharma Inc,COMMON STOCK,PINK,57,1,down,7.2460,16.35,2027-03-30,0.19988,USD
ALGGF.US,Alliance Global Group Inc,COMMON STOCK,PINK,15,1,down,1.3492,0.126,2025-12-22,0.0017,USD
ANGPY.US,Valterra Platinum Limited,COMMON STOCK,PINK,38,3,up,8.1255,12.75,2026-08-21,0.587,USD
AMXX.US,Maxx Sports TV Inc,COMMON STOCK,PINK,13,1,down,0.0000,0.0002,2017-07-05,0.1,USD
ALFVF.US,Alfa Laval AB (publ),COMMON STOCK,PINK,21,1,down,3.4350,59.5,2026-04-24,1.0119,USD
ALZCF.US,AlzChem Group AG,COMMON STOCK,PINK,6,1,down,1.3229,184.9,2026-05-07,2.446,USD
ARCXF.US,ArcelorMittal South Africa Ltd,COMMON STOCK,PINK,1,1,new,0.0000,0.0587,2010-08-30,0.09145,USD
ARZGY.US,Assicurazioni Generali SpA ADR,COMMON STOCK,PINK,19,5,up,7.8275,24.58,2026-05-19,0.962,USD
APPEF.US,Appen Limited,COMMON STOCK,PINK,8,1,down,0.0000,0.7123,2022-03-01,0.0386,USD
ARXCY.US,ARC Resources Ltd. ADR,COMMON STOCK,PINK,3,1,new,1.6774,26.96,2026-06-30,0.14901,USD
ASAZF.US,ASSA ABLOY AB (publ),COMMON STOCK,PINK,37,1,down,4.4366,36,2026-11-11,0.3542,USD
ANYCF.US,ANYCF,COMMON STOCK,PINK,5,1,down,4.2843,16.5,2026-04-30,0.2422,USD
ASBRF.US,Asahi Group Holdings Ltd,COMMON STOCK,PINK,59,1,down,4.7402,11,2026-12-29,0.19062,USD
ATAZF.US,Atea ASA,COMMON STOCK,PINK,30,5,up,10.8495,17.79,2026-11-19,0.3847,USD
ASCCY.US,Asics Corp ADR,COMMON STOCK,PINK,27,6,up,1.1028,26.42,2026-12-29,0.00095,USD
ATONF.US,Anton Oilfield Services Group,COMMON STOCK,PINK,10,4,up,39.6664,0.1079,2026-06-02,0.0055,USD
AUKNY.US,Auckland International Airport Ltd ADR,COMMON STOCK,PINK,26,2,up,1.9793,23.24,2026-09-17,0.234,USD
ATLFF.US,Atlas Copco AB,COMMON STOCK,PINK,35,4,up,6.1257,17.7511,2026-10-20,0.27475,USD
AYAAF.US,Ayala Land Inc,COMMON STOCK,PINK,61,1,down,4.4000,0.25,2026-03-06,0.0061,USD
AZLGF.US,Azelis Group NV,COMMON STOCK,PINK,8,1,down,3.8803,13.7,2026-06-30,0.2658,USD
BAOB.US,Baraboo Bancorporation Inc,COMMON STOCK,PINK,52,1,down,1.7219,7.55,2026-09-22,0.04,USD
AVNBF.US,Avon Protection plc,COMMON STOCK,PINK,31,3,up,1.7515,24,2026-08-07,0.081,USD
BCCLF.US,Becle SA de CV,COMMON STOCK,PINK,10,2,up,7.4950,0.796,2026-05-11,0.0317,USD
BCDRF.US,Banco Santander S.A,COMMON STOCK,PINK,103,1,down,2.8323,13.83,2026-05-04,0.1475,USD
BCPPF.US,BCE Inc,COMMON STOCK,PINK,17,1,down,11.8733,11,2027-01-29,0.21745,USD
BDGSF.US,Bank of Georgia Group PLC,COMMON STOCK,PINK,19,1,down,2.1541,196.527,2026-09-11,1.1666,USD
BDVSY.US,Bidvest Group Ltd PK,COMMON STOCK,PINK,44,7,up,4.4802,27.365,2026-09-25,0.604,USD
BECVY.US,BEC World PCL ADR,COMMON STOCK,PINK,15,2,up,5.7321,0.53,2026-08-28,0.01205,USD
BEPTF.US,Beach Energy Ltd,COMMON STOCK,PINK,57,1,down,8.5249,0.6135,2026-08-31,0.0143,USD
BEVFF.US,Diversified Royalty Corp,COMMON STOCK,PINK,143,1,down,7.3310,2.81,2026-09-15,0.017,USD
BKFCF.US,Bank of Communications Co. Ltd,COMMON STOCK,PINK,29,1,down,4.5175,0.97,2026-07-02,0.02192,USD
BKKPF.US,Bangkok Bank Public Company Limited,COMMON STOCK,PINK,46,6,up,9.0606,5.81,2026-09-10,0.0608,USD
BGAOY.US,Proximus NV ADR,COMMON STOCK,PINK,34,2,up,7.8881,1.34,2026-04-27,0.071,USD
BIOQ.US,Bioqual Inc,COMMON STOCK,PINK,22,2,flat,0.0000,33,2024-10-07,0.5,USD
BKGFF.US,The Berkeley Group Holdings plc,COMMON STOCK,PINK,28,1,down,0.0000,44.795,2025-03-07,0.4265,USD
BKUT.US,Bank of Utica,COMMON STOCK,PINK,63,1,down,2.8467,685,2026-06-30,9.75,USD
BLFBY.US,Balfour Beatty plc,COMMON STOCK,PINK,24,6,up,2.0147,24.82,2026-10-30,0.12726,USD
BKRKF.US,PT Bank Rakyat Indonesia (Persero) Tbk,COMMON STOCK,PINK,29,2,up,22.5556,0.18,2026-04-22,0.0121,USD
BLGFF.US,Baillie Gifford US Growth Trust PLC,COMMON STOCK,PINK,1,1,new,0.0000,5,2022-03-15,0.285,USD
BLWYY.US,Bellway PLC ADR,COMMON STOCK,PINK,23,1,down,3.0640,31.39,2026-05-22,0.30406,USD
BMLKF.US,"BML, Inc.",COMMON STOCK,PINK,38,1,down,4.7442,25.207,2026-03-31,0.3772,USD
BMDPF.US,Banca Monte dei Paschi di Siena S.p.A,COMMON STOCK,PINK,10,1,down,12.9542,13.31,2026-05-19,0.9947,USD
BMTHF.US,Best Mart 360 Holdings Limited,COMMON STOCK,PINK,8,2,up,15.1951,0.2435,2026-09-17,0.014,USD
BNDSY.US,Banco de Sabadell SA ADR,COMMON STOCK,PINK,29,6,up,15.2688,8.74,2026-05-28,1.173,USD
BNGRF.US,Savencia SA,COMMON STOCK,PINK,16,1,down,1.9685,82.35,2026-05-19,1.6211,USD
BORTP.US,Bank of Botetourt,COMMON STOCK,PINK,14,1,down,3.2131,61,2026-07-31,0.49,USD
BMNDF.US,Biomind Labs Inc.,COMMON STOCK,PINK,3,1,down,0.0000,0.46,2020-11-16,0.37375,USD
BPCGY.US,Banco Comercial Portugues SA ADR,COMMON STOCK,PINK,7,4,up,5.7198,13.8795,2026-06-02,0.39694,USD
BCLYF.US,Barclays PLC,COMMON STOCK,PINK,55,6,up,2.5000,6.24,2026-08-07,0.0794,USD
BKOR.US,Oak Ridge Financial Services Inc,COMMON STOCK,PINK,31,1,down,1.8721,32.05,2026-08-18,0.16,USD
BPMUF.US,Basilea Pharmaceutica AG,COMMON STOCK,PINK,1,1,new,0.0000,77.4,2013-04-11,5.3798,USD
BRYAF.US,Berjaya Corporation Berhad,COMMON STOCK,PINK,8,4,flat,0.0000,0.0619,2015-12-07,0.00216,USD
BPOSY.US,Bpost SA ADR,COMMON STOCK,PINK,16,1,down,0.0000,1.48,2024-05-15,0.141,USD
BTBIF.US,BTB Real Estate Investment Trust,COMMON STOCK,PINK,237,2,up,17.5848,2.57,2026-09-30,0.01787,USD
BTSGY.US,BTS Group Holdings PCL ADR,COMMON STOCK,PINK,27,1,down,0.0000,6.05,2023-08-04,0.461,USD
BVCLF.US,BATM Advanced Communications Ltd.,COMMON STOCK,PINK,3,2,up,0.0000,0.022,2021-12-09,0.00981,USD
BYCRF.US,BayCurrent Consulting Inc,COMMON STOCK,PINK,13,1,down,2.7752,50.499,2027-02-25,0.326,USD
BXLC.US,Bexil Cp,COMMON STOCK,PINK,32,1,down,0.0000,60,2011-02-11,0.002,USD
BYLB.US,Boyle Bancorp Inc,COMMON STOCK,PINK,58,1,down,3.2422,128,2026-09-15,1.05,USD
BVHMF.US,Vistry Group PLC,COMMON STOCK,PINK,24,1,down,0.0000,3.4,2023-04-20,0.42413,USD
BYDDY.US,BYD Co Ltd ADR,COMMON STOCK,PINK,13,1,down,0.5364,9.88,2026-06-12,0.053,USD
BRDCF.US,Bridgestone Corporation,COMMON STOCK,PINK,61,1,down,6.7418,23.35,2026-12-31,0.4235,USD
CABJF.US,Carlsberg A/S,COMMON STOCK,PINK,19,12,up,3.5925,126.98,2026-03-18,4.5617,USD
CAPFF.US,Capital Limited,COMMON STOCK,PINK,11,2,flat,1.5738,1.652,2026-08-28,0.013,USD
CFTLF.US,ChinaSoft International Ltd,COMMON STOCK,PINK,15,1,down,1.1531,0.516,2026-06-05,0.00595,USD
CCVTF.US,China Conch Venture Holdings Limited,COMMON STOCK,PINK,8,3,up,6.8941,1.02,2026-10-15,0.01912,USD
CHBJF.US,China CITIC Bank Corporation Limited,COMMON STOCK,PINK,26,2,up,8.9894,0.94,2026-11-02,0.0302,USD
CEFC.US,Commercial National Financial Corporation,COMMON STOCK,PINK,132,1,down,3.7460,15.75,2026-09-11,0.15,USD
CAUUF.US,Centaur Media Plc,COMMON STOCK,PINK,11,2,up,2.0866,0.381,2025-10-09,0.00795,USD
CGFEF.US,CF Energy Corp,COMMON STOCK,PINK,6,3,up,0.0000,0.001,2019-12-05,0.01319,USD
CGNMF.US,CGN Mining Company Limited,COMMON STOCK,PINK,14,3,up,0.6790,0.2651,2026-06-25,0.0018,USD
CGNWF.US,CGN Power Co. Ltd,COMMON STOCK,PINK,7,1,down,3.5493,0.355,2026-05-27,0.0126,USD
CHBKF.US,"The Chiba Kogyo Bank, Ltd.",COMMON STOCK,PINK,3,1,down,0.6131,10.26,2026-03-31,0.0629,USD
CBAUF.US,Commonwealth Bank of Australia,COMMON STOCK,PINK,57,1,down,5.6037,106.54,2026-08-20,1.9208,USD
CBVTF.US,Cobra Venture Corporation,COMMON STOCK,PINK,2,1,down,0.0000,2.6999,2024-04-15,0.19057,USD
CGXYF.US,China Galaxy Securities Co. Ltd,COMMON STOCK,PINK,7,1,down,5.0600,1,2026-07-08,0.033,USD
CHEOY.US,CochLear Ltd ADR,COMMON STOCK,PINK,33,1,down,2.4016,51.05,2026-09-22,0.466,USD
CHCJY.US,China Citic Bank Corp Ltd ADR,COMMON STOCK,PINK,17,2,up,15.9920,21.196,2026-11-03,0.60396,USD
CHFLF.US,China Feihe Limited,COMMON STOCK,PINK,12,1,down,6.9487,0.39,2026-09-10,0.0106,USD
CLLNY.US,Cellnex Telecom S.A,COMMON STOCK,PINK,24,2,up,4.2248,13.29,2026-07-17,0.1721,USD
CHPFF.US,Charoen Pokphand Foods Public Company Limited,COMMON STOCK,PINK,43,1,down,3.9069,0.72,2026-09-01,0.0136,USD
CHWWQ.US,Chesswood Group Limited,COMMON STOCK,PINK,144,1,down,0.0000,0.0001,2023-12-28,0.00705,USD
CICHF.US,China Construction Bank Corp,COMMON STOCK,PINK,27,1,down,4.3488,1.29,2026-07-02,0.03,USD
CIXPF.US,CaixaBank S.A,COMMON STOCK,PINK,49,1,down,3.8135,15.44,2026-04-08,0.395,USD
CIHKY.US,China Merchants Bank Co Ltd,COMMON STOCK,PINK,18,1,down,4.0463,32.63,2026-07-02,0.74,USD
CKSNY.US,Vesuvius PLC ADR,COMMON STOCK,PINK,30,1,down,6.2197,5.0744,2026-09-04,0.09598,USD
CLPHF.US,CLP Holdings,COMMON STOCK,PINK,105,1,down,4.1894,9.77,2026-09-04,0.0804,USD
CKISY.US,CK Infrastructure Holdings Ltd ADR,COMMON STOCK,PINK,26,13,up,4.0895,41.032,2026-09-10,0.478,USD
CLPIF.US,Compagnie des Alpes SA,COMMON STOCK,PINK,7,5,up,8.9762,26.608,2026-03-24,1.1374,USD
CLVLY.US,Clinuvel Pharmaceuticals Ltd ADR,COMMON STOCK,PINK,10,2,up,0.6394,5.63,2026-09-08,0.036,USD
CMAKY.US,China Minsh,COMMON STOCK,PINK,26,1,down,5.9811,4.23,2026-09-10,0.175,USD
CMHHF.US,China Merchants Port Holdings Company Limited,COMMON STOCK,PINK,54,1,down,6.5577,1.9275,2026-09-28,0.0319,USD
CHVKY.US,China Vanke Co. Ltd,COMMON STOCK,PINK,6,1,down,0.0000,0.1013,2023-07-21,0.04703,USD
CMPGF.US,Compass Group PLC,COMMON STOCK,PINK,31,5,up,2.3200,29.655,2026-06-18,0.255,USD
CMSQY.US,Computershare Ltd ADR,COMMON STOCK,PINK,44,7,up,4.2002,28.57,2026-08-19,0.65,USD
CMDXF.US,Computer Modelling Group Ltd,COMMON STOCK,PINK,92,1,down,0.9965,2.82,2026-09-04,0.007,USD
CNSWY.US,Constellation Software Inc. ADR,COMMON STOCK,PINK,4,2,up,0.1988,10.06,2026-09-18,0.005,USD
COFAF.US,COFACE SA,COMMON STOCK,PINK,4,1,down,7.8170,18.85,2026-05-27,1.4735,USD
COCXF.US,Chocoladefabriken Lindt & Sprüngli AG,COMMON STOCK,PINK,18,6,up,3.1514,142302.625,2026-04-21,2321.622,USD
COUTF.US,China Outfitters Holdings Ltd,COMMON STOCK,PINK,2,1,down,12.7000,0.01,2026-06-11,0.00127,USD
CNTHP.US,The Connecticut Light and Power Company,COMMON STOCK,PINK,101,1,down,6.3089,51.99,2026-07-10,0.82,USD
COLZF.US,Coca-Cola Içecek Anonim Sirketi,COMMON STOCK,PINK,22,2,up,3.6720,1.68,2026-05-13,0.0325,USD
CNTHN.US,The Connecticut Light and Power Company,COMMON STOCK,PINK,101,1,down,6.4083,38.7,2026-07-10,0.62,USD
CNVVY.US,ConvaTec Group plc ADR,COMMON STOCK,PINK,19,5,up,2.6561,11.37,2026-08-21,0.087,USD
CPPCY.US,CP All PCL ADR,COMMON STOCK,PINK,12,5,up,3.6971,13.93,2026-05-05,0.515,USD
CPXWF.US,Capital Power Corporation,COMMON STOCK,PINK,67,1,down,4.5732,43.306,2026-09-29,0.50266,USD
CSIOY.US,Casio Computer Co Ltd ADR,COMMON STOCK,PINK,60,2,up,2.2264,137.785,2026-09-29,1.41098,USD
CRPJY.US,China Resources Power Holding ADR,COMMON STOCK,PINK,35,2,up,5.8728,35.69,2026-09-11,0.62,USD
CRYIF.US,Crystal International Group Limited,COMMON STOCK,PINK,6,3,up,19.8610,0.5468,2026-09-04,0.023,USD
CSSXF.US,China Shuifa Singyes Energy Holdings Limited,COMMON STOCK,PINK,17,2,up,0.0000,0.02,2022-06-15,0.02,USD
COYJF.US,Citycon Oyj,COMMON STOCK,PINK,47,2,up,37.5012,3.35,2026-03-24,1.02343,USD
CUCSY.US,China Communications Services Corporation Limited,COMMON STOCK,PINK,10,2,up,6.0620,13.5,2026-06-08,0.81837,USD
CTAGF.US,Capita PLC,COMMON STOCK,PINK,15,1,down,0.0000,3.5,2017-10-19,2.205,USD
CTTOF.US,CTT - Correios De Portugal S.A,COMMON STOCK,PINK,8,6,up,5.2647,7.23,2026-05-27,0.221,USD
CVTGF.US,Clairvest Group Inc,COMMON STOCK,PINK,31,1,down,1.3867,49,2026-07-02,0.6795,USD
CTHRQ.US,"Charles & Colvard, Ltd.",COMMON STOCK,PINK,3,3,flat,0.0000,0.0011,2007-05-29,0.8,USD
DCCPF.US,DCC plc,COMMON STOCK,PINK,35,1,down,3.4122,84.79,2026-05-29,1.9838,USD
CUGCF.US,China Oriental Group Company Limited,COMMON STOCK,PINK,19,4,up,6.7265,0.1338,2026-07-07,0.009,USD
CXMSF.US,CEMEX S.A.B. de C.V,COMMON STOCK,PINK,17,3,up,2.1093,0.97,2026-09-15,0.00311,USD
CZMWF.US,Carl Zeiss Meditec AG,COMMON STOCK,PINK,23,2,up,2.9735,37.41,2026-03-30,0.47837,USD
DCOHF.US,Dickson Concepts (International) Limited,COMMON STOCK,PINK,50,2,up,8.7037,0.81,2026-08-13,0.0319,USD
CWID.US,Country-Wide Insurance Company,COMMON STOCK,PINK,1,1,new,0.0000,2.15,2017-01-02,0.25,USD
CZASF.US,China ZhengTong Auto Services Holdings Limited,COMMON STOCK,PINK,8,1,down,0.0000,0.0101,2019-09-24,0.0128,USD
CZMWY.US,Carl Zeiss Meditec AG ADR,COMMON STOCK,PINK,18,2,up,1.8128,35.8,2026-03-30,0.649,USD
DDCCF.US,DIC Asset AG,COMMON STOCK,PINK,3,3,flat,0.0000,0.67,2023-03-31,0.75,USD
DELKY.US,Delek Group Ltd,COMMON STOCK,PINK,26,3,up,12.3154,29.706,2026-09-08,0.45003,USD
DNSKF.US,Danske Bank A/S,COMMON STOCK,PINK,17,2,up,7.8125,58.44,2026-05-04,0.9645,USD
DOCMF.US,Dr. Martens plc,COMMON STOCK,PINK,10,3,flat,3.7081,0.9196,2026-08-28,0.023,USD
DPLMF.US,Diploma PLC,COMMON STOCK,PINK,25,4,up,0.8319,100.63,2026-05-29,0.2574,USD
DKILF.US,Daikin IndustriesLtd,COMMON STOCK,PINK,48,1,down,3.1981,127.5,2027-03-30,0.91238,USD
DOTDF.US,dotdigital Group Plc,COMMON STOCK,PINK,13,9,up,2.8331,0.5577,2026-01-09,0.0158,USD
DENI.US,Denali Bancorporation Inc,COMMON STOCK,PINK,12,12,up,5.0000,20,2026-01-02,1,USD
DNERY.US,Downer EDI Limited,COMMON STOCK,PINK,6,3,up,6.9229,5.95,2026-09-03,0.23355,USD
DRXGY.US,Drax Group PLC ADR,COMMON STOCK,PINK,31,5,up,8.4428,19.33,2026-09-25,0.351,USD
DHAWF.US,Daiwa House Logistics Trust,COMMON STOCK,PINK,7,3,up,9.4049,0.41,2026-08-14,0.0142,USD
DSDVF.US,DSV Panalpina A/S,COMMON STOCK,PINK,18,2,up,0.6188,178.72,2026-03-23,1.1059,USD
DSFGY.US,Dah Sing Financial Holdings Ltd ADR,COMMON STOCK,PINK,45,2,up,6.0678,16.53,2026-09-11,0.459,USD
DGTLF.US,OCI International Holdings Limited,COMMON STOCK,PINK,1,1,new,0.0000,0.001,2014-08-20,0.058,USD
DTNOY.US,DNO ASA ADR,COMMON STOCK,PINK,23,1,down,7.4427,20.9,2026-08-24,0.396,USD
DLMAF.US,Dollarama Inc,COMMON STOCK,PINK,62,12,up,0.3162,130.32,2026-10-09,0.08573,USD
DVDDF.US,Dividend 15 Split Corp. II,COMMON STOCK,PINK,51,1,down,13.1735,6.4365,2026-08-31,0.07051,USD
DYSL.US,Dynasil Corporation of America,COMMON STOCK,PINK,1,1,new,0.0000,1.8,2024-02-29,0.1,USD
EADSF.US,Airbus Group SE,COMMON STOCK,PINK,27,1,down,1.7136,220,2026-04-22,3.77,USD
EBBNF.US,Enbridge Inc,COMMON STOCK,PINK,42,1,down,5.8800,24.9,2026-08-14,0.366,USD
EBGEF.US,Enbridge Inc,COMMON STOCK,PINK,30,1,down,6.6601,25.1,2026-08-14,0.418,USD
EBODF.US,Renewable Energy Trade Board Corp,COMMON STOCK,PINK,1,1,new,0.0000,0.0001,1997-10-16,0.1,USD
EDVGF.US,Endeavour Group Limited,COMMON STOCK,PINK,14,1,down,6.4945,2.38,2026-09-02,0.0086,USD
EDRVF.US,EDP Renovaveis,COMMON STOCK,PINK,15,2,up,1.0097,14.38,2026-05-13,0.1452,USD
ECVTF.US,Economic Investment Trust Limited,COMMON STOCK,PINK,101,1,down,10.2449,17.88,2026-09-14,0.022,USD
EGIEY.US,Engie Brasil Energia SA,COMMON STOCK,PINK,77,1,down,3.8313,5.6,2026-08-24,0.106,USD
EBCRY.US,EBCRY,COMMON STOCK,PINK,2,1,down,33.1882,7.31,2026-01-21,2.42606,USD
EGRNF.US,China Evergrande Group,COMMON STOCK,PINK,11,1,down,0.0000,0.0001,2021-06-17,0.0236,USD
EJPRF.US,East Japan Railway Company,COMMON STOCK,PINK,40,1,down,5.6403,19.51,2027-03-30,0.21362,USD
EKTAY.US,Elekta AB ADR,COMMON STOCK,PINK,28,3,up,4.9524,5.25,2026-09-04,0.127,USD
ELALF.US,El Al Israel Airlines Ltd,COMMON STOCK,PINK,7,2,up,3.3805,5.5,2026-01-16,0.18593,USD
ELNRF.US,"Elecnor, S.A.",COMMON STOCK,PINK,8,1,down,1.6398,36.98,2026-06-09,0.4951,USD
ELFIF.US,E-L Financial Corp Ltd,COMMON STOCK,PINK,113,1,down,7.0647,12.485,2026-09-29,0.02853,USD
DWAHY.US,Daiwa House Industry Co Ltd ADR,COMMON STOCK,PINK,61,2,up,5.4701,29.46,2026-09-29,0.00343,USD
ENBRF.US,Enbridge Inc.,COMMON STOCK,PINK,15,1,down,5.9480,17.7479,2026-08-14,0.26391,USD
ENJPY.US,en-japan inc.,COMMON STOCK,PINK,4,1,down,1.1526,8.76,2026-03-31,0.10097,USD
ENZC.US,Enzolytics Inc,COMMON STOCK,PINK,1,1,new,0.0000,0.0005,2012-05-23,150.00001,USD
EPIAF.US,Epiroc AB (publ),COMMON STOCK,PINK,18,1,down,2.9774,26.832,2026-10-19,0.2131,USD
EXMRF.US,Exmar NV,COMMON STOCK,PINK,19,1,down,7.8226,12.5,2026-05-26,0.30699,USD
FAHE.US,The Fahey Banking Company,COMMON STOCK,PINK,14,1,down,2.1807,1605,2026-03-16,35,USD
FBKIF.US,First International Bank of Israel Ltd,COMMON STOCK,PINK,57,2,up,11.3366,50,2026-08-19,1.81167,USD
FCELB.US,FuelCell Energy Inc Pref,COMMON STOCK,PINK,29,1,down,10.5321,474.74,2026-07-31,12.5,USD
FJTSY.US,Fujitsu Ltd ADR,COMMON STOCK,PINK,78,2,up,1.9752,25.05,2026-03-31,0.19605,USD
EIFZF.US,Exchange Income Corporation,COMMON STOCK,PINK,203,1,down,2.3088,86.4913,2026-09-29,0.17143,USD
FLRAF.US,Essentra plc,COMMON STOCK,PINK,31,2,up,3.0345,1.45,2026-09-18,0.012,USD
FLDAY.US,Fluidra S.A,COMMON STOCK,PINK,12,3,up,5.3619,10.235,2026-12-09,0.19147,USD
FKKFY.US,Fukuoka Financial Group Inc ADR,COMMON STOCK,PINK,27,2,up,4.3376,24.404,2026-09-29,0.00206,USD
FCODF.US,Compagnie de l'Odet,COMMON STOCK,PINK,14,10,up,40.0091,1096,2026-09-28,432.6946,USD
FMCQF.US,Fresenius Medical Care AG & Co. KGaA,COMMON STOCK,PINK,29,4,up,3.9423,44.58,2026-05-22,1.75748,USD
FOCIF.US,Focusrite plc,COMMON STOCK,PINK,15,2,up,4.8370,3.73,2026-07-10,0.0624,USD
FRFTF.US,TFF Group,COMMON STOCK,PINK,7,1,down,5.9966,17.5,2026-11-04,0.465,USD
FREVS.US,First Real Estate Investment Trust of New Jersey Inc,COMMON STOCK,PINK,123,1,down,1.8868,21.2,2026-08-31,0.1,USD
FRNWF.US,Future plc,COMMON STOCK,PINK,10,8,up,5.4639,4.16,2026-01-16,0.2273,USD
FRRDF.US,Frontier Developments plc,COMMON STOCK,PINK,1,1,new,2.5681,7.34,2026-09-18,0.1885,USD
FNNCF.US,Financial 15 Split Corp,COMMON STOCK,PINK,115,1,down,13.4031,8.12,2026-09-29,0.08954,USD
FQVTF.US,Fevertree Drinks Plc,COMMON STOCK,PINK,23,4,up,2.0682,11.227,2026-09-25,0.0805,USD
FXBY.US,Foxby Corp,COMMON STOCK,PINK,12,1,down,1.0591,24.55,2025-12-15,0.13,USD
FRCLL.US,First Republic Bank,COMMON STOCK,PINK,9,1,down,0.0000,0.0002,2023-01-12,0.26563,USD
GELYF.US,Geely Automobile Holdings Ltd,COMMON STOCK,PINK,24,6,up,3.0381,2.1,2026-06-16,0.0638,USD
FXLG.US,FS Bancorp,COMMON STOCK,PINK,102,12,up,2.9143,52.5,2026-09-08,0.6,USD
GBLBY.US,Groep Brussel Lambert NV ADR,COMMON STOCK,PINK,12,3,up,7.2447,8.23,2026-05-15,0.59624,USD
GBBYF.US,Goodbaby International Holdings Limited,COMMON STOCK,PINK,8,4,up,74.4273,0.11,2026-09-15,0.0255,USD
GCHEF.US,Grupo Comercial Chedraui S.A.B. de C.V,COMMON STOCK,PINK,21,2,up,4.0504,4.862,2026-12-17,0.03727,USD
GEBHY.US,Genting Berhad,COMMON STOCK,PINK,50,2,up,2.7586,2.32,2026-03-18,0.064,USD
GFGY.US,Granite Falls Energy LLC,COMMON STOCK,PINK,15,1,down,0.0000,5500,2022-06-15,600,USD
GGNPF.US,PT Gudang Garam Tbk,COMMON STOCK,PINK,22,2,up,4.8889,0.9,2026-07-02,0.044,USD
GLNCY.US,Glencore PLC ADR,COMMON STOCK,PINK,29,2,up,3.4884,14.62,2026-08-28,0.34,USD
GLBZ.US,Glen Burnie Bancorp,COMMON STOCK,PINK,110,1,down,0.0000,4.44,2024-07-22,0.1,USD
GLMFF.US,Glacier Media Inc,COMMON STOCK,PINK,12,1,down,0.0000,0.2575,2015-06-10,0.0141,USD
GMVHY.US,Entain DRC PLC,COMMON STOCK,PINK,9,1,down,4.3150,5.65,2026-08-24,0.139,USD
GBLBF.US,Groep Brussel Lambert NV,COMMON STOCK,PINK,18,1,down,7.0226,83.51,2026-05-15,5.8646,USD
GLCNF.US,Glencore PLC,COMMON STOCK,PINK,30,2,up,4.6322,7.34,2026-08-28,0.085,USD
GMWKF.US,Games Workshop Group PLC,COMMON STOCK,PINK,62,1,down,3.6210,238.99,2026-10-22,0.93632,USD
GNCGF.US,Greencore Group plc,COMMON STOCK,PINK,22,2,up,0.9716,3.52,2026-01-09,0.0342,USD
GNZUF.US,Guangzhou Automobile Group Co. Ltd,COMMON STOCK,PINK,34,1,down,0.0000,0.33,2025-06-16,0.0028,USD
GPFOF.US,Grupo Financiero Inbursa S.A.B. de C.V,COMMON STOCK,PINK,20,2,up,2.4411,2.505,2026-05-12,0.06115,USD
GOOGN.US,GOOGN,COMMON STOCK,PINK,1,1,new,1.2356,48.56,2026-07-31,0.6,USD
GRBMF.US,Grupo Bimbo S.A.B. De C.V.,COMMON STOCK,PINK,30,2,up,1.9279,3.19,2026-05-12,0.0615,USD
GRDDY.US,Grand City Properties S.A,COMMON STOCK,PINK,7,1,down,6.1538,11.1,2026-07-06,0.34143,USD
GRDLY.US,Grindrod Ltd ADR,COMMON STOCK,PINK,26,4,up,4.2598,13.17,2026-09-11,0.14919,USD
GRGTF.US,Grainger plc,COMMON STOCK,PINK,11,1,down,5.0455,2.2,2026-05-22,0.0395,USD
GRPRF.US,Grupo Rotoplas S.A.B. de C.V,COMMON STOCK,PINK,9,1,down,2.0341,0.82,2026-06-26,0.00978,USD
GRPTY.US,Getlink SE ADR,COMMON STOCK,PINK,12,6,up,4.2971,43.065,2026-06-01,1.85056,USD
GRNNF.US,Grand City Properties S.A,COMMON STOCK,PINK,6,1,down,3.3181,10.28,2026-06-26,0.3411,USD
GTMAY.US,Grupo TMM SAB,COMMON STOCK,PINK,6,4,flat,0.0000,2.75,1997-11-20,1.75,USD
GUZOF.US,Grupo Herdez S.A.B. de C.V,COMMON STOCK,PINK,35,5,up,33.3772,2.9,2026-10-12,0.0381,USD
GVDNY.US,Givaudan SA ADR,COMMON STOCK,PINK,20,2,up,2.2380,82.44,2026-03-24,1.845,USD
GWLLY.US,Great Wall Motor Company Ltd,COMMON STOCK,PINK,17,1,down,5.5579,9.284,2026-07-02,0.516,USD
GVLMY.US,Greenvale Mining Limited,COMMON STOCK,PINK,1,1,new,0.0000,0.0001,2007-02-09,0.08779,USD
GXSBY.US,Geox SpA ADR,COMMON STOCK,PINK,6,2,up,0.0000,0.3269,2025-06-30,0.02789,USD
HBSI.US,Highlands Bankshares Inc,COMMON STOCK,PINK,116,1,down,3.9121,47.8,2026-07-27,0.48,USD
HANOF.US,Hansen Technologies Limited,COMMON STOCK,PINK,7,1,down,2.6667,2.67,2026-08-25,0.0358,USD
HCGI.US,Huntwicke Capital Group Inc,COMMON STOCK,PINK,2,1,down,0.0000,6.15,2025-03-14,0.02,USD
HEHSF.US,Hellenic Exchanges - Athens Stock Exchange SA,COMMON STOCK,PINK,28,1,down,1.2336,10.53,2026-06-24,0.1299,USD
HENOY.US,Henkel Ag A,COMMON STOCK,PINK,25,3,up,5.7373,21.09,2026-04-29,0.605,USD
HESAF.US,Hermes International SCA,COMMON STOCK,PINK,36,1,down,1.4154,1510,2026-04-22,15.4514,USD
HFBA.US,HFB Financial Corp,COMMON STOCK,PINK,66,22,up,2.2418,37.47,2026-09-11,0.43,USD
HKCVF.US,HK Electric Investments and HK Electric Investments Limited,COMMON STOCK,PINK,21,1,down,6.0896,0.67,2026-08-26,0.0203,USD
HIIDQ.US,Hidili Industry International Development Limited,COMMON STOCK,PINK,4,2,up,0.0000,0.9,2012-06-29,1.04452,USD
HKVTY.US,HK Electric Investments and HK Electric Investments Limited,COMMON STOCK,PINK,14,1,down,5.2436,7.8,2026-08-26,0.203,USD
HKSHF.US,The Hongkong and Shanghai Hotels Limited,COMMON STOCK,PINK,36,1,down,0.0000,0.8,2024-05-13,0.0102,USD
HKXCY.US,Hong Kong Exchange & Clearing,COMMON STOCK,PINK,36,5,up,7.1872,49.56,2026-09-02,0.947,USD
HLAGF.US,Hapag-Lloyd Aktiengesellschaft,COMMON STOCK,PINK,10,1,down,4.5498,152.2,2026-05-22,3.4624,USD
HLFDY.US,Halfords Group PLC ADR,COMMON STOCK,PINK,31,1,down,3.3427,7.15,2026-08-14,0.16,USD
HLTOF.US,Hellenic Telecommunications Organization S.A,COMMON STOCK,PINK,26,5,up,5.4835,20.85,2026-07-02,1.0269,USD
HLUBF.US,H. Lundbeck A/S,COMMON STOCK,PINK,4,4,up,2.8391,6.4,2026-03-20,0.1817,USD
HMLN.US,Hamlin Bank and Trust Company,COMMON STOCK,PINK,59,1,down,9.6078,255,2026-06-17,6.25,USD
HNGKY.US,Hong Kong Land Holdings Ltd ADR,COMMON STOCK,PINK,44,18,up,3.1705,42.58,2026-08-21,0.4,USD
HMNTY.US,Hemnet Group AB (publ),COMMON STOCK,PINK,6,5,up,3.1514,6.4,2026-11-13,0.10075,USD
HMTC.US,Homasote Co,COMMON STOCK,PINK,4,2,flat,0.0000,6.119,2001-06-01,0.05,USD
HNHPF.US,Hon Hai Precision Industry Co Ltd ADR,COMMON STOCK,PINK,21,2,up,5.0751,15.45,2026-07-02,0.32911,USD
HNTIF.US,Hunting PLC,COMMON STOCK,PINK,32,5,up,3.7859,5.23,2026-10-01,0.068,USD
HSQVY.US,Husqvarna AB,COMMON STOCK,PINK,34,2,up,10.5586,7.05,2026-10-20,0.16819,USD
HSHZY.US,Hoshizaki Corporation,COMMON STOCK,PINK,13,6,up,6.9731,8.985,2026-12-29,0.0006,USD
HTCMY.US,Hitachi Construction Machinery Co Ltd ADR,COMMON STOCK,PINK,52,1,down,3.4357,72.6,2026-09-29,0.00718,USD
HUMGF.US,Humm Group Limited,COMMON STOCK,PINK,31,1,down,9.7931,0.29,2026-09-01,0.0036,USD
IAUGF.US,Insurance Australia Group Limited,COMMON STOCK,PINK,45,5,up,4.2497,5.37,2026-08-25,0.1432,USD
IBDSF.US,Iberdrola S.A.,COMMON STOCK,PINK,62,5,up,5.6278,23.55,2026-07-07,0.4884,USD
IBWC.US,IBW Financial Corporation,COMMON STOCK,PINK,25,1,down,0.1340,97,2025-12-08,0.13,USD
IDKOY.US,Idemitsu Kosan Co Ltd ADR,COMMON STOCK,PINK,57,1,down,2.6008,20.16,2026-09-29,0.00135,USD
IDWM.US,IDW Media Holdings Inc,COMMON STOCK,PINK,22,1,down,0.0000,40.48,2016-01-27,16.3,USD
IERNF.US,iShares Public Limited Company - iShares MSCI Brazil UCITS ETF USD (Dist),ETF,PINK,24,1,down,0.0000,30.4806,2025-06-12,0.2836,USD
ISNPY.US,Intesa Sanpaolo SpA PK,COMMON STOCK,PINK,25,1,down,4.8846,46.35,2026-05-19,1.334,USD
IFJPY.US,Informa PLC ADR,COMMON STOCK,PINK,28,5,up,2.6016,23.37,2026-08-10,0.199,USD
IIREF.US,iShares Public Limited Company - iShares MSCI World UCITS ETF,ETF,PINK,55,1,down,0.8563,105.343,2026-09-17,0.154,USD
INTAF.US,Intact Financial Corporation,COMMON STOCK,PINK,27,1,down,3.4330,17.75,2026-09-15,0.15234,USD
IPGDF.US,IGO Limited,COMMON STOCK,PINK,42,1,down,1.5732,5.6,2026-09-10,0.0361,USD
IPXHF.US,Inpex Corporation,COMMON STOCK,PINK,44,1,down,4.7719,24.1528,2026-12-31,0.26932,USD
IPXHY.US,Inpex Corp ADR,COMMON STOCK,PINK,55,1,down,5.0740,23.96,2026-12-29,0.00225,USD
IMIUY.US,IMI plc,COMMON STOCK,PINK,7,4,up,1.1222,42.24,2026-08-14,0.163,USD
IPZYF.US,IP Group Plc,COMMON STOCK,PINK,6,2,up,0.0000,0.9054,2023-08-10,0.00676,USD
ISLCF.US,ISLCF,COMMON STOCK,PINK,2,1,down,0.6469,3.69,2026-03-31,0.02387,USD
ITBFF.US,iShares Public Limited Company - iShares $ Treasury Bond 1-3yr UCITS ETF,ETF,PINK,22,1,down,3.9400,124.848,2026-09-17,2.439,USD
JGLCF.US,JS Global Lifestyle Company Limited,COMMON STOCK,PINK,4,1,down,0.0000,0.1899,2023-09-14,0.005,USD
ITTSF.US,Invesco Markets plc - Invesco Technology S&P US Select Sector UCITS ETF,ETF,PINK,1,1,new,0.0000,1073.2437,2022-03-15,0.285,USD
ITVPY.US,ITV PLC ADR,COMMON STOCK,PINK,30,1,down,11.9564,9.02,2026-10-16,0.22867,USD
IPSEY.US,Ipsen S.A.,COMMON STOCK,PINK,17,7,up,1.1348,40.89,2026-06-04,0.464,USD
IUSZF.US,iShares IV Public Limited Company - iShares Edge MSCI USA Size Factor UCITS ETF,ETF,PINK,1,1,new,0.0000,13.2,2022-03-15,0.285,USD
IUVDF.US,iShares IV Public Limited Company - iShares Edge MSCI USA Value Factor UCITS ETF,ETF,PINK,10,1,down,0.0000,12.3582,2025-06-13,0.0705,USD
JDCMF.US,Jd Com Inc,COMMON STOCK,PINK,5,4,flat,3.7736,13.25,2026-04-09,0.5,USD
JBHIF.US,JB Hi-Fi Limited,COMMON STOCK,PINK,13,1,down,4.1329,57.93,2026-08-28,0.9098,USD
JDSPY.US,JD Sports Fashion PLC,COMMON STOCK,PINK,12,1,down,1.5489,1.033,2026-07-06,0.012,USD
JELCF.US,Johnson Electric Holdings Limited,COMMON STOCK,PINK,50,1,down,2.2834,3.416,2026-07-23,0.0561,USD
ITOCF.US,ITOCHU Corporation,COMMON STOCK,PINK,53,1,down,13.2362,13.38,2027-03-30,0.1119,USD
JPPTY.US,JAPAN POST BANK Co.Ltd,COMMON STOCK,PINK,5,3,up,2.1019,21.74,2026-03-31,0.45696,USD
JPXGY.US,Japan Exchange Group Inc ADR,COMMON STOCK,PINK,24,4,up,3.3293,14.71,2026-09-29,0.00151,USD
JRONY.US,Jeronimo Martins SGPS SA ADR,COMMON STOCK,PINK,23,2,up,3.6949,41.3,2026-05-11,1.526,USD
KBCSF.US,KBC Group NV,COMMON STOCK,PINK,26,4,up,9.3969,151.12,2026-11-04,4.7569,USD
JXFGF.US,Jinxin Fertility Group Limited,COMMON STOCK,PINK,3,1,down,1.8276,0.29,2026-07-02,0.0053,USD
KBCSY.US,KBC Groep NV ADR,COMMON STOCK,PINK,25,2,up,4.7372,75.05,2026-11-05,0.57305,USD
KGBLY.US,Kingboard Laminates Holdings Limited,COMMON STOCK,PINK,14,1,down,1.6197,134.04,2026-06-12,1.68949,USD
KGDEY.US,Kingdee International Software Group Co Ltd ADR,COMMON STOCK,PINK,4,2,up,0.0000,98.1,2020-05-13,0.1548,USD
KIERF.US,Kier Group plc,COMMON STOCK,PINK,6,1,down,3.4468,4.085,2026-10-29,0.0352,USD
KGTFF.US,Krung Thai Bank Public Company Limited,COMMON STOCK,PINK,28,6,up,12.2507,1.36,2026-09-23,0.0145,USD
KMAAF.US,Komax Holding AG,COMMON STOCK,PINK,12,1,down,0.0000,85.12,2024-04-19,3.60456,USD
KIQSF.US,Kelso Technologies Inc.,COMMON STOCK,PINK,2,2,up,0.0000,0.0887,2015-04-13,0.03,USD
KNTTF.US,"Kintetsu Department Store Co., Ltd.",COMMON STOCK,PINK,6,4,up,5.0051,10.685,2026-02-28,0.1393,USD
KLBAY.US,Klabin Sa A,COMMON STOCK,PINK,75,1,down,2.6141,6.87,2025-12-19,0.083,USD
KREVF.US,Keppel REIT,COMMON STOCK,PINK,68,1,down,9.9785,0.65,2026-08-06,0.0188,USD
KPTCY.US,Kansai Paint Co. Ltd,COMMON STOCK,PINK,13,5,up,17.2718,8.02,2026-09-29,0.0011,USD
KRNGY.US,Karoon Energy Ltd,COMMON STOCK,PINK,5,1,down,2.7068,2.2,2026-09-08,0.01717,USD
KONMY.US,Konami Holdings Corporation,COMMON STOCK,PINK,13,4,up,2.4930,60.1,2026-09-29,0.35078,USD
KRNGF.US,Karoon Energy Ltd,COMMON STOCK,PINK,8,2,up,7.0424,1.18,2026-09-03,0.0086,USD
KRKKF.US,KRUK Spólka Akcyjna,COMMON STOCK,PINK,10,7,up,17.1603,124.58,2026-06-01,5.4874,USD
KRYPY.US,Kerry Properties Ltd ADR,COMMON STOCK,PINK,33,1,down,15.3208,11.225,2026-09-15,0.25501,USD
KRNNF.US,Krones AG,COMMON STOCK,PINK,23,1,down,2.5248,128,2026-06-11,3.2318,USD
KUBTF.US,Kubota Corporation,COMMON STOCK,PINK,57,3,up,3.8323,17.35,2026-12-31,0.1703,USD
KYOWF.US,KYOWF,COMMON STOCK,PINK,2,1,new,6.2022,5.55,2026-03-31,0.1791,USD
KYSEF.US,Kyushu Electric Power Company Incorporated,COMMON STOCK,PINK,28,1,down,5.7632,13.8,2027-03-30,0.12716,USD
LDSVF.US,Chocoladefabriken Lindt & Sprüngli AG,COMMON STOCK,PINK,20,1,down,4.4862,10350,2026-04-21,232.1622,USD
LGRDY.US,Legrand SA ADR,COMMON STOCK,PINK,11,7,up,1.7640,31.69,2026-05-28,0.559,USD
KYDKF.US,Kyudenko Corporation,COMMON STOCK,PINK,4,2,up,5.5257,39.9,2026-03-31,0.7708,USD
LHUAF.US,Lianhua Supermarket Holdings Co. Ltd,COMMON STOCK,PINK,19,1,down,0.0000,0.0454,2013-06-21,0.0882,USD
LLND.US,Landmark Land Company Inc,COMMON STOCK,PINK,13,4,flat,0.0000,0.0001,2008-08-20,0.025,USD
LLAZF.US,Liechtensteinische Landesbank Aktiengesellschaft,COMMON STOCK,PINK,11,9,up,4.9381,139.9021,2026-04-22,3.5452,USD
LMHDF.US,LEM Holding SA,COMMON STOCK,PINK,9,1,down,0.0000,2548.6599,2024-07-03,54.9065,USD
LNXSY.US,LANXESS Aktiengesellschaft,COMMON STOCK,PINK,7,3,up,0.8303,2.805,2026-05-22,0.02329,USD
LIFZF.US,Labrador Iron Ore Royalty Corporation,COMMON STOCK,PINK,57,1,down,5.1707,17.29,2026-09-29,0.21432,USD
LPPSY.US,LPP SA,COMMON STOCK,PINK,9,5,up,7.2388,20.41,2026-10-09,0.48194,USD
LOTBY.US,Lotus Bakeries NV,COMMON STOCK,PINK,6,3,up,0.7301,143,2026-05-18,1.04409,USD
LIANY.US,LianBio,COMMON STOCK,PINK,3,1,down,0.0000,0.061,2025-07-15,0.43,USD
MANOF.US,Manolete Partners Plc,COMMON STOCK,PINK,3,1,down,0.0000,0.4942,2022-09-08,0.00662,USD
LUNMF.US,Lundin Mining Corporation,COMMON STOCK,PINK,41,1,down,0.3285,24.2,2026-09-04,0.02,USD
LVMUY.US,LVMH Moet Hennessy Louis Vuitton SA ADR,COMMON STOCK,PINK,49,1,down,3.3079,90.95,2026-04-27,1.737,USD
LYSFF.US,Lerøy Seafood Group ASA,COMMON STOCK,PINK,22,4,up,6.2265,4.778,2026-05-29,0.2705,USD
LZAGF.US,Lonza Group Ltd,COMMON STOCK,PINK,26,5,up,1.1728,709.45,2026-05-13,3.1515,USD
LYSFY.US,Leroy Seafood Group ASA ADR,COMMON STOCK,PINK,12,3,up,5.6723,9.52,2026-05-29,0.54,USD
LNVGY.US,Lenovo Group Ltd PK,COMMON STOCK,PINK,51,1,down,1.1916,90.5,2026-08-06,0.86,USD
MADGF.US,Mader Group Limited,COMMON STOCK,PINK,8,3,up,0.0000,3.8,2025-09-19,0.0312,USD
MALJF.US,Magellan Aerospace Corporation,COMMON STOCK,PINK,53,1,down,0.5910,24.45,2026-09-15,0.036,USD
MAYNF.US,Mayne Pharma Group Limited,COMMON STOCK,PINK,1,1,new,0.0000,2,2023-01-18,0.543,USD
MAQAF.US,Atlas Arteria Limited,COMMON STOCK,PINK,28,2,up,9.0519,3.08,2026-09-24,0.1406,USD
MBGYY.US,Mercedes-Benz Group AG,COMMON STOCK,PINK,18,1,down,17.2156,11.78,2026-04-20,1.014,USD
MBRFF.US,Mo-BRUK S.A,COMMON STOCK,PINK,7,3,up,5.8217,69.25,2026-07-30,4.0315,USD
MCAP.US,Mango Capital Inc,COMMON STOCK,PINK,12,4,up,4.5403,8.81,2026-08-25,0.1,USD
MDIBY.US,Mediobanca Banca di Credito Finanziario SpA ADR,COMMON STOCK,PINK,15,1,down,4.2987,33.04,2026-04-21,0.732,USD
MGCLY.US,"Midea Group Co., Ltd.",COMMON STOCK,PINK,3,2,up,10.3480,12.11,2026-06-22,0.55639,USD
MERVF.US,MERVF,COMMON STOCK,PINK,37,1,down,9.5265,7.82,2026-08-28,0.1885,USD
MHVYF.US,Mitsubishi Heavy Industries Ltd.,COMMON STOCK,PINK,52,1,down,1.2538,24.8035,2027-03-30,0.07572,USD
MIPCF.US,Minor International Public Company Limited,COMMON STOCK,PINK,16,4,up,4.9266,0.6881,2026-08-28,0.0091,USD
MITUY.US,Mitsui Chemicals Inc ADR,COMMON STOCK,PINK,44,1,down,5.4945,12.09,2026-09-29,0.00149,USD
LWSCF.US,Sienna Senior Living Inc,COMMON STOCK,PINK,199,1,down,5.1161,14.31,2026-09-29,0.05572,USD
MMHTF.US,Miramar Hotel and Investment Company Limited,COMMON STOCK,PINK,45,1,down,10.6457,1.27,2026-09-23,0.0293,USD
MRFCF.US,MRFCF,COMMON STOCK,PINK,8,1,down,16.8719,13.35,2026-12-31,0.4636,USD
MPZZF.US,MPC Container Ships ASA,COMMON STOCK,PINK,21,1,down,6.2003,2.9,2026-09-22,0.04,USD
MONRF.US,Moncler S.p.A.,COMMON STOCK,PINK,15,1,down,3.2640,50.56,2026-05-19,1.6503,USD
MRPMF.US,Marco Polo Marine Ltd.,COMMON STOCK,PINK,3,3,up,2.3168,0.101,2026-02-13,0.00117,USD
MTLRF.US,Metalore Resources Limited,COMMON STOCK,PINK,15,2,up,0.0000,1.65,2014-11-21,0.04,USD
MTSFY.US,Mitsui Fudosan Co Ltd ADR,COMMON STOCK,PINK,49,1,down,5.4851,28.45,2026-09-29,0.00221,USD
MODVF.US,Melcor Developments Ltd,COMMON STOCK,PINK,74,3,up,5.0756,13.22,2026-09-15,0.108,USD
MTPOY.US,Metropolitan Bank and Trust Co ADR,COMMON STOCK,PINK,18,1,down,17.9736,18.2,2026-09-09,0.48658,USD
MTLI.US,Metaline Contact Mines,COMMON STOCK,PINK,1,1,new,0.0000,0.05,2012-03-28,0.05,USD
MTRAF.US,Metro Inc,COMMON STOCK,PINK,89,1,down,3.6112,64.14,2026-09-03,0.294,USD
MTTRY.US,Ceconomy AG ADR,COMMON STOCK,PINK,9,1,down,0.0000,0.6947,2022-02-10,0.039,USD
MNQFF.US,Manulife Financial Corp,COMMON STOCK,PINK,26,1,down,5.0695,16.1698,2026-08-21,0.20493,USD
MTCPY.US,MTR Corp Ltd ADR,COMMON STOCK,PINK,20,2,up,4.0435,12.415,2026-08-26,0.161,USD
MURGY.US,Muenchener Rueckver Ges,COMMON STOCK,PINK,18,8,up,9.4944,11.67,2026-05-04,0.554,USD
MZDAY.US,Mazda Motor Corp ADR,COMMON STOCK,PINK,23,2,up,18.8564,3.65,2026-03-31,0.08445,USD
NBGRY.US,National Bank of Greece S.A,COMMON STOCK,PINK,4,1,down,5.9267,20.11,2026-06-15,0.3405,USD
NBNKF.US,Nordea Bank Abp,COMMON STOCK,PINK,25,5,up,15.2934,19.853,2026-08-06,0.3927,USD
NBKCF.US,National Bank of Canada,COMMON STOCK,PINK,29,2,up,16.5716,18.78,2026-10-06,0.31683,USD
NDBKY.US,Nedbank Group,COMMON STOCK,PINK,49,4,up,15.1016,17.72,2026-08-28,0.645,USD
NEFB.US,Neffs Bancorp Inc,COMMON STOCK,PINK,33,1,down,2.1558,385,2026-04-30,4.15,USD
NEXPF.US,Nexi S.p.A,COMMON STOCK,PINK,3,1,down,14.6624,4.74,2026-05-19,0.3475,USD
NEMTF.US,Nemetschek SE,COMMON STOCK,PINK,14,1,down,2.5350,61,2026-05-22,0.77317,USD
NHPEF.US,New Hope Corporation Ltd,COMMON STOCK,PINK,42,1,down,17.1117,4.12,2026-09-22,0.2137,USD
NKRKF.US,Nokian Renkaat Oyj,COMMON STOCK,PINK,28,1,down,1.7076,17.44,2026-03-27,0.2978,USD
NGKIF.US,NGK Insulators Ltd,COMMON STOCK,PINK,51,1,down,7.8170,32.018,2027-03-30,0.2632,USD
NNKEF.US,"NANKAI Co., Ltd.",COMMON STOCK,PINK,6,1,down,1.9770,16.5,2026-03-31,0.1572,USD
NBPVF.US,NB Private Equity Partners Limited,COMMON STOCK,PINK,27,13,up,9.5969,19.5,2026-07-17,0.47,USD
NMRSF.US,Namura Shipbuilding Co. Ltd,COMMON STOCK,PINK,22,1,down,2.6423,30.1228,2026-03-31,0.1354,USD
NNMTF.US,Nine Entertainment Co. Holdings Limited,COMMON STOCK,PINK,25,1,down,9.4393,0.5636,2026-09-11,0.0215,USD
NNGPF.US,NN Group N.V,COMMON STOCK,PINK,24,1,down,5.1488,91.11,2026-08-11,1.7891,USD
NNXXY.US,Nexity SA,COMMON STOCK,PINK,6,4,up,0.0000,1.08,2023-05-22,0.53535,USD
NNRDF.US,NNRDF,COMMON STOCK,PINK,8,1,down,3.7445,15,2026-03-31,0.1378,USD
NNRHF.US,Neinor Homes S.A,COMMON STOCK,PINK,12,1,down,12.1592,16.01,2026-06-04,0.88619,USD
NODB.US,North Dallas Bank & Trust Co,COMMON STOCK,PINK,109,1,down,0.7463,67,2026-10-16,0.1,USD
NPEGF.US,Nippon Electric Glass Co. Ltd,COMMON STOCK,PINK,46,1,down,8.6009,30.02,2026-12-31,0.399,USD
NPSKY.US,NSK Ltd ADR,COMMON STOCK,PINK,52,1,down,3.4813,13.19,2026-09-29,0.00138,USD
NSKFF.US,Kongsberg Gruppen ASA,COMMON STOCK,PINK,24,1,down,7.7489,33.5,2026-04-23,0.69248,USD
NSARP.US,NSTAR Electric Company PFD 4.25%,COMMON STOCK,PINK,129,1,down,6.3227,67.25,2026-07-10,1.063,USD
NSLPQ.US,New Source Energy Partners LP,COMMON STOCK,PINK,9,1,down,0.0000,0.0001,2015-05-12,0.2,USD
NPNGY.US,"Nippon Gas Co., Ltd.",COMMON STOCK,PINK,6,1,down,3.2473,9.95,2026-03-31,0.15894,USD
NTDOY.US,Nintendo Co ADR,COMMON STOCK,PINK,82,2,up,10.3492,12.43,2026-09-29,0.06956,USD
NTOIY.US,Neste Oyj,COMMON STOCK,PINK,24,2,up,0.6103,19.5,2026-03-27,0.119,USD
NVZMF.US,Novozymes A/S B,COMMON STOCK,PINK,24,3,up,2.5972,64.77,2026-08-26,0.3662,USD
NSUKF.US,NSUKF,COMMON STOCK,PINK,2,1,new,4.7657,48.45,2026-03-31,1.0058,USD
NSNHF.US,Nissan Shatai Co. Ltd,COMMON STOCK,PINK,14,1,down,2.1753,6.675,2026-03-31,0.044,USD
NSYC.US,National Stock Yards Co,COMMON STOCK,PINK,19,6,flat,0.0000,410.01,2024-01-10,20,USD
NTDOF.US,Nintendo Co. Ltd,COMMON STOCK,PINK,46,2,up,3.3058,50.6425,2026-09-29,0.27716,USD
NTULF.US,BIPROGY Inc.,COMMON STOCK,PINK,6,1,down,4.2657,28.78,2026-03-31,0.3772,USD
NURAF.US,Nomura Research Institute Ltd,COMMON STOCK,PINK,38,1,down,2.9222,32.11,2027-03-30,0.20954,USD
NTPIF.US,Nam Tai Property Inc.,COMMON STOCK,PINK,91,1,down,0.0000,4.3,2018-09-27,0.07,USD
NURPF.US,Neuren Pharmaceuticals Limited,COMMON STOCK,PINK,1,1,new,0.7669,13.94,2026-09-16,0.1069,USD
NVZMY.US,Novozymes AS,COMMON STOCK,PINK,27,3,up,1.5969,64.94,2026-08-31,0.367,USD
NXGPF.US,NEXT plc,COMMON STOCK,PINK,46,4,up,11.4187,189.93,2026-12-03,2.4186,USD
NWARF.US,Norwegian Air Shuttle ASA,COMMON STOCK,PINK,2,1,down,6.2519,1.342,2026-05-08,0.0839,USD
NWRLY.US,New World Department Store China Ltd ADR,COMMON STOCK,PINK,11,1,down,0.0000,0.7553,2017-03-08,0.0275,USD
NWPP.US,New Peoples Bankshares Inc,COMMON STOCK,PINK,5,5,up,3.6735,4.9,2026-03-16,0.09,USD
NWSGY.US,NWS Holdings Ltd ADR,COMMON STOCK,PINK,31,1,down,35.6260,10,2026-03-19,0.35739,USD
NWSZF.US,NWS Holdings Limited,COMMON STOCK,PINK,39,1,down,24.8022,0.9908,2026-11-19,0.04207,USD
NVSEF.US,Novartis AG,COMMON STOCK,PINK,25,8,up,3.2656,146,2026-03-11,4.76782,USD
NWHUF.US,Northwest Healthcare Properties REIT,COMMON STOCK,PINK,189,1,down,7.6187,3.69,2026-09-29,0.02143,USD
NWFAF.US,New Focus Auto Tech Holdings Limited,COMMON STOCK,PINK,2,2,up,0.0000,0.0061,2006-05-12,0.0103,USD
NTTYY.US,Nippon Telegraph and Telephone Corp ADR,COMMON STOCK,PINK,96,1,down,0.0696,27.5,2026-09-29,0.00252,USD
NWWCF.US,New China Life Insurance Company Ltd,COMMON STOCK,PINK,11,1,down,12.9437,6.125,2026-07-14,0.3022,USD
NXCLF.US,LIFULL Co. Ltd,COMMON STOCK,PINK,15,1,down,5.1871,1.55,2026-09-30,0.0337,USD
NXGPY.US,Next PLC ADR,COMMON STOCK,PINK,42,4,up,8.3998,100.05,2026-07-02,1.207,USD
NXPGF.US,National Express Group PLC,COMMON STOCK,PINK,22,1,down,0.0000,0.31,2023-08-03,0.022,USD
NXAGF.US,"NEXTAGE Co., Ltd.",COMMON STOCK,PINK,3,3,up,2.6196,23.11,2026-11-30,0.3193,USD
NXPRF.US,Nexans S.A,COMMON STOCK,PINK,15,1,down,1.9425,173.28,2026-05-26,3.366,USD
NWXPF.US,Newport Exploration Ltd,COMMON STOCK,PINK,25,1,down,0.0000,0.05,2024-05-24,0.00353,USD
NXSNF.US,"NextVision Stabilized Systems, Ltd.",COMMON STOCK,PINK,2,2,up,0.7300,77.75,2026-03-23,0.56758,USD
OAKV.US,Oak View National Bank,COMMON STOCK,PINK,6,6,up,1.7949,19.5,2026-01-30,0.35,USD
OBIBF.US,"OBIC Business Consultants Co., Ltd.",COMMON STOCK,PINK,4,1,down,1.1869,60.9,2026-03-31,0.3646,USD
OBICY.US,"Obic Co., Ltd. ADR",COMMON STOCK,PINK,2,2,up,1.6656,15.78,2026-03-31,0.14509,USD
ODMUF.US,Old Mutual Limited,COMMON STOCK,PINK,24,3,up,14.7787,0.7795,2026-09-30,0.0341,USD
OCLCF.US,Oracle Corporation Japan,COMMON STOCK,PINK,23,2,up,9.0039,60,2026-05-29,5.40235,USD
OCPNF.US,Olympus Corporation,COMMON STOCK,PINK,34,1,down,6.0172,12.125,2027-03-30,0.15206,USD
ODTLF.US,ODTLF,COMMON STOCK,PINK,5,1,down,7.2592,6.44,2026-03-11,0.1575,USD
OERLY.US,OC Oerlikon Corporation AG Pfaeffikon ADR,COMMON STOCK,PINK,13,3,up,16.2510,13.05,2026-03-27,2.12076,USD
OGFGY.US,Origin Energy Ltd ADR,COMMON STOCK,PINK,27,2,up,5.4897,7.76,2026-09-03,0.212,USD
OLCLY.US,Oriental Land Co Ltd ADR,COMMON STOCK,PINK,33,1,down,0.7183,18.41,2026-09-29,0.00032,USD
OLGPF.US,Olam Group Limited,COMMON STOCK,PINK,31,2,up,6.7541,0.8158,2026-08-24,0.0551,USD
OIBZQ.US,Oi SA ADR,COMMON STOCK,PINK,11,3,up,0.0000,0.001,2024-10-07,0.21456,USD
OLCLF.US,Oriental Land Co. Ltd,COMMON STOCK,PINK,52,1,down,1.0429,18.1165,2027-03-30,0.03995,USD
OKIEY.US,Oki Electric Industry Co Ltd ADR,COMMON STOCK,PINK,30,2,up,1.8965,21.178,2026-03-31,0.40164,USD
ONEXF.US,Onex Corp,COMMON STOCK,PINK,76,2,up,0.4716,76.21,2026-10-09,0.07173,USD
OLYFF.US,Olympia Financial Group Inc.,COMMON STOCK,PINK,109,1,down,6.6029,72.6359,2026-09-18,0.35258,USD
OHCS.US,Optimus Healthcare Services Inc,COMMON STOCK,PINK,2,1,new,0.0000,0.0005,2019-03-01,0.34,USD
OMRNY.US,OMRON Corp ADR,COMMON STOCK,PINK,79,1,down,0.8239,39.8,2026-09-29,0.00207,USD
OGPIF.US,OceanaGold (Philippines) Inc.,COMMON STOCK,PINK,4,2,up,9.7602,0.5922,2026-08-20,0.0075,USD
OILRF.US,Oil Refineries Ltd,COMMON STOCK,PINK,17,2,up,6.4466,0.7272,2026-08-20,0.03844,USD
ONXXF.US,Ontex Group NV,COMMON STOCK,PINK,5,4,up,0.0000,2.42,2022-06-01,0.8,USD
ORBN.US,Oregon Bancorp Inc,COMMON STOCK,PINK,52,3,flat,2.5019,39.97,2026-10-01,0.2,USD
OPMXF.US,Operadora de Sites Mexicanos S.A. de C.V,COMMON STOCK,PINK,6,6,flat,3.0216,0.9207,2026-05-28,0.02782,USD
OPORF.US,Open Orphan plc,COMMON STOCK,PINK,3,2,up,0.0000,0.1096,2025-05-16,0.0027,USD
OPPPF.US,"Open House Group Co., Ltd.",COMMON STOCK,PINK,8,3,up,4.8087,37.85,2026-09-30,0.6087,USD
OPST.US,Opt-Sciences Corp,COMMON STOCK,PINK,1,1,new,0.0000,25.5,2012-12-06,0.65,USD
OPTGF.US,Optimus Group Company Limited,COMMON STOCK,PINK,9,1,down,7.0626,2.65,2026-03-31,0.0687,USD
ORANY.US,Orange S.A.,COMMON STOCK,PINK,53,1,down,5.5463,15.83,2026-06-10,0.528,USD
ORBT.US,Orbit International Corporation,COMMON STOCK,PINK,16,1,down,0.0000,2.7,2024-03-27,0.01,USD
ORCL-PD.US,Oracle Corp FR PRF PERPETUAL USD - DpSh 1/2000 Prf Sr D,COMMON STOCK,PINK,2,1,new,3.3843,42.68,2026-07-01,0.8125,USD
ORENF.US,Origin Enterprises plc,COMMON STOCK,PINK,27,1,down,7.4364,5.28,2027-01-14,0.16198,USD
ORINY.US,Orion Oyj ADR,COMMON STOCK,PINK,14,1,down,2.0822,47.675,2026-03-26,0.51777,USD
ORINF.US,Orion Oyj,COMMON STOCK,PINK,28,1,down,4.7418,92.05,2026-10-20,0.77304,USD
ORKLY.US,Orkla ASA ADR,COMMON STOCK,PINK,27,1,down,6.4476,9.74,2026-04-27,0.628,USD
ORKLF.US,Orkla ASA,COMMON STOCK,PINK,28,1,down,6.1716,10.255,2026-04-27,0.6329,USD
OROVF.US,Orient Overseas (International) Limited,COMMON STOCK,PINK,46,1,down,5.2935,18.3243,2026-09-14,0.55,USD
OPTI.US,Optec International Inc,COMMON STOCK,PINK,7,1,down,0.0000,0.0021,2012-07-05,1.1,USD
OROVY.US,Orient Overseas International Ltd ADR,COMMON STOCK,PINK,30,1,down,4.9371,97.8,2026-09-11,2.73607,USD
ORRYY.US,Orora Ltd ADR,COMMON STOCK,PINK,23,1,down,6.4181,7.8,2026-08-31,0.22621,USD
OROXF.US,Orosur Mining Inc,COMMON STOCK,PINK,4,1,down,0.0000,0.22,2008-03-20,0.0195,USD
ORXGF.US,Orca Energy Group Inc,COMMON STOCK,PINK,35,3,up,176.1248,1.61,2026-09-29,0.07173,USD
OSCUF.US,Japan Exchange Group Inc,COMMON STOCK,PINK,46,1,down,5.1352,16.17,2027-03-30,0.15491,USD
ORXCF.US,ORIX Corporation,COMMON STOCK,PINK,42,1,down,3.1057,38.71,2026-09-29,0.3919,USD
OSGSF.US,Osaka Gas Co. Ltd.,COMMON STOCK,PINK,49,1,down,4.9102,37.586,2027-03-30,0.32999,USD
ORPB.US,Oregon Pacific Bancorp,COMMON STOCK,PINK,47,1,down,0.0000,12.83,2009-10-28,0.01,USD
OSHDF.US,Oshidori International Holdings Limited,COMMON STOCK,PINK,5,2,up,0.0000,0.3397,2019-09-10,0.00064,USD
OSSFF.US,Össur hf,COMMON STOCK,PINK,4,2,up,0.0000,4.525,2020-03-13,0.02281,USD
OSSUY.US,Össur hf,COMMON STOCK,PINK,2,2,up,0.0000,4.15,2020-03-20,0.02195,USD
OTGLF.US,CD Projekt S.A,COMMON STOCK,PINK,8,4,up,0.0000,63.3,2025-06-30,0.2658,USD
OSBGF.US,OSB Group Plc,COMMON STOCK,PINK,21,3,up,6.9019,6.93,2026-08-14,0.1592,USD
OSKXF.US,"Osaka Steel Co., Ltd.",COMMON STOCK,PINK,25,1,down,0.0000,15.81,2025-03-31,0.1267,USD
OTGLY.US,CD Projekt SA,COMMON STOCK,PINK,6,4,up,0.0000,15.93,2025-06-30,0.069,USD
OUKPY.US,Metso Outotec Corp OTC,COMMON STOCK,PINK,17,1,down,2.3634,9.58,2026-04-24,0.116,USD
OTSKY.US,Otsuka Holdings Co Ltd ADR,COMMON STOCK,PINK,30,3,up,1.7392,35.55,2026-12-29,0.00203,USD
OTPGF.US,OTP Bank Nyrt,COMMON STOCK,PINK,17,4,up,2.8606,64.28,2026-05-21,1.83881,USD
OUTFF.US,Outokumpu Oyj,COMMON STOCK,PINK,18,1,down,8.0950,6.18,2026-10-15,0.0832,USD
OTTEF.US,Otto Energy Limited,COMMON STOCK,PINK,12,1,down,0.0000,0.0055,2025-05-30,0.00515,USD
OTSKF.US,Otsuka Holdings Co. Ltd,COMMON STOCK,PINK,43,1,down,2.3751,74,2026-12-31,0.4571,USD
OUTKY.US,Outokumpu Oyj ADR,COMMON STOCK,PINK,15,1,down,3.1900,2.99,2026-10-15,0.04038,USD
OWWAF.US,"Okuwa Co., Ltd.",COMMON STOCK,PINK,6,1,down,4.8487,5.09,2027-02-19,0.0814,USD
OVCHY.US,Overseas Chinese Banking Corp Ltd ADR,COMMON STOCK,PINK,35,6,up,3.2360,50.68,2026-08-18,0.734,USD
OXBC.US,Oxford Bank Corporation,COMMON STOCK,PINK,37,1,down,0.0000,45.4,2007-08-22,0.28,USD
OVCHF.US,Oversea-Chinese Banking Corporation Limited,COMMON STOCK,PINK,44,5,up,3.2906,24.945,2026-08-18,0.3677,USD
OZFRY.US,OFX Group Ltd ADR,COMMON STOCK,PINK,13,1,down,0.0000,2.5,2020-11-25,0.03044,USD
OXINF.US,Oxford Instruments plc,COMMON STOCK,PINK,32,1,down,0.8721,36.25,2026-07-10,0.2446,USD
PAEKY.US,Aneka Tambang Persero Tbk Perusahaan Perseroan PT ADR,COMMON STOCK,PINK,11,7,up,6.5168,17.73,2026-06-23,1.15542,USD
PANHF.US,Ping An Healthcare and Technology Company Limited,COMMON STOCK,PINK,1,1,new,0.0000,0.744,2024-12-06,1.2468,USD
PASTF.US,Compagnie Plastic Omnium SA,COMMON STOCK,PINK,13,2,up,3.2373,17.7,2026-04-29,0.573,USD
PAWH.US,Pennsylvania Warehousing Safe Deposit,COMMON STOCK,PINK,55,1,down,2.8846,13000,2026-09-18,25,USD
PARXF.US,Parex Resources Inc,COMMON STOCK,PINK,22,1,down,5.7512,19.29,2026-09-08,0.279,USD
PBCRF.US,PT Bank Central Asia Tbk,COMMON STOCK,PINK,41,5,up,6.7049,0.349,2026-09-01,0.0014,USD
PBCRY.US,Bank Central Asia Tbk PT ADR,COMMON STOCK,PINK,31,13,up,6.5030,8.6,2026-09-01,0.035,USD
PBIIF.US,PT BFI Finance Indonesia Tbk,COMMON STOCK,PINK,9,1,down,8.5000,0.07,2026-06-04,0.0019,USD
PBKOF.US,Pollard Banknote Limited,COMMON STOCK,PINK,57,1,down,1.5413,11.6053,2026-09-29,0.03587,USD
PBKX.US,Partners Bank of California,COMMON STOCK,PINK,1,1,new,1.5413,16.22,2026-06-15,0.25,USD
PBMRF.US,PT Bumi Resources Tbk,COMMON STOCK,PINK,9,1,down,0.0000,0.0099,2011-07-28,0.00233,USD
PCCYF.US,PetroChina Co Ltd Class H,COMMON STOCK,PINK,53,1,down,6.3475,1.18,2026-09-11,0.0383,USD
PBSFF.US,ProSiebenSat.1 Media SE,COMMON STOCK,PINK,28,3,up,3.4888,4.09,2026-05-29,0.04255,USD
PBKC.US,Pioneer Bankcorp Inc,COMMON STOCK,PINK,14,1,down,1.6461,82.01,2026-06-01,0.6,USD
PCHUY.US,PTT Global Chemical PCL ADR,COMMON STOCK,PINK,22,2,up,2.4859,6.73,2026-09-08,0.09026,USD
PBMRY.US,Bumi Resources Tbk PT ADR,COMMON STOCK,PINK,3,1,down,0.0000,2.23,2012-06-19,0.303,USD
PBNAF.US,Pembina Pipeline Corporation,COMMON STOCK,PINK,39,1,down,6.4676,18.2,2026-08-04,0.29,USD
PBTDF.US,Plover Bay Technologies Limited,COMMON STOCK,PINK,7,4,up,10.6989,0.9029,2026-08-14,0.02,USD
PBTHF.US,PointsBet Holdings Limited,COMMON STOCK,PINK,2,1,down,0.0000,0.669,2024-04-30,0.25325,USD
PCCWY.US,PCCW Limited,COMMON STOCK,PINK,49,2,up,7.8115,6.26,2026-08-14,0.125,USD
PCFBY.US,Pacific Basin Shipping Ltd ADR,COMMON STOCK,PINK,23,2,up,5.3049,10.33,2026-08-21,0.395,USD
PCFBF.US,Pacific Basin Shipping Limited,COMMON STOCK,PINK,37,2,up,5.1887,0.53,2026-08-24,0.0198,USD
PBCO.US,People's Bank of Commerce,COMMON STOCK,PINK,17,3,up,1.3786,28.29,2026-08-20,0.14,USD
PCLB.US,Pinnacle Bancshares Inc,COMMON STOCK,PINK,154,1,down,2.8421,38,2026-09-08,0.27,USD
PBAJ.US,Petro Usa Inc,COMMON STOCK,PINK,1,1,new,0.0000,0.0005,2007-02-12,99999.99999,USD
PCOFF.US,Pico Far East Holdings Limited,COMMON STOCK,PINK,17,6,up,8.8807,0.2725,2026-07-14,0.007,USD
PAZRF.US,Plaza Retail REIT,COMMON STOCK,PINK,158,1,down,5.8995,3.71,2026-09-29,0.01667,USD
PDLMF.US,Petra Diamonds Limited,COMMON STOCK,PINK,1,1,new,0.0000,0.2686,2015-10-15,1.12721,USD
PCRDF.US,PCA Corporation,COMMON STOCK,PINK,4,3,up,9.8554,12.835,2026-03-31,0.6608,USD
PCRFF.US,Panasonic Holdings Corporation,COMMON STOCK,PINK,53,1,down,1.9322,28.25,2027-03-30,0.13585,USD
PCRBF.US,Pricer AB (publ),COMMON STOCK,PINK,11,7,up,0.0000,0.356,2022-11-02,0.08089,USD
PCPJ.US,PaperClip Incorporated,COMMON STOCK,PINK,12,2,flat,0.0000,0.5,2024-12-23,0.01,USD
PCRHY.US,Panasonic Holdings Corporation,COMMON STOCK,PINK,4,1,down,0.8891,28.5,2026-03-31,0.12517,USD
PDER.US,Pardee Resources Co,COMMON STOCK,PINK,95,1,down,7.3924,300.31,2026-08-31,1.8,USD
PDGNF.US,Pendragon PLC,COMMON STOCK,PINK,15,2,up,0.0000,5.994,2024-04-23,0.32814,USD
PDNLA.US,Presidential Realty Corporation,COMMON STOCK,PINK,99,2,up,0.0000,0.0002,2011-11-29,0.35,USD
PDRDF.US,Pernod Ricard SA,COMMON STOCK,PINK,39,1,down,11.8252,68.72,2026-11-25,2.6726,USD
PDRX.US,Pd-Rx Pharmaceutical,COMMON STOCK,PINK,4,2,up,0.0000,3.1,2018-12-13,2.2,USD
PDSSF.US,Paradise Entertainment Limited,COMMON STOCK,PINK,8,1,down,3.4934,0.0916,2026-06-02,0.0032,USD
PEBBF.US,PEBBF,COMMON STOCK,PINK,1,1,new,4.9652,0.5458,2026-04-17,0.0271,USD
PEFDF.US,Delfi Limited,COMMON STOCK,PINK,43,2,up,7.5085,0.59,2026-08-28,0.0105,USD
PEGRF.US,Pennon Group Plc,COMMON STOCK,PINK,39,1,down,8.9092,5.748,2026-07-24,0.2667,USD
PEIMF.US,PepinNini Minerals Limited,COMMON STOCK,PINK,1,1,new,0.0000,0.154,2007-12-04,4.36,USD
PEGIY.US,Energi Mega Persada Tbk PT ADR,COMMON STOCK,PINK,1,1,new,0.0000,16.62,2021-07-30,0.02408,USD
PESAF.US,Panoro Energy ASA,COMMON STOCK,PINK,15,1,down,6.3342,3.1,2026-09-02,0.03998,USD
PEXNY.US,PTT Exploration & Production,COMMON STOCK,PINK,45,6,up,6.4318,8.8,2026-08-17,0.268,USD
PFBN.US,Pacific Alliance Bank,COMMON STOCK,PINK,8,8,flat,0.8347,11.98,2026-02-09,0.1,USD
PCWLF.US,PCCW Limited,COMMON STOCK,PINK,46,2,up,7.2985,0.67,2026-08-17,0.0125,USD
PFFVF.US,Pfeiffer Vacuum Technology AG,COMMON STOCK,PINK,25,1,down,7.6250,190.15,2026-07-14,8.3402,USD
PFSMF.US,Perfect Medical Health Management Limited,COMMON STOCK,PINK,7,1,down,7.7884,0.2401,2026-08-18,0.0089,USD
PGCMF.US,Puregold Price Club Inc,COMMON STOCK,PINK,21,3,up,9.9919,0.621,2026-08-17,0.0128,USD
PGENY.US,Pigeon Corp ADR,COMMON STOCK,PINK,57,3,up,10.7819,3.21,2026-12-29,0.00038,USD
PEGRY.US,Pennon Group PLC ADR,COMMON STOCK,PINK,35,1,down,6.6185,11.77,2026-07-24,0.53,USD
PDNLB.US,Presidential Realty Corporation,COMMON STOCK,PINK,98,1,down,0.0000,0.0002,2011-11-16,0.35,USD
PGPHF.US,Partners Group,COMMON STOCK,PINK,21,18,up,26.5154,730,2026-05-26,59.3303,USD
PGNN.US,Paragon Financial Solutions Inc,COMMON STOCK,PINK,1,1,new,3.5211,14.2,2026-08-10,0.5,USD
PGNT.US,Paragon Technologies Inc,COMMON STOCK,PINK,8,8,flat,0.0000,4.45,1999-05-19,0.1,USD
PGUCY.US,Prosegur Cash S.A,COMMON STOCK,PINK,21,1,down,4.1458,3.595,2025-12-05,0.14904,USD
PGUUF.US,Prosegur Cash S.A,COMMON STOCK,PINK,31,4,up,12.8764,0.72,2025-12-01,0.0445,USD
PGWFF.US,PGG Wrightson Limited,COMMON STOCK,PINK,41,2,up,8.9963,1.35,2026-09-11,0.05,USD
PHBBF.US,"Pharmaron Beijing Co., Ltd.",COMMON STOCK,PINK,3,3,up,1.5181,1.93,2026-07-09,0.0293,USD
PHCRF.US,Healius Limited,COMMON STOCK,PINK,14,2,up,0.0000,0.84,2025-05-12,0.263,USD
PHCCF.US,PHC Holdings Corporation,COMMON STOCK,PINK,8,1,down,3.7194,7.41,2026-03-31,0.13351,USD
PHDWY.US,PT Ace Hardware Indonesia Tbk,COMMON STOCK,PINK,4,1,down,8.9677,1.9732,2026-06-23,0.17695,USD
PEYUF.US,Peyto Exploration&Development Corp,COMMON STOCK,PINK,165,1,down,6.4497,16.53,2026-09-29,0.08573,USD
PHIG.US,PHI Group Inc,COMMON STOCK,PINK,4,2,up,12.9134,31.75,2026-02-17,4.1,USD
PHKIF.US,Poly Property Group Co. Limited,COMMON STOCK,PINK,19,2,up,1.8477,0.1786,2026-06-24,0.0033,USD
PGCSF.US,Prosegur Compañía de Seguridad S.A,COMMON STOCK,PINK,36,3,up,10.0594,3.45,2025-12-03,0.1659,USD
PHJMF.US,PT Hanjaya Mandala Sampoerna Tbk,COMMON STOCK,PINK,46,1,down,10.1500,0.06,2026-06-02,0.0032,USD
PHPPY.US,Signify N.V,COMMON STOCK,PINK,9,4,up,10.9390,8.52,2026-05-04,0.932,USD
PHMMF.US,Pharma Mar SAU,COMMON STOCK,PINK,9,5,up,1.4831,94.6,2026-07-08,1.403,USD
PHGPY.US,Pets at Home Group Plc,COMMON STOCK,PINK,10,1,down,6.9640,11.4,2026-06-08,0.1443,USD
PHCUF.US,Photocure ASA,COMMON STOCK,PINK,2,1,down,0.0000,5.65,2013-05-23,0.3428,USD
PHRZF.US,Pharol SGPS S.A,COMMON STOCK,PINK,14,1,down,0.0000,0.0653,2016-06-07,0.03411,USD
PIAC.US,Princeton Capital Corporation,COMMON STOCK,PINK,2,1,down,0.0000,0.022,2022-11-18,0.075,USD
PHPRF.US,Primary Health Properties PLC,COMMON STOCK,PINK,50,1,down,7.6520,1.27,2026-07-02,0.02418,USD
PHTCF.US,PLDT Inc,COMMON STOCK,PINK,48,1,down,8.4556,18.15,2026-08-28,0.7374,USD
PIAGF.US,Piaggio & C. SpA,COMMON STOCK,PINK,27,1,down,5.7621,2.27,2026-09-22,0.0654,USD
PIAHY.US,Ping An Healthcare and Technology Company Limited,COMMON STOCK,PINK,2,2,up,0.0000,1.47,2025-02-11,2.48562,USD
PIFFY.US,Indofood CBP Sukses Makmur Tbk PT ADR,COMMON STOCK,PINK,15,1,down,3.6489,8,2026-07-10,0.29191,USD
PIAIF.US,Ping An Insurance,COMMON STOCK,PINK,46,4,up,5.8842,6.82,2026-09-04,0.1446,USD
PIFMY.US,Indofood Sukses Makmur Tbk PT ADR,COMMON STOCK,PINK,18,1,down,8.9850,18.03,2026-07-10,0.81,USD
PIFYF.US,Pine Cliff Energy Ltd,COMMON STOCK,PINK,52,1,down,2.8556,0.3789,2026-09-15,0.0009,USD
PILBF.US,Pilbara Minerals Limited,COMMON STOCK,PINK,3,1,down,1.2832,2.79,2026-09-03,0.0358,USD
PINXY.US,Peoples Insurance Co Ltd ADR,COMMON STOCK,PINK,16,1,down,4.2582,14.92,2026-07-02,0.42478,USD
PINXF.US,The People's Insurance Company (Group) of China Limited,COMMON STOCK,PINK,16,1,down,4.4306,0.72,2026-07-06,0.0213,USD
PITAF.US,Poste Italiane SpA,COMMON STOCK,PINK,20,1,down,9.2027,31.395,2026-07-23,1.0111,USD
PIRBF.US,Piraeus Bank S.A.,COMMON STOCK,PINK,4,3,up,7.2479,12.63,2026-08-03,0.4548,USD
PITPY.US,Indocement Tunggal Prakarsa Tbk PT ADR,COMMON STOCK,PINK,17,3,up,8.7971,2.9694,2026-06-05,0.26122,USD
PKCOY.US,Park24 Co Ltd ADR,COMMON STOCK,PINK,10,3,up,4.8797,12.275,2026-10-29,0.40511,USD
PKCPY.US,AKR Corporindo Tbk PT ADR,COMMON STOCK,PINK,23,1,down,8.6055,1.63,2026-08-04,0.06987,USD
PKRKY.US,Krakatau Steel Persero Tbk PT ADR,COMMON STOCK,PINK,1,1,new,0.0000,5.75,2016-12-15,0.6925,USD
PKIN.US,Pekin Life Insurance Co,COMMON STOCK,PINK,94,3,up,0.0000,11.8,2021-02-26,0.02,USD
PKPYY.US,Pick N Pay Stores Ltd ADR,COMMON STOCK,PINK,18,2,up,0.0000,6.1,2024-08-19,0.74351,USD
PMDKF.US,PT. Mitra Adiperkasa Tbk,COMMON STOCK,PINK,22,1,down,1.9167,0.06,2026-07-06,0.0006,USD
PKSGY.US,PARKSON Retail Group Ltd ADR,COMMON STOCK,PINK,19,1,down,0.0000,0.28,2025-09-23,0.07,USD
PLAZF.US,Platzer Fastigheter Holding AB (publ),COMMON STOCK,PINK,18,2,up,5.0600,7.095,2026-10-01,0.1243,USD
PLLHF.US,Gemfields Group Limited,COMMON STOCK,PINK,5,1,down,0.0000,0.0253,2024-06-07,0.00857,USD
PLFRF.US,Palfinger AG,COMMON STOCK,PINK,10,2,up,5.7967,36.1,2026-04-13,1.0463,USD
PLNTQ.US,Proliance International Inc,COMMON STOCK,PINK,19,1,down,0.0000,0.0001,2000-06-08,0.05,USD
PLPKF.US,PPK Group Limited,COMMON STOCK,PINK,4,1,down,0.0000,0.2615,2022-06-03,0.01971,USD
PLQC.US,Plains Acquisition Corporation,COMMON STOCK,PINK,9,5,flat,2.9197,68.5,2026-08-31,1,USD
PLTYF.US,Plastec Technologies Ltd,COMMON STOCK,PINK,20,2,up,1950.0000,0.02,2026-07-27,0.39,USD
PMBPF.US,Pembina Pipeline Corporation,COMMON STOCK,PINK,27,1,down,5.6685,18.5148,2026-08-04,0.26238,USD
PMCGF.US,PT Merdeka Copper Gold Tbk,COMMON STOCK,PINK,1,1,new,0.7000,0.1,2026-07-03,0.0007,USD
PLRRF.US,Polar Capital Holdings plc,COMMON STOCK,PINK,20,1,down,5.6820,10.85,2026-07-10,0.4295,USD
PMCUF.US,Pro Medicus Limited,COMMON STOCK,PINK,40,12,up,2.0273,114.56,2026-09-08,0.381,USD
PMDI.US,Psychemedics Corporation,COMMON STOCK,PINK,101,1,down,0.0000,2.49,2023-05-24,0.07034,USD
PMDIY.US,Pro Medicus Limited,COMMON STOCK,PINK,5,3,up,0.4188,23.35,2026-09-08,0.05251,USD
PMMAF.US,Puma SE,COMMON STOCK,PINK,24,5,up,0.0000,26.02,2025-05-23,0.6332,USD
PMMBF.US,Pembina Pipeline Corporation CUM PFD SER A 21,COMMON STOCK,PINK,29,1,down,6.3188,18.01,2026-08-04,0.28019,USD
PMOIF.US,Harbour Energy plc,COMMON STOCK,PINK,12,1,down,4.6802,3.44,2026-08-14,0.0805,USD
PMNXF.US,Perseus Mining Limited,COMMON STOCK,PINK,11,6,up,2.1181,4.74,2026-09-08,0.065,USD
PMMFF.US,"Premium Group Co., Ltd.",COMMON STOCK,PINK,4,1,down,2.7113,12.99,2026-03-31,0.1697,USD
PMREF.US,Primaris Real Estate Investment Trust,COMMON STOCK,PINK,59,1,down,8.7979,15.58,2026-09-29,0.05316,USD
PMRTY.US,Pop Mart International Group Limited,COMMON STOCK,PINK,2,2,up,1.7804,19.5,2026-05-18,0.34717,USD
PMTYF.US,Playmates Toys Ltd,COMMON STOCK,PINK,22,1,down,0.0000,0.059,2025-08-29,0.00128,USD
PNBI.US,Pioneer Bankshares Inc,COMMON STOCK,PINK,108,1,down,2.2355,50.1,2026-09-11,0.28,USD
PNAGF.US,PETRONAS Gas Berhad,COMMON STOCK,PINK,50,1,down,3.8680,4.6,2026-09-14,0.0394,USD
PNDXF.US,Pandox AB (publ),COMMON STOCK,PINK,5,4,up,4.9408,19.2221,2026-04-17,0.4981,USD
PNDZF.US,Pandora A/S,COMMON STOCK,PINK,23,4,up,2.7761,125.61,2026-03-13,3.487,USD
PNGAY.US,Ping An Insurance Company of China,COMMON STOCK,PINK,43,3,up,5.9837,13.47,2026-09-03,0.291,USD
PNXGF.US,Phoenix Group Holdings PLC,COMMON STOCK,PINK,32,9,up,6.0048,12.385,2026-09-25,0.3706,USD
POGS.US,Pioneer Oil & Gas,COMMON STOCK,PINK,1,1,new,0.0000,0.078,2008-11-13,0.8,USD
PONT.US,Pontiac Bancorp Inc,COMMON STOCK,PINK,69,14,up,2.9000,700,2026-09-30,3,USD
PORBF.US,POLA Orbis Holdings Inc,COMMON STOCK,PINK,32,1,down,6.0149,7.7,2026-12-31,0.15461,USD
POTMF.US,Portmeirion Group PLC,COMMON STOCK,PINK,5,1,down,0.0000,1.9,2024-11-15,0.0189,USD
PPCCY.US,PICC Property and Casualty,COMMON STOCK,PINK,21,2,up,6.9947,53.4,2026-10-08,1.26675,USD
PPAAY.US,Perusahaan Gas Negara Persero Tbk PT ADR,COMMON STOCK,PINK,21,1,down,8.9114,3.95,2026-06-08,0.352,USD
PPKRF.US,Pepkor Holdings Limited,COMMON STOCK,PINK,5,1,down,2.3615,1.3,2026-01-16,0.0307,USD
POAHF.US,Porsche Automobil Holding SE,COMMON STOCK,PINK,26,1,down,4.4413,28.86,2026-06-26,1.28176,USD
PPOEF.US,PGE Polska Grupa Energetyczna S.A,COMMON STOCK,PINK,4,1,down,0.0000,3.56,2016-09-22,0.0656,USD
PRBKY.US,Piraeus Bank S.A.,COMMON STOCK,PINK,2,1,new,7.0394,12.1,2026-08-04,0.46132,USD
PRDSF.US,Prada S.p.A,COMMON STOCK,PINK,16,5,up,3.8380,5,2026-05-08,0.1919,USD
PRDSY.US,Prada Spa PK,COMMON STOCK,PINK,15,6,up,3.8648,9.91,2026-05-07,0.383,USD
PREJF.US,PartnerRe Ltd.,COMMON STOCK,PINK,20,2,up,5.8994,15.51,2026-08-28,0.305,USD
PRKWF.US,Parkway Life Real Estate Investment Trust,COMMON STOCK,PINK,79,2,up,6.1559,2.9,2026-08-13,0.0584,USD
PRLPF.US,Propel Holdings Inc.,COMMON STOCK,PINK,15,1,down,3.8839,17.25,2026-08-14,0.18187,USD
PRMRF.US,Paramount Resources Ltd.,COMMON STOCK,PINK,65,1,down,2.0545,21.035,2026-09-15,0.036,USD
PRNDY.US,Pernod Ricard SA.,COMMON STOCK,PINK,34,1,down,16.3784,13.35,2026-07-21,0.538,USD
PROSF.US,Prosus,COMMON STOCK,PINK,7,5,up,2.5731,43,2026-11-05,0.31982,USD
PRRCF.US,ProCredit Holding AG & Co. KGaA,COMMON STOCK,PINK,6,2,up,20.4765,9.2,2026-06-05,0.5411,USD
PRRFY.US,Premier Foods Plc ADR,COMMON STOCK,PINK,7,6,up,1.7033,13.21,2026-06-26,0.225,USD
PRSI.US,Portsmouth Square Inc,COMMON STOCK,PINK,21,2,flat,0.0000,6.86,2012-12-19,0.25,USD
PRVFF.US,Pro Real Estate Investment Trust,COMMON STOCK,PINK,33,1,down,7.3764,4.67,2026-09-29,0.02644,USD
PRXXF.US,Paradox Interactive AB (publ),COMMON STOCK,PINK,11,6,up,6.8134,15.65,2026-05-15,0.5642,USD
PRYMF.US,Prysmian S.p.A,COMMON STOCK,PINK,18,5,up,0.7230,145,2026-04-21,1.0483,USD
PSBAF.US,PT Sumber Alfaria Trijaya Tbk,COMMON STOCK,PINK,11,1,down,1.9008,0.121,2026-06-17,0.0023,USD
PSBKF.US,Postal Savings Bank of China Co. Ltd,COMMON STOCK,PINK,13,2,up,9.4754,0.6691,2026-12-03,0.01979,USD
PSPSF.US,PSP Swiss Property AG,COMMON STOCK,PINK,15,8,up,2.7698,180.568,2026-04-08,5.0013,USD
PSBXP.US,PS Business Parks Inc.,COMMON STOCK,PINK,35,1,down,26.9128,9.75,2026-09-15,0.328,USD
PSBYP.US,PS Business Parks Inc.,COMMON STOCK,PINK,35,1,down,26.0000,10,2026-09-15,0.325,USD
PSBZP.US,PS Business Parks Inc.,COMMON STOCK,PINK,27,1,down,13.4807,9.05,2026-09-15,0.305,USD
PSGTF.US,PT Semen Indonesia (Persero) Tbk,COMMON STOCK,PINK,28,1,down,4.3571,0.07,2026-05-22,0.0016,USD
PRYMY.US,Prysmian SPA ADR,COMMON STOCK,PINK,18,7,up,0.7420,70.22,2026-04-21,0.521,USD
PSGTY.US,Semen Indonesia Persero Tbk PT,COMMON STOCK,PINK,19,1,down,1.8605,1.72,2026-05-26,0.032,USD
PSHZF.US,Pershing Square Holdings Ltd,COMMON STOCK,PINK,33,8,up,5.3099,47.67,2026-11-13,0.1837,USD
PSKRY.US,Protector Forsikring ASA,COMMON STOCK,PINK,9,3,up,4.2443,99.09,2026-07-20,0.62263,USD
PTEXF.US,Pacific Textiles Holdings Limited,COMMON STOCK,PINK,5,1,down,5.5901,0.161,2026-08-20,0.0026,USD
PSKOF.US,Polski Koncern Naftowy ORLEN Spólka Akcyjna,COMMON STOCK,PINK,8,2,up,5.5113,39.08,2026-06-18,2.1538,USD
PSMMY.US,Persimmon Plc,COMMON STOCK,PINK,25,1,down,6.0038,35.8,2026-10-16,0.53436,USD
PSORF.US,Pearson plc,COMMON STOCK,PINK,30,5,up,2.1564,15.91,2026-08-14,0.1107,USD
PSMMF.US,Persimmon PLC,COMMON STOCK,PINK,28,3,up,8.7516,15.24,2026-10-15,0.5291,USD
PSPSY.US,PSP Swiss Property AG,COMMON STOCK,PINK,4,3,up,5.0614,39.4,2026-04-08,0.9971,USD
PSSEF.US,Ponsse Oyj,COMMON STOCK,PINK,10,2,up,2.4467,26.55,2026-04-10,0.6496,USD
PSSMF.US,Press Metal Aluminium Holdings Berhad,COMMON STOCK,PINK,14,1,down,2.2200,1,2026-09-14,0.0061,USD
PSSWF.US,PSI Software AG,COMMON STOCK,PINK,3,3,flat,0.0000,23.7924,2023-05-24,0.45486,USD
PTBRY.US,Bank Negara Indonesia Persero Tbk PT ADR,COMMON STOCK,PINK,12,1,down,21.6824,9.51,2026-03-26,1.031,USD
PTEAF.US,PetroNor E&P ASA,COMMON STOCK,PINK,1,1,new,32.4419,1.05,2026-05-29,0.34064,USD
PTFRF.US,PT Tower Bersama Infrastructure TBK,COMMON STOCK,PINK,14,2,up,2.6200,0.1,2026-06-22,0.00262,USD
PTGOF.US,PT. Global Mediacom Tbk,COMMON STOCK,PINK,5,2,flat,0.0000,0.008,2018-07-06,0.00028,USD
PTIX.US,Protagenic Therapeutics,COMMON STOCK,PINK,1,1,new,0.0000,0.78,2005-12-05,99999.99999,USD
PTAIY.US,Astra International Tbk PT,COMMON STOCK,PINK,33,1,down,8.6898,5.19,2026-05-06,0.333,USD
PTJSY.US,Jasa Marga Persero Tbk PT ADR,COMMON STOCK,PINK,12,1,down,5.1294,3.4,2026-06-04,0.1744,USD
PTRUF.US,Petrus Resources Ltd,COMMON STOCK,PINK,35,1,down,6.9434,1.22,2026-09-15,0.007,USD
QBCRF.US,Quebecor Inc,COMMON STOCK,PINK,87,1,down,2.6237,44.09,2026-08-21,0.326,USD
PTLKF.US,PT Lippo Karawaci Tbk,COMMON STOCK,PINK,9,1,down,0.0000,0.01,2018-06-25,2.7,USD
PTTWF.US,Orange Polska S.A,COMMON STOCK,PINK,20,3,up,16.0927,2.05,2026-06-24,0.1712,USD
PUODY.US,Promotora y Operadora de Infraestructura SAB de CV ADR,COMMON STOCK,PINK,19,1,down,1.6911,299.74,2026-05-15,2.668,USD
PTRRY.US,Petro Rio S.A,COMMON STOCK,PINK,1,1,new,0.0000,11.7802,2023-12-20,0.01491,USD
PUPOF.US,Public Power Corporation S.A,COMMON STOCK,PINK,11,5,up,6.5028,21.2,2026-07-21,0.7137,USD
QABSY.US,Qantas Airways Ltd ADR,COMMON STOCK,PINK,13,1,down,4.4620,31.6,2026-09-16,0.712,USD
QBAK.US,Qualstar Corporation,COMMON STOCK,PINK,8,2,flat,0.0000,4.55,2009-11-27,0.12,USD
QBCAF.US,Quebecor Inc,COMMON STOCK,PINK,129,1,down,2.5187,44.8,2026-08-21,0.31735,USD
QGLHF.US,Qingling Motors Co. Ltd,COMMON STOCK,PINK,21,2,up,0.0000,0.11,2022-06-08,0.01648,USD
QIHCF.US,Haier Smart Home Co. Ltd,COMMON STOCK,PINK,7,1,down,7.0661,2.42,2026-08-20,0.1333,USD
QNDPF.US,Qingdao Port International Co. Ltd,COMMON STOCK,PINK,10,2,up,8.0568,0.8738,2026-09-14,0.0206,USD
QNTQF.US,QinetiQ Group plc,COMMON STOCK,PINK,31,5,up,2.3190,6.3,2026-07-24,0.1065,USD
QUCT.US,Queen City Investments Inc,COMMON STOCK,PINK,18,18,flat,0.7984,2505,2025-11-03,10,USD
QSCGF.US,q.beyond AG,COMMON STOCK,PINK,9,2,flat,0.0000,0.922,2020-05-21,0.033,USD
RAIFF.US,Raiffeisen Bank International AG,COMMON STOCK,PINK,20,2,up,2.4565,76.75,2026-04-15,1.8854,USD
RANJY.US,Randstad Holdings NV,COMMON STOCK,PINK,21,2,up,4.7162,20.44,2026-04-01,0.964,USD
RELOF.US,"Relo Group, Inc.",COMMON STOCK,PINK,11,1,down,9.2115,13.01,2027-03-30,0.20377,USD
RAUMF.US,Rheon Automatic Machinery Co. Ltd,COMMON STOCK,PINK,6,3,up,5.7286,9.16,2026-03-31,0.1638,USD
RGEDF.US,Richter Gedeon Vegyészeti Gyár Nyilvánosan Muködo Rt,COMMON STOCK,PINK,19,5,up,5.5398,38.8713,2026-06-04,2.1534,USD
RICFY.US,Recordati Industria Chimica e Farmaceutica S.p.A.,COMMON STOCK,PINK,6,1,down,2.7584,14.0864,2026-05-19,0.20624,USD
RAHGF.US,China Lending Corp,COMMON STOCK,PINK,4,1,down,0.0000,0.0001,2017-06-01,0.047,USD
RINO.US,RINO International Corporation,COMMON STOCK,PINK,1,1,new,0.0000,0.0001,2006-05-01,257,USD
RKAGY.US,Rhoen Klinikum AG ADR,COMMON STOCK,PINK,14,2,up,1.4244,8.16,2026-05-29,0.11623,USD
RNECY.US,Renesas Electronics Corp ADR,COMMON STOCK,PINK,9,2,up,1.2533,10.97,2025-12-31,0.04772,USD
SFFYF.US,Signify N.V,COMMON STOCK,PINK,8,1,down,21.0541,17.74,2026-05-04,1.8675,USD
RNSHF.US,Renishaw plc,COMMON STOCK,PINK,29,3,up,4.2455,67.06,2026-10-29,1.79005,USD
RSRV.US,The Reserve Petroleum Company,COMMON STOCK,PINK,26,7,flat,4.2373,236,2026-06-03,10,USD
RSTRF.US,Restaurant Brands International Limited Partnership,COMMON STOCK,PINK,47,1,down,3.4730,74,2026-09-18,0.65,USD
RUBSF.US,Rubis,COMMON STOCK,PINK,14,1,down,6.0583,39.61,2026-06-17,2.3997,USD
RUSMF.US,Russel Metals Inc,COMMON STOCK,PINK,108,1,down,2.0571,61.07,2026-08-28,0.318,USD
SAPMY.US,Saipem SpA ADR,COMMON STOCK,PINK,10,1,down,8.0929,0.99,2026-05-21,0.04006,USD
SAXJY.US,Sa Sa International Holdings Ltd ADR,COMMON STOCK,PINK,6,2,up,6.3362,2.6,2026-09-04,0.13522,USD
SEGSY.US,SIA Engineering Company Ltd ADR,COMMON STOCK,PINK,20,1,down,3.5279,24.24,2026-07-30,0.66308,USD
SBMFF.US,Sino Biopharmaceutical Limited,COMMON STOCK,PINK,65,2,up,4.4029,0.695,2026-09-03,0.0089,USD
SESMF.US,SÜSS MicroTec SE,COMMON STOCK,PINK,7,1,down,0.1032,77.34,2026-06-05,0.0458,USD
SFDL.US,Security Federal Corporation,COMMON STOCK,PINK,96,4,up,2.2500,44,2026-09-30,0.18,USD
SFRRF.US,Sandfire Resources Limited,COMMON STOCK,PINK,18,2,up,3.2372,15.47,2026-09-11,0.2504,USD
SFFFF.US,Peugeot Invest Société anonyme,COMMON STOCK,PINK,16,2,flat,5.1370,71.9425,2026-05-26,3.6957,USD
SFFLY.US,Schaeffler AG,COMMON STOCK,PINK,6,2,up,4.8034,7.3,2026-04-27,0.35065,USD
SFGYY.US,Sony Financial Group Inc.,COMMON STOCK,PINK,1,1,new,2.3381,5.07,2026-03-31,0.11854,USD
SFGLF.US,Steadfast Group Ltd,COMMON STOCK,PINK,20,1,down,3.5513,4.19,2026-09-03,0.0914,USD
SFOSF.US,Shanghai Fosun Pharmaceutical (Group) Co. Ltd,COMMON STOCK,PINK,16,3,up,4.4518,2.45,2026-07-20,0.0574,USD
SFHOY.US,S.F. Holding Co. Ltd. ADR,COMMON STOCK,PINK,3,2,up,3.7219,14.49,2026-09-11,0.28899,USD
SFNXF.US,Sofina Société Anonyme,COMMON STOCK,PINK,16,5,up,2.6681,271,2026-05-28,4.2407,USD
SFRGY.US,Salvatore Ferragamo SpA ADR,COMMON STOCK,PINK,10,2,up,0.0000,4.2,2025-06-02,0.05642,USD
SFRGF.US,Salvatore Ferragamo S.p.A,COMMON STOCK,PINK,12,1,down,0.0000,10.695,2025-05-21,0.1087,USD
SFSHF.US,Safestore Holdings plc,COMMON STOCK,PINK,28,1,down,5.6755,7.27,2026-07-02,0.13681,USD
SFTBF.US,Softbank Group Corp.,COMMON STOCK,PINK,45,1,down,0.9919,39,2027-03-30,0.02767,USD
SFTBY.US,SoftBank Group Corp,COMMON STOCK,PINK,55,2,up,0.3173,19.22,2026-09-29,0.00007,USD
SFTTF.US,SHIFT Inc.,COMMON STOCK,PINK,1,1,new,0.4041,6.3593,2026-08-31,0.0257,USD
SGAMY.US,Sega Sammy Holdings Inc ADR,COMMON STOCK,PINK,62,2,up,4.7531,5.2,2026-09-29,0.00027,USD
SFSVF.US,"Software Service, Inc.",COMMON STOCK,PINK,4,4,up,2.4488,85.59,2026-10-30,1.095,USD
SGLFF.US,SGL Carbon SE,COMMON STOCK,PINK,2,1,down,0.0000,4.87,2013-05-02,0.2,USD
SGBLY.US,Standard Bank Group Ltd PK,COMMON STOCK,PINK,33,7,up,5.8072,18.46,2026-09-11,0.557,USD
SGCFF.US,Sagicor Financial Company Ltd,COMMON STOCK,PINK,27,1,down,4.8347,6.05,2026-08-26,0.075,USD
SGBAF.US,SES S.A,COMMON STOCK,PINK,22,1,down,21.7551,4.97,2026-04-15,0.295,USD
SGGKF.US,Singapore Technologies Engineering Ltd,COMMON STOCK,PINK,57,4,up,4.7075,8,2026-08-24,0.0394,USD
SGFEF.US,Siegfried Holding AG,COMMON STOCK,PINK,12,4,up,0.5458,88.122,2026-04-28,0.48094,USD
SGGKY.US,Singapore Technologies Engineering Ltd ADR,COMMON STOCK,PINK,44,4,up,2.1955,85.01,2026-08-24,0.391,USD
SGHDY.US,SG Holdings Co.Ltd.,COMMON STOCK,PINK,9,1,down,3.4907,9.65,2026-09-29,0.00108,USD
SGIPF.US,Sugi Holdings Co.Ltd,COMMON STOCK,PINK,34,1,down,3.6471,9.495,2027-02-25,0.05024,USD
SGHIF.US,Shanghai Industrial Holdings Limited,COMMON STOCK,PINK,46,2,up,8.4000,1.7,2026-09-28,0.0535,USD
SGGEF.US,The Sage Group plc,COMMON STOCK,PINK,36,4,up,3.7500,13.04,2026-06-05,0.1075,USD
SGAPY.US,Singapore Telecommunications PK,COMMON STOCK,PINK,40,1,down,4.2736,33.58,2026-08-03,0.805,USD
SGIOF.US,Shionogi & Co. Ltd,COMMON STOCK,PINK,57,1,down,6.3009,16.39,2027-03-30,0.19183,USD
SGIOY.US,Shionogi & Co Ltd ADR,COMMON STOCK,PINK,33,3,up,4.2526,9.26,2026-09-29,0.00077,USD
SGLRF.US,Spyglass Resources Corp,COMMON STOCK,PINK,55,1,down,0.0000,,2014-11-26,0.01058,USD
SHNXY.US,Shandong Xinhua Pharmaceutical Company Limited,COMMON STOCK,PINK,5,1,down,1.2078,18.19,2026-07-13,0.21969,USD
SGSOF.US,SGS SA,COMMON STOCK,PINK,25,12,up,3.7887,108.11,2026-04-07,4.096,USD
SHWDY.US,Showa Denko KK ADR,COMMON STOCK,PINK,18,1,down,0.4733,86.45,2026-12-29,0.00262,USD
SIELY.US,Shanghai Electric Group Co Ltd ADR,COMMON STOCK,PINK,11,1,down,0.5703,7.31,2026-06-23,0.04169,USD
SRAMF.US,Sisram Medical Ltd,COMMON STOCK,PINK,8,1,down,21.9203,0.0552,2026-08-27,0.0121,USD
SSUMF.US,Sumitomo Corporation,COMMON STOCK,PINK,55,1,down,10.1638,11.45,2027-03-30,0.10173,USD
SLFPY.US,Standard Life Aberdeen PLC ADR,COMMON STOCK,PINK,35,4,up,5.9711,13.13,2026-08-14,0.394,USD
SMSKF.US,Sumiseki HoldingsInc.,COMMON STOCK,PINK,5,1,down,6.9774,3.2975,2026-03-31,0.103,USD
SNCAF.US,AtkinsRéalis Group Inc,COMMON STOCK,PINK,83,1,down,0.0944,60.65,2026-08-20,0.014,USD
SNDFY.US,Sandfire Resources Limited,COMMON STOCK,PINK,1,1,new,1.6543,45.4,2026-09-11,0.75107,USD
SIMTF.US,SIM Technology Group Limited,COMMON STOCK,PINK,16,2,up,0.0000,0.055,2024-04-15,0.0051,USD
SPSAF.US,Sopra Steria Group SA,COMMON STOCK,PINK,19,1,down,4.4039,142,2026-06-03,6.2535,USD
SSREF.US,Swiss Re AG,COMMON STOCK,PINK,15,5,up,6.0226,169.84,2026-04-15,10.2288,USD
STECF.US,Scatec ASA,COMMON STOCK,PINK,5,1,down,0.0000,12.6,2023-04-19,0.20335,USD
SPTJF.US,Sinopec Shanghai Petrochemical Company Limited,COMMON STOCK,PINK,20,1,down,0.0000,0.1525,2025-06-26,0.0028,USD
SUPIF.US,Supermarket Income REIT plc,COMMON STOCK,PINK,14,2,up,5.2940,1.16,2026-07-23,0.02047,USD
SWZNF.US,Schweizerische Nationalbank,COMMON STOCK,PINK,11,1,down,0.5007,3776.49,2026-04-29,18.9088,USD
SYQH.US,Liaoning Shuiyun Qinghe Rice Industry Co. Ltd,COMMON STOCK,PINK,2,1,down,0.0000,0.0001,2018-07-23,0.02585,USD
TCLCF.US,Transcontinental Inc,COMMON STOCK,PINK,91,3,up,533.7507,5.5,2026-10-05,14.5785,USD
TELDY.US,Telefónica Deutschland Holding AG,COMMON STOCK,PINK,3,1,down,0.0000,11.75,2024-06-20,0.96012,USD
THKLY.US,THK Co Ltd ADR,COMMON STOCK,PINK,43,4,up,9.5734,19.855,2026-12-29,0.00197,USD
SSAAY.US,SSAB AB ADR,COMMON STOCK,PINK,11,1,down,1.9756,5.416,2026-04-30,0.107,USD
THYCF.US,Taiheiyo Cement Corporation,COMMON STOCK,PINK,45,1,down,6.0856,26.12,2027-03-30,0.30188,USD
TISCY.US,Taisei Corporation,COMMON STOCK,PINK,76,3,up,8.3840,21.27,2026-09-29,0.29754,USD
SVMRF.US,Magnora ASA,COMMON STOCK,PINK,15,1,down,0.0000,2.25,2025-07-22,0.01961,USD
TIGXF.US,Team Internet Group plc,COMMON STOCK,PINK,3,2,up,0.0000,0.5563,2024-08-30,0.0131,USD
TIIAY.US,Telecom Italia S.p.A,COMMON STOCK,PINK,12,2,up,0.0000,8.13,2021-06-21,0.118,USD
TISCF.US,Taisei Corporation,COMMON STOCK,PINK,42,1,down,5.4787,78.25,2027-03-30,0.95595,USD
TKAMY.US,Thyssenkrupp AG ADR,COMMON STOCK,PINK,10,1,down,25.1041,17.53,2026-02-03,0.17448,USD
TKCBY.US,Tokai Carbon Co Ltd ADR,COMMON STOCK,PINK,19,1,down,2.4937,47.28,2026-06-30,0.4986,USD
TKOMY.US,Tokio Marine Holdings Inc,COMMON STOCK,PINK,86,1,down,1.2532,53.12,2026-09-29,0.00457,USD
TMICF.US,Trend Micro Inc.,COMMON STOCK,PINK,26,2,up,5.6997,38.8,2025-12-31,1.1803,USD
TNGRF.US,Thungela Resources Limited,COMMON STOCK,PINK,12,1,down,6.2743,7.29,2026-09-18,0.3387,USD
TOKSF.US,"Tokyo Steel Manufacturing Co., Ltd.",COMMON STOCK,PINK,21,1,down,3.5823,9.106,2026-03-31,0.1572,USD
TPGTF.US,TPG Telecom Limited,COMMON STOCK,PINK,28,1,down,47.2557,2.98,2026-08-28,0.0716,USD
TPLKF.US,PVA TePla AG,COMMON STOCK,PINK,4,1,down,0.0000,35.77,2013-06-20,0.1321,USD
TWODY.US,Taylor Wimpey PLC ADR,COMMON STOCK,PINK,27,1,down,8.6916,11.77,2026-04-07,0.394,USD
TRCY.US,Tri City Bankshares Corp,COMMON STOCK,PINK,91,1,down,4.0106,18.95,2026-07-27,0.2,USD
TRATY.US,Traton SE,COMMON STOCK,PINK,3,1,down,2.6442,40.145,2026-06-18,1.0615,USD
TYHOF.US,Toyota Tsusho Corporation,COMMON STOCK,PINK,42,1,down,3.1043,48,2027-03-30,0.31286,USD
TRUMF.US,Terumo Corporation,COMMON STOCK,PINK,56,1,down,3.2998,14.515,2027-03-30,0.09056,USD
TRUMY.US,Terumo Corp ADR,COMMON STOCK,PINK,60,1,down,1.8373,14.52,2026-03-31,0.08252,USD
TRPEF.US,TC Energy Corporation,COMMON STOCK,PINK,11,3,up,5.1671,14,2026-08-31,0.18085,USD
TRUX.US,Truxton Corporation,COMMON STOCK,PINK,48,1,down,3.2041,24.5,2026-09-10,0.22,USD
TSHMF.US,Toshiba Machine Co Ltd,COMMON STOCK,PINK,30,1,down,3.4971,26.11,2026-03-31,0.44,USD
TSYHY.US,TravelSky Technology Ltd ADR,COMMON STOCK,PINK,16,4,up,3.5821,11.39,2026-07-06,0.408,USD
TUIFF.US,TUI AG,COMMON STOCK,PINK,16,1,down,1.6563,7.1,2026-02-12,0.1176,USD
TUWOY.US,Tullow Oil PLC ADR,COMMON STOCK,PINK,13,1,down,0.0000,0.1251,2019-08-29,0.012,USD
TYBT.US,Trinity Bank National Assocation,COMMON STOCK,PINK,30,1,down,2.0099,101,2026-04-15,1.03,USD
TYIDY.US,Toyota Industries Corporation,COMMON STOCK,PINK,35,2,up,100.2547,128.96,2026-09-09,129.28848,USD
TYOYY.US,Taiyo Yuden Co Ltd ADR,COMMON STOCK,PINK,70,2,up,2.9845,14.2,2026-03-31,0.06933,USD
UEPEP.US,Union Electric Company,COMMON STOCK,PINK,159,1,down,6.4361,70.85,2026-07-16,1.14,USD
UBEOF.US,Ube Industries Ltd,COMMON STOCK,PINK,30,1,down,12.3430,15.285,2027-03-30,0.40085,USD
UELMO.US,Union Electric Company,COMMON STOCK,PINK,129,1,down,6.1411,60.25,2026-07-16,0.925,USD
UHOIF.US,Ushio Inc,COMMON STOCK,PINK,18,1,down,4.8223,26.17,2027-03-30,0.35219,USD
ULVAF.US,ULVAC Inc,COMMON STOCK,PINK,12,1,down,4.4463,46.75,2026-06-30,1.1138,USD
UMRRF.US,US Masters Residential Property Fund,COMMON STOCK,PINK,9,1,down,156.4735,0.0811,2026-08-18,0.0284,USD
TWIRF.US,Tree Island Steel Ltd,COMMON STOCK,PINK,44,1,down,0.5861,1.87,2025-12-31,0.01096,USD
UNHLF.US,Union Medical Healthcare Limited,COMMON STOCK,PINK,12,1,down,0.0000,0.086,2025-01-03,0.0013,USD
UNLRY.US,Unilever Indonesia Tbk PT ADR,COMMON STOCK,PINK,31,2,up,10.4827,1.79,2026-06-18,0.125,USD
UNTC.US,Unit Corporation,COMMON STOCK,PINK,15,1,down,32.6264,30.65,2026-09-15,1.25,USD
UNPSF.US,Uni-President China Holdings Ltd,COMMON STOCK,PINK,16,4,up,7.7889,0.9,2026-06-11,0.0701,USD
UMGNF.US,Universal Music Group N.V.,COMMON STOCK,PINK,12,6,up,14.5605,16.55,2026-10-05,0.3245,USD
USEG.US,US Energy Corp,COMMON STOCK,PINK,6,1,down,0.0000,1.65,2023-05-18,0.0225,USD
USNZY.US,Usinas Siderurgicas de Minas Gerais,COMMON STOCK,PINK,42,1,down,0.0000,1.4,2024-04-26,0.057,USD
UUGRY.US,United Utilities Group PLC ADR,COMMON STOCK,PINK,59,1,down,3.7933,37.54,2026-06-26,0.953,USD
UTDAY.US,United Arrows Ltd.,COMMON STOCK,PINK,3,2,up,0.0000,8.66,2024-09-30,0.05638,USD
VARRY.US,VÃ¥r Energi AS,COMMON STOCK,PINK,13,1,down,9.2095,11,2026-08-24,0.29037,USD
VFUUF.US,Vanguard Funds Public Limited Company - Vanguard FTSE North America UCITS ETF,ETF,PINK,1,1,new,0.0000,193.1789,2022-03-15,0.285,USD
UVRBF.US,Universal Robina Corporation,COMMON STOCK,PINK,34,1,down,7.1700,1,2026-09-04,0.0367,USD
VETTF.US,Vector Limited,COMMON STOCK,PINK,36,2,up,8.2967,2.73,2026-09-09,0.0789,USD
VLEEF.US,Valeo SE,COMMON STOCK,PINK,18,7,up,3.2388,16.04,2026-05-27,0.5195,USD
VLOUF.US,Vallourec S.A,COMMON STOCK,PINK,11,2,up,20.2612,21.6,2026-08-04,2.0139,USD
VNORP.US,Vornado Realty Trust,COMMON STOCK,PINK,117,1,down,6.4897,50.11,2026-09-15,0.813,USD
VOLAF.US,AB Volvo (publ),COMMON STOCK,PINK,18,1,down,4.0849,35.94,2026-04-10,1.4681,USD
VIVHY.US,Vivendi SA PK,COMMON STOCK,PINK,19,2,up,2.8395,1.62,2026-04-23,0.046,USD
VOPKY.US,Koninklijke Vopak NV ADR,COMMON STOCK,PINK,15,5,up,5.2861,55.58,2026-09-18,0.829,USD
VOSSY.US,Vossloh AG ADR,COMMON STOCK,PINK,10,5,up,3.8240,7.07,2026-05-08,0.13518,USD
VRBCF.US,Virbac SA,COMMON STOCK,PINK,14,3,up,0.4302,383.25,2026-07-02,1.64866,USD
VVVNF.US,Vivendi SE,COMMON STOCK,PINK,21,1,down,2.7927,1.64,2026-04-23,0.0458,USD
VTSYF.US,Vitasoy International Holdings Limited,COMMON STOCK,PINK,55,1,down,2.7195,0.82,2026-09-01,0.0172,USD
VWDRY.US,Vestas Wind Systems AS,COMMON STOCK,PINK,10,3,up,0.3794,10.07,2026-04-10,0.03821,USD
WBNEF.US,WestBond Enterprises Corporation,COMMON STOCK,PINK,6,1,down,0.0000,0.152,2022-12-02,0.00353,USD
WLMTF.US,Wuling Motors Holdings Limited,COMMON STOCK,PINK,11,3,up,3.5455,0.044,2026-06-23,0.0008,USD
WLWHY.US,Woolworths Holdings Ltd PK,COMMON STOCK,PINK,41,2,up,4.8497,2.495,2026-09-25,0.05,USD
VLPNY.US,Voestalpine AG PK,COMMON STOCK,PINK,18,2,up,1.7241,10.15,2026-07-10,0.175,USD
WNGRF.US,George Weston Limited,COMMON STOCK,PINK,92,1,down,1.2350,72.26,2026-09-15,0.232,USD
WOLWF.US,Woolworths Group Limited,COMMON STOCK,PINK,55,2,up,4.3225,29.96,2026-09-02,0.3713,USD
WUXAY.US,WuXi AppTec Co. Ltd,COMMON STOCK,PINK,9,1,down,1.1655,26.34,2026-08-19,0.076,USD
WWNTF.US,Want Want China Holdings Limited,COMMON STOCK,PINK,36,1,down,2.5556,0.54,2026-08-28,0.0138,USD
XAARF.US,Xaar plc,COMMON STOCK,PINK,14,1,down,0.0000,0.92,2018-09-13,0.01325,USD
XNGSY.US,ENN Energy Holdings Ltd,COMMON STOCK,PINK,21,1,down,12.3737,24.82,2026-06-02,1.20079,USD
XTEPY.US,Xtep International Holdings Ltd ADR,COMMON STOCK,PINK,35,1,down,7.6621,45.75,2026-09-08,2.29639,USD
XYIGF.US,Xinyi Glass Holdings Limited,COMMON STOCK,PINK,45,1,down,7.4560,1.25,2026-08-17,0.0191,USD
XTERF.US,Norvista Capital Corporation,COMMON STOCK,PINK,1,1,new,0.0000,0.042,2021-01-25,0.02116,USD
XYIGY.US,Xinyi Glass Holdings Ltd,COMMON STOCK,PINK,31,2,up,4.4176,21.075,2026-08-14,0.382,USD
YACAF.US,Yancoal Australia Ltd,COMMON STOCK,PINK,17,1,down,5.3024,4.2,2026-09-03,0.0502,USD
YAGOD.US,Yageo Corporation,COMMON STOCK,PINK,12,4,up,1.9534,48,2026-06-15,0.93765,USD
XNYIF.US,Xinyi Solar Holdings Limited,COMMON STOCK,PINK,14,1,down,0.5457,0.2419,2026-08-17,0.0003,USD
YAHOY.US,Z Holdings Corp ADR,COMMON STOCK,PINK,26,2,up,2.1184,6.48,2026-03-31,0.09152,USD
YCSBF.US,Young & Co.'s Brewery P.L.C.,COMMON STOCK,PINK,7,1,down,2.9500,11,2026-06-05,0.1632,USD
WACLY.US,Wacoal Holdings Corp,COMMON STOCK,PINK,68,1,down,3.2021,110,2026-09-29,0.00997,USD
YKLTY.US,Yakult Honsha Co Ltd ADR,COMMON STOCK,PINK,48,2,up,4.5822,8.8118,2026-09-29,0.00072,USD
YLDGF.US,Yanlord Land Group Limited,COMMON STOCK,PINK,13,1,down,1.5053,0.5248,2026-05-21,0.0079,USD
YNAJF.US,Yantai North Andre Juice Company Limited,COMMON STOCK,PINK,23,4,up,2.0957,2.09,2026-05-19,0.0438,USD
YPHDF.US,Ypsomed Holding AG,COMMON STOCK,PINK,9,4,up,1.6958,436.548,2026-07-06,5.28548,USD
YUEIY.US,Yue Yuen Industrial Holdings,COMMON STOCK,PINK,34,5,up,10.2596,8.09,2026-09-15,0.255,USD
YUMSF.US,Demaecan Co Ltd,COMMON STOCK,PINK,1,1,new,0.0000,0.76,2019-08-30,0.0339,USD
YRAIF.US,Yara International ASA,COMMON STOCK,PINK,28,3,up,4.7255,48.96,2026-05-15,2.3136,USD
YUZHF.US,Yuzhou Group Holdings Company Limited,COMMON STOCK,PINK,2,1,new,0.0000,0.0006,2021-09-03,0.05404,USD
YZOFF.US,Yangtze Optical Fibre And Cable Joint Stock Limited Company,COMMON STOCK,PINK,10,2,up,1.7532,22.76,2026-09-17,0.15629,USD
YTRGF.US,Y. T. Realty Group Limited,COMMON STOCK,PINK,21,1,down,0.0000,0.001,2020-05-21,0.0013,USD
YUGVF.US,YouGov plc,COMMON STOCK,PINK,9,9,up,3.3947,3.61,2025-11-28,0.12255,USD
ZDCAF.US,Zedcor Inc.,COMMON STOCK,PINK,4,1,down,0.0000,3.6,2016-01-05,0.01411,USD
ZEGLF.US,Zegona Communications plc,COMMON STOCK,PINK,1,1,new,18.8339,23,2025-12-19,2.1659,USD
ZNZNF.US,Zinzino AB (publ),COMMON STOCK,PINK,14,4,up,9.3010,13.37,2026-06-04,0.641,USD
ZTCOF.US,ZTE Corp-H,COMMON STOCK,PINK,20,1,down,2.4315,2.48,2026-06-24,0.0603,USD
000008.SHE,China High-Speed Railway Technology,COMMON STOCK,SHE,6,2,flat,0.0000,2.39,2020-05-29,0.01,CNY
000029.SHE,ShenZhen Special Economic Zone Real Estate & Properties Group Co Ltd,COMMON STOCK,SHE,10,1,down,0.1582,22.12,2026-06-15,0.035,CNY
000151.SHE,China National Complete Plant Import & Export Corp Ltd,COMMON STOCK,SHE,19,1,down,0.0000,10.06,2020-06-11,0.02,CNY
000049.SHE,Shenzhen Desay Battery Technology Co Ltd,COMMON STOCK,SHE,18,1,down,1.0459,21.99,2026-05-28,0.23,CNY
000020.SHE,Shenzhen Zhongheng Huafa Co Ltd Class A,COMMON STOCK,SHE,5,3,up,0.0000,14.65,1997-10-14,0.10348,CNY
000059.SHE,North Huajin Chemical Industries Co Ltd,COMMON STOCK,SHE,14,2,up,0.0000,5.47,2025-06-19,0.018,CNY
000055.SHE,China Fangda Group Co Ltd,COMMON STOCK,SHE,20,1,down,0.0000,3.88,2025-05-28,0.05,CNY
000069.SHE,Shenzhen Overseas Chinese Town Co Ltd,COMMON STOCK,SHE,21,1,down,0.0000,1.97,2022-06-16,0.1,CNY
000419.SHE,Changsha Tongcheng Holdings Co Ltd,COMMON STOCK,SHE,18,1,down,2.5692,5.06,2026-08-12,0.13,CNY
000408.SHE,Zangge Holding Co Ltd,COMMON STOCK,SHE,11,2,up,3.5817,69.8,2026-09-04,1,CNY
000533.SHE,Guangdong Macro Co Ltd,COMMON STOCK,SHE,9,1,down,0.0000,10.02,2018-07-05,0.015,CNY
000503.SHE,China Reform Health Management and Services Group Co Ltd,COMMON STOCK,SHE,2,2,up,0.0000,7.72,2004-05-31,0.04167,CNY
000517.SHE,Rongan Property Co Ltd,COMMON STOCK,SHE,15,4,flat,0.0000,2.07,2024-08-27,0.32,CNY
000035.SHE,China Tianying Inc,COMMON STOCK,SHE,4,3,up,0.7725,4.66,2026-08-20,0.036,CNY
000651.SHE,Gree Electric Appliances Inc of Zhuhai,COMMON STOCK,SHE,33,4,flat,7.8740,38.1,2026-08-27,2,CNY
000690.SHE,Guangdong Baolihua New Energy Stock Co LTD,COMMON STOCK,SHE,30,2,flat,3.8835,5.15,2026-05-22,0.2,CNY
000552.SHE,Gansu Jingyuan Coal Industry and Electricity Power Co Ltd,COMMON STOCK,SHE,19,1,down,0.0000,2.46,2025-07-10,0.068,CNY
000601.SHE,Guangdong Shaoneng Group Co Ltd,COMMON STOCK,SHE,26,1,down,0.8306,6.02,2026-08-21,0.05,CNY
000567.SHE,Hainan Haide Industry Co Ltd,COMMON STOCK,SHE,6,5,up,0.0000,5.88,2024-06-14,0.425,CNY
000612.SHE,Jiaozuo Wanfang Aluminum,COMMON STOCK,SHE,19,2,up,3.0574,10.63,2026-05-26,0.325,CNY
000626.SHE,Grand Industrial Holding Co Ltd,COMMON STOCK,SHE,3,2,up,2.5641,8.58,2026-09-17,0.22,CNY
000633.SHE,Xinjiang Hejin Holding Co Ltd,COMMON STOCK,SHE,1,1,new,0.0000,5.34,2003-10-24,0.03443,CNY
000663.SHE,Fujian Yongan Forestry Group Joint-Stock,COMMON STOCK,SHE,4,2,up,0.0000,6.1,2008-07-11,0.05,CNY
000718.SHE,Suning Universal Co Ltd,COMMON STOCK,SHE,22,1,down,1.4218,2.11,2025-12-11,0.03,CNY
000738.SHE,Aecc Aero Engine Control Co Ltd,COMMON STOCK,SHE,14,1,down,0.4124,18.67,2026-06-26,0.077,CNY
000045.SHE,Shenzhen Textile Holdings Co Ltd,COMMON STOCK,SHE,11,1,down,0.4282,11.21,2026-06-10,0.048,CNY
000752.SHE,Tibet Galaxy Science & Technology Development Co Ltd,COMMON STOCK,SHE,12,1,down,0.0000,8.68,2018-08-02,0.01,CNY
000779.SHE,Gansu Engineering Consulting Group Co Ltd,COMMON STOCK,SHE,9,1,down,0.4734,8.45,2026-06-24,0.04,CNY
000783.SHE,Changjiang Securities Co Ltd,COMMON STOCK,SHE,20,4,up,3.7783,7.94,2026-06-15,0.3,CNY
000788.SHE,PKU HealthCare Corp Ltd,COMMON STOCK,SHE,12,2,up,3.6397,5.44,2026-03-10,0.168,CNY
000801.SHE,Sichuan Jiuzhou Electronic Co Ltd,COMMON STOCK,SHE,13,1,down,0.1736,11.52,2026-06-24,0.02,CNY
000812.SHE,Shaanxi Jinye Science Technology and Education Group Co Ltd,COMMON STOCK,SHE,15,3,up,0.0000,3.74,2025-07-25,0.028,CNY
000809.SHE,Tieling Newcity Investment Holding Ltd,COMMON STOCK,SHE,2,2,up,0.0000,3.47,2015-10-20,0.06667,CNY
000819.SHE,Yueyang Xingchang Petro-Chemical Co Ltd,COMMON STOCK,SHE,21,3,flat,0.0000,12.19,2025-07-11,0.1,CNY
000837.SHE,Qinchuan Machine Tool & Tool Group Share Co Ltd,COMMON STOCK,SHE,12,2,flat,0.3155,9.51,2025-12-19,0.03,CNY
000862.SHE,Ning Xia Yin Xing Energy Co Ltd,COMMON STOCK,SHE,3,1,down,0.0000,5.32,2002-07-16,0.08333,CNY
000631.SHE,Shunfa Hengye Corp,COMMON STOCK,SHE,13,1,down,0.4934,3.04,2026-05-27,0.015,CNY
000890.SHE,Jiangsu Fasten Co Ltd,COMMON STOCK,SHE,12,2,up,0.0000,7.08,2017-06-07,0.1,CNY
000878.SHE,Yunnan Copper Co Ltd,COMMON STOCK,SHE,16,1,down,1.4420,15.95,2026-05-22,0.23,CNY
000883.SHE,Hubei Energy Group Co Ltd,COMMON STOCK,SHE,21,4,up,3.4642,4.33,2026-07-22,0.15,CNY
000539.SHE,Guangdong Electric Power Development Co Ltd,COMMON STOCK,SHE,32,3,flat,0.3968,5.04,2026-07-21,0.02,CNY
000893.SHE,Asia Potash International Investment Guangzhou Co Ltd,COMMON STOCK,SHE,5,2,up,0.3060,35.95,2026-06-03,0.11,CNY
000915.SHE,Shandong Shanda Wit Science and Technology Co Ltd,COMMON STOCK,SHE,18,1,down,10.6022,23.58,2026-07-01,2,CNY
000921.SHE,Hisense Kelon Electrical Holdings Co Ltd,COMMON STOCK,SHE,12,5,up,4.7736,26.5,2026-08-14,1.265,CNY
000927.SHE,China Railway Materials Co Ltd,COMMON STOCK,SHE,11,4,up,1.7695,2.43,2026-06-24,0.043,CNY
000953.SHE,Guangxi Hechi Chemical Co Ltd,COMMON STOCK,SHE,4,2,up,0.0000,6,2003-05-27,0.03077,CNY
000978.SHE,Guilin Tourism Corp Ltd,COMMON STOCK,SHE,16,1,down,0.0000,7.27,2020-06-02,0.02,CNY
000989.SHE,Jiuzhitang Co Ltd,COMMON STOCK,SHE,25,2,flat,3.5088,8.55,2026-05-14,0.3,CNY
000807.SHE,Yunnan Aluminium Co Ltd,COMMON STOCK,SHE,23,1,down,2.6407,26.47,2026-06-10,0.379,CNY
001205.SHE,Nanjing Shenghang Shipping Co Ltd,COMMON STOCK,SHE,5,4,up,1.0409,14.41,2026-05-26,0.15,CNY
000876.SHE,New Hope Liuhe Co Ltd,COMMON STOCK,SHE,18,1,down,0.0000,6.89,2025-07-25,0.02413,CNY
001217.SHE,Anhui Huaertai Chemical Co Ltd,COMMON STOCK,SHE,6,4,flat,0.8921,11.21,2026-05-26,0.1,CNY
001211.SHE,Suncha Technology Co Ltd,COMMON STOCK,SHE,3,1,down,0.0000,27.66,2025-07-07,0.15159,CNY
001238.SHE,Zhejiang Zhengte Co Ltd,COMMON STOCK,SHE,3,2,up,0.3827,26.13,2026-06-03,0.1,CNY
000958.SHE,SPIC Dongfang New Energy Corp,COMMON STOCK,SHE,15,6,up,2.2358,4.92,2025-11-05,0.11,CNY
001258.SHE,Xinjiang Lixin Energy Co. Ltd. A,COMMON STOCK,SHE,4,2,up,0.2964,10.12,2026-06-30,0.03,CNY
001255.SHE,Zhejiang Bofay Elec Co Ltd,COMMON STOCK,SHE,4,2,flat,0.1460,27.39,2026-06-15,0.04,CNY
001267.SHE,Hui Lyu Ecological Technology Groups Co Ltd,COMMON STOCK,SHE,6,3,up,0.2487,33.37,2026-09-11,0.02,CNY
001230.SHE,Jinglv Envi Science & Tech Co,COMMON STOCK,SHE,6,4,up,2.8616,19.17,2026-09-07,0.09,CNY
001289.SHE,China Longyuan Power Group Corporation Limited,COMMON STOCK,SHE,6,1,down,1.0972,14.81,2026-06-26,0.0625,CNY
001228.SHE,Yongtaiyun Chemical Logistics Co.Ltd,COMMON STOCK,SHE,7,1,down,1.5928,37.67,2026-06-24,0.3,CNY
001225.SHE,Hangzhou Hota M&E Holdings Co. Ltd. A,COMMON STOCK,SHE,4,1,down,0.6682,33.35,2026-06-08,0.22286,CNY
001313.SHE,Guangdong Yuehai Feeds Group Co.Ltd.,COMMON STOCK,SHE,4,3,up,0.0000,7.16,2025-09-24,0.113,CNY
001260.SHE,Shandong Kuntai New Material Technology Co. Ltd. A,COMMON STOCK,SHE,4,3,up,1.1310,19.01,2026-05-27,0.215,CNY
001301.SHE,Shijiazhuang Shangtai Technology Co. Ltd. A,COMMON STOCK,SHE,4,3,up,1.7357,46.09,2026-07-03,0.8,CNY
002005.SHE,Elec-Tech International Co Ltd,COMMON STOCK,SHE,3,1,down,0.0000,2.71,2015-07-16,0.03,CNY
001367.SHE,Zhejiang Haisen Pharmaceutical Co. Ltd. A,COMMON STOCK,SHE,3,2,up,0.5223,22.21,2026-05-13,0.116,CNY
002012.SHE,Zhejiang Kan Specialities Material Co Ltd,COMMON STOCK,SHE,14,2,up,0.3048,6.89,2026-05-26,0.021,CNY
001317.SHE,San Yang Ma (Chongqing) Logistics Co.Ltd.,COMMON STOCK,SHE,4,1,down,0.0000,62.5,2025-06-25,0.1,CNY
001322.SHE,Arrow Home Group Co. Ltd. A,COMMON STOCK,SHE,4,1,down,0.6144,6.51,2026-05-29,0.04,CNY
002024.SHE,Suning Commerce Group Co Ltd,COMMON STOCK,SHE,14,1,down,0.0000,1.15,2020-07-06,0.05,CNY
002038.SHE,Beijing SL Pharmaceutical Co Ltd,COMMON STOCK,SHE,22,1,down,0.1789,5.59,2026-07-22,0.01,CNY
002029.SHE,Fujian Septwolves Industry Co Ltd,COMMON STOCK,SHE,19,2,flat,1.1161,8.96,2026-08-11,0.1,CNY
002060.SHE,Guangdong No2 Hydropower Engineering Co Ltd,COMMON STOCK,SHE,20,2,flat,4.6358,3.02,2026-05-22,0.14,CNY
002047.SHE,Shen Zhen Bauing Construction Holding Group Co Ltd,COMMON STOCK,SHE,9,1,down,0.0000,3.12,2021-06-04,0.01,CNY
002040.SHE,Nanjing Port Co Ltd,COMMON STOCK,SHE,22,2,up,1.3212,8.78,2026-07-28,0.116,CNY
002061.SHE,Zhejiang Jiangshan Chemical Co Ltd,COMMON STOCK,SHE,13,1,down,3.3333,3.3,2026-05-29,0.11,CNY
002075.SHE,Jiangsu Shagang Co Ltd,COMMON STOCK,SHE,12,1,down,1.4368,3.48,2026-06-18,0.025,CNY
002088.SHE,Shandong Luyang Share Co Ltd,COMMON STOCK,SHE,20,1,down,3.7547,7.99,2026-07-01,0.3,CNY
002095.SHE,Zhejiang Netsun Co Ltd,COMMON STOCK,SHE,18,10,flat,0.3189,15.68,2026-06-12,0.05,CNY
002082.SHE,Wanbangde Pharmaceutical Holding Group Co Ltd,COMMON STOCK,SHE,14,1,down,0.0000,12.81,2024-07-11,0.08,CNY
002106.SHE,Shenzhen Laibao High-Technology Co Ltd,COMMON STOCK,SHE,19,2,flat,0.8292,12.06,2026-06-17,0.1,CNY
002109.SHE,Shaanxi Xinghua Chemistry Co Ltd,COMMON STOCK,SHE,10,3,flat,0.0000,2.8,2023-07-05,0.15,CNY
002116.SHE,China Haisum Engineering Co Ltd,COMMON STOCK,SHE,20,1,down,3.0673,7.15,2026-06-22,0.21931,CNY
002119.SHE,Ningbo Kangqiang Electronics Co Ltd,COMMON STOCK,SHE,15,4,up,0.1415,28.27,2026-05-08,0.04,CNY
002135.SHE,Zhejiang Southeast Space Frame Co Ltd,COMMON STOCK,SHE,19,1,down,0.1684,5.94,2026-06-04,0.01,CNY
002137.SHE,Shenzhen Sea Star Technology,COMMON STOCK,SHE,6,2,up,0.6329,7.9,2026-05-26,0.05,CNY
002133.SHE,Cosmos Group Co Ltd,COMMON STOCK,SHE,18,2,flat,1.7065,2.93,2025-10-17,0.05,CNY
002151.SHE,Beijing BDStar Navigation Co Ltd,COMMON STOCK,SHE,14,2,up,0.0000,28.15,2024-05-31,0.15,CNY
002124.SHE,Ningbo Tech-Bank Co Ltd,COMMON STOCK,SHE,12,2,up,0.0000,2,2021-05-20,0.42857,CNY
002163.SHE,Hainan Development Holdings Nanhai Co Ltd,COMMON STOCK,SHE,5,1,down,0.0000,7.49,2012-05-31,0.05,CNY
002169.SHE,Guangzhou Zhiguang Electric Co Ltd,COMMON STOCK,SHE,16,2,flat,0.6595,12.13,2026-06-09,0.08,CNY
002183.SHE,Eternal Asia Supply Chain Management Ltd,COMMON STOCK,SHE,17,1,down,0.0000,4.15,2025-07-08,0.01,CNY
002180.SHE,Ninestar Corp,COMMON STOCK,SHE,14,2,up,0.0000,16.26,2023-06-26,0.12,CNY
002184.SHE,Shanghai HiTech Control System,COMMON STOCK,SHE,16,2,flat,0.0000,9.94,2024-08-02,0.1,CNY
002190.SHE,Sichuan Chengfei Integration Technology Corp Ltd,COMMON STOCK,SHE,14,1,down,0.0000,22.92,2024-06-21,0.012,CNY
002193.SHE,Shandong Jining Ruyi Woolen Textile Co Ltd,COMMON STOCK,SHE,12,2,up,0.0000,4.55,2022-07-15,0.011,CNY
002200.SHE,Yunnan Yuntou Ecology and Environment Technology Co Ltd,COMMON STOCK,SHE,1,1,new,0.0000,6.82,2009-05-15,0.16667,CNY
002201.SHE,Jiangsu Jiuding New Material Co Ltd,COMMON STOCK,SHE,14,4,up,0.2688,9.3,2026-06-18,0.015,CNY
002210.SHE,Shenzhen Feima International Supply Chain Co Ltd,COMMON STOCK,SHE,11,1,down,0.0000,2.08,2018-07-11,0.035,CNY
002219.SHE,Hengkang Medical Group Co Ltd,COMMON STOCK,SHE,5,2,up,0.0000,2.08,2014-02-28,0.02857,CNY
002230.SHE,Iflytek Co Ltd,COMMON STOCK,SHE,18,5,flat,0.2688,37.2,2026-07-13,0.1,CNY
002228.SHE,Xiamen Hexing Packaging Printing Co Ltd,COMMON STOCK,SHE,19,1,down,4.9536,3.23,2026-06-26,0.06,CNY
002262.SHE,Jiangsu Nhwa Pharmaceutical Co Ltd,COMMON STOCK,SHE,18,13,up,1.8605,21.5,2026-05-26,0.4,CNY
002263.SHE,Zhejiang Great Southeast Co Ltd,COMMON STOCK,SHE,4,1,down,0.0000,3.21,2016-06-20,0.03,CNY
002268.SHE,Westone Information Industry Inc,COMMON STOCK,SHE,17,1,down,0.1658,15.08,2026-06-30,0.025,CNY
002289.SHE,Success Electronics Ltd,COMMON STOCK,SHE,2,1,down,0.0000,33.58,2012-04-16,0.03333,CNY
002199.SHE,Zhejiang East Crystal Electronic Co Ltd,COMMON STOCK,SHE,5,3,up,0.0000,11.51,2012-04-26,0.1,CNY
002298.SHE,Anhui Xinlong Electrical Co Ltd,COMMON STOCK,SHE,11,1,down,0.0000,9.04,2021-07-20,0.01864,CNY
002303.SHE,Shenzhen MYS Environmental Protection & Technology Co Ltd,COMMON STOCK,SHE,18,1,down,2.1791,6.7,2026-06-24,0.08,CNY
002307.SHE,Xinjiang Beixin Road&Bridge Group Co Ltd,COMMON STOCK,SHE,4,1,down,0.0000,2.95,2024-08-08,0.01,CNY
002335.SHE,Xiamen Kehua Hengsheng,COMMON STOCK,SHE,17,2,up,1.6260,30.75,2026-05-29,0.5,CNY
002312.SHE,Sichuan Development Lomon Co Ltd,COMMON STOCK,SHE,10,1,down,1.1097,8.11,2026-06-12,0.09,CNY
002376.SHE,Shandong New Beiyang Information Technology Co Ltd,COMMON STOCK,SHE,17,4,flat,3.0349,6.59,2026-05-29,0.2,CNY
002315.SHE,Focus Technology Co Ltd,COMMON STOCK,SHE,19,2,up,4.8115,24.94,2026-09-09,0.5,CNY
002320.SHE,Hainan Strait Shipping Co Ltd,COMMON STOCK,SHE,17,2,flat,0.6380,6.27,2026-04-29,0.04,CNY
002322.SHE,Ningbo Ligong Online Monitoring Technology Co Ltd,COMMON STOCK,SHE,22,2,up,5.6350,11.89,2026-09-09,0.34,CNY
002329.SHE,Royal Group Co Ltd,COMMON STOCK,SHE,9,2,flat,0.0000,3.66,2020-08-18,0.01,CNY
002373.SHE,China TransInfo Technology Co Ltd,COMMON STOCK,SHE,11,2,up,0.7056,7.37,2026-05-19,0.032,CNY
002398.SHE,Lets Holding Group Co Ltd,COMMON STOCK,SHE,16,8,flat,1.8735,4.27,2026-06-10,0.08,CNY
002420.SHE,Guangzhou Echom Sci&Tech Co Ltd,COMMON STOCK,SHE,4,1,down,0.0000,6.1,2016-07-29,0.01,CNY
002418.SHE,Zhe Jiang Kangsheng Co Ltd,COMMON STOCK,SHE,6,2,flat,0.0000,4.36,2018-05-22,0.03,CNY
002425.SHE,Kaiser China Holding Co Ltd,COMMON STOCK,SHE,11,1,down,0.0000,3.12,2021-06-22,0.018,CNY
002455.SHE,Jiangsu Baichuan HighTech New Materials Co Ltd,COMMON STOCK,SHE,14,3,up,0.0000,6.8,2025-04-30,0.06,CNY
002454.SHE,Songz Automobile Air Conditioning Co Ltd,COMMON STOCK,SHE,16,4,up,6.0224,5.1,2026-05-22,0.2,CNY
002337.SHE,Tianjin Saixiang Technology Co Ltd,COMMON STOCK,SHE,10,2,up,0.5451,4.77,2026-06-09,0.026,CNY
002463.SHE,WUS Printed Circuit Kunshan Co Ltd,COMMON STOCK,SHE,14,5,flat,0.4199,119.07,2026-05-08,0.5,CNY
002489.SHE,Yotrio Group Co Ltd,COMMON STOCK,SHE,17,3,up,2.0690,2.9,2026-06-03,0.06,CNY
002507.SHE,Chongqing Fuling Zhacai Group Co Ltd,COMMON STOCK,SHE,17,3,up,3.7906,11.08,2026-05-28,0.22,CNY
002516.SHE,Kuangda Technology Group Co Ltd,COMMON STOCK,SHE,17,2,flat,1.4440,5.54,2026-05-15,0.08,CNY
002400.SHE,Guangdong Advertising Co Ltd,COMMON STOCK,SHE,15,1,down,0.2469,6.48,2026-06-18,0.005,CNY
002533.SHE,Goldcup Electric Apparatus Co Ltd,COMMON STOCK,SHE,17,2,up,4.1247,10.91,2026-05-21,0.45,CNY
002552.SHE,Baoding Heavy Industry Co Ltd,COMMON STOCK,SHE,8,3,up,0.4293,46.59,2025-11-04,0.2,CNY
002395.SHE,Wuxi Double Elephant Micro Fibre Material Co Ltd,COMMON STOCK,SHE,12,3,up,1.4620,13.68,2026-07-03,0.2,CNY
002445.SHE,Zhongnanhong Culture Group Co Ltd,COMMON STOCK,SHE,8,3,up,0.0000,3.1,2018-07-16,0.02353,CNY
002571.SHE,Anhui Deli Household Glass Co Ltd,COMMON STOCK,SHE,2,2,flat,0.0000,10.66,2013-03-11,0.03,CNY
002357.SHE,Sichuan Fulin Transportation Group Co Ltd,COMMON STOCK,SHE,15,1,down,0.4318,11.58,2026-01-08,0.05,CNY
002595.SHE,Shandong Himile Mechanical Science & Technology Co Ltd,COMMON STOCK,SHE,16,2,up,2.6062,38.37,2026-05-11,1,CNY
002576.SHE,Jiangsu Tongda Power Technology Co Ltd,COMMON STOCK,SHE,14,4,flat,0.5457,14.66,2026-06-10,0.08,CNY
002614.SHE,Xiamen Comfort Science&Technology Group Co Ltd,COMMON STOCK,SHE,15,2,flat,1.2300,8.13,2026-05-29,0.1,CNY
002605.SHE,Shanghai Yaoji Playing Card Co Ltd,COMMON STOCK,SHE,14,2,up,4.2605,16.43,2026-09-14,0.2,CNY
002548.SHE,Shenzhen Jinxinnong Feed Co Ltd,COMMON STOCK,SHE,11,2,up,0.0000,3.92,2021-06-25,0.03,CNY
002628.SHE,Chengdu Road & Bridge Engineering Co Ltd,COMMON STOCK,SHE,8,2,up,0.0000,4.86,2023-07-20,0.023,CNY
002635.SHE,Suzhou Anjie Technology Co Ltd,COMMON STOCK,SHE,14,1,down,1.0163,14.76,2026-05-12,0.15,CNY
002651.SHE,Chengdu Leejun Industrial Co Ltd,COMMON STOCK,SHE,16,5,flat,0.7624,7.87,2026-07-16,0.06,CNY
002588.SHE,Stanley Fertilizer Co Ltd,COMMON STOCK,SHE,16,1,down,3.6685,7.36,2026-06-11,0.27,CNY
002581.SHE,Shandong Sinobioway Biomedicine Co Ltd,COMMON STOCK,SHE,5,1,down,0.0000,4.75,2016-06-21,0.05,CNY
002662.SHE,Beijing WKW Automotive Parts Co Ltd,COMMON STOCK,SHE,12,1,down,1.6026,3.12,2026-06-15,0.05,CNY
002668.SHE,Guangdong Homa Appliances Co Ltd,COMMON STOCK,SHE,7,2,up,2.3505,8.67,2026-05-22,0.20379,CNY
002674.SHE,Xingye Leather Technology Co Ltd,COMMON STOCK,SHE,11,1,down,0.0000,19.32,2025-07-15,0.15,CNY
002643.SHE,Valiant Co Ltd,COMMON STOCK,SHE,15,2,up,0.9866,12.67,2026-06-11,0.125,CNY
002660.SHE,Moso Power Supply Technology Co Ltd,COMMON STOCK,SHE,7,4,flat,0.0000,8.06,2025-06-13,0.1,CNY
002690.SHE,Hefei Meiya Optoelectronic Technology Inc,COMMON STOCK,SHE,14,4,flat,4.5692,15.32,2026-05-14,0.7,CNY
002694.SHE,Goody Science & Technology Co Ltd,COMMON STOCK,SHE,5,1,down,0.0000,2.51,2018-08-17,0.004,CNY
002715.SHE,Huaiji Dengyun Auto-parts Holding Co Ltd,COMMON STOCK,SHE,4,1,down,0.0000,13.3,2025-06-12,0.032,CNY
002721.SHE,Beijing Kingee Culture Development Co Ltd,COMMON STOCK,SHE,5,1,down,0.0000,2.58,2018-07-13,0.035,CNY
002723.SHE,Kennede Electronics MFG Co Ltd,COMMON STOCK,SHE,6,2,up,0.0000,7.42,2024-07-12,0.019,CNY
002724.SHE,Ocean’s King Lighting Science & Technology Co Ltd,COMMON STOCK,SHE,12,3,up,1.3986,7.15,2026-06-04,0.1,CNY
002739.SHE,Wanda Cinema Line Corp,COMMON STOCK,SHE,4,3,flat,0.0000,8.29,2018-08-08,0.13333,CNY
002737.SHE,Sunflower Pharmaceuticals Group Co Ltd,COMMON STOCK,SHE,12,1,down,1.7889,11.18,2026-07-17,0.2,CNY
002765.SHE,Chongqing Landai Powertrain Corp Ltd,COMMON STOCK,SHE,7,6,flat,0.7331,6.82,2026-06-15,0.05,CNY
002768.SHE,Qingdao Gon Technology Co Ltd,COMMON STOCK,SHE,11,3,up,0.7040,71.02,2026-06-18,0.5,CNY
002780.SHE,Beijing Sanfo Outdoor Products Co Ltd,COMMON STOCK,SHE,5,2,up,0.4781,14.64,2026-09-22,0.02,CNY
002785.SHE,Xiamen Wanli Stone Stock Co Ltd,COMMON STOCK,SHE,4,2,up,0.0000,34.93,2021-07-21,0.007,CNY
002787.SHE,Suzhou Hycan Holdings Co Ltd,COMMON STOCK,SHE,7,2,up,0.0000,25.4,2025-05-21,0.1,CNY
002745.SHE,MLS Co Ltd,COMMON STOCK,SHE,13,1,down,0.0000,11.87,2025-07-16,0.05,CNY
002799.SHE,XiAn Global Printing Co Ltd,COMMON STOCK,SHE,6,2,up,0.0000,7.55,2024-08-16,0.036,CNY
002792.SHE,Tongyu Communication Inc,COMMON STOCK,SHE,11,2,flat,0.0826,30.27,2026-06-16,0.025,CNY
002795.SHE,Yorhe Fluid Intelligent Control Co Ltd,COMMON STOCK,SHE,3,3,up,0.0000,7.4,2019-04-02,0.2551,CNY
002809.SHE,Guangdong Redwall New Materials Co Ltd,COMMON STOCK,SHE,10,1,down,1.1696,8.55,2026-06-26,0.1,CNY
002815.SHE,Shenzhen Suntak Circuit Technology Co Ltd,COMMON STOCK,SHE,10,2,up,0.5319,24.44,2026-05-29,0.13,CNY
002817.SHE,Anhui Huangshan Capsule Co Ltd,COMMON STOCK,SHE,12,1,down,1.2573,6.84,2026-05-26,0.053,CNY
002877.SHE,Wuxi Smart Auto-control Engineering Co Ltd,COMMON STOCK,SHE,9,2,up,0.3320,7.53,2026-07-17,0.025,CNY
002916.SHE,Shennan Circuits Co Ltd Class A,COMMON STOCK,SHE,9,3,up,0.6390,375.6,2026-05-29,2.4,CNY
002811.SHE,Shenzhen Asiantime International Construction Co Ltd,COMMON STOCK,SHE,12,1,down,1.8270,16.42,2026-09-24,0.2,CNY
002821.SHE,Asymchem Laboratories Tian Jin Co Ltd,COMMON STOCK,SHE,10,2,up,0.7258,179.12,2026-06-26,1.3,CNY
002830.SHE,Shenzhen Mingdiao Decoration Co Ltd,COMMON STOCK,SHE,10,4,up,1.3316,15.02,2026-06-04,0.2,CNY
002832.SHE,BIEM.L .FDLKK Garment Co Ltd,COMMON STOCK,SHE,11,2,up,2.8481,25.28,2026-06-09,0.7,CNY
002852.SHE,Daodaoquan Grain and Oil Co Ltd,COMMON STOCK,SHE,12,1,down,1.9651,8.6,2026-09-03,0.049,CNY
002864.SHE,Shaanxi Panlong Pharmaceutical Group Limited By Share Ltd Class A,COMMON STOCK,SHE,12,6,up,1.6746,20.9,2026-09-16,0.1,CNY
002882.SHE,Jinlongyu Group Co Ltd Class A,COMMON STOCK,SHE,9,1,down,0.4080,24.51,2026-06-16,0.1,CNY
002906.SHE,Foryou Corp,COMMON STOCK,SHE,8,7,up,1.8720,26.71,2026-05-08,0.5,CNY
002836.SHE,Guangdong New Grand Long Packing Co Ltd,COMMON STOCK,SHE,10,1,down,1.6353,12.23,2026-05-27,0.2,CNY
002893.SHE,Beijing HuaYuanYiTong Thermal Technology Co Ltd,COMMON STOCK,SHE,7,1,down,0.8844,10.29,2026-06-18,0.091,CNY
002911.SHE,Foran Energy Group Co Ltd,COMMON STOCK,SHE,11,9,up,4.6721,11.13,2026-04-24,0.27,CNY
002912.SHE,Shenzhen Sinovatio Technology Co Ltd Class A,COMMON STOCK,SHE,7,2,up,1.3736,29.12,2026-05-28,0.4,CNY
002917.SHE,Shenzhen King Explorer Science and Technology Corp Class A,COMMON STOCK,SHE,9,5,up,1.4911,10.06,2026-07-03,0.15,CNY
002921.SHE,Shandong Liancheng Precision Manufacturing Co Ltd Class A,COMMON STOCK,SHE,7,1,down,0.0000,19.83,2024-06-07,0.1,CNY
003019.SHE,Tes Touch Embedded Solutions,COMMON STOCK,SHE,6,3,flat,1.8755,26.66,2026-06-01,0.5,CNY
002929.SHE,Runjian Communication Co Ltd Class A,COMMON STOCK,SHE,9,1,down,0.1266,47.39,2026-07-21,0.06,CNY
002956.SHE,Guilin Seamild Foods Co Ltd,COMMON STOCK,SHE,7,6,up,3.0854,17.45,2026-05-18,0.5384,CNY
002938.SHE,Avary Holding Shenzhen Co Ltd Class A,COMMON STOCK,SHE,8,3,flat,1.2508,79.95,2026-06-12,1,CNY
002942.SHE,Zhejiang XinNong Chemical Co Ltd Class A,COMMON STOCK,SHE,8,3,up,2.4198,16.53,2026-06-05,0.4,CNY
002981.SHE,Risuntek Inc,COMMON STOCK,SHE,6,1,down,0.7070,23.62,2026-05-25,0.167,CNY
002993.SHE,Dongguan Aohai Technology Co,COMMON STOCK,SHE,9,1,down,3.6541,32.84,2026-05-28,0.6,CNY
002996.SHE,Chongqing Shunbo Aluminum Co Ltd,COMMON STOCK,SHE,6,2,up,1.8581,5.92,2026-06-04,0.11,CNY
003010.SHE,Guangzhou Ruoyuchen Information Tec,COMMON STOCK,SHE,7,1,down,1.0780,27.83,2026-06-11,0.3,CNY
003012.SHE,Guangdong Dongpeng Holdings,COMMON STOCK,SHE,6,2,flat,5.3996,4.63,2026-06-01,0.25,CNY
003026.SHE,Zhejiang Mtcn Technology Co Ltd,COMMON STOCK,SHE,5,2,up,0.6002,33.32,2026-06-05,0.2,CNY
003015.SHE,Jiangsu Rijiu Optoelectronics Joint,COMMON STOCK,SHE,6,3,flat,1.6287,12.28,2026-05-21,0.2,CNY
159003.SHE,CMF Express,ETF,SHE,31,1,down,1.0370,100.001,2026-08-31,0.07968,CNY
159207.SHE,GF HIGH DIVIDEND ETF,ETF,SHE,1,1,new,4.8533,1.125,2025-12-10,0.0546,CNY
159221.SHE,HARVEST CASH FLOW,ETF,SHE,4,2,up,3.8462,1.144,2026-07-15,0.0074,CNY
159005.SHE,CUAM MONEY-EXPRESS A,ETF,SHE,31,1,down,1.0981,100,2026-08-31,0.0904,CNY
159589.SHE,GF CSI DIVIDEND ETF,ETF,SHE,27,1,down,2.4488,1.074,2026-09-14,0.0023,CNY
159547.SHE,DIV LOW VOL ETF,ETF,SHE,3,2,up,2.0117,1.193,2026-09-14,0.012,CNY
159357.SHE,CSI A500 ETF BOSERA,ETF,SHE,6,1,new,0.3372,1.216,2025-11-14,0.002,CNY
159581.SHE,CSI DIVIDEND ETF,ETF,SHE,29,1,down,3.9461,1.039,2026-09-15,0.004,CNY
159623.SHE,BS CCEC ETF,ETF,SHE,1,1,new,3.2973,0.925,2025-12-22,0.0305,CNY
159901.SHE,SHENZHEN 100 ETF,ETF,SHE,1,1,new,2.5758,3.3,2025-11-17,0.085,CNY
159902.SHE,CHINA SME 100 ETF,ETF,SHE,1,1,new,0.0000,4.275,2014-03-13,0.02,CNY
159922.SHE,CSI500ETF,ETF,SHE,2,1,down,1.2381,3.037,2025-12-08,0.0376,CNY
159925.SHE,CS300ETF,ETF,SHE,2,2,up,2.7840,4.49,2025-10-27,0.125,CNY
160119.SHE,SOUTHERN CIS 500,ETF,SHE,1,1,new,0.0000,2.135,2014-10-22,0.03,CNY
160128.SHE,CS JIN LI,ETF,SHE,48,1,down,1.9981,1.026,2026-07-13,0.0089,CNY
159960.SHE,HSCEI ETF,ETF,SHE,2,1,down,0.0000,0.823,2024-06-24,0.0715,CNY
160617.SHE,Penghua Fengrun Fund,ETF,SHE,3,1,new,1.3538,1.108,2026-08-25,0.0011,CNY
160726.SHE,Harvest Ruixiang,ETF,SHE,1,1,new,0.0000,1.1,2020-07-24,0.64,CNY
160527.SHE,RESEARCH SELECTED,ETF,SHE,2,1,new,0.0000,0.773,2021-07-16,0.0306,CNY
160515.SHE,Anfeng 18-month,ETF,SHE,35,1,down,1.8357,1.035,2026-07-20,0.019,CNY
159920.SHE,CHINAAMC HSI ETF,ETF,SHE,1,1,new,0.0000,1.444,2018-06-22,0.076,CNY
161005.SHE,FULLGOAL TIANHUI,ETF,SHE,1,1,new,0.0000,2.912,2021-03-26,0.15,CNY
160806.SHE,Changsheng Tongqing,ETF,SHE,1,1,new,0.0000,1.976,2020-12-28,0.1345,CNY
161014.SHE,Fullgoal Huili bond,ETF,SHE,5,1,down,0.0000,1.462,2022-02-24,0.06,CNY
161117.SHE,EFund Everbright,ETF,SHE,51,1,down,2.8119,1.042,2026-07-10,0.0063,CNY
161115.SHE,EFund EnhancedIncome,ETF,SHE,1,1,new,0.0000,1.751,2021-11-10,0.327,CNY
165516.SHE,CP CYCLICAL ROTATION,ETF,SHE,1,1,new,0.0000,7.477,2020-12-24,0.625,CNY
180306.SHE,PLDCREIT,ETF,SHE,2,1,new,3.6242,4.58,2026-08-25,0.06697,CNY
200020.SHE,Shenzhen Zhongheng Huafa Co Ltd Class B,COMMON STOCK,SHE,5,2,up,0.0000,2.59,1997-10-14,0.11114,CNY
200596.SHE,Anhui Gujing Distillery Co Ltd,COMMON STOCK,SHE,27,1,down,9.2390,54.44,2026-07-17,3.91164,CNY
300003.SHE,Lepu Medical Tech Beijing,COMMON STOCK,SHE,19,1,down,1.4289,11.39,2026-06-26,0.16275,CNY
300015.SHE,Aier Eye Hospital Group,COMMON STOCK,SHE,18,7,up,2.2930,7.85,2026-07-17,0.1,CNY
300030.SHE,Guangzhou Improve Med Instrument,COMMON STOCK,SHE,9,4,up,0.0000,6.9,2022-07-06,0.04,CNY
300037.SHE,Shenzhen Capchem Tech,COMMON STOCK,SHE,16,2,up,0.7584,65.93,2026-04-28,0.5,CNY
300068.SHE,Zhejiang Narada Power Source,COMMON STOCK,SHE,9,2,up,0.0000,4.05,2024-07-15,0.065,CNY
300078.SHE,Hangzhou Century Co Ltd,COMMON STOCK,SHE,11,1,down,0.0000,2.73,2021-07-14,0.013,CNY
300157.SHE,LandOcean Energy Services Co,COMMON STOCK,SHE,4,2,up,0.0000,3.6,2016-09-29,0.1,CNY
300165.SHE,Jiangsu Skyray Instrument Co,COMMON STOCK,SHE,11,1,down,0.0000,5.01,2021-06-24,0.009,CNY
300183.SHE,Qingdao Eastsoft Communic Tech,COMMON STOCK,SHE,15,1,down,0.0457,10.95,2026-05-29,0.005,CNY
300161.SHE,Wuhan Huazhong Numerical Control Co Ltd,COMMON STOCK,SHE,14,2,up,0.0766,26.1,2026-07-10,0.02,CNY
300177.SHE,Hi target Navigation Tech Co,COMMON STOCK,SHE,10,1,down,0.0000,6.08,2022-06-17,0.015,CNY
300180.SHE,Huafon Microfibre Shanghai Co,COMMON STOCK,SHE,11,2,flat,0.1155,4.33,2026-06-09,0.005,CNY
300187.SHE,Yonker Environmental Protect,COMMON STOCK,SHE,14,1,down,2.3725,4.51,2026-06-17,0.03,CNY
300034.SHE,Beijing Cisri Gaona Materials Tech,COMMON STOCK,SHE,17,1,down,0.2356,15.28,2026-06-05,0.036,CNY
300192.SHE,Suzhou Kingswood Printing Ink Co Ltd,COMMON STOCK,SHE,12,1,down,0.2975,24.01,2025-11-21,0.07143,CNY
300193.SHE,Shenzhen Jasic Tech Co,COMMON STOCK,SHE,16,2,up,3.8119,7.87,2026-07-06,0.3,CNY
300171.SHE,Shanghai Tofflon Science Tech,COMMON STOCK,SHE,18,2,up,0.9182,15.9,2026-09-10,0.066,CNY
300201.SHE,Xuzhou Handler Special Vehicle Co Ltd,COMMON STOCK,SHE,11,2,up,0.2331,12.91,2026-06-26,0.03009,CNY
300206.SHE,Edan Instruments Inc,COMMON STOCK,SHE,16,5,up,2.6810,11.6,2026-04-30,0.311,CNY
300209.SHE,TIZA Information Industry Corporation Inc,COMMON STOCK,SHE,8,1,down,0.0000,33.7,2019-07-15,0.01354,CNY
300224.SHE,Yantai Zhenghai Magnetic Mat,COMMON STOCK,SHE,13,7,flat,1.7021,11.75,2026-05-12,0.2,CNY
300236.SHE,Shanghai Sinyang Semiconductor,COMMON STOCK,SHE,14,5,up,0.5526,86.49,2026-05-26,0.47796,CNY
300214.SHE,Shandong Rike Chemical,COMMON STOCK,SHE,12,1,down,0.0000,9.61,2024-07-17,0.04,CNY
300240.SHE,Jiangsu Feiliks Intl Logistics,COMMON STOCK,SHE,11,2,up,0.3241,6.17,2026-06-16,0.02,CNY
300238.SHE,Guanhao Biotech Co Ltd,COMMON STOCK,SHE,6,1,down,0.0000,11.87,2018-06-20,0.05,CNY
300267.SHE,Hunan Er Kang Pharmaceutical,COMMON STOCK,SHE,11,1,down,0.0000,3.23,2023-06-09,0.03,CNY
300198.SHE,Fujian Superpipe,COMMON STOCK,SHE,7,3,flat,0.0000,2.41,2018-07-13,0.01,CNY
300365.SHE,Beijing Forever Technology Co Ltd,COMMON STOCK,SHE,9,1,down,0.0000,4.56,2024-05-31,0.015,CNY
300288.SHE,Longmaster Information Tech,COMMON STOCK,SHE,11,1,down,0.1026,9.75,2026-07-14,0.01,CNY
300247.SHE,Youngy Health Co Ltd,COMMON STOCK,SHE,6,4,flat,0.0000,3.69,2018-06-14,0.03,CNY
300298.SHE,Sinocare Inc,COMMON STOCK,SHE,14,5,up,0.0000,16.1,2025-06-13,0.22,CNY
300315.SHE,Ourpalm,COMMON STOCK,SHE,7,1,down,0.0000,3.95,2018-07-12,0.01,CNY
300323.SHE,HC Semitek Corp,COMMON STOCK,SHE,4,1,down,0.0000,10.87,2019-07-19,0.045,CNY
300304.SHE,Jiangsu Yunyi Electric,COMMON STOCK,SHE,19,1,down,0.6645,12.04,2026-09-24,0.03,CNY
300327.SHE,Sino Wealth Electronic Ltd,COMMON STOCK,SHE,15,1,down,0.3953,25.3,2026-07-10,0.1,CNY
300366.SHE,Sichuan Troy Information Technology Co Ltd,COMMON STOCK,SHE,4,3,up,0.0000,5.58,2018-06-06,0.06,CNY
300378.SHE,Digiwin Software Co Ltd,COMMON STOCK,SHE,13,2,up,0.3265,38.29,2026-06-04,0.125,CNY
300380.SHE,Shanghai Amarsoft Information & Technolgy Co Ltd,COMMON STOCK,SHE,10,3,up,0.3604,27.75,2026-06-03,0.1,CNY
300387.SHE,Hubei Forbon Technology Co Ltd,COMMON STOCK,SHE,12,1,down,0.8054,7.45,2026-06-01,0.06,CNY
300396.SHE,Dirui Industrial Co Ltd,COMMON STOCK,SHE,11,1,down,0.0000,7.02,2025-05-20,0.26,CNY
300404.SHE,Guangzhou Boji Medical and Biotechnological Co Ltd,COMMON STOCK,SHE,8,4,up,0.0897,14.5,2026-06-17,0.013,CNY
300424.SHE,Guangzhou Hangxin Aviation Technology Co Ltd,COMMON STOCK,SHE,9,2,flat,0.0000,13.09,2024-06-17,0.01,CNY
300434.SHE,Sichuan Goldstone Orient New Material Equipment Co Ltd,COMMON STOCK,SHE,8,2,up,0.6618,12.39,2026-06-17,0.082,CNY
300319.SHE,Shenzhen Microgate Technology Co Ltd,COMMON STOCK,SHE,11,1,down,0.5676,18.85,2026-06-09,0.107,CNY
300415.SHE,Guangdong Yizumi Precision Machinery Co Ltd,COMMON STOCK,SHE,12,4,up,3.1596,18.99,2026-06-05,0.6,CNY
300435.SHE,Hangzhou Zhongtai Cryogenic Technology Corp,COMMON STOCK,SHE,12,8,up,1.6213,15.42,2026-05-21,0.25,CNY
300360.SHE,Hangzhou Sunrise Technology Co Ltd,COMMON STOCK,SHE,15,1,down,5.5046,10.9,2026-06-03,0.3,CNY
300436.SHE,Fujian Cosunter Pharmaceutical Co Ltd,COMMON STOCK,SHE,3,1,down,0.0000,82.78,2018-05-04,0.1,CNY
300454.SHE,Sangfor Technologies Inc Class A,COMMON STOCK,SHE,7,3,up,0.0782,140.7,2026-06-17,0.11,CNY
300462.SHE,Shanghai Huaming Intelligent Terminal Equipment Co Ltd,COMMON STOCK,SHE,6,1,down,0.0000,11.33,2023-07-07,0.065,CNY
300472.SHE,Beijing New Universal Science and Technology Co Ltd,COMMON STOCK,SHE,5,1,down,0.0000,6.65,2020-07-20,0.05902,CNY
300477.SHE,Beijing Hezong Science&Technology Co Ltd,COMMON STOCK,SHE,5,2,up,0.0000,2.65,2020-07-10,0.016,CNY
300418.SHE,Beijing Kunlun Tech Co Ltd,COMMON STOCK,SHE,8,1,down,0.0000,40.95,2024-06-28,0.04933,CNY
300493.SHE,Shanghai Fortune Techgroup Co Ltd,COMMON STOCK,SHE,13,1,down,0.1552,12.89,2026-06-11,0.02,CNY
300481.SHE,Puyang Huicheng Electronic Material Co Ltd,COMMON STOCK,SHE,14,2,flat,2.9586,13.52,2026-09-10,0.2,CNY
300534.SHE,Gansu Longshenrongfa Pharmaceutical Industry Co Ltd,COMMON STOCK,SHE,9,1,down,0.1584,12.63,2026-05-22,0.02,CNY
300466.SHE,Saimo Electric Co Ltd,COMMON STOCK,SHE,3,1,down,0.0000,7.23,2018-06-19,0.01,CNY
300490.SHE,Hnac Technology Co Ltd,COMMON STOCK,SHE,7,2,up,0.0000,10.65,2022-06-21,0.03,CNY
300500.SHE,Tus-Design Group Co Ltd Class A,COMMON STOCK,SHE,10,2,up,0.0000,10.01,2025-05-23,0.15,CNY
300504.SHE,Sichuan Tianyi Comheart Telecom Co Ltd Class A,COMMON STOCK,SHE,7,7,flat,0.0000,17.44,2024-05-31,0.2,CNY
300511.SHE,Shanghai Xuerong Bio-Technology Co Ltd,COMMON STOCK,SHE,6,2,up,0.0000,4.75,2021-05-14,0.12,CNY
300520.SHE,GuoChuang Software Co Ltd,COMMON STOCK,SHE,6,1,down,0.0000,22.94,2022-06-08,0.09921,CNY
300529.SHE,Jafron Biomedical Co Ltd,COMMON STOCK,SHE,10,1,down,3.4829,14.93,2026-06-01,0.52,CNY
300541.SHE,Beijing Advanced Digital Technology Co Ltd,COMMON STOCK,SHE,10,2,up,0.7514,9.36,2026-07-03,0.07033,CNY
300554.SHE,NanJing Sanchao Advanced Materials Co Ltd,COMMON STOCK,SHE,5,3,up,0.0000,22.96,2024-04-25,0.08,CNY
300556.SHE,Silkroad Visual Technology Co Ltd,COMMON STOCK,SHE,8,1,down,0.0000,16.17,2024-05-24,0.035,CNY
300571.SHE,Hangzhou Anysoft Information Technology Co Ltd,COMMON STOCK,SHE,6,2,up,0.0000,27.8,2022-07-13,0.11,CNY
300531.SHE,Shenzhen Urovo Technology Co Ltd,COMMON STOCK,SHE,9,4,up,0.5267,15.19,2026-07-17,0.08,CNY
300575.SHE,Jiangsu Flag Chemical Industry Co Ltd,COMMON STOCK,SHE,9,1,down,0.0000,6.1,2025-05-16,0.05,CNY
300579.SHE,BeiJing Certificate Authority Co Ltd,COMMON STOCK,SHE,8,1,down,0.0000,23.85,2025-06-19,0.03,CNY
300585.SHE,Nanjing Aolian Ae&Ea Co Ltd,COMMON STOCK,SHE,4,1,down,0.0000,14.03,2024-06-26,0.01,CNY
300595.SHE,Autek China Inc,COMMON STOCK,SHE,11,1,down,1.8819,9.99,2026-05-20,0.132,CNY
300610.SHE,Yangzhou Chenhua New Material Co Ltd,COMMON STOCK,SHE,10,1,down,1.4437,10.39,2026-07-06,0.15,CNY
300598.SHE,ArcherMind Technology Nanjing Co Ltd,COMMON STOCK,SHE,7,2,up,0.0000,30.53,2024-05-29,0.12,CNY
300602.SHE,Shenzhen FRD Science & Technology Co Ltd,COMMON STOCK,SHE,9,4,up,0.1677,35.77,2026-05-27,0.06,CNY
300618.SHE,Nanjing Hanrui Cobalt Co Ltd,COMMON STOCK,SHE,9,3,up,0.5590,30.41,2026-06-04,0.17,CNY
300623.SHE,Jiangsu Jiejie Microelectronics Co Ltd,COMMON STOCK,SHE,10,3,flat,0.4566,32.85,2026-06-26,0.15,CNY
300638.SHE,Fibocom Wireless Inc,COMMON STOCK,SHE,9,1,down,1.1806,19.82,2026-06-09,0.234,CNY
300636.SHE,Jiangxi Synergy Pharmaceutical Co Ltd,COMMON STOCK,SHE,9,3,flat,0.5642,7.09,2026-06-03,0.04,CNY
300557.SHE,Wuhan Ligong Guangke Co Ltd,COMMON STOCK,SHE,8,6,up,0.8285,24.14,2026-06-05,0.2,CNY
300645.SHE,Zhejiang Zhengyuan Zhihui Technology Co Ltd,COMMON STOCK,SHE,9,2,flat,0.1419,14.09,2026-06-02,0.02,CNY
300649.SHE,Hangzhou Landscape Architecture Design Institute Co Ltd,COMMON STOCK,SHE,10,2,flat,0.1866,26.8,2026-06-17,0.05,CNY
300676.SHE,BGI Genomics Co Ltd,COMMON STOCK,SHE,8,1,down,0.0000,44.16,2024-07-04,0.1,CNY
300629.SHE,King-Strong New Material Technology Co Ltd,COMMON STOCK,SHE,9,7,up,0.7551,18.54,2026-09-29,0.04,CNY
300681.SHE,Zhuhai Enpower Electric Co Ltd,COMMON STOCK,SHE,8,2,up,0.2826,21.94,2026-06-10,0.062,CNY
300701.SHE,Nanyang Senba Optical and Electronic Co Ltd,COMMON STOCK,SHE,9,3,up,1.6882,10.07,2026-05-27,0.17,CNY
300698.SHE,Wanma Technology Co Ltd,COMMON STOCK,SHE,2,2,up,0.0000,27.13,2024-08-21,0.23,CNY
300707.SHE,VT Industrial Technology Co Ltd,COMMON STOCK,SHE,11,3,flat,0.7371,12.21,2026-06-04,0.06,CNY
300717.SHE,Jiangsu Huaxin New Material Co Ltd Class A,COMMON STOCK,SHE,10,5,flat,1.0137,19.73,2026-05-22,0.1,CNY
300679.SHE,Electric Connector Technology Co Ltd,COMMON STOCK,SHE,9,1,down,0.5827,40.91,2026-06-01,0.23838,CNY
300745.SHE,Shinry Technologies Co Ltd Class A,COMMON STOCK,SHE,3,1,down,0.0000,26.9,2020-06-18,0.025,CNY
300727.SHE,Ningbo Runhe High-Tech Materials Co Ltd Class A,COMMON STOCK,SHE,9,6,up,0.8947,33.53,2026-06-01,0.3,CNY
300752.SHE,Shenzhen Longli Technology Co Ltd Class A,COMMON STOCK,SHE,4,2,up,0.7598,13.04,2026-06-01,0.09908,CNY
300758.SHE,Anshan Hifichem Co Ltd,COMMON STOCK,SHE,6,2,up,0.6763,11.09,2026-05-26,0.075,CNY
300749.SHE,GuangDong Topstrong Living Innovation & Integration Co Ltd Class A,COMMON STOCK,SHE,5,1,down,0.0000,22.06,2024-06-12,0.03,CNY
300778.SHE,Shenzhen New Land Co Ltd,COMMON STOCK,SHE,4,2,up,0.0000,11.15,2023-07-18,0.25,CNY
300751.SHE,Suzhou Maxwell Technologies Co Ltd Class A,COMMON STOCK,SHE,11,1,down,0.5493,182.04,2026-09-21,0.5,CNY
300797.SHE,Ncs Testing Technology Co Ltd,COMMON STOCK,SHE,7,3,up,0.9855,13.09,2026-07-17,0.129,CNY
300801.SHE,Taihe Technologies,COMMON STOCK,SHE,9,2,flat,0.4695,21.3,2026-05-20,0.1,CNY
300732.SHE,Henan Provincial Communications Planning & Design Institute Co Ltd Class A,COMMON STOCK,SHE,7,1,down,0.0000,5.9,2024-05-10,0.2,CNY
300826.SHE,Nanjing Res In of Surveying Mapping,COMMON STOCK,SHE,6,2,up,0.2000,15,2026-06-10,0.03,CNY
300831.SHE,Xian Peri Power Semiconductor Cond,COMMON STOCK,SHE,10,3,up,0.4093,13.39,2026-09-24,0.00535,CNY
300783.SHE,Three Squirrels,COMMON STOCK,SHE,8,1,down,0.7165,16.33,2026-06-04,0.117,CNY
300835.SHE,Sinomag Technology Co Ltd,COMMON STOCK,SHE,7,6,flat,0.1030,194.21,2026-05-13,0.2,CNY
300736.SHE,BYBON Group Co Ltd Class A,COMMON STOCK,SHE,2,1,down,0.0000,34.38,2019-07-03,0.1875,CNY
300669.SHE,Hangzhou Huning Elevator Parts Co Ltd,COMMON STOCK,SHE,9,1,down,0.3260,24.54,2026-05-28,0.08,CNY
300853.SHE,Hangzhou Shenhao Technology Co Ltd,COMMON STOCK,SHE,5,2,flat,0.0000,29.75,2024-05-23,0.2,CNY
300858.SHE,Beijing Scitop Bio Tech Co Ltd,COMMON STOCK,SHE,6,1,down,0.6803,14.7,2026-07-10,0.1,CNY
300866.SHE,Anker Innovations Technology Co Ltd,COMMON STOCK,SHE,8,1,down,1.3640,124.63,2026-05-26,1.7,CNY
300872.SHE,Tansun Technology Co Ltd,COMMON STOCK,SHE,4,2,flat,0.0000,15.13,2025-05-27,0.05,CNY
300879.SHE,Ningbo Daye Garden Machinery Co Ltd,COMMON STOCK,SHE,3,1,down,0.0000,17.32,2025-05-30,0.021,CNY
300877.SHE,Anhui Jinchun Nonwoven Co Ltd,COMMON STOCK,SHE,6,3,up,1.2561,26.67,2026-09-24,0.08,CNY
300982.SHE,Suwen Electric Energy Technology Co.Ltd,COMMON STOCK,SHE,7,3,up,0.0000,14.38,2025-09-10,0.1,CNY
300906.SHE,Jiangxi Everbright Measurement Cont,COMMON STOCK,SHE,6,1,down,0.5250,28.57,2026-06-05,0.15,CNY
300912.SHE,Kailong High Technology Co. Ltd.,COMMON STOCK,SHE,1,1,new,0.0000,19.52,2021-06-07,0.178,CNY
300739.SHE,Sunshine Global Circuits Co Ltd Class A,COMMON STOCK,SHE,9,1,down,0.2350,29.79,2026-06-08,0.07,CNY
301013.SHE,Shenzhen Lihexing Co. Ltd.,COMMON STOCK,SHE,2,1,down,0.0000,34,2025-06-13,0.05,CNY
300947.SHE,Shanghai DOBE Cultural & Creative Industry Development (Group) Co. LTD.,COMMON STOCK,SHE,1,1,new,0.0000,15.95,2021-05-21,0.35088,CNY
301016.SHE,Nanjing Railway New Technology Co.Ltd.,COMMON STOCK,SHE,5,1,down,0.9823,15.27,2026-04-30,0.15,CNY
301000.SHE,Shanghai Hajime Advanced Material Technology Co. Ltd.,COMMON STOCK,SHE,7,2,up,0.9354,23.52,2026-06-10,0.22,CNY
301025.SHE,Dook Media Group Limited,COMMON STOCK,SHE,4,1,down,0.1485,10.1,2026-06-15,0.015,CNY
301007.SHE,Dalian Demaishi Precision Technology Co.Ltd,COMMON STOCK,SHE,6,1,down,0.2208,31.7,2026-06-08,0.07,CNY
301047.SHE,Sino BiologicalInc.,COMMON STOCK,SHE,7,1,down,1.5357,143.26,2026-09-21,1,CNY
301032.SHE,Zhejiang Xinchai Co. Ltd.,COMMON STOCK,SHE,5,4,up,1.2452,10.44,2026-06-01,0.13,CNY
301028.SHE,Xiamen East Asia Machinery Industrial Co. Ltd.,COMMON STOCK,SHE,8,1,down,1.5198,13.16,2026-06-05,0.1,CNY
301065.SHE,Zhejiang Benli Technology Co. Ltd.,COMMON STOCK,SHE,5,3,up,1.4970,20.04,2026-06-16,0.3,CNY
301029.SHE,Dongguan Yiheda Automation Co. Ltd.,COMMON STOCK,SHE,7,5,up,3.0763,24.25,2026-09-02,0.25,CNY
301095.SHE,Semitronix Corp. A,COMMON STOCK,SHE,4,1,down,0.2840,70.42,2026-06-08,0.2,CNY
301076.SHE,Sino-High (China) Co. Ltd.,COMMON STOCK,SHE,6,1,down,0.4852,20.61,2026-05-18,0.1,CNY
301103.SHE,Liaoning He Eye Hospital Group Co. LTD.,COMMON STOCK,SHE,5,2,flat,0.8813,17.02,2026-05-29,0.15,CNY
301131.SHE,Super-Dragon Engineering Plastics Co. Ltd,COMMON STOCK,SHE,6,1,down,0.5286,34.05,2026-06-10,0.18,CNY
301069.SHE,Shandong Kaisheng New Materials Co.Ltd.,COMMON STOCK,SHE,8,2,flat,0.9696,15.47,2026-08-26,0.05,CNY
301152.SHE,Xinxiang Tianli Energy Co. Ltd. A,COMMON STOCK,SHE,1,1,new,0.0000,22.49,2023-05-23,0.3,CNY
301115.SHE,Changzhou Architectural Research Institute Group Co. Ltd. A,COMMON STOCK,SHE,5,1,down,0.3485,34.43,2026-06-08,0.12,CNY
301150.SHE,Hubei Zhongyi Science Technology Co. Ltd.,COMMON STOCK,SHE,4,2,up,0.6361,44.02,2026-06-15,0.28,CNY
301160.SHE,Suzhou Xianglou New Material Co. Ltd.,COMMON STOCK,SHE,5,2,up,1.6929,41.35,2026-06-05,0.7,CNY
301161.SHE,Voneseals Technology (Shanghai) Inc. A,COMMON STOCK,SHE,4,3,up,0.5721,29.19,2026-06-10,0.167,CNY
301162.SHE,State Power Rixin Technology Co. Ltd.,COMMON STOCK,SHE,7,3,up,1.6328,37.36,2026-09-07,0.16,CNY
301179.SHE,Jiangsu Zeyu Intelligent Power Co.Ltd.,COMMON STOCK,SHE,6,1,down,0.9754,19.48,2026-06-09,0.19,CNY
301163.SHE,Jiangsu Hongde Special Parts Co.Ltd.,COMMON STOCK,SHE,4,2,flat,0.5288,23.64,2026-05-26,0.125,CNY
301156.SHE,Shanghai Menon Animal Nutrition Technology Co. Ltd.,COMMON STOCK,SHE,5,2,up,2.3329,11.87,2026-05-29,0.2,CNY
301215.SHE,CATARC Automotive Proving Ground Co.Ltd.,COMMON STOCK,SHE,7,1,down,1.8750,5.28,2026-06-01,0.061,CNY
301176.SHE,Ganzhou Yihao New Materials Co. Ltd. A,COMMON STOCK,SHE,1,1,new,0.0000,55.26,2023-07-10,0.11,CNY
301170.SHE,Wuxi Xinan Technology Co. Ltd. A,COMMON STOCK,SHE,3,1,down,1.0785,23.18,2026-06-12,0.25,CNY
301188.SHE,Shandong Linuo Technical Glass Co.Ltd.,COMMON STOCK,SHE,5,3,flat,0.2994,33.4,2026-06-09,0.1,CNY
301165.SHE,Ruijie Networks Co. Ltd. A,COMMON STOCK,SHE,4,3,up,0.5103,102.89,2026-05-25,0.525,CNY
301169.SHE,Beijing Dataway Horizon Co. Ltd,COMMON STOCK,SHE,1,1,new,0.0000,51.07,2022-07-08,0.3,CNY
301180.SHE,Suzhou Wanxiang Technology Co. Ltd.,COMMON STOCK,SHE,3,1,down,0.0000,11.92,2024-07-02,0.025,CNY
301267.SHE,Huaxia Eye Hospital Group Co. Ltd. A,COMMON STOCK,SHE,5,1,down,1.7345,14.99,2026-07-03,0.17,CNY
301213.SHE,Sichuan Discovery Dream Science & Technology Co.Ltd,COMMON STOCK,SHE,4,3,up,0.2373,42.14,2026-06-05,0.1,CNY
301290.SHE,Jiangsu Canopus Wisdom Medical Technology Co. Ltd. A,COMMON STOCK,SHE,4,1,down,1.0457,28.69,2026-06-10,0.3,CNY
301268.SHE,Shenzhen Minglida Precision Technology Co. Ltd.,COMMON STOCK,SHE,4,3,flat,0.0000,11.74,2024-06-11,0.25,CNY
301270.SHE,Beijing Hanyi Innovation Technology Co. Ltd. A,COMMON STOCK,SHE,4,2,flat,0.3150,32.38,2026-05-29,0.102,CNY
301288.SHE,Qingyan Environmental Technology Co. Ltd.,COMMON STOCK,SHE,2,1,down,0.0000,17.4,2024-05-16,0.1,CNY
301300.SHE,Fujian Yuanxiang New Materials Co. Ltd. A,COMMON STOCK,SHE,10,1,down,3.0553,32.73,2026-09-10,0.3,CNY
301316.SHE,Hydsoft Technology Co. Ltd. A,COMMON STOCK,SHE,4,4,up,0.2489,40.17,2026-06-02,0.1,CNY
301310.SHE,Wuxi Xinhongye Wire & Cable Co. Ltd. A,COMMON STOCK,SHE,7,1,down,0.6832,58.55,2026-09-17,0.15,CNY
301317.SHE,Xinlei Compressor Co. Ltd. A,COMMON STOCK,SHE,5,1,down,0.6737,44.53,2026-06-30,0.3,CNY
301321.SHE,Highbroad Advanced Material (Hefei) Co. Ltd. A,COMMON STOCK,SHE,1,1,new,0.0000,46.44,2022-09-26,0.15333,CNY
301337.SHE,Yarward Electronics Shandong Co. Ltd. A,COMMON STOCK,SHE,3,2,up,0.0000,27.78,2024-12-30,0.1,CNY
301312.SHE,Shenzhen iN-Cube Automation Co. Ltd.,COMMON STOCK,SHE,4,2,up,0.3686,81.4,2026-06-03,0.3,CNY
301356.SHE,Zhejiang Tianzhen Technology Co. Ltd. A,COMMON STOCK,SHE,2,1,down,0.9358,19.77,2026-06-29,0.185,CNY
301397.SHE,Chongqing Sulian Plastic Co. Ltd. A,COMMON STOCK,SHE,3,2,up,2.2604,22.12,2026-07-17,0.5,CNY
301399.SHE,Zhejiang Extek Technology Co. Ltd. A,COMMON STOCK,SHE,4,1,down,0.5311,20.71,2026-05-21,0.11,CNY
301428.SHE,Shijihengtong Technology Co. Ltd. A,COMMON STOCK,SHE,3,1,down,0.0000,26.97,2025-06-06,0.1,CNY
301448.SHE,Keystone Electrical (Zhejiang) Co. Ltd. A,COMMON STOCK,SHE,4,1,down,0.0000,53.1,2025-05-29,0.21,CNY
301488.SHE,Longhorn Auto Co. Ltd. A,COMMON STOCK,SHE,4,1,down,0.4376,91.4,2026-05-07,0.4,CNY
301538.SHE,Jdd Tech New Mat Co Ltd,COMMON STOCK,SHE,5,2,up,1.2429,40.23,2026-09-29,0.2,CNY
301507.SHE,Hangzhou Minsheng Healthcare Co Ltd,COMMON STOCK,SHE,3,3,up,1.1261,13.32,2026-06-09,0.15,CNY
0000J0.KO,Hanwha Plus Hanwha Group ETF,ETF,KO,2,1,down,0.1805,27695,2026-04-29,50,KRW
0013P0.KO,KB Rise US Bank Top10 ETF,ETF,KO,17,1,down,1.9125,11660,2026-08-28,23,KRW
0004G0.KO,Hana 1Q U.S. Dividend TOP30 ETF,ETF,KO,17,1,down,3.2791,8600,2026-08-28,26,KRW
0019K0.KO,Timefolio Asset Management. Ltd. - Us Nasdaq100 Balanced 50 Active Etf,ETF,KO,1,1,new,0.1572,13355,2025-12-29,21,KRW
001460.KO,BYC Co. Ltd,COMMON STOCK,KO,31,10,up,1.1189,35750,2025-12-29,400,KRW
002100.KO,Kyung Nong Corporation,COMMON STOCK,KO,27,1,down,5.5494,9010,2026-06-29,250,KRW
000670.KO,YoungPoong,COMMON STOCK,KO,31,2,up,0.2375,42100,2025-12-29,100,KRW
001820.KO,Sam Hwa Capaci,COMMON STOCK,KO,28,7,flat,0.3175,157500,2025-12-29,500,KRW
000220.KO,Yuyu Pharma,COMMON STOCK,KO,30,2,up,3.1081,3700,2025-12-29,115,KRW
001420.KO,Tae Won Mulsan,COMMON STOCK,KO,30,4,flat,6.7114,2980,2025-12-29,200,KRW
0022T0.KO,SOL International Gold Covered Call Active,ETF,KO,17,2,up,4.4252,12135,2026-08-28,46,KRW
001200.KO,Eugene Inv&Sec,COMMON STOCK,KO,15,4,up,4.4010,4090,2026-03-30,180,KRW
001120.KO,LX International Corp,COMMON STOCK,KO,29,3,flat,4.9505,40400,2026-02-26,2000,KRW
002200.KO,Export Packing,COMMON STOCK,KO,29,13,flat,2.8674,2790,2025-12-29,80,KRW
0030R0.KO,"Dashin Value REIT Co.,Ltd.",COMMON STOCK,KO,4,2,flat,5.8478,3745,2026-05-28,73,KRW
001740.KO,SK Networks Co Ltd,COMMON STOCK,KO,32,2,up,4.3548,6200,2026-08-28,70,KRW
002140.KO,Korea Ind,COMMON STOCK,KO,20,4,up,2.0513,1950,2025-12-29,40,KRW
000215.KO,DL Holdings Co Ltd Preferred,COMMON STOCK,KO,30,3,flat,0.0000,24500,2024-12-27,1050,KRW
001045.KO,Cj Corp Pref,COMMON STOCK,KO,29,15,up,4.9630,67500,2026-03-30,3350,KRW
001560.KO,Cheil Grinding,COMMON STOCK,KO,21,11,up,7.9144,9110,2025-12-29,721,KRW
001680.KO,Daesang Corp,COMMON STOCK,KO,27,15,flat,4.7013,18080,2026-03-30,850,KRW
0046Y0.KO,Kim Ace US Dividend Quality ETF,ETF,KO,15,1,down,1.2985,12245,2026-08-28,12,KRW
0049K0.KO,Kim Ace Us Dividend Quality 5050 Blended Etf,ETF,KO,15,2,up,2.0192,10945,2026-08-28,20,KRW
003547.KO,Daishin Securities Co Ltd Pref 2,COMMON STOCK,KO,19,4,flat,6.2048,19340,2026-03-26,1200,KRW
002790.KO,Amore Group,COMMON STOCK,KO,31,4,up,1.4898,26850,2026-03-30,400,KRW
003075.KO,Kolon Global Corp,COMMON STOCK,KO,32,2,up,4.9923,13020,2026-09-03,200,KRW
0050E0.KO,Hanwha PLUS US AI Agents ETF,ETF,KO,2,1,down,1.3948,8030,2026-04-29,15,KRW
0051G0.KO,Shinhan Sol US Nuclear Power Smr ETF,ETF,KO,2,2,up,0.4916,11595,2026-04-29,30,KRW
0052S0.KO,Hana 1Q S&P500 Blend 50 Active ETF,ETF,KO,4,2,up,1.6454,11365,2026-07-30,60,KRW
003920.KO,Namyang Dairy,COMMON STOCK,KO,31,24,up,3.3839,42200,2025-12-29,1428,KRW
002360.KO,Sh E & Chemical Co. Ltd.,COMMON STOCK,KO,10,3,flat,0.0000,3300,2022-12-28,100,KRW
004910.KO,Cho Kwang Pain,COMMON STOCK,KO,31,5,flat,5.8480,3420,2025-12-29,200,KRW
002840.KO,Miwon Commerci,COMMON STOCK,KO,72,4,up,1.0219,137000,2025-12-29,1400,KRW
004980.KO,Sungshin Cemen,COMMON STOCK,KO,16,8,flat,4.2220,8290,2025-12-29,350,KRW
003490.KO,Korean Air Lines Co,COMMON STOCK,KO,16,7,flat,2.3885,31400,2026-03-30,750,KRW
004540.KO,Kleannara,COMMON STOCK,KO,5,2,flat,0.0000,1243,2021-12-29,100,KRW
003495.KO,Korean Air Lines Co Ltd,COMMON STOCK,KO,17,7,flat,3.6281,22050,2026-03-30,800,KRW
004310.KO,Hyundai Pharm,COMMON STOCK,KO,31,2,flat,0.3517,8530,2026-03-03,30,KRW
0066W0.KO,Shinhan Sol Global Gold Fofs ETF,ETF,KO,1,1,new,0.0252,11900,2025-12-29,3,KRW
005070.KO,Cosmoam&T,COMMON STOCK,KO,3,1,down,0.0000,43050,1999-01-04,1848.88722,KRW
004800.KO,Hyosung Corp,COMMON STOCK,KO,29,2,up,3.1486,158800,2025-12-29,5000,KRW
005690.KO,Pharmicell,COMMON STOCK,KO,4,2,up,0.4139,12080,2025-12-29,50,KRW
0084E0.KO,Kiwoom Kiwoom Us Large Cap 500 Monthly Target Hedge Active Etf,ETF,KO,10,2,up,1.6408,9995,2026-08-28,16,KRW
005430.KO,Korea Air Svc,COMMON STOCK,KO,29,20,flat,1.1442,87400,2025-12-29,1000,KRW
005940.KO,NH Investment & Securities Co Ltd,COMMON STOCK,KO,28,4,up,4.9524,26250,2026-03-30,1300,KRW
006220.KO,Jeju Bank,COMMON STOCK,KO,16,14,flat,1.0373,9640,2026-03-30,100,KRW
0086B0.KO,Mirae Asset Tiger REIT Infra Top 10 Active Fund,ETF,KO,13,2,up,6.8318,9485,2026-09-14,54,KRW
0087F0.KO,Kim Ace China Ai Big Tech Top2 Plus Active Etf,ETF,KO,1,1,new,0.0916,10920,2025-12-29,10,KRW
005880.KO,Korea Line,COMMON STOCK,KO,7,1,down,0.0000,2035,2008-12-29,3135.6694,KRW
0089B0.KO,PLUS Nasdaq100 US T-Bill 50/50,ETF,KO,9,2,up,1.0583,11150,2026-08-28,10,KRW
005500.KO,Samjin Pharm,COMMON STOCK,KO,31,18,flat,4.2712,18730,2025-12-29,800,KRW
006840.KO,Ak Holdings,COMMON STOCK,KO,26,4,up,0.0000,6730,2025-03-17,400,KRW
006090.KO,Sajo Oyang,COMMON STOCK,KO,15,1,down,1.1261,8880,2025-12-29,100,KRW
0098N0.KO,Hanwha Investment Trust Management - Hanwha PLUS High Dividend+Buyback ETF,ETF,KO,12,2,up,4.9425,13050,2026-09-14,70,KRW
0098Z0.KO,Vi Focus 200 Etf,ETF,KO,2,1,new,0.4475,93865,2026-07-30,120,KRW
007575.KO,"Ilyang Pharmaceutical Co.,Ltd",COMMON STOCK,KO,21,4,up,2.2642,7950,2025-12-29,180,KRW
008350.KO,Namsun Alumini,COMMON STOCK,KO,3,1,down,0.0000,1070,2016-12-28,100,KRW
007660.KO,Isupetasys,COMMON STOCK,KO,25,6,up,0.1949,118000,2026-03-30,230,KRW
006280.KO,Green Cross Corp,COMMON STOCK,KO,22,3,flat,1.2175,123200,2026-03-30,1500,KRW
009580.KO,Moorim P&P Co Ltd,COMMON STOCK,KO,16,3,up,7.3228,1707,2026-03-09,125,KRW
0113G0.KO,Samsungactive Koact Us Biohealthcare Active Etf,ETF,KO,1,1,new,0.0261,11510,2025-12-29,3,KRW
008930.KO,Hanmi Science,COMMON STOCK,KO,27,7,flat,0.5747,52200,2026-03-30,300,KRW
0115C0.KO,KB Rise Dow Jones Us High Dividend Top10 ETF,ETF,KO,10,2,up,3.2015,10620,2026-09-14,33,KRW
0115D0.KO,Samsung Kodex K-Shipbuilding Top10 Etf,ETF,KO,1,1,new,0.3506,7130,2026-04-29,25,KRW
0119H0.KO,Samsung Kodex 28-12 Corporate Bond(Aa-) Active Etf,ETF,KO,1,1,new,0.4949,9900,2025-12-12,49,KRW
009290.KO,Kwangdong Phar,COMMON STOCK,KO,27,18,flat,1.5798,6330,2026-03-31,100,KRW
0128D0.KO,Hanwha Plus China Hang Seng Tech Weekly Target Covered Call Etf,ETF,KO,9,2,up,15.0759,6255,2026-08-28,88,KRW
0141S0.KO,Shinhan Asset Management Co Ltd - Shinhan SOL Shipbuilding Equipment ETF,ETF,KO,2,2,up,0.1320,8335,2026-04-29,10,KRW
009470.KO,Samwha Electri,COMMON STOCK,KO,31,11,up,2.2263,26950,2025-12-29,600,KRW
007700.KO,F&F Holdings Co. Ltd,COMMON STOCK,KO,32,5,up,3.7202,13440,2025-12-29,500,KRW
007310.KO,Ottogi,COMMON STOCK,KO,31,24,flat,2.8526,315500,2026-03-26,9000,KRW
010580.KO,SMBEXEL Company,COMMON STOCK,KO,6,3,flat,0.0000,2440,2007-12-27,44.21335,KRW
011230.KO,Samwha Elec,COMMON STOCK,KO,10,3,up,0.0000,2675,2006-12-27,225.15479,KRW
010690.KO,Hwashin,COMMON STOCK,KO,30,8,up,2.3192,7330,2025-12-29,170,KRW
0151S0.KO,Samsung Kodex Us Ai Semiconductor Top3 Plus Etf,ETF,KO,2,1,new,0.1579,15830,2026-07-30,13,KRW
0154F0.KO,Won Korea Ib & Financial Group Top10 Etf,ETF,KO,1,1,new,2.1065,12295,2026-04-29,259,KRW
014710.KO,Sajo Seafood,COMMON STOCK,KO,8,2,up,0.5015,9970,2025-12-29,50,KRW
011330.KO,Uni Chem,COMMON STOCK,KO,6,1,down,0.0000,4015,2022-12-28,200,KRW
012320.KO,Kyungdong Gas,COMMON STOCK,KO,28,9,flat,1.7422,43050,2025-12-29,750,KRW
0166T0.KO,Hanwha Plus Global Ip Leaders Active Etf,ETF,KO,1,1,new,0.0555,9005,2026-04-29,5,KRW
0167Z0.KO,Samsung Kodex Us Aerospace Etf,ETF,KO,1,1,new,0.1058,7560,2026-07-30,8,KRW
0173Y0.KO,Samsung Kodex Us AI Optical Communication Network ETF,ETF,KO,1,1,new,0.0471,10610,2026-07-30,5,KRW
0174J0.KO,DAISHIN DAISHIN343 Office REITS Plus ETF,ETF,KO,5,1,new,1.0375,8675,2026-08-28,40,KRW
0184E0.KO,0184E0,ETF,KO,1,1,new,0.2708,11080,2026-07-30,30,KRW
0210E0.KO,Hanwha Plus Kospi200 Covered Call Active Etf,ETF,KO,2,1,new,3.9612,7220,2026-08-28,147,KRW
018260.KO,Samsung SDS Co Ltd,COMMON STOCK,KO,12,3,up,1.4734,216500,2025-12-29,3190,KRW
011780.KO,Kumho Petro Chemical,COMMON STOCK,KO,28,1,down,1.4630,116200,2025-12-29,1700,KRW
013360.KO,Il Sung Const,COMMON STOCK,KO,19,1,down,0.0000,1351,2022-12-28,5,KRW
016380.KO,Dongbu Steel Co Ltd,COMMON STOCK,KO,22,6,up,5.3476,5610,2026-03-30,300,KRW
028260.KO,Samsung C&T Corp,COMMON STOCK,KO,11,4,up,0.8116,345000,2025-12-29,2800,KRW
014530.KO,Kukdong Oil &,COMMON STOCK,KO,31,6,flat,5.9613,3355,2025-12-29,200,KRW
014285.KO,Kumkang Kind Co Ltd,COMMON STOCK,KO,27,6,flat,2.4436,5320,2025-12-29,130,KRW
025750.KO,Hansol Homedec,COMMON STOCK,KO,6,1,down,0.0000,1885,2022-12-28,20,KRW
016580.KO,Whanin Pharm,COMMON STOCK,KO,30,24,flat,2.9762,10080,2025-12-29,300,KRW
010780.KO,IS Dongseo,COMMON STOCK,KO,22,1,down,3.4176,14630,2025-12-29,500,KRW
035000.KO,GIIR Inc,COMMON STOCK,KO,30,16,up,12.4792,6010,2026-08-26,300,KRW
036580.KO,Farmsco,COMMON STOCK,KO,19,4,flat,2.0121,2485,2026-02-26,50,KRW
044380.KO,Jooyontech,COMMON STOCK,KO,4,2,up,0.0000,436,2010-12-29,269.4873,KRW
051905.KO,LG Household & Healthcare Ltd Pref,COMMON STOCK,KO,26,1,down,2.6758,95300,2026-08-13,1500,KRW
023450.KO,Dongnam Chem,COMMON STOCK,KO,40,2,up,3.6434,32250,2026-07-23,650,KRW
058860.KO,KTIS Corporation,COMMON STOCK,KO,16,6,up,5.4159,2585,2026-02-26,140,KRW
024720.KO,Kolmar Holding,COMMON STOCK,KO,29,1,down,2.3758,9260,2026-03-26,220,KRW
071055.KO,Korea Investment Holdings Co Ltd,COMMON STOCK,KO,24,4,up,6.1242,142900,2026-02-26,8751.5,KRW
063160.KO,Ckd Bio,COMMON STOCK,KO,17,3,flat,0.0000,12940,2024-12-27,100,KRW
089860.KO,Lotte Rental Co Ltd,COMMON STOCK,KO,5,5,flat,2.4121,49750,2026-03-30,1200,KRW
069960.KO,Hyundai Department,COMMON STOCK,KO,26,24,up,2.4022,89500,2026-09-29,500,KRW
039130.KO,Hana Tour,COMMON STOCK,KO,43,1,down,3.9604,30300,2026-01-02,1200,KRW
084010.KO,Daehan Steel,COMMON STOCK,KO,22,1,down,5.0492,7940,2026-09-02,100,KRW
081000.KO,Iljin Diamond,COMMON STOCK,KO,21,4,flat,3.2538,9220,2025-12-29,300,KRW
084695.KO,Daesang Holdings Co Ltd Pref,COMMON STOCK,KO,20,14,up,2.2143,14000,2026-03-30,310,KRW
015760.KO,Korea Electric Power Corp,COMMON STOCK,KO,22,2,up,5.1229,30100,2025-12-29,1542,KRW
100220.KO,Visang Educati,COMMON STOCK,KO,16,2,up,4.4000,5000,2025-12-29,220,KRW
090370.KO,MetaLabs Co Ltd,COMMON STOCK,KO,7,1,down,0.0000,1171,2012-12-27,682.72437,KRW
111380.KO,"Dong In Entech Co., Ltd",COMMON STOCK,KO,4,2,up,5.2550,12940,2026-03-26,370,KRW
079160.KO,CJ CGV,COMMON STOCK,KO,16,2,up,0.0000,5140,2019-12-27,200,KRW
108590.KO,Yurie TREX 200 ETF[Equity],ETF,KO,31,1,down,0.8031,109575,2026-07-30,100,KRW
093370.KO,Foosung,COMMON STOCK,KO,5,2,up,0.0000,14120,2022-12-28,19.39286,KRW
011000.KO,GeneOne Life Science Inc,COMMON STOCK,KO,6,1,down,0.0000,2670,2003-12-29,26.14039,KRW
112610.KO,CS Wind Corp,COMMON STOCK,KO,12,4,flat,1.9841,50400,2025-12-29,1000,KRW
097950.KO,CJ Cheiljedang,COMMON STOCK,KO,32,1,down,3.3463,179300,2026-08-28,1500,KRW
105630.KO,Hansae Co,COMMON STOCK,KO,17,17,up,7.0258,8540,2026-03-30,600,KRW
102970.KO,Samsung KODEX Securities ETF,ETF,KO,19,4,up,2.8160,17365,2026-07-30,149,KRW
195920.KO,MiraeAsset TIGER Synth-Japan ETF(H),ETF,KO,1,1,new,0.1425,35080,2025-12-29,50,KRW
155660.KO,DSR Corp,COMMON STOCK,KO,13,13,up,5.8617,4265,2025-12-29,250,KRW
183710.KO,KB KBSTAR Equity Balanced ETF,ETF,KO,26,1,down,0.7482,93560,2026-06-08,450,KRW
130730.KO,Kiwoom KOSEF Enhanced Cash ETF[Fixed Income],ETF,KO,16,1,down,2.9444,103145,2025-12-29,3037,KRW
143210.KO,Hands Corporation Ltd,COMMON STOCK,KO,4,3,up,0.0000,1199,2019-12-27,130,KRW
192820.KO,Cosmax Inc,COMMON STOCK,KO,12,3,up,1.1892,277500,2026-03-30,3300,KRW
200880.KO,Seoyon E Hwa Co Ltd,COMMON STOCK,KO,12,8,flat,2.3148,10800,2025-12-29,250,KRW
219900.KO,KIM KINDEX Synth-China Main Land Leverage CSI300 ETF,ETF,KO,1,1,new,1.0179,3635,2025-12-29,37,KRW
214330.KO,Kumho HT Inc,COMMON STOCK,KO,3,1,down,0.0000,6770,2017-12-27,500,KRW
161000.KO,Aekyung Petrochemical Co Ltd,COMMON STOCK,KO,16,1,down,1.3848,10110,2026-03-13,140,KRW
225800.KO,Kiwoom KOSEF USD Futures Leverage ETF,ETF,KO,1,1,new,1.1027,14510,2025-12-29,160,USD
210780.KO,MiraeAsset TIGER KOSPI High Dividend ETF,ETF,KO,35,2,up,4.7049,23380,2026-07-30,241,KRW
210980.KO,SK D&D Co Ltd,COMMON STOCK,KO,14,2,up,0.0000,3630,2025-08-20,136.06638,KRW
248070.KO,SoluM Co Ltd,COMMON STOCK,KO,1,1,new,0.5752,13040,2025-12-29,75,KRW
252400.KO,KBSTAR 200 Futures Leverage,ETF,KO,1,1,new,0.3715,102295,2025-12-29,380,KRW
256450.KO,Hanwha ARIRANG ChiNext ETF(Synth),ETF,KO,1,1,new,0.0369,13565,2025-12-29,5,KRW
211900.KO,Samsung KODEX Dividend Growth ETF,ETF,KO,23,1,down,2.5754,27685,2026-08-28,24,KRW
214420.KO,Tonymoly Co Ltd,COMMON STOCK,KO,7,1,down,1.0010,4995,2026-03-30,50,KRW
267440.KO,KB KBSTAR US Treasury Long Bond Futures ETF(H),ETF,KO,1,1,new,2.5794,7715,2025-12-29,199,KRW
229640.KO,Ls Cable & System Asia Ltd,COMMON STOCK,KO,10,3,up,0.4026,62100,2026-02-26,250,KRW
243890.KO,MiraeAsset TIGER 200 Energy & Leverage ETF,ETF,KO,1,1,new,1.0216,8320,2025-12-29,85,KRW
267850.KO,Asiana IDT Inc,COMMON STOCK,KO,7,7,flat,5.4705,9140,2025-12-29,500,KRW
272910.KO,KIM KINDEX Active Korea Treasury&Agency Bonds ETF,ETF,KO,19,1,down,1.1372,105695,2025-11-27,1202,KRW
272450.KO,Jin Air Co Ltd,COMMON STOCK,KO,2,2,up,0.0000,5940,2018-12-27,265.31918,KRW
284980.KO,KB KBSTAR 200 Financials ETF,ETF,KO,16,2,up,3.0376,22715,2026-07-30,110,KRW
289250.KO,MiraeAsset TIGER MSCI Korea ESG Universal ETF,ETF,KO,24,1,down,0.4055,35020,2026-07-30,20,KRW
261060.KO,MiraeAsset TIGER KOSDAQ150 IT ETF,ETF,KO,10,1,down,0.0368,27170,2026-04-29,10,KRW
290080.KO,KB KBSTAR 200 High Dividend Covered Call ATM ETF,ETF,KO,51,1,down,9.9181,7330,2026-08-28,60,KRW
292050.KO,KB KBSTAR KRX300 ETF,ETF,KO,12,2,up,0.8627,49845,2026-04-29,380,KRW
298020.KO,Hyosung TNC Corp,COMMON STOCK,KO,8,4,up,3.5192,287000,2025-12-29,10100,KRW
298770.KO,Samsung KODEX Korea Taiwan IT Premier ETF,ETF,KO,14,1,down,0.6218,82980,2026-07-30,109,KRW
310080.KO,KB KBSTAR MSCI China Futures ETF(H),ETF,KO,1,1,new,2.2982,8920,2025-12-29,205,KRW
302190.KO,MiraeAsset TIGER KTB 3-10 ETF,ETF,KO,7,1,down,1.0333,49840,2025-11-27,515,KRW
074610.KO,ENPlus Co Ltd,COMMON STOCK,KO,1,1,new,0.0000,5110,2004-12-29,100,KRW
023800.KO,Inzi Controls,COMMON STOCK,KO,28,7,up,5.4000,5000,2025-12-29,270,KRW
322000.KO,Hyundai Energy Solutions Co Ltd,COMMON STOCK,KO,2,2,up,0.0000,121300,2022-12-28,600,KRW
322410.KO,HANARO High Dividend,ETF,KO,34,1,down,2.7378,22730,2026-08-28,70,KRW
205720.KO,KIM KINDEX Synth-Japan Inverse ETF(H),ETF,KO,1,1,new,0.0694,1440,2025-12-29,1,KRW
337120.KO,KODEX Fn Multi Factor,ETF,KO,8,1,down,0.8303,34565,2026-07-30,83,KRW
352560.KO,KODEX DJI US REITs(H),ETF,KO,26,1,down,3.2194,11555,2026-08-28,26,KRW
329200.KO,MiraeAsset TIGER REITs Real Estate Infra ETF,ETF,KO,57,1,down,8.9851,4040,2026-08-28,33,KRW
354240.KO,KBSTAR US Pfd ICE TR,ETF,KO,1,1,new,7.1992,10015,2025-12-29,721,KRW
339770.KO,Kyochon F And B Co Ltd,COMMON STOCK,KO,8,4,up,10.7050,3830,2026-08-26,60,KRW
354350.KO,NH-Amundi HANARO Global Luxury S&P ETF (Synth),ETF,KO,1,1,new,0.0283,17660,2025-12-29,5,KRW
305540.KO,MiraeAsset TIGER Secondary Cell ETF,ETF,KO,8,2,up,0.3040,18095,2026-04-29,55,KRW
357430.KO,Mastern Premier REIT 1 Co. Ltd.,COMMON STOCK,KO,7,2,up,0.0000,861,2025-09-29,96,KRW
363280.KO,TY Holdings Co Ltd,COMMON STOCK,KO,1,1,new,0.0000,2010,2022-12-28,151.48454,KRW
316140.KO,Woori Financial Group Inc,COMMON STOCK,KO,26,1,down,3.8462,36400,2026-08-07,220,KRW
371160.KO,MiraeAsset TIGER China Hang Seng TECH ETF,ETF,KO,6,1,down,1.1094,6310,2026-07-30,25,KRW
368590.KO,KB KBSTAR US NASDAQ100 ETF,ETF,KO,18,1,down,0.4527,30260,2026-06-29,50,KRW
379790.KO,KBSTAR EURO STOXX 50(H),ETF,KO,2,1,down,4.0058,17150,2026-07-30,210,KRW
377740.KO,BioNote Inc.,COMMON STOCK,KO,4,3,up,4.9085,4645,2026-03-30,228,KRW
372330.KO,Samsung KODEX China Hang Seng TECH ETF,ETF,KO,9,1,down,1.2073,6295,2026-07-30,51,KRW
383800.KO,LX Holdings Corp,COMMON STOCK,KO,4,3,flat,3.5670,8130,2026-02-26,290,KRW
381560.KO,HANARO Electric&Hydrogen Vehicle,ETF,KO,12,2,up,588.4118,17000,2026-07-30,30,KRW
38380K.KO,LX Holdings Corp. Pfd.,COMMON STOCK,KO,4,3,flat,4.0000,7500,2026-02-26,300,KRW
385540.KO,KBSTAR Active Bond ETF,ETF,KO,1,1,new,0.0011,102760,2025-12-12,1.147,KRW
385590.KO,ACE ESG Active,ETF,KO,5,1,down,0.5605,24085,2026-04-29,135,KRW
364690.KO,Samsung KODEX Innovative Tech Active ETF,ETF,KO,7,1,down,0.4927,39175,2026-07-30,57,KRW
365000.KO,MiraeAsset TIGER KRX Internet K-New Deal ETF,ETF,KO,6,2,up,0.7022,3560,2026-04-29,25,KRW
387270.KO,TIGER GLOBAL BBIG ACTIVE,ETF,KO,1,1,new,0.3930,25445,2025-12-29,100,KRW
367380.KO,KIM KINDEX NASDAQ100 ETF,ETF,KO,22,1,down,0.5154,31235,2026-07-30,45,KRW
390390.KO,KODEX US Semiconductor MV,ETF,KO,14,4,up,0.4090,55255,2026-07-30,55,KRW
394660.KO,TIGER GLOBAL AUTONOMOUS & EV SOLACTIVE,ETF,KO,1,1,new,0.9530,14795,2025-12-29,141,KRW
396510.KO,TIGER CHINA CLEAN ENERGY SOLACTIVE,ETF,KO,1,1,new,1.6692,6590,2025-12-29,110,KRW
390400.KO,KODEX US Smart Mobility S&P,ETF,KO,9,4,up,0.8276,6525,2026-07-30,10,KRW
399580.KO,KBSTAR Global Clean Energy S&P,ETF,KO,2,1,down,2.2235,8905,2026-07-30,57,KRW
400580.KO,SOL S&P EUA(H),ETF,KO,1,1,new,0.8547,11700,2025-12-29,100,KRW
395400.KO,SK Reit Co Ltd,COMMON STOCK,KO,20,1,down,3.8623,5230,2026-06-29,68,KRW
395160.KO,KODEX Fn System Semiconductor,ETF,KO,5,1,down,0.0834,41950,2026-04-29,35,KRW
396690.KO,Mirae Asset Global REIT Co. Ltd.,COMMON STOCK,KO,9,1,down,9.6511,1347,2026-03-30,130,KRW
403550.KO,Socar Inc.,COMMON STOCK,KO,1,1,new,0.8566,10740,2026-03-30,92,KRW
411060.KO,ACE KRX Physical Gold,ETF,KO,1,1,new,0.0039,25340,2025-12-29,1,KRW
401470.KO,KODEX K-Metaverse Active,ETF,KO,5,1,down,0.3328,9315,2026-04-29,31,KRW
404650.KO,SOL KRX Climate Change Solutions,ETF,KO,16,1,down,0.7323,23350,2026-07-30,21,KRW
407310.KO,HANARO 200 TOP10,ETF,KO,16,1,down,0.8666,16155,2026-07-30,20,KRW
415760.KO,SOL China Fostering Industry Active,ETF,KO,1,1,new,0.8699,12185,2025-12-29,106,KRW
411860.KO,KOSEF Germany DAX,ETF,KO,7,4,up,2.8883,16065,2026-07-30,350,KRW
415920.KO,ARIRANG RareEarth Company MV,ETF,KO,2,2,up,1.1647,6010,2026-04-29,70,KRW
417450.KO,KBSTAR Global H2 Econ,ETF,KO,2,2,up,1.3521,15235,2026-07-30,107,KRW
419650.KO,ARIRANG Hydrogen NextGen Fuel Cell MV,ETF,KO,2,2,up,0.2343,4695,2026-04-29,11,KRW
423160.KO,KODEX KOFR Active(SYNTH),ETF,KO,14,2,up,2.3990,110670,2026-08-28,263,KRW
435530.KO,HEROES TDF 2030 Active,ETF,KO,2,2,up,1.6795,14885,2026-07-30,250,KRW
438740.KO,MIDAS KoreaStock Mid/Small-Cap Active,ETF,KO,1,1,new,0.2399,33765,2025-12-29,81,KRW
423170.KO,SOL K-Global Semiconductor Active,ETF,KO,4,2,up,0.4192,59635,2026-04-29,250,KRW
435420.KO,TIGER Nasdap100 TR Balanced,ETF,KO,10,2,up,1.1388,14050,2026-07-30,42,KRW
430500.KO,KOSEF TIPS KIS,ETF,KO,3,1,down,1.1831,111990,2025-12-29,1325,KRW
432320.KO,KB Star REIT Co. Ltd.,COMMON STOCK,KO,7,1,down,10.3343,1645,2026-05-07,170,KRW
429000.KO,TIGER S&P500 DIVIDEND ARISTOCRATS,ETF,KO,46,1,down,1.9913,12605,2026-08-28,20,KRW
433330.KO,SOL S&P500,ETF,KO,48,1,down,0.8208,21565,2026-08-28,19,KRW
438900.KO,HANARO K-Food,ETF,KO,5,2,up,2.1101,10900,2026-07-30,10,KRW
440650.KO,ACE US Short Term Bond Active,ETF,KO,1,1,new,3.2513,11380,2025-12-29,370,KRW
442550.KO,KBSTAR TDF2030 Active,ETF,KO,2,1,down,1.2291,14645,2026-07-30,49,KRW
442260.KO,Mighty Dynamic Quant Active,ETF,KO,4,4,up,0.9063,38620,2026-04-29,350,KRW
437070.KO,KODEX Asia USD Bond SRI Plus Active,ETF,KO,14,2,up,4.7399,56605,2026-08-28,247,USD
444200.KO,SOL KEDI Mega Tech Active,ETF,KO,4,4,up,0.2859,44765,2026-04-29,128,KRW
446700.KO,KBSTAR Battery Recycling,ETF,KO,3,2,up,0.1583,10105,2026-04-29,16,KRW
446720.KO,SOL US Dividend Equity,ETF,KO,44,1,down,2.8451,13040,2026-08-28,27,KRW
451060.KO,Hana 1Q K200 Active ETF,ETF,KO,4,2,up,1.2060,35240,2026-07-30,31,KRW
453060.KO,Nh Amundi Hanaro Kofr Synth Etf,ETF,KO,1,1,new,0.0090,111675,2025-12-29,10,KRW
447620.KO,SOL US TOP5 Blended 40,ETF,KO,4,4,up,0.4109,15820,2026-04-29,65,KRW
448490.KO,HANARO Oct 2032 Treasury,ETF,KO,3,1,down,0.9529,52470,2025-12-29,500,KRW
448730.KO,SamsungFN REIT Co. Ltd.,COMMON STOCK,KO,13,1,down,4.1483,4990,2026-04-29,69,KRW
449180.KO,KODEX S&P500 Futures(H),ETF,KO,14,1,down,0.9329,17150,2026-07-30,40,KRW
453660.KO,Samsung Kodex S&P500 Consumer Discretionary Etf,ETF,KO,13,1,down,0.8344,15940,2026-07-30,35,KRW
453340.KO,Hyundai Green Food Co. Ltd.,COMMON STOCK,KO,5,3,up,3.6248,18870,2026-09-29,314,KRW
455660.KO,Kim Ace Us High Yield Active ETF,ETF,KO,39,1,down,6.4083,9160,2026-08-28,52,KRW
458260.KO,Mirae Asset Tiger Us Investment Grade Corporate Bond Active Etf,ETF,KO,38,1,down,4.6292,44630,2026-08-28,175,KRW
455860.KO,Shinhan Asset Management Co.,ETF,KO,3,3,up,0.3691,4335,2026-04-29,16,KRW
438330.KO,TIGER INV GRADE CORP ACTIVE,ETF,KO,8,1,new,0.4049,115335,2025-11-27,232,KRW
460660.KO,KB Kbstar US Dividend Kings ETF,ETF,KO,36,1,down,2.8495,11195,2026-08-28,29,KRW
464310.KO,Mirae Asset Global Investments Co. Ltd. - Mirae Asset Tiger Global Artificial Intelligence & Robotic,ETF,KO,1,1,new,0.6760,13165,2025-12-29,89,KRW
460960.KO,Kim Ace Solactive Global Superior Income Top10 Etf,ETF,KO,36,1,down,7.5621,10460,2026-08-28,67,KRW
469790.KO,Kiwoom Kosef K-Techtop10 ETF,ETF,KO,7,1,down,0.4087,44045,2026-07-30,40,KRW
464600.KO,Shinhan Bnp Paribas Asset Management Co. Ltd - Shinhan SOL Automobile Mat and Equipment ETF Fund,ETF,KO,3,2,up,0.5775,23375,2026-04-29,135,KRW
464610.KO,Shinhan SOL Medical Device Mat and Equipment ETF Fund,ETF,KO,3,1,down,0.1787,6715,2026-04-29,12,KRW
466930.KO,SOL Automobile TOP3 Plus,ETF,KO,3,2,up,1.6849,23265,2026-04-29,392,KRW
468380.KO,Samsung Kodex Ishares Us Hy Active Etf,ETF,KO,33,1,down,6.8358,10445,2026-08-28,63,KRW
471780.KO,Mirae Asset Tiger Korea Tech Active ETF,ETF,KO,3,3,flat,0.0127,39225,2026-04-29,5,KRW
473440.KO,Kim Ace Nov Rollover Corporate Bond Active ETF,ETF,KO,1,1,new,1.5363,10870,2025-11-27,167,KRW
472870.KO,RISE 30Y US T-Bond(JPY)(SYNTH H,ETF,KO,29,1,down,3.3513,6505,2026-08-28,17,KRW
473290.KO,Samsung Kodex 26-12 Corporate Bond (AA-) Active ETF,ETF,KO,1,1,new,1.7898,10895,2025-12-12,195,KRW
475260.KO,Kim Ace Feb Rollover Corporate Bond Active ETF,ETF,KO,1,1,new,1.2541,10765,2025-11-27,135,KRW
475310.KO,SOL Semiconductor Back-End Proc,ETF,KO,2,1,down,0.0165,30380,2026-04-29,5,KRW
475080.KO,Samsung KODEX Tesla Covered Call Balanced Active ETF,ETF,KO,30,1,down,15.0288,7805,2026-08-28,99,KRW
476310.KO,KB KBStar Global Obesity Care Industry Top2+ ETF,ETF,KO,2,1,down,2.8757,9215,2026-07-30,114,KRW
476030.KO,Shinhan Sol Nasdaq100 Etf,ETF,KO,9,1,down,0.4413,17220,2026-07-30,17,KRW
478150.KO,Timefolio Timefolio Global Spacetech And Defense Active Etf,ETF,KO,1,1,new,0.4797,17720,2025-12-29,85,KRW
479080.KO,Hana 1Q Money Market Active Etf,ETF,KO,1,1,new,0.8442,53900,2025-11-13,455,KRW
476690.KO,Mirae Asset Tiger Global Obesity Treatment Top 2 Plus ETF,ETF,KO,29,1,down,1.5415,9990,2026-08-28,11,KRW
479620.KO,Shinhan Sol Us Ai Semiconductor Chip Makers Etf,ETF,KO,2,1,down,0.1505,26580,2026-04-29,40,KRW
483650.KO,d'Alba Global,COMMON STOCK,KO,2,1,down,1.3917,188900,2026-04-02,403,KRW
481180.KO,Shinhan Sol Us Ai Software Etf,ETF,KO,2,1,down,0.0304,16445,2026-04-29,5,KRW
475050.KO,Kim Ace Kpop Focus ETF,ETF,KO,2,2,up,0.8721,6880,2026-04-29,60,KRW
485810.KO,Timefolio Timefolio Global Anti-Aging Bio Active Etf,ETF,KO,1,1,new,0.2757,11970,2025-12-29,33,KRW
484790.KO,Kodex US Treasury 20 Plus Bond ETF,ETF,KO,25,1,down,5.0064,7870,2026-08-28,35,KRW
487340.KO,Kim Ace Cd Rate & Short Term Bond Active ETF,ETF,KO,1,1,new,1.2974,106135,2025-11-27,1377,KRW
487570.KO,HYOSUNG CORP,COMMON STOCK,KO,1,1,new,1.9455,51400,2025-12-29,1000,KRW
487910.KO,Kim Ace India Consumption Active Etf,ETF,KO,1,1,new,0.0382,7845,2025-12-29,3,KRW
489000.KO,Hanwha Plus Japan Ultra Short-Term Treasury Bill ETF,ETF,KO,1,1,new,1.3151,9125,2025-12-29,120,KRW
489030.KO,Hanwha Plus High Dividend Premium Weekly Call Option ETF,ETF,KO,24,1,down,22.0257,6220,2026-08-28,98,KRW
489250.KO,Samsung Kodex Us Dividend Dow Jones ETF,ETF,KO,25,1,down,2.9980,12275,2026-09-14,24,KRW
494300.KO,Samsung Kodex Us Nasdaq100 Daily Covered Call Otm Etf,ETF,KO,21,1,down,21.1396,8775,2026-08-28,152,KRW
491820.KO,Nh-Amundi Hanaro Electric Power Capex Etf,ETF,KO,2,1,down,0.1839,43510,2026-04-29,80,KRW
495750.KO,Nh-Amundi Hanaro Korea Value-Up Etf,ETF,KO,6,2,up,1.0003,31990,2026-07-30,85,KRW
496020.KO,Woori Won Short Term Bond Active ETF,ETF,KO,1,1,new,1.3992,52600,2025-12-29,736,KRW
495850.KO,Samsung Kodex Korea Value-Up Etf,ETF,KO,20,3,up,1.0708,32125,2026-08-28,40,KRW
496090.KO,Kiwoom Kosef Korea Value-Up Etf,ETF,KO,6,2,up,0.9327,32165,2026-07-30,50,KRW
496120.KO,Kim Ace Korea Value-Up ETF,ETF,KO,6,1,down,0.8633,33360,2026-07-30,48,KRW
497520.KO,Kim Ace Eli Lilly Value Chain ETF,ETF,KO,1,1,new,0.6754,13030,2025-12-29,88,KRW
498270.KO,Kiwoom Kosef Us Quantum Computing Etf,ETF,KO,5,2,up,0.3128,14705,2026-07-30,14,KRW
498410.KO,Samsung Kodex Financials High Dividend Top 10 Weekly Target Covered Call ETF,ETF,KO,19,1,down,14.7287,11705,2026-08-28,144,KRW
498610.KO,Kb Rise India Digital Growth Etf,ETF,KO,2,1,down,2.1010,7425,2026-07-30,55,KRW
498400.KO,Samsung Kodex 200 Target Weekly Covered Call ETF,ETF,KO,21,2,up,15.2861,20450,2026-09-14,300,KRW
32ID.SW,iShares iBonds Dec 2032 Term $ Corp UCITS ETF USD (Dist),ETF,SW,6,1,down,4.8786,4.8375,2026-09-17,0.0582,USD
30ID.SW,iShares iBonds Dec 2030Term$CorpETF$Dist,ETF,SW,10,1,down,4.5807,5.0298,2026-09-17,0.0564,USD
29ID.SW,iShares iBonds Dec 2029 Term $ Corp UCITS ETF USD Dist,ETF,SW,10,1,down,4.5590,5.0516,2026-09-17,0.0564,USD
33ID.SW,iShares iBonds Dec 2030 Term $ Corp UCITS ETF USD (Dist),ETF,SW,6,1,down,5.1227,4.8178,2026-09-17,0.0607,USD
ACGUKD.SW,UBS MSCI ACWI SF UCITS ETF hGBP Ukdis,ETF,SW,21,1,down,1.3406,285,2026-08-13,1.9815,GBP
ACCUKD.SW,UBS (Irl) Fund Solutions plc - MSCI ACWI SF UCITS ETF (hedged to CHF) A-UKdis,ETF,SW,22,1,down,1.3761,203.65,2026-08-13,1.3304,CHF
34ID.SW,iShares iBonds Dec 2034 Term $ Corp UCITS ETF USD (Dist),ETF,SW,6,1,down,5.2367,4.7893,2026-09-17,0.0617,USD
5ESGG.SW,UBS (Irl) ETF plc - S&P 500 ESG UCITS ETF Hedged to GBP A Dis GBP,ETF,SW,13,1,down,0.6532,45.165,2026-08-13,0.187,GBP
100GBA.SW,UBS(Lux)Fund Solutions – FTSE 100 UCITS ETF(GBP)A-dis CHF,ETF,SW,27,1,down,2.6821,108.36,2026-08-13,1.82884,CHF
29IT.SW,iSh iBds Dec29 Trm $ Trs Dst,ETF,SW,10,1,down,3.8790,5.04,2026-09-17,0.0483,USD
100D.SW,MULTI-UNITS LUXEMBOURG - Lyxor FTSE 100 UCITS ETF - Inc CHF,ETF,SW,8,6,up,3.3354,178.56,2025-12-09,5.95576,CHF
31ID.SW,iS iB D 2031 $ UCITS ETF US D,ETF,SW,6,1,down,4.8056,4.8964,2026-09-17,0.0586,USD
ACLN.SW,Accelleron Industries AG,COMMON STOCK,SW,6,1,down,1.9737,76,2026-05-06,1.5,CHF
27IT.SW,iSh iBds Dec27 Trm $ Trs Dst,ETF,SW,10,1,down,3.8741,5.1006,2026-09-17,0.0488,USD
ADEN.SW,Adecco Group AG Class N,COMMON STOCK,SW,32,2,flat,4.0096,24.94,2026-04-20,1,CHF
ACWUKD.SW,UBS (Irl) Fund Solutions plc - MSCI ACWI SF UCITS ETF (USD) A-UKdis,ETF,SW,15,1,down,1.3712,212.9,2026-08-13,2.2944,USD
ALPN.SW,Alpine Select AG,COMMON STOCK,SW,17,1,down,6.7416,8.9,2026-06-02,0.6,CHF
ADVN.SW,Adval Tech Holding AG,COMMON STOCK,SW,16,2,up,0.0000,42.4,2022-05-23,1,CHF
ALLN.SW,Allreal Holding,COMMON STOCK,SW,25,7,flat,1.8267,191.6,2026-04-21,3.5,CHF
ARBN.SW,Arbonia AG,COMMON STOCK,SW,19,3,up,0.0000,4.745,2025-04-29,4,CHF
AMRZ.SW,Amerize Inc.,COMMON STOCK,SW,3,1,new,1.7419,31.38,2026-08-18,0.09146,CHF
AMS.SW,Ams AG,COMMON STOCK,SW,10,2,up,0.0000,20.26,2018-06-12,1.39048,EUR
AEVS.SW,Aevis Victoria SA,COMMON STOCK,SW,12,2,up,0.0000,15.8,2023-09-28,0.3,CHF
ALSN.SW,Also Holding AG,COMMON STOCK,SW,30,4,up,2.8162,188.2,2026-03-20,5.3,CHF
ARYN.SW,Aryzta AG,COMMON STOCK,SW,8,1,down,0.0000,37.45,2017-01-30,4.87474,CHF
AGGG.SW,iShares Core Global Aggregate Bond UCITS ETF USD (Dist) USD,ETF,SW,17,5,up,3.3875,4.2067,2026-07-16,0.0707,USD
APGN.SW,APG SGA SA,COMMON STOCK,SW,29,6,flat,5.9406,202,2026-04-27,12,CHF
ALC.SW,Alcon AG,COMMON STOCK,SW,7,6,flat,0.5222,53.62,2026-05-05,0.28,CHF
ASCN.SW,Ascom Holding AG,COMMON STOCK,SW,22,2,up,3.5026,5.71,2026-04-24,0.2,CHF
ASRUSA.SW,UBS(Lux)Fund Solutions – MSCI USA Socially Responsible UCITS ETF(USD)A-dis,ETF,SW,28,1,down,0.4433,295.7,2026-08-13,1.0049,USD
ASML.SW,ASML Holding N.V.,COMMON STOCK,SW,8,6,up,0.4023,1452.8,2026-07-27,1.77809,EUR
AVOL.SW,Avolta AG,COMMON STOCK,SW,8,3,up,2.6707,43.06,2026-05-08,1.15,CHF
AVAX.SW,21Shares Avalanche ETP GBP,ETF,SW,1,1,new,0.0000,1.624,2022-03-15,0.285,CHF
AWESGT.SW,UBS (IRL) ETF Plc – MSCI ACWI ESG Universal Low Carbon Select UCITS ETF Hedged CHF A Dis,ETF,SW,18,1,down,1.0537,19.502,2026-08-13,0.1398,CHF
AWSRI.SW,UBS (Irl) ETF plc - MSCI ACWI Socially Responsible UCITS ETF USD A Dis USD,ETF,SW,12,3,up,0.8167,27.87,2026-08-13,0.14872,USD
AWESG.SW,UBS (IRL) ETF Plc – MSCI ACWI ESG Universal Low Carbon Select UCITS ETF USD A Dis CHF,ETF,SW,14,1,down,1.0180,20.535,2026-08-13,0.14116,USD
AUTN.SW,Autoneum Holding AG,COMMON STOCK,SW,11,1,down,1.2987,123.2,2026-04-30,1.6,CHF
AWSRIT.SW,UBS (Irl) ETF plc - MSCI ACWI Socially Responsible UCITS ETF Hedged CHF A Dis,ETF,SW,18,1,down,1.0077,17.138,2026-08-13,0.1119,CHF
AVGO.SW,Broadcom Inc,COMMON STOCK,SW,1,1,new,0.1759,290.15,2026-03-23,0.51037,USD
BAER.SW,Julius Baer Gruppe AG,COMMON STOCK,SW,18,5,flat,3.6313,71.6,2026-04-13,2.6,CHF
BANB.SW,Bachem Holding AG,COMMON STOCK,SW,30,7,up,0.5491,81.95,2026-05-04,0.45,CHF
B.SW,BARRICK MINING CORP,COMMON STOCK,SW,65,3,up,2.1622,34.435,2026-08-31,0.14139,CAD
BARN.SW,Barry Callebaut AG,COMMON STOCK,SW,33,6,flat,2.6173,1108,2026-01-12,29,CHF
BBN.SW,Bellevue Group AG,COMMON STOCK,SW,24,1,down,2.1246,7.06,2026-03-26,0.15,CHF
BCGE.SW,Banque Cantonale de Geneve,COMMON STOCK,SW,28,10,up,2.0588,34,2026-05-05,0.7,CHF
BCHN.SW,Burckhardt Compression,COMMON STOCK,SW,20,9,flat,3.7895,475,2026-07-07,18,CHF
BCJ.SW,Banque Cantonale Du Jura SA,COMMON STOCK,SW,28,1,down,2.5786,79.5,2026-05-15,2.05,CHF
BCVN.SW,Banque Cantonale Vaudoise,COMMON STOCK,SW,30,9,flat,3.3768,130.3,2026-05-05,4.4,CHF
BELL.SW,Bell AG,COMMON STOCK,SW,33,7,flat,1.4644,239,2026-04-24,3.5,CHF
BEAN.SW,Belimo Holding,COMMON STOCK,SW,33,15,up,1.2399,806.5,2026-03-25,10,CHF
BEKN.SW,Berner Kantonalbank AG,COMMON STOCK,SW,30,14,up,2.5993,415.5,2026-05-15,10.8,CHF
BKW.SW,BKW AG,COMMON STOCK,SW,15,15,up,3.2068,118.5,2026-04-30,3.8,CHF
BION.SW,BB Biotech AG,COMMON STOCK,SW,23,2,up,4.3774,51.4,2026-03-23,2.25,CHF
BOSN.SW,Bossard Holding AG,COMMON STOCK,SW,29,2,flat,1.5600,250,2026-04-14,3.9,CHF
BLKB.SW,Basellandschaftliche Kantonalbank,COMMON STOCK,SW,31,31,flat,3.5745,1175,2026-03-31,42,CHF
BRKN.SW,Burkhalter Holding AG,COMMON STOCK,SW,19,1,down,2.0800,125,2026-05-15,2.6,CHF
BSKP.SW,Basler Kantonalbank,COMMON STOCK,SW,29,1,down,3.6290,99.2,2026-03-27,3.6,CHF
BSLN.SW,Basilea Pharmaceutica AG,COMMON STOCK,SW,1,1,new,0.0000,68.3,2013-04-11,5,CHF
ABBN.SW,ABB Ltd,COMMON STOCK,SW,23,4,up,1.1782,79.78,2026-03-23,0.94,CHF
BUCN.SW,Bucher Industries AG,COMMON STOCK,SW,34,2,flat,3.3794,325.5,2026-04-20,11,CHF
BVZN.SW,BVZ Holding AG,COMMON STOCK,SW,26,5,up,1.9481,1540,2026-04-14,30,CHF
BYS.SW,Bystronic AG,COMMON STOCK,SW,13,2,flat,3.0349,131.8,2026-04-23,4,CHF
BUYB.SW,Invesco Global Buyback Achievers UCITS ETF,ETF,SW,47,1,down,1.4685,75.64,2026-09-10,0.2063,USD
CANUKD.SW,UBS(Lux)Fund Solutions – MSCI Canada UCITS ETF(CAD)A-UKdis,ETF,SW,26,1,down,1.0894,33.405,2026-08-13,0.1497,CAD
CAKD.SW,Calamos Autocallable Income UCITS ETF USD Dis,ETF,SW,4,1,new,4.5611,8.402,2026-09-01,0.09187,USD
C4DE.SW,Amundi Index Solutions - AMUNDI CAC 40 ESG UCITS ETF DR - EUR (D) EUR,ETF,SW,8,6,up,2.9329,81.83,2025-12-09,2.4,EUR
CAHGBD.SW,UBS(Lux)Fund Solutions – MSCI Canada UCITS ETF(hedged GBP)A-dis,ETF,SW,21,1,down,1.2581,23.535,2026-08-13,0.1734,GBP
CANCDA.SW,UBS(Lux)Fund Solutions – MSCI Canada UCITS ETF(CAD)A-dis,ETF,SW,28,1,down,1.4643,91.78,2026-08-13,0.7124,CAD
CALN.SW,Calida Holding AG,COMMON STOCK,SW,27,2,up,1.8519,13.5,2026-04-21,0.25,CHF
CFT.SW,Compagnie Financiere Tradition,COMMON STOCK,SW,31,14,up,2.9821,251.5,2026-05-26,7.5,CHF
CBSUST.SW,UBS(Lux)Fund Solutions – Bloomberg MSCI US Liquid Corp Sust UCITS ETF(hedged CHF)A-dis,ETF,SW,21,2,up,5.4206,9.427,2026-08-13,0.2557,CHF
CBMPUS.SW,Amundi Index Solutions - Amundi MSCI Pacific ESG Climate Net Zero Ambition CTB ETF,ETF,SW,3,3,up,1.5753,92.68,2025-12-09,1.46,USD
CBUS.SW,UBS(Lux)Fund Solutions – Bloomberg US Liquid Corporates UCITS ETF(USD)A-dis,ETF,SW,24,5,up,5.8674,13.933,2026-08-13,0.3718,USD
CBUSH.SW,UBS(Lux)Fund Solutions – Bloomberg US Liquid Corporates UCITS ETF(hedged GBP)A-dis GBP,ETF,SW,24,1,down,4.0782,13.1895,2026-08-13,0.3504,GBP
CEGI.SW,REX Crypto Equity Income & Growth UCITS ETF Distributing,ETF,SW,7,1,new,11.2630,25.21,2026-09-21,0.4322,CHF
CB1MDX.SW,Lyxor 1 MDAX (DR) UCITS ETF I CHF,ETF,SW,11,2,up,1.8095,138.56,2026-08-04,2.5073,CHF
CBFEDF.SW,Lyxor Fed Funds US Dollar Cash UCITS ETF (Dist),ETF,SW,8,1,down,4.2145,88.082,2025-12-09,3.7122,CHF
CD5E.SW,Amundi Index Solutions - Amundi EURO STOXX 50 UCITS ETF-D EUR EUR,ETF,SW,8,6,up,2.2745,102,2025-12-09,2.32,EUR
CBSEUD.SW,UBS(Lux)Fund Solutions – Bloomberg MSCI Euro Area Liquid Corp Sust UCITSETF(hedgedUSD)A-dis,ETF,SW,12,1,down,3.5174,10.701,2026-08-13,0.1835,USD
CBDAX.SW,Amundi Index Solutions - Amundi DAX UCITS ETF EUR Distributing EUR,ETF,SW,2,2,up,1.7955,190.06,2025-12-09,3.41251,CHF
CBMDAX.SW,Amundi Index Solutions - Amundi MDAX ESG UCITS ETF EUR Distributing EUR,ETF,SW,2,2,up,1.5472,25.625,2025-12-09,0.39646,CHF
BMAG.SW,Bajaj Mobility AG,COMMON STOCK,SW,7,1,down,0.0000,29.5,2024-04-24,0.48838,EUR
CHDIV.SW,UBS ETF (CH) - MSCI Switzerland IMI Dividend ESG (CHF) A-dis,ETF,SW,9,1,down,3.1429,14,2026-09-04,0.32,CHF
CFR.SW,Compagnie Financière Richemont SA,COMMON STOCK,SW,32,3,up,2.4964,172.25,2026-09-16,4.3,CHF
CHSRI.SW,UBS ETF (CH) - MSCI Switzerland IMI Socially Responsible (CHF) A-dis,ETF,SW,13,2,flat,1.8426,20.08,2026-09-04,0.3,CHF
CHEURD.SW,UBS(Lux)Fund Solutions – MSCI Switzerland 20/35 UCITS ETF(hedged EUR)A-dis,ETF,SW,7,6,up,1.5371,18.418,2026-08-13,0.2698,EUR
CHUSDD.SW,UBS(Lux)Fund Solutions – MSCI Switzerland 20/35 UCITS ETF(hedged USD)A-dis,ETF,SW,7,1,down,1.4346,17.566,2026-08-13,0.252,USD
CICN.SW,Cicor Technologies Ltd,COMMON STOCK,SW,8,1,down,0.0000,130.2,2021-04-20,1,CHF
CLN.SW,Clariant AG,COMMON STOCK,SW,29,5,flat,3.8853,10.81,2026-06-02,0.42,CHF
CHSRIA.SW,UBS ETF (CH) MSCI Switzerland IMI Socially Responsible (CHF) A-acc,ETF,SW,8,1,down,0.0000,23.42,2025-04-22,0.01386,CHF
CHDVD.SW,iShares Swiss Dividend ETF (CH),ETF,SW,76,1,down,3.0629,188.06,2026-07-21,0.76,CHF
CNESG.SW,UBS (Lux) Fund Solutions – MSCI China ESG Universal Low Carbon Select UCITS ETF (USD) A-dis,ETF,SW,13,1,down,2.3744,10.348,2026-08-13,0.1117,USD
CNYB.SW,iShares China CNY Bond UCITS ETF USD (Dist) USD,ETF,SW,14,1,down,1.6788,5.748,2026-06-18,0.0468,USD
CHCORP.SW,iShares Core CHF Corporate Bond ETF (CH),ETF,SW,25,5,up,1.2161,95.39,2026-07-21,0.58,CHF
CORP.SW,iShares Global Corp Bond UCITS ETF USD (Dist),ETF,SW,23,6,up,4.5381,85.208,2026-09-17,1.9372,USD
CHSPI.SW,iShares Core SPI® ETF (CH),ETF,SW,66,7,up,2.6008,167.64,2026-07-21,0.54,CHF
CHESG.SW,UBS ETF (CH) – SBI AAA-BBB ESG (CHF) A-dis CHF,ETF,SW,14,4,up,0.9203,95.618,2026-09-04,0.88,CHF
CRPH.SW,iShares Global Corp Bond EUR Hedged UCITS ETF (Dist) EUR,ETF,SW,25,1,down,4.2427,82,2026-04-16,1.7636,EUR
CSBGC7.SW,iShares Swiss Domestic Government Bond 3-7 ETF (CH),ETF,SW,28,1,down,1.1580,72.54,2026-07-21,0.64,CHF
CSEMAS.SW,iShares VII PLC - iShares MSCI EM Asia ETF USD Acc,ETF,SW,2,2,up,0.0000,299.75,2014-07-31,2.16529,USD
CSSMI.SW,iShares SMI® ETF (CH),ETF,SW,85,1,down,2.5304,144.64,2026-07-21,0.64,CHF
DAXEX.SW,iShares Core DAX® UCITS ETF (DE) EUR (Acc) CHF,ETF,SW,5,1,down,0.0000,198.26,2018-01-02,0.54134,CHF
CLTN.SW,Coltene Holding AG,COMMON STOCK,SW,21,1,down,0.6140,45.6,2026-04-23,0.28,CHF
CBUS5.SW,UBS(Lux)Fund Solutions – Bloomberg US Liquid Corporates 1-5 Year UCITS ETF(USD)A-dis USD,ETF,SW,24,1,down,4.6775,13.3555,2026-08-13,0.3034,USD
CBESG.SW,UBS ETF (CH) – SBI Corporate ESG A dis,ETF,SW,14,4,up,1.2224,69.538,2026-09-04,0.85,CHF
CSBGC0.SW,iShares Swiss Domestic Government Bond 7-15 ETF (CH),ETF,SW,28,2,up,1.2778,101.74,2026-07-21,0.7,CHF
CSSLI.SW,iShares SLI® ETF (CH),ETF,SW,90,2,up,2.2580,239.15,2026-07-21,1.02,CHF
DAXD.SW,Lyxor DAX (DR) UCITS ETF,ETF,SW,2,1,down,0.0000,87.92,2024-12-10,1.33473,CHF
DEM.SW,WisdomTree Emerging Markets Equity Income UCITS ETF CHF,ETF,SW,29,1,down,3.3502,16.74,2026-07-02,0.16579,CHF
CSSMIM.SW,iShares SMIM® ETF (CH),ETF,SW,72,2,up,1.6249,327.4,2026-07-21,0.72,CHF
COTN.SW,Comet Holding AG,COMMON STOCK,SW,24,1,down,0.1421,351.8,2026-04-16,0.5,CHF
CSBGC3.SW,iShares Swiss Domestic Government Bond 0-3 ETF (CH),ETF,SW,28,3,up,2.7208,61.746,2026-07-21,0.86,CHF
DFE.SW,WisdomTree Europe SmallCap Dividend UCITS ETF CHF,ETF,SW,30,1,down,3.6094,20.95,2026-07-02,0.41385,CHF
CMBN.SW,Cembra Money Bank AG,COMMON STOCK,SW,13,9,up,5.3333,86.25,2026-04-28,4.6,CHF
EAGG.SW,SPDR® Bloomberg Euro Aggregate Bond UCITS ETF CHF,ETF,SW,25,5,up,2.4944,49.419,2026-08-03,0.64483,CHF
CPHN.SW,CPH Chemie und Papier Holding,COMMON STOCK,SW,24,2,flat,3.4130,58.6,2026-03-19,2,CHF
E5ESG.SW,UBS(Lux)Fund Solutions – EURO STOXX 50 ESG UCITS ETF(EUR)A-dis EUR,ETF,SW,14,2,up,2.9473,22.95,2026-08-13,0.4489,EUR
EMD5.SW,L&G ESG Emerging Markets Government Bond (USD) 0-5 Year UCITS ETF CHF,ETF,SW,10,1,down,4.6894,7.4544,2026-07-16,0.16683,USD
EAST.SW,Lyxor MSCI Eastern Europe ex Russia UCITS ETF,ETF,SW,2,2,up,0.0000,61.47,2024-12-10,1.45775,CHF
EMDL.SW,SPDR® Bloomberg Emerging Markets Local Bond UCITS ETF (Dist) CHF,ETF,SW,26,4,up,5.2755,46.78,2026-08-03,1.26334,CHF
DGSE.SW,WisdomTree Emerging Markets SmallCap Dividend UCITS ETF CHF,ETF,SW,30,1,down,3.0396,20.1,2026-07-03,0.20887,CHF
DJMC.SW,iShares EURO STOXX Mid UCITS ETF EUR (Dist) CHF,ETF,SW,50,1,down,2.5320,84.32,2026-09-17,0.59087,CHF
DKSH.SW,DKSH Holding AG,COMMON STOCK,SW,15,6,up,3.6179,69.1,2026-03-31,2.5,CHF
EMH5.SW,SPDR® ICE BofA 0-5 Year EM USD Government Bond UCITS ETF CHF,ETF,SW,20,1,down,4.6601,22.224,2026-08-03,0.51767,USD
ELOVD.SW,UBS(Lux)Fund Solutions – Factor MSCI EMU Low Volatility UCITS ETF(EUR)A-dis EUR,ETF,SW,20,2,up,2.7372,18.758,2026-08-13,0.51345,EUR
DJSXE.SW,iShares Core EURO STOXX 50 UCITS ETF (DE) EUR,ETF,SW,52,5,up,2.5307,63.58,2026-09-15,0.80487,EUR
ESUN.SW,Edisun Power Europe AG,COMMON STOCK,SW,7,7,up,0.0000,71.4,2024-04-30,1.7,CHF
EUDV.SW,SPDR® S&P Euro Dividend Aristocrats UCITS ETF CHF,ETF,SW,26,5,up,3.7116,28.285,2026-09-21,0.91065,CHF
EUSD.SW,Global X European Superdividend UCITS ETF EUR Distribution,ETF,SW,13,2,up,6.5724,19.392,2026-09-24,0.12303,CHF
EMDV.SW,SPDR S&P Emerging Markets Dividend Aristocrats UCITS ETF CHF,ETF,SW,26,3,up,4.0996,14.328,2026-08-03,0.40691,USD
DESN.SW,Dottikon Es Holding AG,COMMON STOCK,SW,5,3,up,0.0000,259.5,2014-09-25,0.48316,CHF
GCVB.SW,SPDR Refinitiv Global Convertible Bond UCITS ETF CHF,ETF,SW,22,1,down,0.5593,57.19,2026-07-09,0.14976,CHF
ESCEUA.SW,UBS(Lux)Fund Solutions – MSCI EMU Small Cap UCITS ETF(EUR)A-dis EUR,ETF,SW,24,1,down,2.3955,151.48,2026-08-13,3.6287,EUR
GISE.SW,Lyxor Core Global Inflation-Linked 1-10Y Bond (DR) UCITS ETF Monthly hedged to EUR Inc,ETF,SW,1,1,new,0.9362,10.682,2025-12-09,0.1,EUR
DJSC.SW,iShares EURO STOXX Small UCITS ETF EUR (Dist) CHF,ETF,SW,84,7,up,3.7294,49.55,2026-09-17,0.5456,CHF
DAE.SW,Daetwyl I,COMMON STOCK,SW,33,4,flat,2.5478,125.6,2026-03-19,3.2,CHF
GGMUSY.SW,UBS (Irl) ETF plc - Solactive Global Pure Gold Miners UCITS ETF (USD) A-dis CHF,ETF,SW,26,3,up,0.9448,43.05,2026-08-13,0.24068,USD
FREN.SW,Fundamenta Real Estate AG,COMMON STOCK,SW,16,2,up,3.5608,16.85,2026-04-07,0.6,CHF
GLDVD.SW,UBS (Irl) ETF plc - S&P Dividend Aristocrats ESG Elite UCITS ETF (USD) A-dis,ETF,SW,24,3,up,3.3949,12.672,2026-08-13,0.2828,USD
GLDV.SW,SPDR® S&P Global Dividend Aristocrats UCITS ETF CHF,ETF,SW,50,1,down,3.8564,32.18,2026-08-03,0.46395,CHF
GOVD.SW,Lyxor Core Global Government Bond (DR) UCITS ETF GBP CHF,ETF,SW,8,4,up,2.6947,6.289,2025-12-09,0.16947,CHF
EMSN.SW,EMS-CHEMIE HOLDING AG,COMMON STOCK,SW,23,3,up,2.2222,828,2026-08-11,18.4,CHF
GOVY.SW,SPDR® Bloomberg Euro Government Bond UCITS ETF CHF,ETF,SW,26,6,up,2.5771,50.568,2026-08-03,0.67441,CHF
GHYC.SW,iShares Global High Yield Corp Bond CHF Hedged UCITS ETF (Dist),ETF,SW,26,1,down,7.2993,66.284,2026-07-16,0.9889,CHF
GLKBN.SW,Glarner Kantonalbank,COMMON STOCK,SW,12,2,flat,3.8168,26.2,2026-04-28,1,CHF
HIDR.SW,HSBC MSCI Indonesia UCITS ETF USD,ETF,SW,24,1,down,5.5147,36.72,2026-08-06,1.7277,USD
GAV.SW,Carlo Gavazzi Holding AG,COMMON STOCK,SW,26,1,down,0.0000,163,2024-08-02,8,CHF
HYEM.SW,VanEck Emerging Markets High Yield Bond UCITS ETF A USD CHF,ETF,SW,1,1,new,0.0000,115.09,2022-03-01,0.08689,USD
DOKA.SW,Dorma Kaba Holding AG,COMMON STOCK,SW,31,2,up,1.4397,63.9,2025-10-23,0.92,CHF
IECF.SW,iShares € Corp Bond Financials UCITS ETF EUR (Dist) CHF,ETF,SW,24,1,down,3.1857,93.354,2026-04-16,1.48004,CHF
IEXF.SW,iShares € Corp Bond ex-Financials UCITS ETF EUR (Dist) CHF,ETF,SW,24,1,down,1.4478,99.136,2026-07-16,1.43528,CHF
HKDU.SW,UBS(Lux)Fund Solutions – MSCI Hong Kong UCITS ETF(HKD)A-dis USD,ETF,SW,23,3,up,4.9177,17.74,2026-08-13,0.363,USD
IAPD.SW,iShares Asia Pacific Dividend UCITS,ETF,SW,80,1,down,4.1669,31.93,2026-09-17,0.228,USD
IHYU.SW,iShares $ High Yield Corp Bond UCITS ETF USD (Dist) CHF,ETF,SW,27,1,down,7.6037,76.33,2026-08-20,1.17147,USD
IASP.SW,iShares Asia Property Yield UCITS ETF USD (Dist),ETF,SW,56,1,down,3.8284,20.98,2026-08-20,0.1816,USD
IEAC.SW,iShares Core € Corp Bond UCITS ETF EUR (Dist),ETF,SW,30,1,down,3.6519,109.04,2026-07-16,1.9371,CHF
HLEE.SW,Highlight Event Entertainment,COMMON STOCK,SW,11,2,flat,0.0000,4.8,2010-05-17,0.9327,CHF
ISWD.SW,iShares MSCI World Islamic UCITS ETF USD (Dist) USD,ETF,SW,23,1,down,0.9263,69.98,2026-05-21,0.3174,USD
GIVN.SW,Givaudan SA,COMMON STOCK,SW,26,11,up,2.1065,3418,2026-03-23,72,CHF
IKOR.SW,iShares MSCI Korea UCITS ETF USD (Dist),ETF,SW,23,1,down,0.3529,130.96,2026-09-17,0.1757,USD
IUAG.SW,iShares US Aggregate Bond UCITS ETF USD (Dist) USD,ETF,SW,24,1,down,4.0251,90.098,2026-05-21,1.8199,USD
INFR.SW,iShares Global Infrastructure UCITS ETF USD (Dist),ETF,SW,55,1,down,2.2013,36.265,2026-08-20,0.2453,USD
GRKP.SW,Graubuendner Kantonalbank,COMMON STOCK,SW,27,6,flat,1.8199,2610,2026-03-13,47.5,CHF
JEPG.SW,JPM Global Equity Premium Income Active UCITS ETF - USD (dist),ETF,SW,31,1,down,7.8799,21.37,2026-09-10,0.11797,USD
IUKP.SW,iShares UK Property UCITS ETF GBP (Dist) CHF,ETF,SW,51,1,down,4.2003,4.7625,2026-08-20,0.05389,CHF
JNKE.SW,SPDR® Bloomberg Euro High Yield Bond UCITS ETF CHF,ETF,SW,26,1,down,5.3012,47.249,2026-08-03,1.26523,CHF
IFCN.SW,Inficon Holding,COMMON STOCK,SW,22,1,down,1.0858,184.2,2026-04-24,2,CHF
IPRP.SW,iShares European Property Yield UCITS ETF,ETF,SW,74,1,down,3.4277,25.65,2026-09-17,0.1516,CHF
IUKD.SW,iShares UK Dividend UCITS ETF GBP (Dist) CHF,ETF,SW,51,1,down,4.4922,11.2,2026-09-17,0.13925,CHF
INRG.SW,iShares Global Clean Energy UCITS ETF USD (Dist),ETF,SW,36,1,down,1.0942,9.678,2026-05-21,0.0192,USD
GURN.SW,Gurit Holding AG,COMMON STOCK,SW,30,1,down,0.0000,60.2,2024-04-22,0.35,CHF
JPNC.SW,Lyxor Japan (Topix) (DR) UCITS ETF Dist EUR CHF,ETF,SW,12,2,up,0.5696,214.2,2025-12-09,1.22,CHF
HUBN.SW,Huber+suhner AG,COMMON STOCK,SW,31,3,up,1.1198,178.6,2026-04-07,2,CHF
KHC.SW,Kraft Heinz Company,COMMON STOCK,SW,34,2,up,5.0265,19.848,2026-09-04,0.33255,USD
INTC.SW,Intel Corporation,COMMON STOCK,SW,91,1,down,0.0000,96.62,2023-05-04,0.10395,USD
KLIN.SW,Klingelnberg AG,COMMON STOCK,SW,4,3,flat,0.0000,10.5,2025-08-25,0.25,CHF
JPNUKD.SW,UBS(Lux)Fund Solutions – MSCI Japan UCITS ETF(JPY)A-UKdis,ETF,SW,25,1,down,1.3547,4498.5,2026-08-13,31.7322,JPY
IWRD.SW,iShares MSCI World UCITS ETF USD (Dist) USD,ETF,SW,83,1,down,0.8630,104.6,2026-09-17,0.1543,USD
HOLN.SW,Holcim AG,COMMON STOCK,SW,35,7,up,2.5126,67.66,2026-05-18,1.7,CHF
LJPN.SW,Lyxor Core MSCI Japan (DR) UCITS ETF 2 CHF,ETF,SW,8,3,up,1.5251,87.29,2025-12-09,1.33126,CHF
JPNJPA.SW,UBS(Lux)Fund Solutions – MSCI Japan UCITS ETF(JPY)A-dis CHF,ETF,SW,41,3,up,1.4889,66.14,2026-08-13,0.49672,CHF
LYQI.SW,Lyxor SG Global Quality Income NTR UCITS ETF - D-EUR USD,ETF,SW,13,1,down,3.1476,178.08,2025-12-09,5.60518,USD
LYSPH.SW,Lyxor S&P 500 UCITS ETF - Daily Hedged C-CHF,ETF,SW,13,1,down,0.9155,277.45,2025-12-09,2.54,CHF
IUSP.SW,iShares US Property Yield UCITS ETF USD (Dist),ETF,SW,78,1,down,3.1674,30.915,2026-08-20,0.248,USD
LEON.SW,Leonteq AG,COMMON STOCK,SW,10,2,up,0.0000,20,2025-03-31,1.5,CHF
LYSP5.SW,Lyxor S&P 500 UCITS ETF - D-USD USD,ETF,SW,21,1,down,0.8829,79.28,2025-12-09,0.7,USD
LYYIEL.SW,Amundi EUR High Yield Corporate Bond ESG UCITS ETF Dis EUR,ETF,SW,2,2,up,4.1183,105.87,2025-12-09,4.36,EUR
LQDE.SW,iShares $ Corp Bond UCITS ETF USD (Dist) USD,ETF,SW,51,1,down,4.8926,103.565,2026-09-17,1.2678,USD
LYWAT.SW,Lyxor MSCI Water ESG Filtered (DR) UCITS ETF Dist EUR,ETF,SW,11,2,up,1.0381,65.09,2025-12-09,0.67569,EUR
PADV.SW,SPDR® S&P Pan Asia Dividend Aristocrats UCITS ETF CHF,ETF,SW,25,4,up,2.8644,47.52,2026-08-03,0.83618,CHF
LEHN.SW,Lem Holding SA,COMMON STOCK,SW,27,1,down,0.0000,644,2024-07-02,50,CHF
PAXJ.SW,Lyxor MSCI Pacific Ex Japan UCITS ETF - D-USD CHF,ETF,SW,9,1,down,2.9311,102.42,2025-12-09,3.00204,USD
NVDA.SW,NVIDIA Corporation,COMMON STOCK,SW,44,2,up,0.2286,189,2026-09-10,0.20786,USD
PACUSA.SW,UBS(Lux)Fund Solutions – MSCI Pacific(ex Japan)UCITS ETF(USD)A-dis,ETF,SW,28,1,down,3.0986,54.67,2026-08-13,0.944,USD
LLY.SW,Eli Lilly and Company,COMMON STOCK,SW,126,1,down,0.5388,980,2026-08-14,1.40381,USD
ORON.SW,Orior AG,COMMON STOCK,SW,15,1,down,0.0000,12.4,2025-05-26,1.5,CHF
PEF.SW,Invesco FTSE RAFI Europe UCITS ETF CHF,ETF,SW,44,1,down,2.7508,15.17,2026-09-10,0.08208,CHF
NBEN.SW,Nebag ag,COMMON STOCK,SW,20,3,up,4.6154,6.5,2026-06-02,0.3,CHF
KNIN.SW,Kuehne & Nagel,COMMON STOCK,SW,32,1,down,2.6549,226,2026-05-08,6,CHF
PEDU.SW,Perrot Duval Holding SA,COMMON STOCK,SW,15,1,down,0.0000,120,2024-09-30,0.5,CHF
LISN.SW,Chocoladefabriken Lindt & Spruengli AG N,COMMON STOCK,SW,31,6,up,2.0157,89300,2026-04-20,1800,CHF
RSGN.SW,R&S GROUP HOLDING AG,COMMON STOCK,SW,3,3,flat,2.7130,18.43,2026-05-11,0.5,CHF
SDIV.SW,Global X SuperDividend UCITS ETF USD Dis CHF,ETF,SW,51,1,down,9.6767,7.922,2026-09-24,0.06631,USD
LONN.SW,Lonza Group AG,COMMON STOCK,SW,27,23,up,0.8559,584.2,2026-05-12,5,CHF
NEAG.SW,NATURENERGIE,COMMON STOCK,SW,20,8,flat,3.0303,29.7,2026-04-30,0.9,CHF
PEHH.SW,Invesco FTSE RAFI Emerging Markets UCITS ETF,ETF,SW,54,1,down,2.5670,12.022,2026-09-10,0.1215,USD
QDIV.SW,iShares MSCI USA Quality Dividend ESG UCITS ETF USD (Dist) USD,ETF,SW,27,1,down,1.5658,66.14,2026-08-20,0.2974,USD
PEAN.SW,Peach Property Group AG,COMMON STOCK,SW,4,2,up,0.0000,4.815,2022-05-24,0.2168,CHF
MIKN.SW,Mikron Holding AG,COMMON STOCK,SW,16,5,up,1.8750,16,2026-04-20,0.3,CHF
METN.SW,Metall Zug AG,COMMON STOCK,SW,31,2,flat,0.0000,876,2025-05-13,20,CHF
SESW.SW,iShares MSCI World SRI UCITS ETF EUR Hedged (Dist),ETF,SW,24,1,down,1.1845,8.459,2026-09-17,0.0183,EUR
SFSN.SW,SFS Group AG,COMMON STOCK,SW,12,4,up,1.4663,136.4,2026-04-28,2,CHF
SE15.SW,iShares € Corp Bond 1-5yr UCITS ETF EUR (Dist),ETF,SW,25,5,up,3.0789,98.614,2026-07-16,1.47248,CHF
SIGN.SW,SIG Combibloc Group AG,COMMON STOCK,SW,7,7,up,0.0000,13.66,2025-04-11,0.49,CHF
SFPN.SW,SF Urban Properties AG,COMMON STOCK,SW,18,1,down,1.7805,102.5,2026-04-20,1.825,CHF
SJNK.SW,SPDR® Bloomberg SASB U.S. High Yield Corporate ESG UCITS ETF CHF,ETF,SW,25,1,down,7.0893,32.27,2026-08-03,1.1337,CHF
SHLTN.SW,S H L Telemedicine Ltd,COMMON STOCK,SW,3,3,up,0.0000,1.07,2019-04-10,0.55135,ILS
SMG.SW,SMG Swiss Marketplace Group AG,COMMON STOCK,SW,1,1,new,1.2443,27.4,2026-04-23,0.34094,CHF
ROP.SW,Roche Holding AG,COMMON STOCK,SW,31,31,up,2.7575,355.4,2026-03-12,9.8,CHF
SOLR.SW,Invesco Solar Energy UCITS ETF USD,ETF,SW,1,1,new,0.0000,22.59,2022-03-15,0.285,USD
RIEN.SW,Rieter Holding AG,COMMON STOCK,SW,27,1,down,0.0000,2.455,2025-04-28,0.23568,CHF
SP500H.SW,UBS (Irl) ETF plc - S&P 500 UCITS ETF (hedged to GBP) A-dis,ETF,SW,20,4,up,0.9212,38.025,2026-08-13,0.1712,GBP
RO.SW,Roche Holding AG,COMMON STOCK,SW,33,31,up,2.6616,368.2,2026-03-12,9.8,CHF
SPISI.SW,UBS ETF (CH) - SPI® ESG (CHF) A-acc,ETF,SW,1,1,new,0.0000,19.22,2025-03-27,0.02568,CHF
SMMCHA.SW,UBS ETF (CH) – SMIM® (CHF) A-dis,ETF,SW,14,2,up,1.4288,315.65,2026-09-04,4.51,CHF
SGKN.SW,St Galler Kantonalbank AG,COMMON STOCK,SW,25,3,up,2.8169,710,2026-05-04,20,CHF
SRAIL.SW,Stadler Rail AG,COMMON STOCK,SW,7,2,up,1.6745,29.86,2026-05-07,0.5,CHF
SPICHA.SW,UBS ETF (CH) – SPI® (CHF) A-dis,ETF,SW,19,1,down,1.9773,89.01,2026-09-04,1.03,CHF
SUOE.SW,iShares € Corp Bond ESG UCITS ETF EUR (Dist) EUR,ETF,SW,13,1,down,3.3465,4.5899,2026-05-21,0.0759,EUR
SUOU.SW,iShares $ Corp Bond ESG UCITS ETF USD Inc USD,ETF,SW,13,1,down,5.1029,4.0859,2026-05-21,0.1039,USD
SRECHA.SW,UBS ETF (CH) – SXI Real Estate® Funds (CHF) A-dis,ETF,SW,14,1,down,1.0738,10.244,2026-09-04,0.11,CHF
SUSC.SW,SPDR® Bloomberg 0-3 Year U.S. Corporate Bond UCITS ETF CHF,ETF,SW,25,1,down,4.3186,40.477,2026-08-03,0.87377,CHF
SLHN.SW,Swiss Life Holding AG,COMMON STOCK,SW,33,16,up,3.9838,916.2,2026-05-11,36.5,CHF
SX7PEX.SW,iShares STOXX Europe 600 Banks UCITS ETF (DE) EUR,ETF,SW,42,4,up,3.3780,42.685,2026-07-15,0.97883,EUR
SLICHA.SW,UBS ETF (CH) – SLI® (CHF) A-dis,ETF,SW,71,3,up,2.0957,231.9,2026-09-04,2.84,CHF
TIGR.SW,L&G India INR Goverment Bond UCITS ETF,ETF,SW,10,1,down,5.9519,6.2246,2026-07-16,0.19497,CHF
SNBN.SW,Schweizerische Nationalbank,COMMON STOCK,SW,28,28,flat,0.4702,3190,2026-04-28,15,CHF
SMICHA.SW,UBS ETF (CH) – SMI® (CHF) A-dis,ETF,SW,74,1,down,1.9471,142.26,2026-09-04,1.27,CHF
TRSY.SW,SPDR Bloomberg U.S. Treasury Bond UCITS ETF (Dist),ETF,SW,26,6,up,3.7881,77.102,2026-08-03,1.53048,CHF
SW2CHA.SW,UBS(Lux)Fund Solutions – MSCI Switzerland 20/35 UCITS ETF(CHF)A-dis,ETF,SW,20,2,up,1.5204,26.165,2026-08-13,0.3978,CHF
STRN.SW,Schlatter Industries AG,COMMON STOCK,SW,9,1,down,0.0000,18.6,2025-05-08,0.5,CHF
SQN.SW,Swissquote Group Holding SA,COMMON STOCK,SW,24,10,up,2.0647,35.84,2026-05-11,0.74,CHF
SWUSAH.SW,UBS ETF (CH) – MSCI Switzerland hedged to USD (USD) A-dis,ETF,SW,18,1,down,1.8266,34.49,2026-09-04,0.34,USD
SIKA.SW,Sika AG,COMMON STOCK,SW,32,2,up,0.9968,185.6,2026-03-26,1.85,CHF
USEUYH.SW,UBS (Irl) ETF plc - MSCI USA hedged to EUR UCITS ETF (EUR) A-dis,ETF,SW,25,6,up,1.1087,49.745,2026-08-13,0.2191,EUR
TSWE.SW,VanEck Sustainable World Equal Weight UCITS ETF,ETF,SW,47,1,down,1.7346,40.52,2026-09-02,0.16022,CHF
VETY.SW,Vanguard EUR Eurozone Government Bond UCITS ETF CHF,ETF,SW,121,1,down,2.9693,19.87,2026-09-17,0.04787,CHF
VNRT.SW,Vanguard FTSE North America UCITS ETF CHF,ETF,SW,48,1,down,0.8509,155.94,2026-09-17,0.33167,CHF
VUCP.SW,Vanguard USD Corporate Bond UCITS ETF CHF,ETF,SW,126,1,down,5.0763,37.41,2026-09-17,0.1456,USD
VUTY.SW,Vanguard USD Treasury Bond UCITS ETF CHF,ETF,SW,124,1,down,4.1792,17.033,2026-09-17,0.05771,USD
WENE.SW,iShares MSCI World Energy Sector ESG UCITS ETF USD Inc USD,ETF,SW,8,1,down,2.4893,7.942,2026-06-18,0.0986,USD
UT7USA.SW,UBS(Lux)Fund Solutions – Bloomberg US 7-10 Year Treasury Bond UCITS ETF(USD)A-dis,ETF,SW,23,1,down,0.0000,37.183,2025-07-28,0.7883,USD
VAPX.SW,Vanguard FTSE Developed Asia Pacific ex Japan UCITS ETF USD Distributing CHF,ETF,SW,51,1,down,1.9897,37.755,2026-09-17,0.25843,USD
SWTQ.SW,Schweiter Technologies AG,COMMON STOCK,SW,29,3,flat,4.1322,363,2026-04-13,15,CHF
VFEM.SW,Vanguard FTSE Emerging Markets UCITS,ETF,SW,55,1,down,2.0704,67.94,2026-09-17,0.48069,CHF
XDN0.SW,Xtrackers MSCI Nordic UCITS ETF 1D CHF,ETF,SW,13,1,down,2.6107,50.09,2026-08-19,1.11948,CHF
VHYL.SW,Vanguard FTSE All-World High Dividend Yield UCITS ETF USD Distributing CHF,ETF,SW,53,1,down,2.4680,76.01,2026-09-17,0.42759,USD
SREN.SW,Swiss Re AG,COMMON STOCK,SW,34,2,up,4.4092,142.9,2026-04-14,6.3008,CHF
XUFN.SW,Xtrackers MSCI USA Financials UCITS ETF 1D CHF,ETF,SW,14,3,up,1.5201,26.13,2026-08-19,0.22572,USD
XYLF.SW,Global X S&P 500 Covered Call UCITS ETF Inc,ETF,SW,36,1,down,9.7000,13.238,2026-09-11,0.09386,CHF
VBSN.SW,IVF Hartmann Holding AG,COMMON STOCK,SW,31,2,up,2.9344,129.5,2026-04-16,3.8,CHF
ZPLA.SW,ZKB Platinum ETF AA CHF,ETF,SW,1,1,new,0.0000,418.05,2017-12-07,0.038,CHF
XG7G.SW,Xtrackers II Global Inflation-Linked Bond UCITS ETF 4D - CHF Hedged,ETF,SW,25,1,down,1.0206,84.662,2026-08-19,0.2255,CHF
XGSD.SW,Xtrackers Stoxx Global Select Dividend 100 Swap UCITS ETF 1D CHF,ETF,SW,27,1,down,3.8439,36.78,2026-08-19,0.38603,CHF
TXGN.SW,TX Group AG,COMMON STOCK,SW,24,1,down,2.3923,167.2,2026-04-14,4,CHF
WKBN.SW,Banque Cantonale du Valais,COMMON STOCK,SW,30,30,up,2.3952,167,2026-04-28,4,CHF
ZEHN.SW,Zehnder,COMMON STOCK,SW,32,2,up,1.9471,71.9,2026-03-23,1.4,CHF
ASBHY.US,"Asahi Group Holdings, Ltd.",COMMON STOCK,OTCQB,1,1,new,1.6204,10,2026-06-30,0.16204,USD
ALRPF.US,"Alantra Partners, S.A.",COMMON STOCK,OTCQB,1,1,new,6.2000,9.5,2026-05-11,0.589,USD
ARTNB.US,Artesian Resources Corporation,COMMON STOCK,OTCQB,130,1,down,3.7839,33.51,2026-08-17,0.32,USD
BABB.US,BAB Inc,COMMON STOCK,OTCQB,87,1,down,5.8858,0.8495,2026-09-29,0.01,USD
ASYTF.US,Assystem S.A.,COMMON STOCK,OTCQB,2,1,down,3.2334,35.3,2026-07-08,1.1414,USD
ARYTF.US,Aryt Industries Ltd.,COMMON STOCK,OTCQB,15,4,up,23.6292,5.715,2026-08-28,1.01479,USD
AVVSY.US,Avio S.p.A.,COMMON STOCK,OTCQB,2,1,down,23.9963,8.0096,2026-05-19,0.04297,USD
AZURF.US,Azincourt Uranium Inc,COMMON STOCK,OTCQB,1,1,new,0.0000,0.0267,2014-10-06,1.31415,USD
AIJTY.US,Jianpu Technology Inc.,COMMON STOCK,OTCQB,5,1,down,157.1277,0.94,2026-10-27,0.479,USD
AERG.US,Applied Energetics,COMMON STOCK,OTCQB,1,1,new,0.0000,0.9,2001-02-12,0.1958,USD
APHBF.US,Alpha Bank S.A.,COMMON STOCK,OTCQB,5,3,up,4.5624,4.44,2026-07-02,0.0751,USD
ARSTY.US,Ariston Holding N.V.,COMMON STOCK,OTCQB,1,1,new,2.6100,17.7975,2026-05-19,0.46452,USD
APTFF.US,AP (Thailand) Public Company Limited,COMMON STOCK,OTCQB,1,1,new,6.5872,0.235,2026-05-06,0.01548,USD
AVVZF.US,Avanza Bank Holding AB (publ),COMMON STOCK,OTCQB,3,2,up,11.7527,22.62,2026-04-30,1.3783,USD
BFAAF.US,Bufab AB (publ),COMMON STOCK,OTCQB,2,1,new,3.1688,8.572,2026-04-27,0.1411,USD
BGNMF.US,Banca Generali S.p.A.,COMMON STOCK,OTCQB,6,1,down,4.3798,75.75,2026-05-19,2.5525,USD
BMPSY.US,Banca Monte dei Paschi di Siena S.p.A.,COMMON STOCK,OTCQB,1,1,new,7.2839,13.72,2026-05-19,0.99935,USD
BMNM.US,Bimini Capital Management Inc,COMMON STOCK,OTCQB,18,1,down,0.0000,3.29,2011-07-27,0.033,USD
BPERF.US,BPER Banca SpA,COMMON STOCK,OTCQB,1,1,new,3.8644,16.8125,2026-05-19,0.6497,USD
BRST.US,Broad Street Realty Inc,COMMON STOCK,OTCQB,13,2,flat,0.0000,0.0001,1989-12-22,112.5,USD
BMTLF.US,BeMetals Corp,COMMON STOCK,OTCQB,1,1,new,43.2526,0.285,2026-09-04,0.12327,USD
BRIPF.US,Brookfield Infrastructure Partners L.P.,COMMON STOCK,OTCQB,4,2,up,6.3684,17.8493,2026-08-31,0.28418,USD
BKFOF.US,Brookfield Corporation,COMMON STOCK,OTCQB,3,1,new,4.5227,17.97,2026-09-15,0.27091,USD
ACOLF.US,"and ST HD Co.,Ltd.",COMMON STOCK,OTCQB,21,1,down,2.2655,25.16,2026-08-31,0.2817,USD
BWOSF.US,BW Offshore Limited,COMMON STOCK,OTCQB,33,1,down,8.1072,4.57,2026-08-28,0.0625,USD
BYSTF.US,Bystronic AG,COMMON STOCK,OTCQB,3,2,up,6.0250,164.4028,2026-04-24,5.0968,USD
BVENY.US,Brava Energia S.A.,COMMON STOCK,OTCQB,1,1,new,0.7219,3.4256,2026-04-30,0.02473,USD
CHBH.US,Croghan Bancshares Inc,COMMON STOCK,OTCQB,118,14,up,4.2586,71.15,2026-10-09,0.62,USD
CTATF.US,"Contemporary Amperex Technology Co., Limited",COMMON STOCK,OTCQB,4,2,up,3.9803,61,2026-08-10,0.2076,USD
CDBMF.US,Cordoba Minerals Corp,COMMON STOCK,OTCQB,1,1,new,531.5789,0.19,2026-03-26,1.01,USD
DGMDF.US,Digital Domain Holdings Limited,COMMON STOCK,OTCQB,45,2,up,0.0000,0.044,2022-03-10,0.98,USD
CPKRF.US,Canada Packers Inc.,COMMON STOCK,OTCQB,3,2,up,4.6137,10.84,2026-06-09,0.16898,USD
EDMFF.US,EDM Resources Inc.,COMMON STOCK,OTCQB,1,1,new,0.0000,0.459,2013-12-24,6.6,USD
BARUF.US,Baru Gold Corp,COMMON STOCK,OTCQB,1,1,new,0.0000,0.0411,2007-10-17,5.46,USD
CANRF.US,"Canare Electric Co., Ltd.",COMMON STOCK,OTCQB,5,1,down,4.5311,9.96,2026-06-29,0.20976,USD
ERBKY.US,Eurobank S.A.,COMMON STOCK,OTCQB,1,1,new,1.3863,12.01,2026-06-22,0.16649,USD
FINBF.US,Finbar Group Limited,COMMON STOCK,OTCQB,1,1,new,3.9534,0.5322,2026-09-03,0.02104,USD
FBTT.US,First Bankers Trustshares Inc,COMMON STOCK,OTCQB,124,1,down,6.8148,27,2026-09-25,0.23,USD
EXSNY.US,Exosens,COMMON STOCK,OTCQB,1,1,new,0.4715,18.5,2026-05-28,0.08723,USD
BCTF.US,Bancorp 34 Inc,COMMON STOCK,OTCQB,60,1,down,0.0000,15.5,2023-05-11,0.07,USD
FMCCG.US,Federal Home Loan Mortgage Corp Pref Floating,COMMON STOCK,OTCQB,38,1,down,0.0000,9.75,2008-06-12,0.34,USD
CYSNF.US,C-Com Satellite Systems Inc,COMMON STOCK,OTCQB,50,13,flat,0.0000,0.5968,2024-10-30,0.00882,USD
FMCCJ.US,Federal Home Loan Mortgage Corp CJ Pref,COMMON STOCK,OTCQB,28,1,down,0.0000,9.61,2008-06-12,0.645,USD
FMCCH.US,Federal Home Loan Mortgage Corp CH Pref,COMMON STOCK,OTCQB,39,1,down,0.0000,10.45,2008-06-12,0.638,USD
EURBF.US,Eurobank S.A.,COMMON STOCK,OTCQB,6,1,down,4.0796,5.39,2026-06-11,0.0828,USD
FBPA.US,The Farmers Bank of Appomattox,COMMON STOCK,OTCQB,38,3,up,3.9002,32.05,2026-08-24,0.6,USD
FMCCN.US,Federal Home Loan Mortgage Corp Pref Variable Non Cumulative,COMMON STOCK,OTCQB,28,1,down,0.0000,9.46,2008-06-12,0.29291,USD
FMCCK.US,Federal Home Loan Mortgage Corp Pref 5.79,COMMON STOCK,OTCQB,37,1,down,0.0000,11.08,2008-06-12,0.724,USD
FMCCO.US,Federal Home Loan Mortgage Corp CO Pref,COMMON STOCK,OTCQB,28,1,down,0.0000,11.19,2008-06-12,0.726,USD
FMCCS.US,Federal Home Loan Mortgage Corp Pref Perpetual Non Cumalative,COMMON STOCK,OTCQB,8,1,down,0.0000,9.8,2008-06-12,0.51,USD
FMCKK.US,Federal Home Loan Mortgage Corp Pref 5,COMMON STOCK,OTCQB,41,1,down,0.0000,10.78,2008-06-12,0.625,USD
FMCKI.US,Federal Hme 6.55 Pf,COMMON STOCK,OTCQB,3,2,up,0.0000,6.026,2008-06-12,0.40938,USD
FMCKJ.US,Federal Home Loan Mortgage Corp Pref 8.375,COMMON STOCK,OTCQB,2,1,new,0.0000,7.2,2008-06-12,0.52344,USD
FMCKL.US,Federal Home Loan Mortgage Corp Pref 6.02,COMMON STOCK,OTCQB,4,2,up,0.0000,6.1,2008-06-12,0.37625,USD
FMCKO.US,Federal Home Loan Mortgage Corp Pref 5.9,COMMON STOCK,OTCQB,7,1,down,0.0000,6.18,2008-06-12,0.36875,USD
FMCKP.US,Federal Home Loan Mortgage Corp Pref 5.7,COMMON STOCK,OTCQB,27,1,down,0.0000,10.98,2008-06-12,0.713,USD
FNMAI.US,Federal National Mortgage Association Pref Q,COMMON STOCK,OTCQB,4,2,up,0.0000,6.0375,2008-09-11,0.42188,USD
FNMAH.US,Federal Natl Mtg Pfd,COMMON STOCK,OTCQB,4,2,up,0.0000,5.8,2008-09-11,0.2875,USD
FMCCL.US,Federal Home Loan Mortgage Corp CL Pref,COMMON STOCK,OTCQB,35,1,down,0.0000,10.01,2008-06-12,0.448,USD
FMCCM.US,Federal Home Loan Mortgage Corp Pref 4.77,COMMON STOCK,OTCQB,29,1,down,0.0000,10.06,2008-06-12,0.585,USD
FMCCI.US,Federal Home Loan Mortgage Corp Pref Var,COMMON STOCK,OTCQB,46,1,down,0.0000,9.79,2008-06-12,0.34,USD
FNMAO.US,Federal National Mortgage Association Pref Non Cum G,COMMON STOCK,OTCQB,33,1,down,0.0000,10.24,2008-09-11,0.574,USD
FMCCT.US,Federal Home Loan Mortgage Corp Pref Perpetual,COMMON STOCK,OTCQB,8,1,down,0.0000,11.75,2008-06-12,0.8025,USD
FNMAJ.US,Federal National Mortgage Association Pref R,COMMON STOCK,OTCQB,4,2,up,0.0000,6.25,2008-09-11,0.47656,USD
FMCCP.US,Federal Home Loan Mortgage Corp CP Pref,COMMON STOCK,OTCQB,27,1,down,0.0000,11.34,2008-06-12,0.75,USD
FMCKM.US,Federal Home Ln Mtg,COMMON STOCK,OTCQB,6,1,down,0.0000,5.6,2008-06-12,0.34813,USD
FRUYF.US,"Furuya Metal Co., Ltd.",COMMON STOCK,OTCQB,2,1,new,8.6303,20.72,2026-06-30,1.04795,USD
FNMAP.US,Federal National Mortgage Association Pref F,COMMON STOCK,OTCQB,34,1,down,0.0000,9.77,2008-09-11,0.17,USD
FREJP.US,Federal Home 5.30%,COMMON STOCK,OTCQB,22,1,down,0.0000,11,2008-06-12,0.6625,USD
FREGP.US,Federal Home Loan Mortgage Corp GP Pref,COMMON STOCK,OTCQB,18,1,down,0.0000,11.53,2008-06-12,0.72625,USD
FNMFN.US,Federal National Mortgage Association Pref O,COMMON STOCK,OTCQB,14,1,down,0.0000,12.6,2008-09-14,0.875,USD
FNMAG.US,Federal National Mortgage Association Pref I,COMMON STOCK,OTCQB,24,1,down,0.0000,11.5,2008-09-11,0.672,USD
FNMAT.US,Federal National Mortgage Association Pref T,COMMON STOCK,OTCQB,2,1,new,0.0000,6.79,2008-09-11,0.5156,USD
GFSEF.US,"GF Securities Co., Ltd.",COMMON STOCK,OTCQB,3,2,up,5.5100,2,2026-09-21,0.0368,USD
GEOUF.US,Golden Energy Offshore Services AS,COMMON STOCK,OTCQB,2,1,new,72.2862,1.16,2026-08-07,0.4191,USD
FREJO.US,Federal Home Loan Mortgage Corporation PFD 5.1% SAL,COMMON STOCK,OTCQB,12,1,down,0.0000,14.01,2008-06-12,0.6375,USD
FNMAK.US,Federal Natl Pfd N,COMMON STOCK,OTCQB,20,1,down,0.0000,12.45,2008-09-11,0.688,USD
FTCO.US,Fortitude Gold Corp,COMMON STOCK,OTCQB,66,1,down,2.6258,4.57,2026-09-18,0.01,USD
FNMAL.US,Federal National Mortgage Association Pref M,COMMON STOCK,OTCQB,21,1,down,0.0000,10.36,2008-09-11,0.594,USD
GUGNF.US,GDH Guangnan (Holdings) Limited,COMMON STOCK,OTCQB,4,1,down,7.8667,0.06,2026-06-29,0.00153,USD
FMCC.US,Federal Home Loan Mortgage Corp,COMMON STOCK,OTCQB,82,1,down,0.0000,4,2008-06-12,0.25,USD
INVUP.US,Investview Inc,COMMON STOCK,OTCQB,13,1,down,15.6311,25.9899,2026-09-30,0.8125,USD
JHPCY.US,"Jiangsu Hengrui Pharmaceuticals Co.,Ltd",COMMON STOCK,OTCQB,1,1,new,0.5062,11.5,2026-04-30,0.05821,USD
KSVRF.US,KSB SE & Co. KGaA,COMMON STOCK,OTCQB,1,1,new,2.3377,1348.47,2026-05-11,31.523,USD
LGBOF.US,Lingbao Gold Group Company Ltd.,COMMON STOCK,OTCQB,3,1,down,0.2786,2.62,2026-05-26,0.0073,USD
LTMGF.US,Lottomatica Group S.p.A.,COMMON STOCK,OTCQB,1,1,new,1.6468,31,2026-05-19,0.5105,USD
MGCOF.US,"Midea Group Co., Ltd.",COMMON STOCK,OTCQB,2,2,up,5.2264,12.012,2026-06-18,0.5574,USD
MTSMF.US,"Mitsui Matsushima Holdings Co., Ltd.",COMMON STOCK,OTCQB,3,1,down,4.5900,9,2026-03-31,0.2577,USD
PAEXY.US,Parex Resources Inc.,COMMON STOCK,OTCQB,2,1,new,2.7257,20.22,2026-09-08,0.27622,USD
FMCKN.US,Federal Home Loan Mortgage Corp KN Pref,COMMON STOCK,OTCQB,5,1,down,0.0000,6.6,2008-06-12,0.35375,USD
FNMAM.US,Federal National Mortgage Association AM Pref,COMMON STOCK,OTCQB,30,1,down,0.0000,11.65,2008-09-11,0.726,USD
GOVB.US,Gouverneur Bancorp,COMMON STOCK,OTCQB,51,1,down,0.7937,22.68,2026-05-04,0.09,USD
RENZY.US,"REN - Redes EnergÃ©ticas Nacionais, SGPS, S.A.",COMMON STOCK,OTCQB,2,2,up,4.6033,8.16,2026-05-18,0.22506,USD
NAUH.US,National American University Holdings Inc,COMMON STOCK,OTCQB,32,1,down,0.0000,0.06,2017-09-28,0.045,USD
SCND.US,Scientific Industries Inc,COMMON STOCK,OTCQB,14,2,up,0.0000,0.75,2018-11-27,0.05,USD
NCHEF.US,Nichirei Corporation,COMMON STOCK,OTCQB,21,1,down,2.8896,10.6,2026-03-31,0.1509,USD
LSRBF.US,LaserBond Limited,COMMON STOCK,OTCQB,2,1,new,2.4933,0.45,2026-09-03,0.00561,USD
SKAS.US,Saker Aviation Services Inc,COMMON STOCK,OTCQB,4,2,up,0.0000,6.2,2020-08-13,0.125,USD
LOGN.US,Logansport Financial Corp,COMMON STOCK,OTCQB,130,1,down,4.9153,36.62,2026-09-18,0.45,USD
GLFE.US,Golf Entertainment Group Inc.,COMMON STOCK,OTCQB,47,6,flat,0.0000,7.5,2016-12-16,12,USD
LADX.US,LadRx Corporation,COMMON STOCK,OTCQB,1,1,new,0.0000,0.0002,2008-03-07,1045.8,USD
SKSDF.US,Sakata Seed Corporation,COMMON STOCK,OTCQB,9,3,up,201.1540,25.25,2026-05-31,50,USD
SPGNY.US,Springer Nature AG & Co. KGaA,COMMON STOCK,OTCQB,1,1,new,4.2146,11.44,2026-06-01,0.48215,USD
PHXHF.US,PHX Energy Services Corp,COMMON STOCK,OTCQB,161,1,down,10.1537,8.51,2026-09-29,0.14288,USD
TMLDF.US,Tasmea Limited,COMMON STOCK,OTCQB,1,1,new,0.8371,8.35,2026-06-11,0.0699,USD
TOWCF.US,TOWA Corporation,COMMON STOCK,OTCQB,4,1,down,0.9102,13.81,2026-03-31,0.1257,USD
WBKCY.US,Westpac Banking Corporation,COMMON STOCK,OTCQB,1,1,new,2.1613,12.27,2026-05-15,0.26519,USD
WELPM.US,Wisconsin Electric Power Company PFD 6%,COMMON STOCK,OTCQB,130,9,flat,7.0755,106,2026-10-14,1.5,USD
FNMAN.US,Federal National Mortgage Association AN Pref,COMMON STOCK,OTCQB,22,1,down,0.0000,11.42,2008-09-11,0.641,USD
FNMA.US,Federal National Mortgage Association,COMMON STOCK,OTCQB,100,1,down,0.0000,4.39,2008-08-14,0.05,USD
ADMF.JK,Adira Dinamika Multi Finance,COMMON STOCK,JK,23,1,down,7.6364,8250,2026-04-15,630,IDR
ADRO.JK,PT Alamtri Resources Indonesia Tbk,COMMON STOCK,JK,35,1,down,10.6640,2470,2026-04-28,118.26,IDR
AGII.JK,Aneka Gas Industri Tbk PT,COMMON STOCK,JK,7,2,up,0.3329,3430,2026-06-23,11.42,IDR
ACES.JK,Ace Hardware Indonesia Tbk,COMMON STOCK,JK,19,1,down,9.3596,342,2026-06-22,32.01,IDR
ACRO.JK,PT Samcro Hyosung Adilestari T,COMMON STOCK,JK,2,1,down,6.5208,48,2026-07-01,3.13,IDR
ADMR.JK,Adaro Minerals Indonesia Tbk PT,COMMON STOCK,JK,2,2,up,3.3973,1490,2026-04-28,50.62,IDR
ACST.JK,Acset Indonusa Tbk,COMMON STOCK,JK,10,2,up,0.0000,87,2019-04-23,2.68653,IDR
AGRO.JK,Bank Rakyat Indonesia Agroniaga,COMMON STOCK,JK,6,1,down,0.0000,134,2019-04-09,1.87226,IDR
ADES.JK,Akasha Wira International Tbk,COMMON STOCK,JK,2,1,down,0.0000,35950,2003-06-30,2,IDR
AADI.JK,Adaro Andalan Indonesia Tbk,COMMON STOCK,JK,2,1,down,9.0420,11075,2026-06-05,463.32,IDR
AALI.JK,Astra Agro Lestari Tbk,COMMON STOCK,JK,44,3,up,5.8718,7800,2026-04-24,335,IDR
ADCP.JK,Adhi Commuter Properti Tbk PT,COMMON STOCK,JK,1,1,new,0.0000,50,2022-07-07,1.17,IDR
AKKU.JK,Anugerah Kagum Karya Utama Tbk PT,COMMON STOCK,JK,2,1,down,0.0000,35,2006-12-15,0.59736,IDR
AKPI.JK,Argha Karya Prima Ind Tbk,COMMON STOCK,JK,13,2,up,1.6058,515,2026-06-12,8.27,IDR
AISA.JK,FKS Food Sejahtera Tbk PT,COMMON STOCK,JK,3,3,up,0.0000,116,2014-12-29,8.5,IDR
AKSI.JK,Maming Enam Sembilan Mineral Tbk PT,COMMON STOCK,JK,2,1,down,0.0000,380,2011-05-18,1,IDR
ALDO.JK,Alkindo Naratama Tbk,COMMON STOCK,JK,12,3,flat,0.0426,1175,2026-07-03,0.5,IDR
ALII.JK,PT Ancara Logistics Indonesia,COMMON STOCK,JK,2,2,up,1.8841,690,2026-06-29,13,IDR
AKRA.JK,Akr Corporindo Tbk,COMMON STOCK,JK,41,3,flat,6.9204,1445,2026-08-03,50,IDR
AMAG.JK,Asuransi Multi Artha Guna Tbk PT,COMMON STOCK,JK,14,1,down,7.8534,382,2026-05-07,30,IDR
AMFG.JK,Asahimas Flat Glass Tbk,COMMON STOCK,JK,23,3,flat,2.5000,3200,2026-07-07,80,IDR
AMIN.JK,Ateliers Mecaniques D’Indonesie Tbk PT,COMMON STOCK,JK,7,3,up,3.8168,262,2026-06-17,10,IDR
AMAN.JK,Makmur Berkah Amanda Pt,COMMON STOCK,JK,3,3,up,0.0000,193,2024-07-04,1,IDR
AMRT.JK,Sumber Alfaria Trijaya Tbk,COMMON STOCK,JK,20,6,up,3.1321,1325,2026-06-15,41.5,IDR
ANJT.JK,Austindo Nusantara Jaya Tbk,COMMON STOCK,JK,8,1,down,0.0000,1560,2023-06-16,27.8,IDR
ANTM.JK,PT Antam (Persero) Tbk,COMMON STOCK,JK,31,7,up,6.6242,3170,2026-06-22,209.98866,IDR
ABMM.JK,Abm Investama Tbk,COMMON STOCK,JK,10,1,down,3.7597,2580,2026-05-11,97,IDR
AMOR.JK,Ashmore Asset Management Indonesia,COMMON STOCK,JK,11,1,down,8.9489,352,2026-02-11,13,IDR
ARCI.JK,Archi Indonesia Tbk PT,COMMON STOCK,JK,2,2,up,3.3061,1225,2026-05-20,20.69,IDR
AMAR.JK,Bank Amar Indonesia,COMMON STOCK,JK,9,1,down,5.1563,224,2026-08-12,3.9,IDR
APII.JK,Arita Prima Indonesia Tbk,COMMON STOCK,JK,4,3,up,2.1053,190,2026-07-06,4,IDR
APLI.JK,Asiaplast Industries Tbk,COMMON STOCK,JK,3,2,up,15.8381,278,2026-06-08,44.03,IDR
APLN.JK,Agung Podomoro Land Tbk,COMMON STOCK,JK,4,1,down,0.0000,111,2017-06-20,2,IDR
ALMI.JK,Alumindo Light Metal Industry,COMMON STOCK,JK,7,2,up,0.0000,74,2014-10-03,20,IDR
AIMS.JK,Akbar Indomakmur Stimec Tbk,COMMON STOCK,JK,2,2,up,0.0000,482,2004-07-19,0.75,IDR
AHAP.JK,Asuransi Harta Aman Pratama Tbk PT,COMMON STOCK,JK,11,1,down,0.0000,93,2017-06-21,0.42156,IDR
ARTI.JK,Ratu Prabu Energi Tbk,COMMON STOCK,JK,1,1,new,0.0000,2,2004-10-26,0.43637,IDR
ABDA.JK,Asuransi Bina Dana Arta Tbk,COMMON STOCK,JK,17,3,up,0.0000,4920,2022-06-07,81.50685,IDR
APEX.JK,Apexindo Pratama Duta Tbk,COMMON STOCK,JK,1,1,new,0.0000,173,2008-06-05,77,IDR
ADHI.JK,Adhi Karya Persero Tbk,COMMON STOCK,JK,17,1,down,0.0000,133,2020-06-15,17.0694,IDR
ASLC.JK,Autopedia Sukses Lestari Tbk PT,COMMON STOCK,JK,2,2,flat,1.7241,58,2026-06-02,1,IDR
ASPR.JK,PT Asia Pramulia Tbk,COMMON STOCK,JK,1,1,new,0.4476,143,2026-06-19,0.64,IDR
ARNA.JK,Arwana Citramulia Tbk,COMMON STOCK,JK,20,3,up,8.6538,520,2026-04-17,45,IDR
ARTA.JK,Arthavest Tbk,COMMON STOCK,JK,4,2,up,0.0000,2060,2025-06-25,28,IDR
ATAP.JK,Trimitra Prawara Goldland Tbk Pt,COMMON STOCK,JK,3,1,down,0.0000,540,2023-07-11,0.12,IDR
ASDM.JK,Asuransi Dayin Mitra Tbk,COMMON STOCK,JK,24,1,down,6.3366,505,2026-07-07,32,IDR
ATLA.JK,Atlantis Subsea Indonesia Tbk Pt,COMMON STOCK,JK,2,1,down,1.5258,37,2026-06-15,0.56456,IDR
ASRI.JK,Alam Sutera Realty Tbk,COMMON STOCK,JK,9,2,flat,1.3043,115,2026-06-22,1.5,IDR
ASSA.JK,Adi Sarana Armada Tbk,COMMON STOCK,JK,10,1,down,8.3333,600,2026-06-26,30,IDR
AVIA.JK,Avia Avian PT Tbk,COMMON STOCK,JK,9,1,down,6.8452,336,2026-04-20,12,IDR
AXIO.JK,Tera Data Indonusa,COMMON STOCK,JK,7,1,down,8.0357,112,2026-06-09,4,IDR
ASGR.JK,Astra Graphia Tbk,COMMON STOCK,JK,41,6,up,10.8072,2230,2026-04-24,211,IDR
ASII.JK,Astra International Tbk,COMMON STOCK,JK,46,1,down,8.2803,4710,2026-05-05,292,IDR
ATIC.JK,Anabatic Technologies Tbk PT,COMMON STOCK,JK,4,4,flat,0.0000,446,2019-07-08,7,IDR
BATR.JK,PT Benteng Api Technic Tbk,COMMON STOCK,JK,2,2,up,2.2472,89,2026-06-23,2,IDR
ASRM.JK,Asuransi Ramayana Tbk,COMMON STOCK,JK,21,1,down,1.1029,272,2026-06-03,3,IDR
BBHI.JK,Bk Harda Internasional Tbk Pt,COMMON STOCK,JK,2,2,up,1.6917,785,2026-07-06,13.28,IDR
BAYU.JK,Bayu Buana Tbk,COMMON STOCK,JK,8,6,flat,7.7821,1285,2026-05-20,100,IDR
BAJA.JK,Saranacentral Bajatama Tbk,COMMON STOCK,JK,1,1,new,0.0000,316,2013-12-27,3.15,IDR
BALI.JK,Bali Towerindo Sentra Tbk,COMMON STOCK,JK,7,1,down,2.3438,1280,2026-06-17,30,IDR
ASJT.JK,Asuransi Jasa Tania Tbk,COMMON STOCK,JK,15,1,down,0.5984,160,2026-05-07,0.9574,IDR
BAUT.JK,Mitra Angkasa Sejahtera PT Tbk,COMMON STOCK,JK,2,1,down,0.0000,36,2024-05-30,0.22,IDR
ASBI.JK,Asuransi Bintang Tbk,COMMON STOCK,JK,22,3,up,1.4541,392,2026-06-22,5.7,IDR
BBRM.JK,Pelayaran Nasional Bina Buana Raya,COMMON STOCK,JK,1,1,new,0.0000,105,2019-05-08,45.61,IDR
BABP.JK,Bank Mnc Internasional Tbk,COMMON STOCK,JK,6,2,up,0.0000,37,2011-07-15,0.59734,IDR
BDKR.JK,PT Berdikari Foundation Perkas,COMMON STOCK,JK,3,2,up,1.5497,171,2026-06-24,2.65,IDR
BBMD.JK,Bank Mestika Dharma Tbk,COMMON STOCK,JK,11,1,down,1.1109,2010,2026-06-19,22.33,IDR
BATA.JK,Sepatu Bata Tbk,COMMON STOCK,JK,36,1,down,0.0000,59,2019-12-03,3.22,IDR
BBCA.JK,Bank Central Asia Tbk,COMMON STOCK,JK,47,17,up,6.1700,6175,2026-08-31,25,IDR
BEBS.JK,Berkah Beton Sadaya Tbk PT,COMMON STOCK,JK,1,1,new,0.0000,5,2022-05-24,0.734,IDR
BBYB.JK,Bank Yudha Bhakti Tbk,COMMON STOCK,JK,4,1,down,0.0000,198,2021-04-12,0.20778,IDR
BEER.JK,PT Jobubu Jarum Minahasa Tbk,COMMON STOCK,JK,2,1,down,0.0000,59,2024-06-28,0.41,IDR
BBTN.JK,Bank Tabungan Negara Persero,COMMON STOCK,JK,15,5,up,0.0000,1090,2025-04-15,53.57048,IDR
AUTO.JK,Astra Otoparts Tbk,COMMON STOCK,JK,45,1,down,6.9394,3300,2026-04-28,170,IDR
BELL.JK,Trisula Textile Industries Tbk PT,COMMON STOCK,JK,9,3,up,1.4839,93,2026-05-04,1.38,IDR
BBNI.JK,Bank Negara Indonesia Tbk,COMMON STOCK,JK,26,1,down,10.1574,3440,2026-03-25,349.41336,IDR
BESS.JK,Batulicin Nusantara Maritim Tbk PT,COMMON STOCK,JK,1,1,new,0.6056,720,2026-06-30,4.36,IDR
BIKE.JK,Sepeda Bersama Indonesia Tbk PT,COMMON STOCK,JK,5,2,up,0.0000,1505,2025-05-09,15,IDR
BBRI.JK,Bank Rakyat Indonesia Persero,COMMON STOCK,JK,29,1,down,10.8805,3180,2026-04-21,209,IDR
BDMN.JK,Bank Danamon Indonesia Tbk,COMMON STOCK,JK,27,2,up,3.3222,4280,2026-04-10,142.19,IDR
BBLD.JK,Buana Finance Tbk,COMMON STOCK,JK,21,1,down,0.3788,660,2026-05-29,2.5,IDR
BBKP.JK,Bank Bukopin Tbk,COMMON STOCK,JK,11,3,up,0.0000,42,2017-05-18,25.32294,IDR
BEST.JK,Bekasi Fajar Industrial Estate,COMMON STOCK,JK,7,1,down,0.0000,117,2019-05-14,8.75,IDR
APIC.JK,Pacific Strategic Financial,COMMON STOCK,JK,5,1,down,0.0000,398,2011-10-06,0.01865,IDR
BINO.JK,PT Perma Plasindo Tbk,COMMON STOCK,JK,3,1,down,0.0000,105,2024-07-05,0.60548,IDR
BCAP.JK,Mnc Kapital Indonesia Tbk,COMMON STOCK,JK,10,2,up,0.0000,37,2015-05-19,0.70551,IDR
BEKS.JK,Bank Pembangunan Daerah Banten Tbk PT,COMMON STOCK,JK,3,2,up,0.0000,27,2004-12-08,5.77801,IDR
BLOG.JK,PT Trimitra Trans Persada Tbk,COMMON STOCK,JK,1,1,new,5.8659,358,2026-06-11,21,IDR
BLES.JK,PT Superior Prima Sukses Tbk,COMMON STOCK,JK,2,1,down,0.9844,192,2026-06-19,1.89,IDR
BIPI.JK,Benakat Petroleum Energy,COMMON STOCK,JK,1,1,new,0.0000,129,2015-01-14,1,IDR
BIRD.JK,Blue Bird Tbk PT,COMMON STOCK,JK,11,6,up,10.6070,1565,2026-06-29,166,IDR
BISI.JK,Bisi International Tbk,COMMON STOCK,JK,16,1,down,3.7956,685,2026-06-05,26,IDR
BHIT.JK,Mnc Investama Tbk,COMMON STOCK,JK,12,2,flat,0.0000,22,2015-05-29,3,IDR
BFIN.JK,BFI Finance Indonesia Tbk,COMMON STOCK,JK,32,1,down,7.4468,940,2026-06-03,35,IDR
BJBR.JK,Bank Jabar,COMMON STOCK,JK,16,2,up,11.4053,750,2026-05-08,85.54,IDR
BJTM.JK,Bank Pembangunan Timur Tbk,COMMON STOCK,JK,15,5,up,11.1020,510,2026-05-19,56.62,IDR
BKSL.JK,Sentul City Tbk,COMMON STOCK,JK,1,1,new,0.0000,55,2015-09-29,0.24423,IDR
BMHS.JK,Bundamedik Tbk PT,COMMON STOCK,JK,5,3,up,0.5202,198,2026-06-23,1.03,IDR
BLUE.JK,Berkah Prima Perkasa Tbk PT,COMMON STOCK,JK,8,2,up,1.1371,2990,2026-06-15,34,IDR
BOBA.JK,Formosa Ingredient Factory PT Tbk,COMMON STOCK,JK,9,1,down,4.2328,189,2026-06-04,6,IDR
BLTA.JK,Berlian Laju Tanker Tbk PT,COMMON STOCK,JK,8,1,down,0.0000,40,2009-07-14,4.0493,IDR
BOLA.JK,Bali Bintang Sejahtera Tbk PT,COMMON STOCK,JK,1,1,new,0.0000,164,2022-08-02,1,IDR
BMAS.JK,Bank Maspion Indonesia PT,COMMON STOCK,JK,5,1,down,0.0000,488,2021-09-09,2.88684,IDR
BMTR.JK,Global Mediacom Tbk,COMMON STOCK,JK,12,3,flat,0.0000,80,2018-07-05,5,IDR
BPII.JK,Batavia Prosperindo Int,COMMON STOCK,JK,9,1,down,1.4364,440,2026-08-27,3.54,IDR
BNLI.JK,Bank Permata Tbk,COMMON STOCK,JK,7,5,up,1.8617,1880,2026-04-16,35,IDR
BOLT.JK,Garuda Metalindo Tbk PT,COMMON STOCK,JK,9,2,up,6.4516,775,2026-05-07,50,IDR
BRIS.JK,Bank BRISyariah Tbk PT,COMMON STOCK,JK,6,4,up,2.1729,1510,2026-05-18,32.81008,IDR
BSBK.JK,Wulandari Bangun Laksana,COMMON STOCK,JK,1,1,new,0.0000,40,2024-08-13,1,IDR
BPFI.JK,Batavia Prosperindo Finance,COMMON STOCK,JK,12,1,down,3.3729,236,2026-07-03,7.96,IDR
BREN.JK,PT Barito Renewables Energy Tb,COMMON STOCK,JK,4,1,down,0.1388,2950,2026-07-03,4.0933,IDR
BRPT.JK,Barito Pacific Tbk,COMMON STOCK,JK,7,2,up,0.1128,1445,2026-07-06,1.63,IDR
BSML.JK,Bintang Samudera Mandiri Lines Tbk PT,COMMON STOCK,JK,3,3,flat,0.0000,535,2024-04-26,1.62,IDR
BNBA.JK,Bank Bumi Arta Tbk,COMMON STOCK,JK,16,2,up,0.0000,850,2022-06-07,3.47811,IDR
BTPS.JK,Bank Tabungan Pensiunan Nasional Syariah PT,COMMON STOCK,JK,8,1,down,9.1170,940,2026-04-27,46.2,IDR
BTPN.JK,PT Bank SMBC Indonesia Tbk,COMMON STOCK,JK,6,1,down,0.4059,2340,2026-05-05,9.49764,IDR
BMRI.JK,Bank Mandiri Persero Tbk PT,COMMON STOCK,JK,30,6,up,13.4729,4030,2026-09-16,66,IDR
BNGA.JK,Bank Cimb Niaga Tbk,COMMON STOCK,JK,20,3,up,9.3780,1725,2026-04-28,161.77,IDR
BNII.JK,Bank Maybank Indonesia Tbk PT,COMMON STOCK,JK,15,2,up,4.0270,189,2026-04-28,7.61106,IDR
BRAM.JK,Indo Kordsa Tbk,COMMON STOCK,JK,31,1,down,4.3011,4650,2026-06-15,200,IDR
BUAH.JK,PT Segar Kumala Indonesia Tbk,COMMON STOCK,JK,5,1,down,5.2743,474,2026-06-09,12.5,IDR
BSSR.JK,Baramulti Suksessarana Tbk,COMMON STOCK,JK,24,2,up,15.3419,5450,2026-06-25,486.13,IDR
BSWD.JK,Bank Of India Indonesia Tbk,COMMON STOCK,JK,8,2,up,0.0000,2310,2012-07-09,21.38179,IDR
BSDE.JK,Bumi Serpong Damai Tbk,COMMON STOCK,JK,9,2,flat,0.0000,545,2017-06-12,5,IDR
BUKK.JK,Bukaka Teknik Utama Tbk Pt,COMMON STOCK,JK,1,1,new,0.0000,1015,2016-06-03,12.8,IDR
CAMP.JK,Campina Ice Cream Industry Tbk PT,COMMON STOCK,JK,6,2,flat,0.0000,154,2024-07-02,20,IDR
CARS.JK,Industri Dan Perdagangan Bintraco Dharma Tbk PT,COMMON STOCK,JK,3,1,down,0.0000,112,2019-05-15,1,IDR
CBDK.JK,PT Bangun Kosambi Sukses Tbk,COMMON STOCK,JK,2,2,flat,0.1462,3420,2026-06-15,5,IDR
BTON.JK,Betonjaya Manunggal Tbk,COMMON STOCK,JK,6,2,up,0.0000,362,2024-09-20,10,IDR
BRNA.JK,Berlina Tbk,COMMON STOCK,JK,14,1,down,0.0000,630,2017-05-30,3,IDR
CBPE.JK,Citra Buana Prasida,COMMON STOCK,JK,4,4,flat,0.1980,505,2026-07-06,1,IDR
BTEK.JK,Bumi Teknokultura Unggul Tbk,COMMON STOCK,JK,1,1,new,0.0000,14,2005-07-15,0.01279,IDR
CBUT.JK,Citra Borneo Utama,COMMON STOCK,JK,1,1,new,0.0000,905,2024-05-06,9.23,IDR
CCSI.JK,Communication Cable Systems Indonesia Tbk PT,COMMON STOCK,JK,3,3,up,0.0000,316,2022-05-18,7.5,IDR
CASS.JK,PT Cardig Aero Services Tbk,COMMON STOCK,JK,7,2,up,0.0000,1835,2018-07-09,15.65,IDR
BWPT.JK,Eagle High Plantations Tbk,COMMON STOCK,JK,5,1,down,0.0000,107,2014-11-14,4.98795,IDR
CDIA.JK,PT Chandra Daya Investasi TBK.,COMMON STOCK,JK,2,1,new,1.2218,565,2026-05-21,5.56343,IDR
BYAN.JK,Bayan Resources Tbk,COMMON STOCK,JK,14,2,up,2.2414,11925,2026-06-22,267.285,IDR
BUMI.JK,Bumi Resources Tbk,COMMON STOCK,JK,10,1,down,0.0000,178,2012-06-20,14.31,IDR
CGAS.JK,Citra Nusantara Gemilang Tbk.,COMMON STOCK,JK,3,3,up,2.7211,147,2026-06-25,4,IDR
CHEM.JK,PT Chemstar Indonesia Tbk,COMMON STOCK,JK,4,1,down,0.6111,54,2026-05-25,0.33,IDR
CHIP.JK,Pelita Teknologi Global,COMMON STOCK,JK,5,1,down,0.2088,685,2026-07-08,1.43,IDR
CLEO.JK,Sariguna Primatirta PT,COMMON STOCK,JK,7,2,flat,0.6127,408,2026-07-01,2.5,IDR
BVIC.JK,Bank Victoria International,COMMON STOCK,JK,2,1,down,0.0000,87,2014-07-04,4.9,IDR
CMRY.JK,Cisarua Mountain Dairy Tbk PT,COMMON STOCK,JK,7,1,down,6.9124,4340,2026-09-04,100,IDR
CEKA.JK,Wilmar Cahaya Indonesia Tbk,COMMON STOCK,JK,13,9,flat,6.8807,2180,2026-06-23,150,IDR
BUDI.JK,Budi Starch & Sweetener Tbk,COMMON STOCK,JK,19,2,flat,3.1532,222,2025-11-21,7,IDR
CRSN.JK,PT Carsurin Tbk,COMMON STOCK,JK,3,1,down,0.2683,123,2026-06-04,0.33,IDR
CINT.JK,Chitose Internasional Tbk,COMMON STOCK,JK,12,6,up,7.2897,189,2026-05-04,13.7775,IDR
CSRA.JK,Cisadane Sawit Raya Pt,COMMON STOCK,JK,5,1,down,1.7554,695,2025-10-07,12.2,IDR
DAAZ.JK,Daaz Bara Lestari Tbk,COMMON STOCK,JK,2,1,down,2.0856,1870,2026-06-19,39,IDR
CMPP.JK,PT AirAsia Indonesia Tbk,COMMON STOCK,JK,3,2,flat,0.0000,69,2004-07-21,4.46312,IDR
CITA.JK,Cita Mineral Investindo Tbk PT,COMMON STOCK,JK,9,4,up,10.6042,3310,2026-05-25,351,IDR
DRMA.JK,Dharma Polimetal Tbk PT,COMMON STOCK,JK,5,5,up,7.6087,920,2026-04-28,70,IDR
CFIN.JK,Clipan Finance Indonesia Tbk,COMMON STOCK,JK,10,2,flat,14.1243,354,2026-06-29,50,IDR
DEFI.JK,Danasupra Erapacific Tbk,COMMON STOCK,JK,6,1,down,0.0000,86,2013-12-04,0.24799,IDR
CMNP.JK,Citra Marga Nusaphala Persada,COMMON STOCK,JK,9,3,up,0.0000,1420,2014-07-21,11.71394,IDR
CENT.JK,Centratama Telekomunikasi Ind,COMMON STOCK,JK,8,1,down,0.0000,90,2011-09-09,0.09876,IDR
DKFT.JK,Central Omega Resources Tbk PT,COMMON STOCK,JK,7,2,up,13.6364,660,2026-09-14,30,IDR
ESIP.JK,Sinergi Inti Plastindo,COMMON STOCK,JK,3,2,flat,1.0526,95,2026-07-09,0.5,IDR
DSNG.JK,Dharma Satya Nusantara Ptdsn,COMMON STOCK,JK,13,3,up,3.1229,1505,2026-06-19,47,IDR
EMDE.JK,Megapolitan Developments Tbk,COMMON STOCK,JK,4,3,up,0.0000,64,2017-06-30,2,IDR
EURO.JK,PT Estee Gold Feet Tbk,COMMON STOCK,JK,4,1,down,0.0580,1380,2026-06-11,0.8,IDR
EMTK.JK,Elang Mahkota Teknologi Tbk,COMMON STOCK,JK,21,1,down,2.4510,408,2026-06-04,5,IDR
CSAP.JK,Catur Sentosa Adiprana Tbk,COMMON STOCK,JK,18,1,down,1.4184,282,2026-07-06,4,IDR
GLVA.JK,Galva Technologies Tbk PT,COMMON STOCK,JK,6,1,down,3.0303,330,2026-06-24,10,IDR
CLPI.JK,Colorpak Indonesia Tbk,COMMON STOCK,JK,26,4,up,10.7239,1590,2026-06-26,170.51,IDR
DMAS.JK,Puradelta Lestari PT,COMMON STOCK,JK,18,1,down,9.0164,183,2026-06-25,16.5,IDR
CPIN.JK,Charoen Pokphand Indonesia TBK PT,COMMON STOCK,JK,20,3,up,6.0201,2990,2026-06-03,180,IDR
GOLF.JK,PT Intra GolfLink Resorts Tbk,COMMON STOCK,JK,2,1,down,0.3184,167,2026-06-11,0.53174,IDR
ETWA.JK,Eterindo Wahanatama Tbk,COMMON STOCK,JK,1,1,new,0.0000,70,2014-08-05,1.62,IDR
GTBO.JK,Garda Tujuh Buana Tbk,COMMON STOCK,JK,1,1,new,0.0000,120,2023-07-11,6.13342,IDR
GTSI.JK,GTS Internasional Tbk PT,COMMON STOCK,JK,2,1,down,0.7463,134,2026-07-06,1,IDR
HATM.JK,Habco Trans Maritima,COMMON STOCK,JK,3,1,down,0.3774,530,2026-06-19,2,IDR
HEAL.JK,Medikaloka Hermina PT,COMMON STOCK,JK,8,8,up,2.1951,615,2026-05-05,13.5,IDR
EKAD.JK,Ekadharma International Tbk,COMMON STOCK,JK,21,4,flat,2.3196,388,2026-06-05,9,IDR
DLTA.JK,Delta Djakarta Tbk,COMMON STOCK,JK,25,2,up,10.2260,1770,2026-07-06,181,IDR
HRTA.JK,Hartadinata Abadi Tbk PT,COMMON STOCK,JK,9,9,up,1.8349,2180,2026-06-12,40,IDR
IFSH.JK,Ifishdeco PT,COMMON STOCK,JK,6,2,up,1.6667,1560,2026-05-29,26,IDR
INET.JK,PT Sinergi Inti Andalan Prima Tbk,COMMON STOCK,JK,2,1,down,0.0141,284,2026-06-02,0.04,IDR
JARR.JK,PT Jhonlin Agro Raya Tbk,COMMON STOCK,JK,2,2,up,0.1929,3370,2026-06-26,6.5,IDR
IPCC.JK,PT Indonesia Kendaraan Terminal Tbk,COMMON STOCK,JK,12,1,down,10.4494,1080,2026-06-22,86.6901,IDR
MAPA.JK,MAP Aktif Adiperkasa Tbk PT,COMMON STOCK,JK,5,2,flat,0.6061,660,2026-07-03,4,IDR
IKPM.JK,Ikapharmindo Putramas Tbk.,COMMON STOCK,JK,1,1,new,0.0000,175,2024-06-05,2.25,IDR
MARK.JK,Mark Dynamics Indonesia Tbk PT,COMMON STOCK,JK,15,4,flat,7.6271,1180,2026-08-14,20,IDR
MDKA.JK,Merdeka Copper Gold PT,COMMON STOCK,JK,1,1,new,0.4179,2940,2026-07-02,12.28519,IDR
MDLA.JK,PT Medela Potentia Tbk,COMMON STOCK,JK,2,2,up,6.1765,204,2026-05-25,12.6,IDR
GGRM.JK,Gudang Garam Tbk,COMMON STOCK,JK,24,2,up,4.7059,17000,2026-07-02,800,IDR
MGRO.JK,Mahkota Group Tbk PT,COMMON STOCK,JK,3,2,up,0.0000,735,2022-06-07,7,IDR
JAWA.JK,Jaya Agra Wattie Tbk,COMMON STOCK,JK,4,1,down,0.0000,177,2015-06-01,1.34,IDR
HITS.JK,Humpuss Intermoda Transportasi,COMMON STOCK,JK,5,3,flat,0.0000,116,2019-04-15,3,IDR
IATA.JK,PT MNC Energy Investments Tbk,COMMON STOCK,JK,1,1,new,0.0000,94,2007-12-05,3.34,IDR
MDIA.JK,Intermedia Capital Tbk,COMMON STOCK,JK,5,5,up,0.0000,161,2018-07-04,2.8,IDR
INDR.JK,Indorama Synthetics Tbk,COMMON STOCK,JK,11,1,down,0.0000,2840,2023-07-11,240,IDR
MTWI.JK,Malacca Trust Wuwungan Insurance PT,COMMON STOCK,JK,3,1,down,0.8547,250,2026-06-12,2.13674,IDR
ITMG.JK,Indo Tambangraya Megah Tbk,COMMON STOCK,JK,39,1,down,6.9200,25000,2026-04-28,992,IDR
MUTU.JK,PT Mutuagung Lestari Tbk,COMMON STOCK,JK,3,2,up,1.9576,118,2026-06-15,2.31,IDR
OBAT.JK,PT Brigit Biofarmaka Technologi Tbk,COMMON STOCK,JK,2,1,down,3.4309,220,2026-05-22,7.548,IDR
NZIA.JK,Nusantara Almazia,COMMON STOCK,JK,1,1,new,0.0000,147,2020-05-26,1,IDR
MOLI.JK,Madusari Murni Indah Tbk PT,COMMON STOCK,JK,4,2,up,1.8918,388,2026-06-19,7.34,IDR
PART.JK,PT Cipta Perdana Lancar Tbk,COMMON STOCK,JK,2,2,up,1.8591,114,2026-07-06,2.11935,IDR
MFMI.JK,Multifiling Mitra Indonesia,COMMON STOCK,JK,19,1,down,2.2308,1300,2026-06-19,29,IDR
MKPI.JK,Metropolitan Kentjana Tbk,COMMON STOCK,JK,18,3,up,4.4186,21500,2026-06-19,950,IDR
MLBI.JK,Multi Bintang Indonesia Tbk,COMMON STOCK,JK,42,1,down,8.3111,6750,2026-06-22,371,IDR
PGUN.JK,Pt Pradiksi Gunatama Tbk,COMMON STOCK,JK,2,2,up,0.0738,9450,2026-06-04,6.97,IDR
PADI.JK,Minna Padi Investama Tbk,COMMON STOCK,JK,1,1,new,0.0000,42,2015-06-15,0.20881,IDR
PNGO.JK,Pinago Utama Tbk Pt,COMMON STOCK,JK,9,1,down,6.0773,3620,2026-01-15,90,IDR
MRAT.JK,Mustika Ratu Tbk,COMMON STOCK,JK,9,4,up,0.0000,352,2013-07-11,16.525,IDR
PGLI.JK,Pembangunan Graha Lestari Tbk,COMMON STOCK,JK,12,1,down,0.0000,214,2023-07-11,1,IDR
PTPW.JK,Pratama Widya Tbk Pt,COMMON STOCK,JK,3,2,flat,0.5130,1110,2026-07-07,5.694,IDR
PTMP.JK,PT Mitra Pack Tbk,COMMON STOCK,JK,1,1,new,0.0000,46,2024-05-13,1.33,IDR
PPRO.JK,PP Properti Tbk PT,COMMON STOCK,JK,5,1,down,0.0000,22,2020-06-12,0.56,IDR
RMKE.JK,RMK Energy PT Tbk,COMMON STOCK,JK,4,2,up,1.6484,364,2026-06-04,6,IDR
SAMF.JK,Saraswanti Anugerah Makmur Pt,COMMON STOCK,JK,7,1,down,3.4314,306,2026-06-29,10.5,IDR
RAJA.JK,Rukun Raharja Tbk,COMMON STOCK,JK,14,6,up,1.9697,660,2026-07-02,8,IDR
MLIA.JK,PT Mulia Industrindo Tbk,COMMON STOCK,JK,7,1,down,0.0000,218,2025-06-05,7,IDR
NISP.JK,Bank Ocbc Nisp Tbk,COMMON STOCK,JK,7,1,down,3.6000,1250,2026-04-20,45,IDR
SGER.JK,Sumber Global Energy Tbk Pt,COMMON STOCK,JK,7,1,down,0.0000,730,2025-05-16,9,IDR
RANC.JK,Supra Boga Lestari Tbk,COMMON STOCK,JK,6,6,up,0.0000,535,2021-05-11,30,IDR
SHIP.JK,Sillo Maritime Perdana Tbk PT,COMMON STOCK,JK,9,1,down,1.3619,2570,2026-05-19,35,IDR
PTPP.JK,Pembangunan Perumahan PT,COMMON STOCK,JK,11,1,down,0.0000,175,2020-06-15,33.842,IDR
SAME.JK,Sarana Meditama Metropolitan,COMMON STOCK,JK,5,1,down,0.0000,292,2018-05-18,1.10638,IDR
PNIN.JK,Paninvest Tbk,COMMON STOCK,JK,5,2,up,0.0000,680,2013-07-24,5,IDR
SOHO.JK,PT Soho Global Health Tbk,COMMON STOCK,JK,10,3,up,5.5632,1305,2026-06-02,39.5,IDR
PANS.JK,Panin Sekuritas Tbk,COMMON STOCK,JK,30,2,up,15.1057,1655,2026-06-30,250,IDR
RALS.JK,Ramayana Lestari Sentosa Tbk,COMMON STOCK,JK,21,1,down,13.1579,380,2026-05-22,50,IDR
TAPG.JK,Triputra Agro Persada Tbk PT,COMMON STOCK,JK,11,1,down,10.3077,1950,2026-08-12,60,IDR
RIGS.JK,Rig Tenders Tbk,COMMON STOCK,JK,6,1,down,0.0000,630,2009-12-08,20,IDR
SILO.JK,Siloam International Hospitals,COMMON STOCK,JK,5,5,up,0.0000,2010,2024-06-10,20,IDR
TCPI.JK,Transcoal Pacific Tbk PT,COMMON STOCK,JK,7,2,up,0.3801,1710,2026-07-07,6.5,IDR
SSMS.JK,Sawit Sumbermas Sarana Tbk,COMMON STOCK,JK,12,2,up,7.8864,1065,2026-05-12,83.99,IDR
TOOL.JK,PT Rohartindo Nusantara Luas T,COMMON STOCK,JK,1,1,new,0.0000,55,2025-06-30,0.21,IDR
TALF.JK,Tunas Alfin Tbk,COMMON STOCK,JK,10,2,up,1.2030,665,2026-07-02,8,IDR
TRJA.JK,Transkon Jaya Pt,COMMON STOCK,JK,4,3,up,0.0000,123,2023-07-06,3,IDR
SMCB.JK,Solusi Bangun Indonesia Tbk PT,COMMON STOCK,JK,17,1,down,4.7120,775,2026-06-05,36.518,IDR
UNTD.JK,Terang Dunia Internusa Tbk Pt,COMMON STOCK,JK,1,1,new,0.0000,73,2025-05-09,5,IDR
TIRA.JK,Tira Austenite Tbk,COMMON STOCK,JK,3,1,down,0.0000,364,2015-06-23,2,IDR
UNIQ.JK,Ulima Nitra PT,COMMON STOCK,JK,2,2,up,0.0000,115,2024-07-05,3.98,IDR
SGRO.JK,Sampoerna Agro Tbk,COMMON STOCK,JK,17,1,down,4.4988,4290,2026-07-07,193,IDR
TOBA.JK,TBS Energi Utama Tbk PT,COMMON STOCK,JK,9,1,down,3.8839,478,2026-04-27,18.56485,IDR
XCID.JK,Ciptadana Asset Management REIT,COMMON STOCK,JK,9,1,down,1.7834,47,2026-08-05,0.1375,IDR
YUPI.JK,Yupi Indo Jelly Gum PT Tbk,COMMON STOCK,JK,4,1,down,5.5403,1240,2026-09-01,17.01486,IDR
SSTM.JK,Sunson Textile Manufacturer,COMMON STOCK,JK,1,1,new,0.0000,434,2002-08-07,3,IDR
TRST.JK,Trias Sentosa Tbk,COMMON STOCK,JK,22,3,flat,1.0870,460,2026-07-09,5,IDR
WTON.JK,Wijaya Karya Beton,COMMON STOCK,JK,12,1,down,0.6571,70,2026-05-26,0.46,IDR
TGKA.JK,Tigaraksa Satria Tbk,COMMON STOCK,JK,25,1,down,6.4549,4880,2026-05-25,285,IDR
TRUS.JK,Trust Finance Indonesia Tbk,COMMON STOCK,JK,5,3,up,13.7615,436,2026-07-07,60,IDR
UNSP.JK,Bakrie Sumatera Plantations,COMMON STOCK,JK,8,3,up,0.0000,322,2012-08-09,45.55,IDR
WIKA.JK,Wijaya Karya Beton PT,COMMON STOCK,JK,14,3,up,0.0000,204,2020-06-17,43.29336,IDR
ACWX.MX,iShares Trust - iShares MSCI ACWI ex U.S. ETF,ETF,MX,27,1,down,2.4944,1342.6,2026-06-15,14.66266,MXN
AC.MX,Arca Continental S.A.B. de C.V,COMMON STOCK,MX,42,1,down,3.9398,197.47,2026-08-04,2.5,MXN
AAXJ.MX,iShares Trust - iShares MSCI All Country Asia ex Japan ETF,ETF,MX,34,1,down,1.3116,2091,2026-06-15,7.23809,MXN
ACNN.MX,Accenture plc,COMMON STOCK,MX,39,1,down,3.7172,3126,2026-07-09,28.59102,MXN
ADM.MX,Archer-Daniels-Midland Company,COMMON STOCK,MX,80,1,down,2.7363,1320,2026-08-19,8.8166,MXN
AGUA.MX,Grupo Rotoplas SAB de CV,COMMON STOCK,MX,14,1,down,2.0205,14.6,2026-06-26,0.17,MXN
AGG.MX,iShares Trust - iShares Core U.S. Aggregate Bond ETF,ETF,MX,231,1,down,4.1627,1680,2026-09-01,5.71507,MXN
ALPEKA.MX,ALPEK S.A.B. de C.V,COMMON STOCK,MX,16,1,down,0.0000,14.84,2024-09-18,1.19938,MXN
ACWI.MX,iShares Trust - iShares MSCI ACWI ETF,ETF,MX,39,1,down,1.3804,2864.75,2026-06-15,17.36858,MXN
AIG.MX,American International Group Inc,COMMON STOCK,MX,71,1,down,2.5690,1297.1899,2026-09-15,8.57213,MXN
ABEVN.MX,Ambev S.A,COMMON STOCK,MX,13,2,up,1.4618,51.27,2025-12-22,0.74948,MXN
ALSEA.MX,Alsea S.A.B. de C.V,COMMON STOCK,MX,19,1,down,3.3273,46.11,2026-05-06,1,MXN
AMAT.MX,Applied Materials Inc,COMMON STOCK,MX,51,1,down,0.3966,8710,2026-08-20,8.98485,MXN
AMXB.MX,AMERICA MOVIL SAB DE CV,COMMON STOCK,MX,55,1,down,2.7166,19.51,2026-07-14,0.27,MXN
AMGN.MX,Amgen Inc,COMMON STOCK,MX,61,1,down,2.3925,7260,2026-08-21,42.62076,MXN
AOS.MX,A. O. Smith Corporation,COMMON STOCK,MX,32,1,down,1.9213,1347,2026-07-31,6.47006,USD
AXTELCPO.MX,Axtel S.A.B. de C.V,COMMON STOCK,MX,1,1,new,1.7258,3.61,2026-04-30,0.0623,MXN
ALTERNAB.MX,"Alterna Asesoría Internacional, S.A.B. de C.V.",COMMON STOCK,MX,4,3,up,2.5000,1.6,2026-05-15,0.04,MXN
APA.MX,APA Corporation,COMMON STOCK,MX,29,1,down,2.1793,810,2026-07-22,4.35,MXN
AMP.MX,Ameriprise Financial Inc,COMMON STOCK,MX,8,2,up,0.0000,9253.5703,2019-11-01,0.97,MXN
BAFARB.MX,Grupo Bafar S.A.B. de C.V,COMMON STOCK,MX,12,4,up,1.4929,107,2026-05-13,1.59735,MXN
AXP.MX,American Express Company,COMMON STOCK,MX,106,1,down,0.5446,5475.6099,2026-01-02,14.66201,MXN
ABBV.MX,AbbVie Inc,COMMON STOCK,MX,45,1,down,2.5340,4768.5,2026-07-15,30.07778,MXN
BABAN.MX,Alibaba Group Holding Limited,COMMON STOCK,MX,4,1,down,0.9166,1955.01,2026-06-11,17.91994,MXN
AAPL.MX,Apple Inc,COMMON STOCK,MX,59,1,down,0.3051,6068,2026-08-10,4.63023,MXN
ACTINVRB.MX,Corporación Actinver S. A. B. de C. V,COMMON STOCK,MX,42,6,up,4.3750,22.4,2026-07-03,0.05,MXN
AXAN.MX,AXA SA,COMMON STOCK,MX,14,1,down,5.3975,869.74,2026-05-11,46.94392,MXN
ABT.MX,Abbott Laboratories,COMMON STOCK,MX,62,1,down,1.2325,1787.01,2026-01-15,11.13557,MXN
BAX.MX,Baxter International Inc,COMMON STOCK,MX,51,1,down,0.0417,439.88,2025-11-28,0.18323,MXN
BASN.MX,BASF SE,COMMON STOCK,MX,13,1,down,4.4462,1034.16,2026-05-04,45.98039,MXN
ASURB.MX,Grupo Aeroportuario del Sureste S. A. B. de C. V,COMMON STOCK,MX,28,1,down,5.7296,436.33,2026-05-27,10,MXN
ARA.MX,Consorcio ARA S. A. B. de C. V.,COMMON STOCK,MX,16,3,up,3.4825,4.73,2026-07-20,0.16472,MXN
BAPN.MX,Credicorp Ltd,COMMON STOCK,MX,21,6,up,3.8968,6430.4902,2026-05-18,250.58382,MXN
BAC.MX,Bank of America Corporation,COMMON STOCK,MX,83,1,down,2.0431,996,2026-09-04,5.40288,MXN
BCSN.MX,Barclays PLC,COMMON STOCK,MX,39,9,up,2.4681,428.31,2026-08-07,5.47885,MXN
AUTLANB.MX,Compañía Minera Autlán S.A.B. de C.V,COMMON STOCK,MX,13,4,up,0.0000,7.46,2023-06-07,1.30423,MXN
BHPN.MX,BHP Group,COMMON STOCK,MX,36,1,down,0.0000,1500,2025-09-05,22.4205,MXN
BBVA.MX,Banco Bilbao Vizcaya Argentaria S.A,COMMON STOCK,MX,66,1,down,2.9700,519.99,2026-04-08,9.90937,MXN
BEVIDESB.MX,Farmacias Benavides S.A.B. de C.V.,COMMON STOCK,MX,23,1,down,0.0000,25,2014-05-07,0.3204,MXN
BA.MX,The Boeing Company,COMMON STOCK,MX,79,1,down,0.0000,3327.73,2020-02-13,38.31548,MXN
BMY.MX,Bristol-Myers Squibb Company,COMMON STOCK,MX,82,1,down,2.0340,1115,2026-01-02,11.26472,MXN
CAR.MX,Avis Budget Group Inc,COMMON STOCK,MX,1,1,new,0.0000,2399.0601,2023-12-14,172.7675,MXN
CC.MX,The Chemours Company,COMMON STOCK,MX,42,1,down,2.2311,274,2026-08-14,1.48754,MXN
C.MX,Citigroup Inc,COMMON STOCK,MX,93,1,down,1.8307,2380,2026-08-03,11.60239,MXN
BMWM5N.MX,Bayerische Motoren Werke Aktiengesellschaft,COMMON STOCK,MX,13,1,down,7.4392,1189.09,2026-05-14,88.45848,MXN
BLK.MX,BlackRock Inc,COMMON STOCK,MX,60,1,down,2.1320,18450,2026-09-08,96.91722,MXN
BPN.MX,BP p.l.c,COMMON STOCK,MX,67,1,down,4.8352,728,2026-08-14,8.83346,MXN
BIMBOA.MX,Grupo Bimbo S.A.B. de C.V,COMMON STOCK,MX,32,4,up,1.9145,56.15,2026-05-12,1.075,MXN
BOLSAA.MX,Bolsa Mexicana de Valores S.A.B. de C.V,COMMON STOCK,MX,20,2,flat,5.3707,38.17,2026-05-08,2.05,MXN
BBY.MX,Best Buy Co. Inc,COMMON STOCK,MX,97,1,down,4.6061,1461.61,2026-09-17,16.49779,MXN
BND.MX,Vanguard Bond Index Funds - Vanguard Total Bond Market ETF,ETF,MX,146,1,down,4.1092,1259,2026-09-01,4.28782,MXN
BBAJIOO.MX,Banco del Bajío S.A. Institución de Banca Múltiple,COMMON STOCK,MX,14,1,down,8.1668,57.7,2026-09-03,1.907,MXN
CADUA.MX,Corpovael S.A.B. de C.V,COMMON STOCK,MX,12,1,down,5.1351,7.4,2026-08-27,0.19,MXN
BNS.MX,The Bank of Nova Scotia,COMMON STOCK,MX,90,1,down,3.5230,1615.71,2026-07-07,14.03829,MXN
CIEB.MX,Corporación Interamericana de Entretenimiento S.A.B. de C.V,COMMON STOCK,MX,5,1,down,56.2676,31.99,2026-06-26,9,MXN
CHDRAUIB.MX,Grupo Comercial Chedraui S.A.B. de C.V,COMMON STOCK,MX,20,1,down,2.5041,87.84,2026-04-22,1.017,MXN
CIGN.MX,Companhia Energética de Minas Gerais,COMMON STOCK,MX,10,1,down,0.0000,33,2019-05-06,0.11108,MXN
CAT.MX,Caterpillar Inc,COMMON STOCK,MX,114,1,down,0.7441,14650,2026-07-20,28.46469,MXN
CMCSA.MX,Comcast Corporation,COMMON STOCK,MX,76,1,down,6.1301,386.99,2026-07-01,5.93076,USD
COLLADO.MX,G Collado S.A.B. de C.V,COMMON STOCK,MX,1,1,new,0.0000,7.8,2024-11-01,0.21,MXN
COO.MX,The Cooper Companies Inc.,COMMON STOCK,MX,1,1,new,0.0000,951.81,2019-07-22,0.03,MXN
COF.MX,Capital One Financial Corporation,COMMON STOCK,MX,34,1,down,1.5999,3500,2026-08-17,13.6248,MXN
CRM.MX,"Salesforce, Inc.",COMMON STOCK,MX,11,1,down,0.7595,4107.8501,2026-09-17,7.90724,USD
CLF.MX,Cleveland-Cliffs Inc,COMMON STOCK,MX,21,1,down,0.0000,199.7,2020-04-02,1.4406,MXN
CTAXTELA.MX,CONTRALADORA AXEL SAB,COMMON STOCK,MX,1,1,new,1.7469,1.13,2026-05-13,0.01974,MXN
CL.MX,Colgate-Palmolive Company,COMMON STOCK,MX,84,1,down,2.4651,1505.01,2026-07-20,9.25539,MXN
CPAN.MX,Copa Holdings S.A,COMMON STOCK,MX,48,1,down,5.3595,2194.25,2026-08-31,29.12438,MXN
CUERVO.MX,Becle S.A.B. de C.V,COMMON STOCK,MX,9,3,up,3.8486,14.15,2026-05-11,0.54457,MXN
COST.MX,Costco Wholesale Corporation,COMMON STOCK,MX,82,1,down,0.5923,16560.0605,2026-07-24,25.66841,MXN
CEMEXCPO.MX,CEMEX S.A.B. de C.V.,COMMON STOCK,MX,28,1,down,1.0898,17.14,2026-09-15,0.05339,MXN
CMOCTEZ.MX,Corporación Moctezuma S.A.B. de C.V,COMMON STOCK,MX,47,1,down,7.0505,85.1,2026-06-05,3,MXN
CSCO.MX,Cisco Systems Inc,COMMON STOCK,MX,64,1,down,1.5508,1914.99,2026-07-06,7.3316,MXN
COP.MX,ConocoPhillips,COMMON STOCK,MX,66,2,up,0.6746,2280,2025-11-14,15.3804,MXN
CIDMEGA.MX,Grupe S.A.B. de C.V,COMMON STOCK,MX,2,1,new,0.0000,18.49,2013-10-10,0.33,MXN
CMRB.MX,CMR S.A.B. de C.V,COMMON STOCK,MX,7,2,up,0.0000,1.36,2008-07-21,0.06417,MXN
CVS.MX,CVS Health Corporation,COMMON STOCK,MX,61,1,down,1.5083,1582,2026-01-22,11.61955,MXN
DANHOS13.MX,Fibra Danhos,COMMON STOCK,MX,49,1,down,2.6268,28.39,2026-08-12,0.17691,MXN
DAL.MX,Delta Air Lines Inc,COMMON STOCK,MX,40,1,down,0.9188,1488,2026-07-09,3.77121,MXN
DIG.MX,ProShares Trust - ProShares Ultra Oil & Gas,ETF,MX,59,1,down,1.3064,1173,2026-09-23,4.09789,MXN
DDM.MX,ProShares Trust - ProShares Ultra Dow30,ETF,MX,62,1,down,1.0222,1070,2026-09-23,2.66325,MXN
DINEA.MX,DINE S.A.B. de C.V,COMMON STOCK,MX,7,1,down,0.0000,22.5,2023-07-14,0.17,MXN
DHS.MX,WisdomTree U.S. High Dividend Fund,ETF,MX,143,1,down,3.2208,2027,2026-09-25,5.58527,MXN
DINEB.MX,DINE S.A.B. de C.V,COMMON STOCK,MX,7,1,down,0.0000,22.1,2023-07-14,0.17,MXN
DHR.MX,Danaher Corporation,COMMON STOCK,MX,25,3,up,0.0000,4070,2019-12-27,0.17,MXN
CULTIBAB.MX,Organización Cultiba S.A.B. de C.V,COMMON STOCK,MX,31,3,up,5.9940,10.01,2026-07-17,0.6,MXN
DBN.MX,Deutsche Bank Aktiengesellschaft,COMMON STOCK,MX,17,6,up,2.9456,687,2026-05-29,20.23602,MXN
DXJ.MX,WisdomTree Trust - WisdomTree Japan Hedged Equity Fund,ETF,MX,37,1,down,0.2933,3250,2026-09-25,0.47283,MXN
EBAY.MX,eBay Inc,COMMON STOCK,MX,31,1,down,1.1183,1921,2026-08-28,5.27601,MXN
DIABLOI10.MX,ETF Diario Inverso de Bolsa (DIABLOI),ETF,MX,5,1,new,0.0000,10.75,2011-07-21,0.03,MXN
DOG.MX,ProShares Trust - ProShares Short Dow30,ETF,MX,26,1,down,3.1231,393.09,2026-09-23,2.90471,MXN
DEON.MX,Diageo plc,COMMON STOCK,MX,37,1,down,4.1288,1458,2026-04-17,13.7476,MXN
DXD.MX,ProShares Trust - ProShares UltraShort Dow30,ETF,MX,26,1,down,3.7927,295.39,2026-09-23,2.68424,MXN
DIA.MX,SPDR Dow Jones Industrial Average ETF Trust,ETF,MX,219,1,down,1.3781,9219.8096,2026-09-18,20.55732,MXN
DVN.MX,Devon Energy Corporation,COMMON STOCK,MX,16,3,up,0.0000,863,2019-12-13,0.09,MXN
DXC.MX,DXC Technology Company,COMMON STOCK,MX,3,1,new,0.0000,197,2019-12-03,0.21,MXN
CVX.MX,Chevron Corp,COMMON STOCK,MX,89,1,down,3.3768,3650,2026-08-19,30.1799,MXN
EDUN.MX,New Oriental Education & Technology Group Inc,COMMON STOCK,MX,3,1,down,2.1813,966.48,2026-05-15,10.4103,MXN
CYDSASAA.MX,Cydsa S.A.B. de C.V,COMMON STOCK,MX,24,6,up,2.6462,25,2026-04-07,0.66155,MXN
ECH.MX,iShares MSCI Chile ETF,ETF,MX,42,1,down,1.9424,701,2026-06-15,11.08811,MXN
EDUCA18.MX,"Fideicomiso Irrevocable No. F/3277 en Banco Invex, S. A. Institución de Banca Múltiple, INVEX Grupo",COMMON STOCK,MX,19,1,down,4.9806,52,2026-08-25,0.65139,MXN
ECL.MX,Ecolab Inc,COMMON STOCK,MX,49,1,down,1.0904,4687.2598,2026-09-15,12.5153,MXN
EDZ.MX,Direxion Shares ETF Trust - Direxion Daily MSCI Emerging Markets Bear 3X Shares,ETF,MX,23,1,down,5.9314,255.4,2026-09-22,3.14684,MXN
EFA.MX,iShares Trust - iShares MSCI EAFE ETF,ETF,MX,39,1,down,3.1982,1850,2026-06-15,28.14816,MXN
CTSH.MX,Cognizant Technology Solutions Corporation,COMMON STOCK,MX,30,1,down,2.2495,1009,2026-08-18,5.62571,MXN
DVY.MX,iShares Trust - iShares Select Dividend ETF,ETF,MX,67,1,down,3.4266,2732,2026-09-15,22.78713,MXN
DIS.MX,The Walt Disney Company,COMMON STOCK,MX,32,1,down,1.4068,1890,2026-06-30,13.10531,MXN
EDV.MX,Vanguard World Fund - Vanguard Extended Duration Treasury ETF,ETF,MX,42,1,down,5.6887,1020,2026-07-01,15.19808,MXN
EEM.MX,iShares MSCI Emerging Markets ETF,ETF,MX,42,1,down,1.6460,1199,2026-06-15,6.03429,MXN
EDC.MX,Direxion Shares ETF Trust - Direxion Daily MSCI Emerging Markets Bull 3X Shares,ETF,MX,32,1,down,1.3777,1403.5,2026-09-22,3.8694,MXN
EFNL.MX,iShares MSCI Finland Capped,ETF,MX,22,1,down,1.0109,939.89,2026-06-15,4.92235,MXN
EWA.MX,iShares Inc. - iShares MSCI Australia ETF,ETF,MX,21,1,down,2.9916,499,2026-06-15,6.96411,MXN
EL.MX,The EstÃ©e Lauder Companies Inc.,COMMON STOCK,MX,47,1,down,1.4627,1720,2026-08-31,6.2895,USD
EWI.MX,iShares MSCI Italy ETF,ETF,MX,38,1,down,3.1495,1041.14,2026-06-15,20.18662,MXN
EPP.MX,iShares Inc. - iShares MSCI Pacific ex Japan ETF,ETF,MX,40,1,down,3.3257,990.65,2026-06-15,14.17614,MXN
EMB.MX,iShares Trust - iShares J.P. Morgan USD Emerging Markets Bond ETF,ETF,MX,211,1,down,5.2889,1631,2026-09-01,7.01412,MXN
EWN.MX,iShares MSCI Netherlands ETF,ETF,MX,37,1,down,4.3931,1147.9,2026-06-15,11.63676,MXN
EWL.MX,iShares Inc. - iShares MSCI Switzerland ETF,ETF,MX,20,1,down,1.7815,1052.86,2026-06-15,18.75718,MXN
EWO.MX,iShares Inc. - iShares MSCI Austria ETF,ETF,MX,35,1,down,1.9390,745.94,2026-06-15,14.46354,MXN
EWC.MX,iShares Inc. - iShares MSCI Canada ETF,ETF,MX,38,1,down,1.2623,1050.84,2026-06-15,4.73893,MXN
EMR.MX,Emerson Electric Co,COMMON STOCK,MX,52,3,up,0.3722,2730,2025-11-14,10.16205,MXN
EWP.MX,iShares Inc. - iShares MSCI Spain ETF,ETF,MX,38,1,down,2.7279,1070,2026-06-15,15.89807,MXN
EWG.MX,iShares Inc. - iShares MSCI Germany ETF,ETF,MX,28,2,up,1.8946,755,2026-06-15,14.30436,MXN
FAZ.MX,Direxion Shares ETF Trust - Direxion Daily Financial Bear 3X Shares,ETF,MX,23,1,down,2.7332,645.75,2026-09-22,3.5455,MXN
EIDO.MX,iShares Trust - iShares MSCI Indonesia ETF,ETF,MX,33,1,down,3.3793,212,2026-06-15,3.91832,MXN
EWH.MX,iShares Inc. - iShares MSCI Hong Kong ETF,ETF,MX,39,1,down,4.5479,403,2026-06-15,6.02245,MXN
FAS.MX,Direxion Shares ETF Trust - Direxion Daily Financial Bull 3X Shares,ETF,MX,37,1,down,10.0175,2640,2026-09-22,17.29751,MXN
FEXI21.MX,"Banco Actinver S.A., Institución de Banca Múltiple, Grupo Financiero Actinver",COMMON STOCK,MX,9,2,up,2.4792,17.01,2026-05-22,0.42172,MXN
EWQ.MX,iShares Inc. - iShares MSCI France ETF,ETF,MX,38,1,down,2.8498,800,2026-06-15,18.7037,MXN
EWY.MX,iShares Inc. - iShares MSCI South Korea ETF,ETF,MX,22,2,up,1.1098,3295,2025-12-16,36.56848,MXN
EWU.MX,iShares MSCI United Kingdom,ETF,MX,37,1,down,3.1177,845,2026-06-15,11.46047,MXN
FDT.MX,First Trust Developed Markets Ex-US Alphadex Fund,ETF,MX,43,1,down,2.9097,1682.25,2026-09-24,9.38522,MXN
EWZ.MX,iShares MSCI Brazil ETF,ETF,MX,45,1,down,4.0193,647.5,2026-06-15,5.68857,MXN
EWJ.MX,iShares MSCI Japan ETF,ETF,MX,37,1,down,3.6663,1734.01,2026-06-15,8.61747,MXN
EZU.MX,iShares Inc. - iShares MSCI Eurozone ETF,ETF,MX,40,1,down,2.6224,1225,2026-06-15,21.17293,MXN
F.MX,Ford Motor Company,COMMON STOCK,MX,58,5,up,1.2397,223.94,2025-11-07,2.77627,MXN
FCX.MX,Freeport-McMoRan Inc,COMMON STOCK,MX,64,1,down,0.4230,1255,2026-07-15,1.30395,MXN
FGD.MX,First Trust Dow Jones Global Select Dividend Index Fund,ETF,MX,35,1,down,5.6726,599.27,2026-09-24,11.29471,MXN
FDX.MX,FedEx Corporation,COMMON STOCK,MX,91,1,down,1.6239,5156,2026-09-14,20.9144,MXN
FEMSAUB.MX,Fomento Económico Mexicano S.A.B. de C.V,COMMON STOCK,MX,50,3,up,4.4794,169,2026-07-15,1.67912,MXN
FHIPO14.MX,Fideicomiso Irrevocable F/2061 FHipo,COMMON STOCK,MX,40,1,down,9.8953,14.4,2026-08-19,0.35623,MXN
FIBRAPL14.MX,FIBRA Prologis,COMMON STOCK,MX,51,1,down,3.7689,74.67,2026-08-03,0.7314,MXN
FLTR.MX,Vaneck Vectors Investment Grade Floating Rate Etf,ETF,MX,115,1,down,4.6968,433.51,2026-09-01,1.53787,MXN
FIBRAMQ12.MX,FIBRA Macquarie México,COMMON STOCK,MX,59,2,up,6.9290,44.2,2026-09-17,0.2042,MXN
FEZ.MX,SPDR Index Shares Funds - SPDR Euro Stoxx 50 ETF,ETF,MX,67,1,down,2.6733,1198.15,2026-09-21,1.9126,MXN
FIBRAHD15.MX,Fideicomiso Irrevocable No. F/1523,COMMON STOCK,MX,58,1,down,0.0000,2.09,2024-10-24,0.12727,MXN
FINAMEXO.MX,Casa de Bolsa Finamex S.A.B. de C.V,COMMON STOCK,MX,15,2,up,7.5284,42.55,2026-09-07,0.40042,MXN
FIHO12.MX,FibraHotel,COMMON STOCK,MX,43,1,down,8.1467,7.5,2026-07-31,0.1555,MXN
FMX23.MX,"Fibra Infraestructura y Energía México, S.A. de",COMMON STOCK,MX,12,2,up,3.3883,34.01,2026-07-23,0.17639,MXN
FINN13.MX,Fibra Inn,COMMON STOCK,MX,44,1,down,7.6182,4.73,2026-08-13,0.09,MXN
FLR.MX,Fluor Corporation,COMMON STOCK,MX,22,1,down,0.0000,874.29,2019-12-03,0.1,MXN
FLOT.MX,iShares Trust - iShares Floating Rate Bond ETF,ETF,MX,167,1,down,4.3076,909.18,2026-09-01,3.06873,MXN
FNOVA17.MX,Banco Actinver S.A. Institución de Banca Múltiple Grupo Financiero Actinver,COMMON STOCK,MX,30,2,up,4.4230,41.99,2026-07-29,0.62223,MXN
FMTY14.MX,Fibra Mty S.A.P.I. de C.V.,COMMON STOCK,MX,97,1,down,6.9672,14.07,2026-09-24,0.07592,MXN
FINDEP.MX,Financiera Independencia S.A.B. de C.V. SOFOM E.N.R,COMMON STOCK,MX,10,1,down,14.0466,6.48,2026-05-14,0.91022,MXN
FRES.MX,Fresnillo plc,COMMON STOCK,MX,39,3,up,3.8313,683,2026-08-13,7.40187,MXN
FEMSAUBD.MX,Fomento Económico Mexicano S.A.B. de C.V,COMMON STOCK,MX,50,1,down,3.6302,212.18,2026-07-15,2.01493,MXN
FUNO11.MX,Fibra UNO,COMMON STOCK,MX,64,1,down,7.4447,29.67,2026-08-07,0.63978,MXN
FXE.MX,Invesco CurrencyShares Euro Trust,ETF,MX,57,1,down,0.7692,1880.96,2026-09-01,1.41426,MXN
FSHOP13.MX,Fibra Shop,COMMON STOCK,MX,47,1,down,6.3328,11.81,2026-08-04,0.20404,MXN
FXI.MX,iShares Trust - iShares China Large-Cap ETF,ETF,MX,36,1,down,1.9607,612,2026-06-15,4.53152,MXN
FRAGUAB.MX,Corporativo Fragua S.A.B. de C.V,COMMON STOCK,MX,20,19,flat,3.4021,420.33,2026-03-30,14.3,MXN
FVIA16.MX,"Infraestructura Viable, S.A. de C.V.",COMMON STOCK,MX,33,1,down,7.6107,19.3,2026-07-24,0.38898,MXN
GBMO.MX,Corporativo GBM S.A.B. de C.V,COMMON STOCK,MX,14,3,flat,0.0000,16.55,2019-01-15,0.16361,MXN
GDX.MX,VanEck Vectors ETF Trust - VanEck Vectors Gold Miners ETF,ETF,MX,12,2,up,0.7204,1580,2025-12-22,11.38282,MXN
GDXJ.MX,VanEck Vectors ETF Trust - VanEck Vectors Junior Gold Miners ETF,ETF,MX,15,4,up,2.3237,2050,2025-12-22,47.63489,MXN
GEV.MX,GE Vernova Inc.,COMMON STOCK,MX,8,3,up,0.1844,17050,2026-06-16,8.985,USD
GD.MX,General Dynamics Corporation,COMMON STOCK,MX,61,1,down,1.8160,6032,2026-07-02,27.77094,MXN
GCC.MX,Grupo Cementos de Chihuahua S.A.B. de C.V,COMMON STOCK,MX,29,5,up,1.1255,180.58,2026-05-11,2.0325,MXN
GAPB.MX,Grupo Aeroportuario del Pacífico S.A.B. de C.V,COMMON STOCK,MX,50,2,up,0.0000,384.71,2025-08-13,8.42,MXN
GOOG.MX,Alphabet Inc,COMMON STOCK,MX,10,1,down,0.2477,6099.98,2026-09-04,3.71448,MXN
GILD.MX,Gilead Sciences Inc,COMMON STOCK,MX,47,1,down,2.0874,2734.45,2026-09-15,14.05829,MXN
GLENN.MX,Glencore plc,COMMON STOCK,MX,20,1,down,0.0000,120.66,2025-08-28,0.93145,MXN
GOOGL.MX,Alphabet Inc Class A,COMMON STOCK,MX,10,1,down,0.2518,6139,2026-09-04,3.95384,USD
GCARSOA1.MX,Grupo Carso S.A.B. de C.V,COMMON STOCK,MX,47,1,down,1.0563,142,2026-06-29,0.75,MXN
GFNORTEO.MX,Grupo Financiero Banorte S.A.B. de C.V,COMMON STOCK,MX,48,1,down,8.9811,194.18,2026-05-28,10.44883,MXN
GM.MX,General Motors Company,COMMON STOCK,MX,39,1,down,0.8290,1460,2026-09-04,3.03912,MXN
GE.MX,General Electric Company,COMMON STOCK,MX,107,1,down,0.4040,5697,2026-07-06,8.20441,MXN
GENTERA.MX,Gentera S.A.B. de C.V,COMMON STOCK,MX,21,1,down,4.9690,36.24,2026-04-22,1.04034,MXN
GIGANTE.MX,Grupo Gigante S. A. B. de C. V,COMMON STOCK,MX,9,4,up,1.3016,31.5,2026-06-29,0.41,MXN
GNW.MX,Genworth Financial Inc,COMMON STOCK,MX,1,1,new,0.0000,160.21,2008-10-08,0.1,MXN
GFINBURO.MX,Grupo Financiero Inbursa S.A.B. de C.V,COMMON STOCK,MX,22,8,up,2.6385,41.69,2026-05-12,1.1,MXN
GGBN.MX,Gerdau S.A,COMMON STOCK,MX,29,1,down,0.0000,84.08,2019-11-12,0.00948,MXN
GT.MX,The Goodyear Tire & Rubber Company,COMMON STOCK,MX,25,3,up,0.0000,90.04,2019-10-31,0.16,MXN
HAL.MX,Halliburton Company,COMMON STOCK,MX,19,5,flat,0.0000,580,2019-12-04,0.18,MXN
HDV.MX,iShares Trust - iShares Core High Dividend ETF,ETF,MX,59,1,down,3.0002,497.31,2026-09-16,0.95894,MXN
GNP.MX,Grupo Nacional Provincial S.A.B,COMMON STOCK,MX,32,1,down,7.7973,101.83,2026-09-23,3.97,MXN
HEDJ.MX,WisdomTree Trust - WisdomTree Europe Hedged Equity Fund,ETF,MX,40,2,up,1.7805,1016.5,2026-09-25,0.7979,MXN
GMEXICOB.MX,Grupo México S.A.B. de C.V,COMMON STOCK,MX,91,1,down,2.4184,224.37,2026-08-27,0.8,MXN
GISSAA.MX,Grupo Industrial Saltillo S.A.B. de C.V,COMMON STOCK,MX,35,1,down,4.4120,12.95,2026-04-22,0.57136,MXN
HERO.MX,Global X Video Games & Esports ETF,ETF,MX,14,1,down,1.7486,470,2026-06-29,2.24759,MXN
HEWJ.MX,iShares Trust - iShares Currency Hedged MSCI Japan ETF,ETF,MX,26,1,down,4.0110,1164,2026-07-02,6.09436,MXN
GSKN.MX,GlaxoSmithKline plc,COMMON STOCK,MX,85,1,down,3.6283,870,2026-08-14,7.67607,MXN
HBCN.MX,HSBC Holdings plc,COMMON STOCK,MX,31,1,down,3.7149,1798.1899,2026-08-14,8.50025,MXN
GPROFUT.MX,Grupo Profuturo S.A.B. de C.V,COMMON STOCK,MX,23,4,up,7.1849,119,2026-05-13,8.55,MXN
HOTEL.MX,Grupo Hotelero Santa Fe SAB,COMMON STOCK,MX,2,1,down,8.1921,5.09,2026-06-25,0.41698,MXN
HEZU.MX,iShares Trust - iShares Currency Hedged MSCI Eurozone ETF,ETF,MX,26,1,down,2.8308,783,2026-07-02,14.64833,MXN
GS.MX,The Goldman Sachs Group Inc,COMMON STOCK,MX,81,1,down,1.9146,16418.6992,2026-09-01,84.77775,MXN
GRUMAB.MX,Gruma S.A.B. de C.V.,COMMON STOCK,MX,48,1,down,2.4137,238.64,2026-07-09,1.44,MXN
ICHB.MX,Industrias CH S. A. B. de C. V,COMMON STOCK,MX,1,1,new,0.0000,176.02,2020-03-19,3.92149,MXN
HERDEZ.MX,Grupo Herdez S.A.B. de C.V,COMMON STOCK,MX,40,12,up,30.5472,56.47,2026-10-12,0.75,MXN
IAI.MX,iShares Trust - iShares U.S. Broker-Dealers & Securities Exchanges ETF,ETF,MX,48,1,down,1.1425,3260,2026-09-15,8.8176,MXN
HYS.MX,PIMCO ETF Trust - PIMCO 0-5 Year High Yield Corporate Bond Index Exchange-Traded Fund,ETF,MX,166,1,down,7.7080,1570.2,2026-09-01,8.30822,MXN
HON.MX,Honeywell International Inc,COMMON STOCK,MX,106,1,down,0.0000,3682,2025-08-15,21.11744,MXN
IAT.MX,iShares U.S. Regional Banks ETF,ETF,MX,66,1,down,3.1611,909.99,2026-09-15,7.22457,MXN
HPQ.MX,HP Inc,COMMON STOCK,MX,109,3,up,0.9658,560.56,2025-12-11,5.4138,MXN
HD.MX,The Home Depot Inc,COMMON STOCK,MX,78,1,down,3.1259,5224.9902,2026-09-03,39.53055,MXN
HYEM.MX,Vaneck Vectors Emerging Markets High Yield Bond ETF,ETF,MX,125,1,down,6.8781,349.31,2026-09-01,1.96515,MXN
ICLN.MX,iShares Global Clean Energy ETF,ETF,MX,34,1,down,1.0783,302.87,2026-06-15,0.96436,MXN
HYG.MX,iShares Trust - iShares iBoxx $ High Yield Corporate Bond ETF,ETF,MX,218,1,down,6.0001,1395,2026-09-01,7.37609,MXN
IBB.MX,iShares Trust - iShares Biotechnology ETF,ETF,MX,50,1,down,0.1600,3777.77,2026-09-15,0.19191,MXN
IEFA.MX,iShares Trust - iShares Core MSCI EAFE ETF,ETF,MX,23,1,down,3.4163,1693.4,2026-06-15,27.14484,MXN
IDV.MX,iShares Trust - iShares International Select Dividend ETF,ETF,MX,65,1,down,5.5424,762,2026-09-15,9.08302,MXN
IEMG.MX,iShares Core MSCI Emerging Markets ETF,ETF,MX,27,1,down,2.1709,1463.55,2026-06-15,11.32607,MXN
IGF.MX,iShares Trust - iShares Global Infrastructure ETF,ETF,MX,32,1,down,3.0667,1106.5,2026-06-15,16.06098,MXN
ITM.MX,Vaneck Vectors Amt-free Intermediate Municipal Index ETF,ETF,MX,116,1,down,2.9363,846.24,2026-09-01,2.02449,MXN
IEF.MX,iShares Trust - iShares 7-10 Year Treasury Bond ETF,ETF,MX,232,1,down,4.0721,1606.5601,2026-09-01,5.62999,MXN
IBM.MX,International Business Machines Corporation,COMMON STOCK,MX,104,1,down,2.9800,3957,2026-08-10,28.98181,MXN
IXJ.MX,iShares Trust - iShares Global Healthcare ETF,ETF,MX,34,1,down,1.3812,1830.4399,2026-06-15,14.55335,MXN
IEO.MX,iShares Trust - iShares U.S. Oil & Gas Exploration & Production ETF,ETF,MX,74,1,down,1.5792,2428.8,2026-09-15,8.45818,MXN
IHF.MX,iShares Trust - iShares U.S. Healthcare Providers ETF,ETF,MX,66,1,down,0.9721,987.42,2026-09-15,2.26462,MXN
IXN.MX,iShares Trust - iShares Global Tech ETF,ETF,MX,26,1,down,0.6318,2594,2026-06-15,2.8684,MXN
INTU.MX,Intuit Inc,COMMON STOCK,MX,41,1,down,1.7746,4820,2026-07-09,21.0486,MXN
KHC.MX,Kraft Heinz Co,COMMON STOCK,MX,43,1,down,6.7070,420,2026-09-04,6.7536,MXN
LACOMERUBC.MX,La Comer S.A.B. de C.V,COMMON STOCK,MX,7,6,up,0.8694,31.77,2026-04-24,0.2762,MXN
IEV.MX,iShares Trust - iShares Europe ETF,ETF,MX,40,1,down,2.7569,1288.22,2026-06-15,22.0277,MXN
IJR.MX,iShares Core S&P Small-Cap ETF,ETF,MX,88,1,down,1.2097,2470,2026-09-15,8.73376,MXN
MILN.MX,Global X Funds - Global X Millennial Consumer ETF,ETF,MX,12,1,down,0.3152,784.01,2026-06-29,0.68951,MXN
LEA.MX,Lear Corporation,COMMON STOCK,MX,34,1,down,2.5494,2120,2026-09-02,13.07845,MXN
IYF.MX,iShares Trust - iShares U.S. Financials ETF,ETF,MX,77,1,down,1.4980,2282,2026-09-15,7.16457,MXN
MA.MX,Mastercard Incorporated,COMMON STOCK,MX,51,1,down,0.5906,10157.9502,2026-07-09,15.26024,MXN
JPM.MX,JPMorgan Chase & Co,COMMON STOCK,MX,112,1,down,1.7665,6080,2026-07-06,26.1843,MXN
INTC.MX,Intel Corporation,COMMON STOCK,MX,108,1,down,0.0000,2078.1599,2024-08-07,2.39581,MXN
KOFUBL.MX,Coca-Cola FEMSA S.A.B. de C.V,COMMON STOCK,MX,48,1,down,3.8821,194.48,2026-07-13,1.935,MXN
PHM.MX,PulteGroup Inc,COMMON STOCK,MX,28,1,down,0.9287,1960,2026-09-15,4.45751,MXN
O.MX,Realty Income Corporation,COMMON STOCK,MX,65,1,down,5.9476,980,2026-08-31,4.87068,USD
NVDA.MX,NVIDIA Corporation,COMMON STOCK,MX,57,4,up,0.2179,4096.1001,2026-09-10,4.2435,MXN
LEN.MX,Lennar Corporation,COMMON STOCK,MX,44,3,flat,0.0000,1417,2019-10-17,0.04,MXN
NEMAKA.MX,Nemak S. A. B. de C. V,COMMON STOCK,MX,20,1,down,0.0000,3.04,2020-03-30,0.0993,MXN
NOKN.MX,Nokia Corporation,COMMON STOCK,MX,30,1,down,1.1539,182,2026-07-28,0.58532,MXN
MSFT.MX,Microsoft Corporation,COMMON STOCK,MX,106,1,down,0.6953,9145.4199,2026-08-20,15.42682,MXN
LQD.MX,iShares Trust - iShares iBoxx $ Investment Grade Corporate Bond ETF,ETF,MX,218,1,down,4.8639,1824.1,2026-09-01,7.52265,MXN
RLHA.MX,RLH Properties S.A.B. de C.V,COMMON STOCK,MX,1,1,new,0.0000,15.46,2022-12-09,2.33,MXN
PFF.MX,iShares Preferred and Income Securities ETF,ETF,MX,174,1,down,5.6879,511.5,2026-09-01,2.49657,MXN
SITES1A-1.MX,OPERADORA DE SITES MEXICANOS SAD,COMMON STOCK,MX,5,5,flat,3.0285,16.51,2026-05-28,0.5,MXN
PV.MX,Peña Verde S.A.B,COMMON STOCK,MX,10,2,up,5.6453,8.5,2026-07-03,0.47985,MXN
PUKN.MX,Prudential plc,COMMON STOCK,MX,15,2,up,0.0000,545,2019-08-22,0.4053,MXN
OMAB.MX,Grupo Aeroportuario del Centro Norte S.A.B. de C.V,COMMON STOCK,MX,47,1,down,5.2837,228.02,2026-05-26,6.28025,MXN
SMH.MX,Vaneck Vectors Semiconductor ETF,ETF,MX,14,1,down,0.1848,10746.5898,2025-12-22,19.86195,MXN
SHY.MX,iShares Trust - iShares 1-3 Year Treasury Bond ETF,ETF,MX,236,1,down,3.6063,1453,2026-09-01,4.13687,MXN
POCHTECB.MX,Grupo Pochteca S.A.B. de C.V,COMMON STOCK,MX,1,1,new,0.0000,6.18,1999-12-28,3.34341,MXN
TLH.MX,iShares Trust - iShares 10-20 Year Treasury Bond ETF,ETF,MX,208,1,down,4.8305,1630,2026-09-01,6.30423,MXN
SBUX.MX,Starbucks Corporation,COMMON STOCK,MX,62,1,down,2.5624,1690.01,2026-08-14,10.54031,MXN
RION.MX,Rio Tinto Group,COMMON STOCK,MX,37,2,up,4.8924,1650,2026-08-14,35.87105,MXN
TX.MX,Ternium S.A,COMMON STOCK,MX,21,1,down,3.9680,981.2,2026-05-14,22.37625,MXN
USB.MX,U.S. Bancorp,COMMON STOCK,MX,50,3,up,1.7915,1054,2025-12-31,9.34934,MXN
QQQ.MX,Invesco QQQ Trust Series 1,ETF,MX,87,1,down,0.4114,13215,2026-09-21,12.94676,MXN
T.MX,AT&T Inc,COMMON STOCK,MX,79,1,down,2.2588,446.8,2026-01-12,4.96267,MXN
SPY.MX,SPDR S&P 500 ETF Trust,ETF,MX,73,1,down,0.9741,13721.54,2026-09-18,32.5635,MXN
TXN.MX,Texas Instruments Incorporated,COMMON STOCK,MX,79,1,down,2.0265,4950,2026-07-31,24.63757,MXN
VEU.MX,Vanguard International Equity Index Funds - Vanguard FTSE All-World ex-US ETF,ETF,MX,35,1,down,2.3444,1488.6,2026-09-18,3.39283,MXN
STLD.MX,Steel Dynamics Inc,COMMON STOCK,MX,79,1,down,0.8900,4155,2026-06-30,9.26109,MXN
ULN.MX,Unilever PLC,COMMON STOCK,MX,66,3,up,0.9946,1048.2,2025-11-07,10.4251,MXN
VMEX19.MX,Vanguard FTSE Biva Mexico Equity ETF,ETF,MX,10,2,up,0.1773,55.88,2026-08-12,0.02454,MXN
USMV.MX,iShares Trust - iShares MSCI USA Min Vol Factor ETF,ETF,MX,59,1,down,1.4234,1738,2026-09-15,5.62678,MXN
TLT.MX,iShares Trust - iShares 20+ Year Treasury Bond ETF,ETF,MX,233,1,down,4.9266,1398,2026-09-01,5.33567,MXN
VINTE.MX,Vinte Viviendas Integrales S.A.B. de C.V,COMMON STOCK,MX,14,2,up,2.5714,35,2025-09-30,0.9,MXN
VLUE.MX,iShares Trust - iShares MSCI USA Value Factor ETF,ETF,MX,49,1,down,1.6144,3350,2026-09-15,16.31178,MXN
UYG.MX,ProShares Trust - ProShares Ultra Financials,ETF,MX,66,1,down,0.7447,1318.51,2026-09-23,1.62467,MXN
VDE.MX,Vanguard World Fund - Vanguard Energy ETF,ETF,MX,52,1,down,2.3240,3114.8799,2026-09-23,18.37985,MXN
VUG.MX,Vanguard Index Funds - Vanguard Growth ETF,ETF,MX,49,1,down,0.3818,1614,2026-09-28,1.61943,MXN
VWO.MX,Vanguard International Equity Index Funds - Vanguard FTSE Emerging Markets ETF,ETF,MX,60,1,down,2.0370,1069.9301,2026-09-18,1.96019,MXN
XLB.MX,The Select Sector SPDR Trust - The Materials Select Sector SPDR Fund,ETF,MX,73,1,down,1.7135,886,2026-09-21,3.93854,MXN
VOO.MX,Vanguard S&P 500 ETF,ETF,MX,60,1,down,1.0485,12618.2598,2026-09-28,32.43496,MXN
XBI.MX,SPDR Series Trust - SPDR S&P Biotech ETF,ETF,MX,41,1,down,0.3519,2757,2026-06-22,2.39103,MXN
VEA.MX,Vanguard Tax-Managed Funds - Vanguard FTSE Developed Markets ETF,ETF,MX,66,1,down,2.3666,1280,2026-09-18,3.0601,MXN
XLF.MX,The Select Sector SPDR Trust - The Financial Select Sector SPDR Fund,ETF,MX,48,9,up,0.0000,972,2019-12-20,2.95572,MXN
XOM.MX,Exxon Mobil Corporation,COMMON STOCK,MX,116,1,down,2.4761,2906.76,2026-08-17,17.54193,MXN
VTI.MX,Vanguard Index Funds - Vanguard Total Stock Market ETF,ETF,MX,75,1,down,1.0449,6730,2026-09-28,17.00406,MXN
AKER.OL,Aker ASA,COMMON STOCK,OL,28,1,down,3.8488,1442,2026-04-23,29,NOK
2020.OL,2020 Bulkers Ltd,COMMON STOCK,OL,73,2,up,2301.4442,6.07,2026-04-29,129.5,NOK
AKRBP.OL,Aker BP ASA,COMMON STOCK,OL,41,1,down,7.1944,350,2026-07-20,6.42588,NOK
ADS.OL,ADS Maritime Holding Plc,COMMON STOCK,OL,7,3,up,0.0000,2.46,2021-02-22,20.7145,NOK
ABG.OL,ABG Sundal Collier Holding ASA,COMMON STOCK,OL,28,4,up,7.3826,7.45,2026-04-17,0.55,NOK
AASB.OL,Aasen Sparebank,COMMON STOCK,OL,11,4,up,7.5064,133.22,2026-03-20,10,NOK
AQUA.OL,Aqualis ASA,COMMON STOCK,OL,14,1,down,10.2041,8.82,2026-05-28,0.45,GBP
AKBM.OL,Aker Biomarine AS,COMMON STOCK,OL,1,1,new,0.0000,120.6,2024-09-09,45,NOK
AFG.OL,AF Gruppen ASA,COMMON STOCK,OL,39,1,down,5.2711,199.2,2026-05-15,6.5,NOK
AFK.OL,Arendals Fossekompani ASA,COMMON STOCK,OL,50,2,up,1.5666,191.5,2026-05-13,3,NOK
ARCH.OL,Archer Limited,COMMON STOCK,OL,6,1,down,11.5081,21.55,2026-08-18,0.62,NOK
B2I.OL,B2 Impact ASA,COMMON STOCK,OL,12,3,up,7.7079,24.65,2026-05-26,1.9,NOK
AUSS.OL,Austevoll Seafood ASA,COMMON STOCK,OL,18,3,flat,7.6651,84.8,2026-05-29,6.5,NOK
ATEA.OL,Atea ASA,COMMON STOCK,OL,41,1,down,4.4153,164.2,2026-05-20,3.75,NOK
BALT.OL,Baltic Sea Properties AS,COMMON STOCK,OL,7,7,flat,4.0816,49,2026-05-28,2,NOK
BINT.OL,BEVEST,COMMON STOCK,OL,5,3,up,0.0000,22.3,2016-05-27,6958.027,NOK
ALNG.OL,Awilco LNG ASA,COMMON STOCK,OL,7,2,up,0.0000,3.37,2024-09-02,0.2292,NOK
AKSO.OL,Aker Solutions ASA,COMMON STOCK,OL,7,2,up,8.4906,42.4,2026-04-17,3.6,NOK
BIEN.OL,Bien Sparebank ASA,COMMON STOCK,OL,3,3,up,3.9034,147,2026-04-09,5.738,NOK
BMA.OL,Byggma,COMMON STOCK,OL,24,1,down,0.0000,24.6,2022-06-01,1,NOK
BEWI.OL,Bewi Asa,COMMON STOCK,OL,3,2,up,0.0000,20.7,2022-11-10,1.1,NOK
BORR.OL,Borr Drilling Limited,COMMON STOCK,OL,5,1,new,0.0000,39.455,2024-11-28,0.19062,NOK
BNOR.OL,BlueNord ASA,COMMON STOCK,OL,6,2,up,37.5650,577,2026-07-17,66.82,NOK
BRUT.OL,Bruton Limited,COMMON STOCK,OL,1,1,new,0.4883,48.8,2026-09-10,0.23829,NOK
ABTEC.OL,Aqua Bio Technology ASA,COMMON STOCK,OL,4,1,down,0.0000,4.85,2017-06-08,49.6884,NOK
CAMBI.OL,Cambi ASA,COMMON STOCK,OL,6,1,down,3.0864,24.3,2026-05-11,0.3,NOK
CAPT.OL,Capital Tankers Corp.,COMMON STOCK,OL,2,1,new,2.0231,173,2026-09-10,3,NOK
BRG.OL,Borregaard ASA,COMMON STOCK,OL,14,14,up,3.1374,151.4,2026-04-17,4.75,NOK
CMBTO.OL,Cmb.Tech NV,COMMON STOCK,OL,7,2,up,4.6092,183.4,2026-06-02,6.10049,NOK
ARR.OL,Arribatec Solutions ASA,COMMON STOCK,OL,12,1,down,18.5185,5.4,2026-05-28,1,NOK
CODE.OL,CodeLab Capital A/S,COMMON STOCK,OL,1,1,new,0.0000,5.2,2023-05-02,125,NOK
COSH.OL,Constellation Oil Services Holding S.A.,COMMON STOCK,OL,3,1,new,6.1021,135,2026-08-25,2.76164,EUR
DELIA.OL,Dellia Grp ASA,COMMON STOCK,OL,1,1,new,2.7711,20.75,2026-03-16,0.575,NOK
AURG.OL,Aurskog Sparebank,COMMON STOCK,OL,29,6,up,6.5879,258.05,2026-03-26,17,NOK
BAKKA.OL,P/f Bakkafrost,COMMON STOCK,OL,15,1,down,1.1202,451.4,2026-05-04,5.05643,DKK
BOUV.OL,Bouvet,COMMON STOCK,OL,27,1,down,7.8807,46.95,2026-05-15,3,NOK
BWLPG.OL,BW LPG Ltd,COMMON STOCK,OL,35,2,up,10.4175,235.8,2026-09-07,8.8914,NOK
DOFG.OL,DOF Group ASA,COMMON STOCK,OL,6,2,up,10.5894,130.9,2026-08-27,3.54785,NOK
AKAST.OL,Akastor ASA,COMMON STOCK,OL,14,2,up,21.4724,13.04,2026-08-25,0.5,NOK
DVD.OL,Deep Value Driller AS,COMMON STOCK,OL,22,2,up,103.9906,21.3,2026-10-08,20.6,NOK
BWO.OL,BW Offshore Ltd,COMMON STOCK,OL,44,1,down,8.8055,40.45,2026-08-27,0.58346,NOK
BOR.OL,Borgestad A,COMMON STOCK,OL,22,1,down,2.8986,17.25,2026-03-02,0.5,NOK
ENDUR.OL,Endur ASA,COMMON STOCK,OL,1,1,new,0.7299,109.6,2026-05-21,0.8,NOK
BONHR.OL,Bonheur,COMMON STOCK,OL,32,6,up,2.7599,264.5,2026-05-28,7.3,NOK
ELO.OL,Elopak AS,COMMON STOCK,OL,6,1,down,5.7430,35.45,2026-05-15,1.0986,NOK
DFENS.OL,Fjord Defence Group ASA,COMMON STOCK,OL,2,1,new,0.0000,14.2,2018-12-20,6015.946,NOK
ELIMP.OL,Elektroimportoren As,COMMON STOCK,OL,4,1,down,1.8349,21.8,2026-04-30,0.4,NOK
ENH.OL,SED Energy Holdings Plc,COMMON STOCK,OL,8,3,up,19.2880,6.18,2026-11-09,0.32,NOK
ELK.OL,Elkem ASA,COMMON STOCK,OL,6,1,down,0.0000,32.96,2025-05-02,0.29915,NOK
ELMRA.OL,Elmera Group ASA,COMMON STOCK,OL,8,1,down,4.2735,46.8,2026-05-04,2,NOK
EAM.OL,EAM Solar ASA,COMMON STOCK,OL,2,1,down,0.0000,0.694,2014-05-12,1.17441,NOK
FFSB.OL,Flekkefjord Sparebank,COMMON STOCK,OL,2,2,up,5.4256,117.96,2026-03-27,6.4,NOK
DNB.OL,DnB ASA,COMMON STOCK,OL,31,5,up,5.5693,323.2,2026-04-22,18,NOK
GENT.OL,Gentian Diagnostics AS,COMMON STOCK,OL,2,2,up,1.5831,37.9,2026-05-06,0.6,NOK
GEOS.OL,Golden Energy Offshore Services AS,COMMON STOCK,OL,2,1,new,123.0769,6.5,2026-08-07,4,NOK
ENTRA.OL,Entra ASA,COMMON STOCK,OL,18,2,flat,2.2358,98.4,2026-04-22,1.1,NOK
CONTX.OL,ContextVision AB,COMMON STOCK,OL,3,2,up,0.0000,5.54,2023-11-02,0.1506,SEK
GKP.OL,GULF KEYSTONE PET,COMMON STOCK,OL,2,1,new,3.8124,25.5,2026-09-10,0.43488,NOK
EQVA.OL,Eqva ASA,COMMON STOCK,OL,4,1,down,0.0000,2.87,2024-04-16,0.2,NOK
DNO.OL,Dno ASA,COMMON STOCK,OL,27,1,down,7.6844,19.52,2026-08-21,0.375,NOK
HAFNI.OL,Hafnia Ltd,COMMON STOCK,OL,21,2,up,12.0327,87.35,2026-09-07,4.63738,SGD
HAUTO.OL,Hoegh Autoliners ASA,COMMON STOCK,OL,17,1,down,6.3929,185.7,2026-08-24,0.7885,NOK
GRONG.OL,Grong Sparebank,COMMON STOCK,OL,9,6,up,6.1131,179.94,2026-04-09,11,NOK
HGSB.OL,Haugesund Sparebank,COMMON STOCK,OL,2,1,down,6.3522,159,2026-04-23,10.1,NOK
GJF.OL,Gjensidige Forsikring ASA,COMMON STOCK,OL,20,5,up,5.5301,262.2,2026-03-27,14.5,NOK
EPR.OL,Europris ASA,COMMON STOCK,OL,11,5,up,4.5788,81.9,2026-04-30,3.75,NOK
GSF.OL,Grieg Seafood ASA,COMMON STOCK,OL,16,2,up,130.3977,25.76,2026-04-20,33.59045,NOK
HSHP.OL,Himalaya Shipping Ltd,COMMON STOCK,OL,33,3,up,9.7139,165,2026-09-17,2.35494,NOK
HAVI.OL,Havila Shipping ASA,COMMON STOCK,OL,4,3,up,0.0000,1.035,2008-05-15,370.2816,NOK
HUNT.OL,Hunter Group ASA,COMMON STOCK,OL,10,2,up,19.1017,18.48,2026-09-29,1.5,NOK
AKVA.OL,Akva Group,COMMON STOCK,OL,17,5,flat,2.1201,141.5,2026-09-15,1,NOK
GOD.OL,Goodtech,COMMON STOCK,OL,5,1,down,3.2895,15.2,2026-05-04,0.5,NOK
FRO.OL,Frontline Ltd,COMMON STOCK,OL,68,2,up,11.0649,462.8,2026-09-17,24.58555,NOK
INSTA.OL,Instabank ASA,COMMON STOCK,OL,2,2,up,1.8219,4.94,2026-04-10,0.09,NOK
EQNR.OL,Equinor ASA,COMMON STOCK,OL,64,1,down,4.5365,405.7,2026-11-13,3.65,NOK
IWS.OL,Integrated Wind Solutions AS,COMMON STOCK,OL,3,1,new,8.7108,57.4,2026-09-07,1,NOK
JACK.OL,Jacktel AS,COMMON STOCK,OL,4,2,up,20.2104,5.99,2026-09-01,0.2802,NOK
HELG.OL,Helgeland Sparebank,COMMON STOCK,OL,26,1,down,4.4593,172,2026-03-25,7.67,NOK
KCC.OL,Klaveness Combination Carriers ASA,COMMON STOCK,OL,31,2,up,7.0278,100.8,2026-09-01,2.794,NOK
HEX.OL,Hexagon Composites ASA,COMMON STOCK,OL,7,1,down,0.0000,12.45,2018-04-20,0.2083,NOK
GYL.OL,Gyldendal ASA,COMMON STOCK,OL,25,2,up,1.7699,452,2026-06-19,8,NOK
KID.OL,Kid ASA,COMMON STOCK,OL,20,1,down,4.2088,118.8,2026-05-12,2.5,NOK
KOMPL.OL,Komplett AS,COMMON STOCK,OL,2,1,new,0.0000,6.84,2022-06-03,2.9,NOK
KRAB.OL,Kraft Bank Asa,COMMON STOCK,OL,5,4,up,10.0800,12.5,2026-08-20,0.5,NOK
LUMI.OL,Lumi Gruppen AS,COMMON STOCK,OL,1,1,new,0.0000,18.6,2022-04-27,0.97581,NOK
MAS.OL,Masoval AS,COMMON STOCK,OL,3,2,flat,0.0000,38,2024-06-05,0.5,NOK
ITERA.OL,Itera ASA,COMMON STOCK,OL,32,1,down,5.1195,5.86,2026-05-28,0.2,NOK
HSPG.OL,Holand og Setskog Sparebank,COMMON STOCK,OL,26,1,down,4.0329,123.98,2026-03-20,5,NOK
JAREN.OL,Jaeren Sparebank,COMMON STOCK,OL,16,11,flat,5.8832,339.95,2026-03-27,20,NOK
MORLD.OL,MORELD AS,COMMON STOCK,OL,6,2,up,7.7149,23.85,2026-08-17,0.5,NOK
MGN.OL,Magnora ASA,COMMON STOCK,OL,13,1,down,0.0000,21.15,2025-07-22,0.187,NOK
MPCC.OL,MPC Container Ships ASA,COMMON STOCK,OL,21,1,down,6.1136,28.6,2026-09-21,0.3768,NOK
MPCES.OL,MPC Energy Solutions NV,COMMON STOCK,OL,1,1,new,638.0471,1.91,2026-09-01,12.1867,EUR
LSG.OL,Lerøy Seafood Group ASA,COMMON STOCK,OL,24,7,flat,5.7790,43.26,2026-05-28,2.5,NOK
KIT.OL,Kitron ASA,COMMON STOCK,OL,18,2,up,0.7202,97.2,2026-04-27,0.7,NOK
KOA.OL,Kongsberg Automotive Holding ASA,COMMON STOCK,OL,2,1,down,0.0000,1.988,2007-06-04,1.47691,NOK
NAS.OL,Norwegian Air Shuttle ASA,COMMON STOCK,OL,2,1,down,6.5413,12.23,2026-05-07,0.8,NOK
MEDI.OL,Medistim ASA,COMMON STOCK,OL,22,13,up,3.1873,251,2026-05-07,8,NOK
EIOF.OL,Eidesvik Offshore ASA,COMMON STOCK,OL,12,1,down,1.1696,17.1,2026-04-24,0.2,NOK
MULTI.OL,Multiconsult AS,COMMON STOCK,OL,11,1,down,3.3921,147.4,2026-04-17,5,NOK
NISB.OL,Nidaros Sparebank,COMMON STOCK,OL,8,1,down,5.5278,104.02,2026-03-20,5.75,NOK
NAVA.OL,Navamedic ASA,COMMON STOCK,OL,1,1,new,0.0000,13.3,2010-04-13,0.75501,NOK
MOWI.OL,Mowi ASA,COMMON STOCK,OL,55,1,down,3.6680,207.2,2026-08-28,2.3,NOK
KOG.OL,Kongsberg Gruppen ASA,COMMON STOCK,OL,35,1,down,1.5651,311.5,2026-04-14,2.89204,NOK
MELG.OL,Melhus Sparebank,COMMON STOCK,OL,28,6,flat,7.1429,189,2026-03-20,13.5,NOK
NORBT.OL,Norbit ASA,COMMON STOCK,OL,9,1,down,5.0633,158,2026-05-21,5,NOK
NOFIN.OL,Nordic Financials ASA,COMMON STOCK,OL,12,2,up,0.0000,1.4,2024-09-12,12.2338,NOK
NORAM.OL,NorAm Drilling AS,COMMON STOCK,OL,46,1,down,9.5143,43.65,2026-09-18,0.424,NOK
NORCO.OL,Norconsult ASA,COMMON STOCK,OL,4,2,up,4.7936,37.55,2026-05-05,1.8,NOK
NOSN.OL,NOS NOVA,COMMON STOCK,OL,1,1,new,0.0000,1.13,2025-06-12,0.59,NOK
NSKOG.OL,Norske Skog Asa,COMMON STOCK,OL,3,1,down,0.0000,45.4,2023-11-20,0.67,NOK
NOD.OL,Nordic Semiconductor ASA,COMMON STOCK,OL,3,3,flat,0.0000,182.3,2011-06-17,0.4,NOK
MORG.OL,Sparebanken Møre,COMMON STOCK,OL,34,2,up,6.2848,111.38,2026-04-09,7,NOK
NYKD.OL,Nykode Therapeutics ASA,COMMON STOCK,OL,1,1,new,0.0000,3.61,2025-05-27,1,NOK
NKR.OL,Nekkar Asa,COMMON STOCK,OL,6,2,up,0.0000,14.2,2019-09-20,4,NOK
NORTH.OL,North Energy ASA,COMMON STOCK,OL,7,1,down,4.8872,2.66,2026-04-15,0.13,NOK
NEL.OL,Nel ASA,COMMON STOCK,OL,5,1,down,0.0000,2.04,2004-06-02,2.81104,NOK
MING.OL,Sparebank 1 SMN,COMMON STOCK,OL,33,4,up,6.1252,220.4,2026-03-27,13.5,NOK
NHY.OL,Norsk Hydro ASA,COMMON STOCK,OL,37,2,up,3.6223,82.82,2026-05-08,3,NOK
OMDA.OL,Omda AS,COMMON STOCK,OL,2,1,down,1.0539,44.5,2026-04-29,0.46899,NOK
OET.OL,Okeanis Eco Tankers Corp,COMMON STOCK,OL,26,2,up,12.9326,759,2026-08-14,5.25,NOK
OKEA.OL,Okea ASA,COMMON STOCK,OL,7,2,up,0.0000,40.55,2023-12-01,1,NOK
OTL.OL,Odfjell Technology Ltd,COMMON STOCK,OL,12,1,down,4.9511,61.4,2026-03-10,1.52,GBP
NONG.OL,Sparebank 1 Nord-Norge,COMMON STOCK,OL,34,1,down,4.8306,175.96,2026-03-27,8.5,NOK
JIN.OL,Jinhui Shipping and Transportation Limited,COMMON STOCK,OL,18,1,down,2.4395,6.84,2026-05-28,0.16686,HKD
ODL.OL,Odfjell Drilling Ltd,COMMON STOCK,OL,14,5,up,8.6506,102.8,2026-09-03,2.334,NOK
PEN.OL,Panoro Energy ASA,COMMON STOCK,OL,15,1,down,6.1964,30.55,2026-09-02,0.374,NOK
PEXIP.OL,Pexip Holding ASA,COMMON STOCK,OL,3,3,up,5.4127,73.9,2026-04-20,4,NOK
ODFB.OL,Odfjell B,COMMON STOCK,OL,35,1,down,7.4612,128.8,2026-08-26,4.87,NOK
PLGC.OL,PELAGIC CREDIT,COMMON STOCK,OL,1,1,new,2.3793,16,2026-08-05,0.38068,NOK
PLSV.OL,PARATUS ENERGY SERVICES LTD,COMMON STOCK,OL,9,1,down,17.2077,48.1,2026-09-03,2.05,USD
PNOR.OL,Petronor E&P Ltd,COMMON STOCK,OL,3,1,down,26.5523,12.24,2026-05-29,3.25,NOK
NRC.OL,NRC Group ASA,COMMON STOCK,OL,10,2,up,0.0000,9.95,2018-04-20,1.52959,NOK
PARB.OL,Pareto Bank ASA,COMMON STOCK,OL,11,8,up,14.5985,54.8,2026-04-10,8,NOK
PHO.OL,Photocure,COMMON STOCK,OL,2,1,down,0.0000,49,2013-05-23,2,NOK
OTEC.OL,Otello Corporation ASA,COMMON STOCK,OL,9,8,up,0.0000,18.5,2022-08-09,21,NOK
PUBLI.OL,Public Property Invest AS,COMMON STOCK,OL,8,1,down,8.7227,16.05,2027-04-01,0.25,SEK
PSE.OL,Petrolia SE,COMMON STOCK,OL,1,1,new,3.0328,6.1,2026-05-29,0.185,NOK
PPG.OL,Pioneer Property Group ASA,COMMON STOCK,OL,44,1,down,9.3458,107,2026-06-30,2.5,NOK
RIVER.OL,River Tech plc,COMMON STOCK,OL,3,1,down,0.0000,1.4,2025-04-28,2.7103,NOK
ROMER.OL,Romerike Sparebank,COMMON STOCK,OL,10,4,flat,6.7316,155.98,2026-03-27,10.5,NOK
ODF.OL,Odfjell SE,COMMON STOCK,OL,35,1,down,7.4037,129.8,2026-08-26,4.87,NOK
OBXD.OL,DNB OBX,ETF,OL,2,1,new,0.0000,187.96,2005-12-01,0.0325,NOK
SATS.OL,Sats ASA,COMMON STOCK,OL,3,2,up,3.2629,42.6,2026-08-24,0.72,NOK
PROT.OL,Protector Forsikring ASA,COMMON STOCK,OL,28,3,up,4.6211,432.8,2026-07-14,3,NOK
SAGA.OL,Saga Pure ASA,COMMON STOCK,OL,7,2,up,0.0000,1.55,2022-09-06,0.1,NOK
SB68.OL,Sparebank 68 Grader Nord,COMMON STOCK,OL,6,1,down,7.8628,209.85,2026-03-27,13.5,NOK
REACH.OL,Reach Subsea,COMMON STOCK,OL,11,1,down,2.5564,6.65,2026-05-29,0.17,NOK
SCOIN.OL,StandardCoin AS,COMMON STOCK,OL,8,1,down,0.0000,21.3,2025-09-05,5,NOK
SB1NO.OL,SpareBank 1 Sør-Norge ASA,COMMON STOCK,OL,16,5,up,5.2288,229.5,2026-04-24,12,NOK
SBO.OL,Selvaag Bolig ASA,COMMON STOCK,OL,23,1,down,3.1847,31.4,2026-05-04,1,NOK
ROGS.OL,Rogaland Sparebank,COMMON STOCK,OL,14,6,up,7.6073,153.8,2026-03-26,11.7,NOK
SALM.OL,SalMar ASA,COMMON STOCK,OL,17,1,down,1.6978,589,2026-06-24,10,NOK
RING.OL,Sparebank 1 Ringerike Hadeland,COMMON STOCK,OL,30,1,down,5.8562,449.95,2026-03-27,26.35,NOK
SCATC.OL,Scatec Solar OL,COMMON STOCK,OL,10,1,down,0.0000,96.55,2023-04-19,1.94,NOK
ORK.OL,Orkla ASA,COMMON STOCK,OL,39,1,down,4.3080,92.85,2026-04-24,4,NOK
SDSD.OL,SD Standard Drilling PLC,COMMON STOCK,OL,6,1,down,0.0000,1.795,2024-11-15,0.2,NOK
PRS.OL,Prosafe SE,COMMON STOCK,OL,34,1,down,0.0000,4.85,2015-08-27,22224.29375,NOK
SKAND.OL,Skandia Greenpower AS,COMMON STOCK,OL,3,2,up,8.6438,1.6,2026-09-03,0.0733,NOK
SMOP.OL,Smartoptics Group AS,COMMON STOCK,OL,4,4,flat,1.2474,48.1,2026-05-08,0.6,NOK
SNTIA.OL,Sentia Asa,COMMON STOCK,OL,1,1,new,6.4103,85.8,2026-05-13,5.5,NOK
SOMA.OL,Solstad Maritime ASA,COMMON STOCK,OL,6,2,up,8.1956,29.2,2026-07-17,0.97282,NOK
SNOR.OL,Sparebank 1 Nordvest,COMMON STOCK,OL,9,3,up,6.0420,182.06,2026-04-16,11,NOK
SEA1.OL,Sea1 Offshore Inc.,COMMON STOCK,OL,4,1,down,13.4907,29.65,2026-04-07,4,NOK
SPOL.OL,SpareBank 1 Østlandet,COMMON STOCK,OL,10,9,up,6.1131,207.75,2026-03-27,12.7,NOK
SBNOR.OL,Sparebanken Vest,COMMON STOCK,OL,29,3,up,5.5723,215.35,2026-03-27,12,NOK
STST.OL,Stainless Tankers ASA,COMMON STOCK,OL,14,1,down,12.8300,40.3,2026-08-07,1.25442,NOK
SKUE.OL,Skue Sparebank,COMMON STOCK,OL,26,1,down,6.6857,333.1,2026-03-26,22.27,NOK
SCANA.OL,Scana ASA,COMMON STOCK,OL,11,1,down,0.0000,1.42,2024-03-21,0.05,NOK
SWON.OL,SoftwareOne Holding,COMMON STOCK,OL,1,1,new,1.7579,97.8,2026-05-27,1.7192,CHF
TINDE.OL,Tinde Sparebank,COMMON STOCK,OL,6,1,down,4.4144,111,2026-03-27,4.9,NOK
STRO.OL,Strongpoint ASA,COMMON STOCK,OL,13,6,up,0.0000,9.92,2023-04-28,0.9,NOK
SOGN.OL,Sogn Sparebank,COMMON STOCK,OL,18,5,up,7.1919,305.9,2026-04-16,22,NOK
POL.OL,Polaris Media,COMMON STOCK,OL,32,3,up,5.3226,62,2026-05-12,3.3,NOK
SNI.OL,Stolt-Nielsen Limited,COMMON STOCK,OL,56,1,down,5.2759,368.5,2026-04-21,9.31855,USD
SOAG.OL,Sparebank 1 Ostfold Akershus,COMMON STOCK,OL,23,1,down,7.6159,453,2026-03-26,24.5,NOK
WEST.OL,Western Bulk Chartering AS,COMMON STOCK,OL,6,1,down,5.4018,22.4,2026-02-16,1.21,NOK
VEND.OL,VEND MARKETPLACES ASA,COMMON STOCK,OL,13,1,down,1.2207,204.8,2026-05-04,2.5,NOK
ZAP.OL,Zaptec AS,COMMON STOCK,OL,1,1,new,3.2103,62.3,2026-06-11,2,NOK
SOFF.OL,Solstad Offshore,COMMON STOCK,OL,23,3,up,4.6244,72.9,2026-07-17,1.45923,NOK
SPOG.OL,Sparebanken Ost,COMMON STOCK,OL,37,4,up,9.2680,74.45,2026-03-27,6.9,NOK
YAR.OL,Yara International ASA,COMMON STOCK,OL,25,3,up,5.0505,435.6,2026-05-13,22,NOK
STB.OL,Storebrand ASA,COMMON STOCK,OL,22,8,up,2.7735,194.7,2026-04-10,5.4,NOK
AMIA.EGX,Arab Moltaka Investments Co.,COMMON STOCK,EGX,14,1,down,0.5350,18.69,2026-04-08,0.1,EGP
ABUK.EGX,Abou Kir Fertilizers,COMMON STOCK,EGX,19,1,down,9.3258,89,2026-04-20,2.3,EGP
ALUM.EGX,Arab Aluminum,COMMON STOCK,EGX,14,1,down,0.0000,22.58,2024-05-29,0.082,EGP
ALCN.EGX,Alexandria Containers and goods,COMMON STOCK,EGX,17,2,up,3.5446,32.43,2026-05-12,0.99113,EGP
AFMC.EGX,Alexandria Flour Mills,COMMON STOCK,EGX,16,6,flat,0.5527,135.69,2025-11-10,0.75,EGP
AMER.EGX,Amer Group Holding,COMMON STOCK,EGX,5,2,up,0.0000,4.53,2018-03-15,0.04511,EGP
AIH.EGX,Arabia Investments Holding,COMMON STOCK,EGX,1,1,new,0.0000,0.648,2014-01-28,0.16017,EGP
ACAMD.EGX,Arab Co. for Asset Management And Development,COMMON STOCK,EGX,2,2,up,5.0761,1.97,2026-08-10,0.1,EGP
AMES.EGX,Alexandria New Medical Center,COMMON STOCK,EGX,7,5,up,0.0000,42.45,2022-06-13,0.05172,EGP
ADCI.EGX,Arab Pharmaceuticals,COMMON STOCK,EGX,14,3,up,3.0834,270.25,2025-10-28,8.333,EGP
ATQA.EGX,Misr National Steel - Ataqa,COMMON STOCK,EGX,3,2,up,0.0000,11.83,2014-04-28,0.12493,EGP
ARVA.EGX,Arab Valves Company,COMMON STOCK,EGX,4,3,up,0.0000,12.18,2024-05-13,0.1,EGP
BINV.EGX,B Investments Holding,COMMON STOCK,EGX,4,3,up,2.7799,56,2026-07-21,1.55677,EGP
AXPH.EGX,Alexandria Pharmaceuticals,COMMON STOCK,EGX,16,5,up,4.0837,1541.48,2025-11-04,62.95,EGP
ATLC.EGX,Al Tawfeek Leasing Company-A.T.LEASE,COMMON STOCK,EGX,9,1,down,6.1331,5.65,2026-04-09,0.34652,EGP
CAED.EGX,Cairo Educational Services,COMMON STOCK,EGX,16,6,up,1.3476,103.89,2026-01-19,1.4,EGP
ARCC.EGX,Arabian Cement Company,COMMON STOCK,EGX,7,3,up,13.4176,61.71,2026-04-14,5.34,EGP
APPC.EGX,Advanced Pharmaceutical Packaging Co. (APP),COMMON STOCK,EGX,1,1,new,0.0000,2.33,2011-08-03,0.90909,EGP
CEFM.EGX,Middle Egypt Flour Mills,COMMON STOCK,EGX,14,6,up,3.9635,126.15,2025-11-04,5,EGP
CNFN.EGX,Contact Financial Holding,COMMON STOCK,EGX,3,3,up,0.0000,3.98,2023-04-11,0.25252,EGP
CICH.EGX,CI Capital Holding For Financial Investments,COMMON STOCK,EGX,5,5,up,5.0220,11.35,2026-09-22,0.57,EGP
COMI.EGX,Commercial International Bank-Egypt (CIB),COMMON STOCK,EGX,16,4,up,4.6693,128.5,2026-04-07,6,EGP
ASPI.EGX,Aspire Capital Holding For Financial Investments,COMMON STOCK,EGX,2,1,down,0.0000,0.349,2010-05-09,0.02595,EGP
ACRO.EGX,Acrow Misr,COMMON STOCK,EGX,7,3,up,0.0000,127.52,2024-12-10,3.75,EGP
AMOC.EGX,Alexandria Mineral Oils Company,COMMON STOCK,EGX,16,1,down,4.5732,13.12,2026-04-20,0.2,EGP
ACGC.EGX,Arab Cotton Ginning,COMMON STOCK,EGX,11,3,up,0.0000,13.55,2024-01-22,0.23148,EGP
BIOC.EGX,Glaxo Smith Kline,COMMON STOCK,EGX,17,2,up,0.4300,232.56,2026-01-12,1,EGP
DCRC.EGX,Delta Construction & Rebuilding,COMMON STOCK,EGX,2,1,new,0.0000,23.05,2023-08-13,3,EGP
DSCW.EGX,Dice Sport & Casual Wear,COMMON STOCK,EGX,1,1,new,0.0000,1.68,2024-06-03,0.11194,EGP
DOMT.EGX,Arabian Food Industries DOMTY,COMMON STOCK,EGX,7,2,up,0.0000,24.48,2025-05-22,0.85,EGP
COPR.EGX,Copper For Commercial Investment & Real Estate Development,COMMON STOCK,EGX,5,5,up,0.0000,0.454,2014-07-10,0.02,EGP
CERA.EGX,The Arab Ceramic CO.- Ceramica Remas,COMMON STOCK,EGX,11,1,down,0.0000,1.25,2024-04-22,0.01667,EGP
CIEB.EGX,Credit Agricole Egypt,COMMON STOCK,EGX,15,4,up,14.0107,23.72,2026-04-20,3.32334,EGP
CPCI.EGX,Cairo Pharmaceuticals,COMMON STOCK,EGX,15,3,up,2.9855,560.71,2025-11-12,16.74,EGP
DEIN.EGX,Delta Insurance,COMMON STOCK,EGX,13,5,flat,0.0000,10.35,2025-06-18,0.72727,EGP
DAPH.EGX,Development & Engineering Consultants,COMMON STOCK,EGX,4,2,up,0.0000,94.52,2018-04-23,0.75758,EGP
EEII.EGX,El Arabia Engineering Industries,COMMON STOCK,EGX,1,1,new,0.0000,2.16,2024-04-18,0.00395,EGP
CSAG.EGX,Canal Shipping Agencies,COMMON STOCK,EGX,21,4,up,8.2561,35.12,2025-12-18,2.89953,EGP
EASB.EGX,Egyptian Arabian(Themar)Comp. For Securities&Bonds Brok. EAC,COMMON STOCK,EGX,13,1,down,0.0000,6.96,2025-05-11,0.045,EGP
EFIH.EGX,E-finance For Digital and Financial Investments,COMMON STOCK,EGX,8,1,down,1.3329,22,2026-06-25,0.11901,EGP
EDFM.EGX,East Delta Flour Mills,COMMON STOCK,EGX,16,6,up,6.1404,374.57,2025-11-05,23,EGP
ECAP.EGX,El Ezz Porcelain (Gemma),COMMON STOCK,EGX,9,2,up,0.0000,30.21,2023-04-18,0.9,EGP
EFIC.EGX,Egyptian Financial & Industrial,COMMON STOCK,EGX,12,1,down,0.6234,160.4,2026-04-28,1,EGP
EAST.EGX,Eastern Company,COMMON STOCK,EGX,18,1,down,7.8595,29.9,2026-05-21,1,EGP
EFID.EGX,Edita Food Industries S.A.E,COMMON STOCK,EGX,11,2,up,2.0259,28.43,2026-05-12,0.57595,EGP
EHDR.EGX,Egyptians Housing Development & Reconstruction,COMMON STOCK,EGX,3,3,flat,4.1152,2.43,2026-04-14,0.1,EGP
CCRS.EGX,Gulf Canadian Real Estate Investment Co.,COMMON STOCK,EGX,1,1,new,0.0000,2.33,2016-04-26,0.00799,EGP
EGAL.EGX,Egypt Aluminum,COMMON STOCK,EGX,14,5,up,2.3391,342.01,2025-10-14,8,EGP
EGSA.EGX,Egyptian Satellites (NileSat),COMMON STOCK,EGX,17,6,up,7.3446,8.85,2026-05-18,0.65,EGP
AREH.EGX,Egyptian Real Estate Group,COMMON STOCK,EGX,2,2,up,0.0000,1.21,2020-07-16,0.05,EGP
EGAS.EGX,Natural Gas & Mining Project (Egypt Gas),COMMON STOCK,EGX,16,2,flat,0.8930,55.99,2026-05-04,0.5,EGP
EKHOA.EGX,Egyptian Kuwaiti Holding-EGP,COMMON STOCK,EGX,3,1,down,0.0000,28,2024-04-28,2.871,EGP
EITP.EGX,Egyptian International Tourism Projects,COMMON STOCK,EGX,3,1,down,0.0000,13.76,2020-05-12,0.0578,EGP
ELEC.EGX,Electro Cable Egypt,COMMON STOCK,EGX,5,5,flat,0.0000,1.82,2014-09-16,0.00907,EGP
ENGC.EGX,Engineering Industries (ICON),COMMON STOCK,EGX,8,3,flat,0.0000,38.01,2025-05-06,1.25,EGP
ELSH.EGX,El Shams Housing & Urbanization,COMMON STOCK,EGX,17,1,down,0.8929,11.2,2026-06-25,0.05,EGP
EGBE.EGX,Egyptian Gulf Bank,COMMON STOCK,EGX,5,2,up,3.0888,0.507,2026-07-13,0.01566,EGP
ESRS.EGX,Ezz Steel,COMMON STOCK,EGX,3,3,up,0.0000,141,2022-06-13,0.8,EGP
ETEL.EGX,Telecom Egypt,COMMON STOCK,EGX,20,9,flat,1.1029,136,2026-04-28,1.5,EGP
ETRS.EGX,Egyptian Transport & Commercial Services Co. -EGYTRANS NOSCO,COMMON STOCK,EGX,11,1,down,1.9920,10.04,2026-07-29,0.2,EGP
EXPA.EGX,Export Development Bank of Egypt,COMMON STOCK,EGX,8,2,up,0.0000,21.55,2019-10-24,0.27638,EGP
ELKA.EGX,El Kahera Housing,COMMON STOCK,EGX,4,2,flat,0.0000,1.47,2013-11-26,0.01429,EGP
GIHD.EGX,Gharbia Islamic Housing Development,COMMON STOCK,EGX,8,5,flat,0.0000,67.53,2018-06-11,0.2,EGP
GRCA.EGX,Grand Investment Capital,COMMON STOCK,EGX,1,1,new,0.0000,34.88,2010-06-23,0.15,EGP
FAIT.EGX,Faisal Islamic Bank of Egypt - In EGP,COMMON STOCK,EGX,15,1,down,4.4304,43.04,2026-04-14,1.90685,EGP
GSSC.EGX,General Silos & Storage,COMMON STOCK,EGX,16,1,down,0.8335,269.96,2025-12-17,2.25,EGP
GTWL.EGX,Golden Textiles & Clothes Wool,COMMON STOCK,EGX,8,5,flat,0.0000,189.94,2018-08-13,0.25,EGP
ICLE.EGX,International Company For Leasing (IncoLEASE),COMMON STOCK,EGX,8,5,flat,0.0000,15.76,2022-09-27,0.9611,EGP
INFI.EGX,Ismailia National Food Industries,COMMON STOCK,EGX,2,2,up,0.0000,115.8,2025-04-28,0.17857,EGP
DTPP.EGX,Delta For Printing & Packaging,COMMON STOCK,EGX,11,5,up,3.3927,294.75,2026-05-05,10,EGP
ISMA.EGX,Ismailia Misr Poultry,COMMON STOCK,EGX,1,1,new,0.0000,24.72,2019-04-11,0.1,EGP
ISMQ.EGX,Iron And Steel for Mines and Quarries,COMMON STOCK,EGX,4,4,up,5.4404,7.72,2025-10-14,0.42,EGP
IFAP.EGX,International Agricultural Products,COMMON STOCK,EGX,3,3,up,0.0000,19.31,2023-10-24,0.09495,EGP
ISPH.EGX,Ibnsina Pharma,COMMON STOCK,EGX,5,1,down,2.4702,11.74,2026-04-27,0.13,EGP
HDBK.EGX,Housing & Development Bank,COMMON STOCK,EGX,16,6,up,3.7383,107,2026-04-07,4,EGP
HELI.EGX,Heliopolis Housing,COMMON STOCK,EGX,16,2,up,3.0138,7.4,2026-05-18,0.22302,EGP
FAITA.EGX,Faisal Islamic Bank of Egypt - In US Dollars,COMMON STOCK,EGX,16,1,down,4.0816,0.98,2026-04-14,0.04,EGP
KWIN.EGX,El Kahera El Watania Investment,COMMON STOCK,EGX,1,1,new,0.0000,79.08,2010-04-21,0.5,EGP
IRAX.EGX,EL Ezz Aldekhela Steel - Alexandria,COMMON STOCK,EGX,14,2,flat,0.0000,1251,2022-05-26,60,EGP
HRHO.EGX,EFG Holding,COMMON STOCK,EGX,5,1,down,1.1815,23.53,2026-06-25,0.278,EGP
EPPK.EGX,El Ahram Co. For Printing And Packing,COMMON STOCK,EGX,3,1,down,0.0000,9.78,2016-08-09,0.125,EGP
MAAL.EGX,Egyptian Gulf Marseilia For Real Estate Investment,COMMON STOCK,EGX,1,1,new,0.0000,11.14,2023-10-02,0.05,EGP
JUFO.EGX,Juhayna Food Industries,COMMON STOCK,EGX,14,4,up,1.2785,25.03,2026-05-12,0.32,EGP
MEGM.EGX,Middle East Glass Manufacturing,COMMON STOCK,EGX,1,1,new,0.0000,12.54,2025-07-15,6.34207,EGP
KZPC.EGX,Kafr El Zayat Pesticides,COMMON STOCK,EGX,16,2,flat,0.0000,13.41,2025-09-28,0.375,EGP
GBCO.EGX,GB Corp.,COMMON STOCK,EGX,9,3,flat,1.1889,29.44,2026-04-27,0.35,EGP
MCRO.EGX,Macro Group Pharmaceuticals - Macro Capital,COMMON STOCK,EGX,2,1,down,0.0000,1.46,2023-04-18,0.00233,EGP
MFPC.EGX,Misr Fretilizers Production Company - Mopco,COMMON STOCK,EGX,10,2,up,2.1626,46.24,2026-05-04,1,EGP
MASR.EGX,Madinet Masr For Housing and Development,COMMON STOCK,EGX,16,4,up,2.1368,7.02,2026-05-20,0.15,EGP
MBSC.EGX,Misr Beni Suef Cement,COMMON STOCK,EGX,15,5,up,3.3416,299.26,2026-06-16,10,EGP
LCSW.EGX,Lecico Egypt,COMMON STOCK,EGX,5,1,down,0.0000,30.25,2015-04-28,0.24,EGP
MOIN.EGX,Mohandes Insurance,COMMON STOCK,EGX,15,3,flat,0.0000,35.26,2025-01-16,0.09615,EGP
MHOT.EGX,Misr Hotels,COMMON STOCK,EGX,10,5,up,0.0000,17.27,2025-09-29,0.75,EGP
MILS.EGX,North Cairo Mills,COMMON STOCK,EGX,14,1,down,1.7477,171.65,2025-11-04,3,EGP
MOSC.EGX,Misr Oils & Soap,COMMON STOCK,EGX,4,2,up,0.1924,259.81,2026-01-27,0.5,EGP
MFSC.EGX,Misr Duty Free Shops,COMMON STOCK,EGX,16,6,up,0.0000,47.22,2025-09-28,3.33452,EGP
MCQE.EGX,Misr Cement (Qena),COMMON STOCK,EGX,20,3,up,2.7533,181.6,2026-04-23,5,EGP
MOIL.EGX,Maridive & oil services,COMMON STOCK,EGX,2,1,down,0.0000,0.711,2011-05-29,0.0225,EGP
MPCO.EGX,Mansourah Poultry,COMMON STOCK,EGX,5,2,flat,0.0000,2.4,2017-05-29,0.00912,EGP
NAHO.EGX,Naeem Holding,COMMON STOCK,EGX,2,1,down,0.0000,0.128,2013-04-23,0.0263,EGP
MICH.EGX,Misr Chemical Industries,COMMON STOCK,EGX,15,1,down,4.5015,44.43,2025-11-04,2,EGP
NCCW.EGX,Nasr Company for Civil Works,COMMON STOCK,EGX,7,6,up,0.0000,7.12,2020-04-27,0.02289,EGP
NBKE.EGX,National Bank Of Kuwait- Egypt- NBK,COMMON STOCK,EGX,11,3,flat,0.0000,13,2020-04-06,0.375,EGP
OBRI.EGX,El Obour Real Estate Investment,COMMON STOCK,EGX,3,3,flat,0.0000,24.01,2020-08-27,0.08978,EGP
MIPH.EGX,Minapharm Pharmaceuticals,COMMON STOCK,EGX,17,2,flat,0.1579,791.85,2026-08-12,1.25,EGP
NHPS.EGX,National Housing for Professional Syndicates,COMMON STOCK,EGX,7,1,down,12.9082,71.66,2026-06-25,1.75,EGP
MPRC.EGX,Egyptian Media Production City,COMMON STOCK,EGX,6,5,flat,0.0000,37.92,2025-07-29,0.5,EGP
OLFI.EGX,Obour Land For Food Industries,COMMON STOCK,EGX,9,1,down,4.0046,21.85,2026-03-24,0.875,EGP
NINH.EGX,Nozha International Hospital,COMMON STOCK,EGX,14,3,up,0.0000,18.96,2025-04-28,0.07333,EGP
OCPH.EGX,October Pharma,COMMON STOCK,EGX,6,5,up,0.0000,205.31,2024-05-28,1.25,EGP
NIPH.EGX,El-Nile Co. For Pharmaceuticals And Chemical Industries,COMMON STOCK,EGX,13,1,down,0.6704,298.34,2025-10-29,2,EGP
ORHD.EGX,Orascom Development Egypt,COMMON STOCK,EGX,2,2,up,0.0000,38.7,2025-09-23,0.11904,EGP
ODIN.EGX,ODIN Investments,COMMON STOCK,EGX,5,1,down,3.0992,2.42,2026-04-20,0.075,EGP
OCDI.EGX,Six of October Development & Investment (SODIC),COMMON STOCK,EGX,4,3,flat,0.0000,26.65,2021-06-07,0.15195,EGP
ORAS.EGX,Orascom Construction PLC,COMMON STOCK,EGX,13,6,up,0.0000,791.15,2025-08-07,12.23213,EGP
OIH.EGX,Orascom Investment Holding SAE,COMMON STOCK,EGX,3,1,down,0.0000,1.86,2017-06-20,0.02612,EGP
MPCI.EGX,Memphis Pharmaceuticals,COMMON STOCK,EGX,15,5,up,3.8035,346.71,2025-10-27,13.187,EGP
ORWE.EGX,Oriental Weavers,COMMON STOCK,EGX,17,2,flat,1.8587,26.9,2026-05-18,0.5,EGP
RACC.EGX,Raya Customer Experience,COMMON STOCK,EGX,2,2,up,0.0000,8.99,2019-06-10,0.425,EGP
PACH.EGX,Paint & Chemicals Industries (Pachin),COMMON STOCK,EGX,21,2,up,0.0000,39.8,2022-01-26,0.75,EGP
PHDC.EGX,Palm Hills Development Company,COMMON STOCK,EGX,3,1,down,0.0000,12.79,2022-05-26,0.05,EGP
RMDA.EGX,Tenth Of Ramadan Pharmaceutical Industries&Diagnostic-Rameda,COMMON STOCK,EGX,4,1,down,0.5660,5.3,2026-06-02,0.03,EGP
PHTV.EGX,Pyramisa Hotels,COMMON STOCK,EGX,9,3,up,1.1759,340.16,2026-05-11,4,EGP
PRMH.EGX,Prime Holding,COMMON STOCK,EGX,3,3,up,0.0000,2.33,2019-04-15,0.06,EGP
PRCL.EGX,Ceramic & Porcelain,COMMON STOCK,EGX,8,1,down,0.0000,26.89,2017-11-06,0.09,EGP
SAIB.EGX,Societe Arabe Internationale De Banque S.A.E,COMMON STOCK,EGX,4,1,down,11.8577,2.53,2026-04-14,0.3,EGP
RAYA.EGX,Raya Holding For Financial Investments,COMMON STOCK,EGX,14,2,up,0.0000,6.16,2025-07-08,0.04,EGP
QNBA.EGX,Qatar National Bank,COMMON STOCK,EGX,18,3,up,0.0000,58.22,2024-03-12,1,EGP
SCFM.EGX,South Cairo & Giza Mills & Bakeries,COMMON STOCK,EGX,8,1,down,0.0000,239.08,2018-12-02,2.3,EGP
ROTO.EGX,Rowad Tourism (Al Rowad),COMMON STOCK,EGX,7,2,up,0.0000,39.45,2020-06-01,0.375,EGP
SAUD.EGX,Al Baraka Bank Egypt,COMMON STOCK,EGX,7,7,up,5.0297,21.87,2026-04-14,1.1,EGP
PHAR.EGX,Egyptian International Pharmaceuticals (EIPICO),COMMON STOCK,EGX,17,4,flat,1.4205,105.6,2026-04-28,1.5,EGP
POUL.EGX,Cairo Poultry,COMMON STOCK,EGX,13,1,down,3.3986,9.71,2026-04-27,0.33,EGP
RUBX.EGX,Rubex International for Plastic and Acrylic Manufacturing,COMMON STOCK,EGX,1,1,new,0.0000,15.14,2012-05-29,0.0581,EGP
SCEM.EGX,Sinai Cement,COMMON STOCK,EGX,7,3,flat,0.0000,79,2015-04-07,0.79174,EGP
SEIGA.EGX,Saudi Egyptian Investment & Finance $,COMMON STOCK,EGX,9,1,down,0.0175,215.07,2026-04-29,0.03774,EGP
SCTS.EGX,Sues Canal Company For Technology Settling,COMMON STOCK,EGX,17,4,up,2.5569,547.93,2026-06-25,13,EGP
SEIG.EGX,Saudi Egyptian Investment & Finance,COMMON STOCK,EGX,17,5,flat,0.9299,215.07,2026-04-29,2,EGP
SDTI.EGX,Sharm Dreams Co. for Tourism Investment,COMMON STOCK,EGX,1,1,new,0.0000,87,2010-08-16,0.15,EGP
SMFR.EGX,Samad Misr -EGYFERT,COMMON STOCK,EGX,6,1,down,1.7883,214.42,2026-04-28,3.83453,EGP
SNFC.EGX,Sharkia National Food,COMMON STOCK,EGX,5,1,down,0.0000,11.4,2015-04-23,0.01,EGP
SPIN.EGX,Alexandria Spinning & Weaving (SPINALEX),COMMON STOCK,EGX,5,2,up,0.0000,16,2023-12-12,0.04444,EGP
TRTO.EGX,TransOceans Tours,COMMON STOCK,EGX,3,2,up,0.0000,0.054,2019-10-10,0.00108,EGP
SUGR.EGX,Delta Sugar,COMMON STOCK,EGX,13,1,down,0.0000,53.4,2024-12-24,2.5,EGP
SVCE.EGX,South Valley Cement,COMMON STOCK,EGX,3,2,flat,0.0000,9.9,2014-07-22,0.08429,EGP
SKPC.EGX,Sidi Kerir Petrochemicals - SIDPEC,COMMON STOCK,EGX,14,4,up,0.0000,16.2,2025-05-27,0.4,EGP
WKOL.EGX,Wadi Kom Ombo Land Reclamation,COMMON STOCK,EGX,3,2,up,2.3763,297.55,2025-12-28,7.07081,EGP
SWDY.EGX,ELSWEDY ELECTRIC,COMMON STOCK,EGX,17,5,up,1.6444,112.5,2026-06-02,1.85,EGP
UEFM.EGX,Upper Egypt Flour Mills,COMMON STOCK,EGX,16,6,flat,4.7109,424.55,2025-12-09,20,EGP
UEGC.EGX,Elsaeed Contracting& Real Estate Investment Company SCCD,COMMON STOCK,EGX,4,1,down,0.0000,1.45,2014-11-19,0.04923,EGP
TMGH.EGX,T M G Holding,COMMON STOCK,EGX,13,7,up,0.1713,87.58,2026-05-19,0.15,EGP
WCDF.EGX,Middle & West Delta Flour Mills,COMMON STOCK,EGX,16,6,flat,5.8184,618.73,2025-10-27,36,EGP
UNIT.EGX,United Housing & Development,COMMON STOCK,EGX,6,2,up,0.7192,17.38,2026-05-12,0.125,EGP
UNIP.EGX,Universal For Paper and Packaging Materials (Unipack,COMMON STOCK,EGX,5,1,down,0.0000,0.33,2021-06-16,0.00374,EGP
ASUNTO.HE,Asuntosalkku Oyj,COMMON STOCK,HE,7,1,down,1.3775,75.5,2026-01-21,1.04,EUR
ADMIN.HE,Administer Oyj,COMMON STOCK,HE,3,3,flat,2.3148,2.16,2026-04-23,0.05,EUR
ARVOSK.HE,Pohjanmaan Arvo Sijoitusosuuskunta,COMMON STOCK,HE,3,3,up,6.9518,83,2026-04-10,5.77,EUR
ALEX.HE,Alexandria Group Oyj,COMMON STOCK,HE,7,1,down,5.4054,12.95,2026-09-15,0.35,EUR
ADMCM.HE,Admicom Oyj,COMMON STOCK,HE,8,1,down,1.2261,26.1,2026-03-18,0.32,EUR
AALLON.HE,Aallon Group Oyj,COMMON STOCK,HE,7,7,up,2.6432,9.08,2026-03-18,0.24,EUR
BEER.HE,Nokian Panimo Oyj,COMMON STOCK,HE,1,1,new,1.2245,2.45,2026-08-27,0.03,EUR
CITYVA.HE,Cityvarasto Oyj,COMMON STOCK,HE,1,1,new,0.8088,13.6,2026-04-29,0.11,EUR
AKTIA.HE,Aktia Bank Abp,COMMON STOCK,HE,17,1,down,6.0423,13.24,2026-04-02,0.8,EUR
ANORA.HE,Anora Group Oyj,COMMON STOCK,HE,12,4,up,6.1146,3.925,2026-04-15,0.24,EUR
ALMA.HE,Alma Media Oyj,COMMON STOCK,HE,22,6,up,3.5165,13.65,2026-04-10,0.48,EUR
BIOBV.HE,Biohit Oyj B,COMMON STOCK,HE,3,3,up,0.0000,2.32,2014-04-15,0.7234,EUR
ACG1V.HE,Aspocomp Group Oyj,COMMON STOCK,HE,11,5,up,0.0000,5.74,2023-04-21,0.21,EUR
CONSTI.HE,Consti Yhtiot Oy,COMMON STOCK,HE,11,1,down,6.4545,11,2026-04-10,0.36,EUR
DWF.HE,Digital Workforce Services Oyj,COMMON STOCK,HE,6,3,flat,3.5714,2.52,2026-04-17,0.09,EUR
ALBAV.HE,Alandsbanken Abp A,COMMON STOCK,HE,35,5,up,7.7778,45,2026-07-20,0.75,EUR
ATRAV.HE,Atria Oyj A,COMMON STOCK,HE,29,3,up,4.6296,16.2,2026-04-24,0.75,EUR
CAPMAN.HE,CapMan Oyj B,COMMON STOCK,HE,30,1,down,6.8104,1.762,2026-09-09,0.06,EUR
BOREO.HE,Boreo Oyj,COMMON STOCK,HE,25,9,up,0.0000,26.3,2023-11-08,0.22,EUR
ALBBV.HE,Alandsbanken Abp B,COMMON STOCK,HE,33,3,up,8.0645,43.4,2026-07-20,0.75,EUR
CTY1S.HE,Citycon Oyj,COMMON STOCK,HE,55,2,up,37.2881,2.95,2026-03-24,0.9,EUR
CTH1V.HE,Componenta Corp,COMMON STOCK,HE,6,1,down,0.0000,7.48,2009-02-24,10.83333,EUR
ECOUP.HE,EcoUp Oyj,COMMON STOCK,HE,1,1,new,0.0000,1.18,2022-05-25,0.06,EUR
DIGIGR.HE,Digitalist Group Oyj,COMMON STOCK,HE,9,1,down,0.0000,1.405,2008-04-04,22.58958,EUR
DOV1V.HE,Dovre Group Plc,COMMON STOCK,HE,14,8,up,0.0000,0.0734,2025-06-13,0.03,EUR
EEZY.HE,Eezy PLC,COMMON STOCK,HE,9,4,flat,0.0000,0.205,2023-10-18,0.01772,EUR
ESENSE.HE,Enersense International Oyj,COMMON STOCK,HE,4,2,flat,0.0000,5.34,2023-10-31,0.05,EUR
BITTI.HE,Bittium Oyj,COMMON STOCK,HE,25,6,up,0.8075,37.15,2026-08-10,0.15,EUR
DETEC.HE,Detection Technology OY,COMMON STOCK,HE,11,1,down,4.0541,7.4,2026-03-27,0.3,EUR
EVLI.HE,Evli Pankki Oyj,COMMON STOCK,HE,5,4,up,10.0820,24.4,2026-03-18,1.23,EUR
FOAMIT.HE,Foamit Oyj,COMMON STOCK,HE,1,1,new,1.2225,0.818,2026-04-15,0.01,EUR
APETIT.HE,Apetit Oyj,COMMON STOCK,HE,36,1,down,5.4687,12.8,2026-04-16,0.7,EUR
DIGIA.HE,Digia Oyj,COMMON STOCK,HE,28,9,up,3.6822,5.16,2026-03-25,0.19,EUR
ENENTO.HE,Enento Group Plc,COMMON STOCK,HE,15,1,down,6.5963,15.16,2026-03-27,0.5,EUR
FRAMERY.HE,Framery Group,COMMON STOCK,HE,1,1,new,3.4226,6.72,2026-04-28,0.23,EUR
ERIBR.HE,Telefonaktiebolaget LM Ericsson Class B,COMMON STOCK,HE,19,8,up,3.2592,8.29,2026-09-28,0.13243,EUR
FONDIA.HE,Fondia Oyj,COMMON STOCK,HE,10,2,flat,6.0120,4.99,2026-03-20,0.3,EUR
FODELIA.HE,Fodelia,COMMON STOCK,HE,7,1,down,1.5556,4.5,2026-03-27,0.07,EUR
FSECURE.HE,F-SECURE OYJ,COMMON STOCK,HE,7,2,flat,3.1579,1.9,2026-09-29,0.02,EUR
GOFORE.HE,Gofore Oyj,COMMON STOCK,HE,9,9,up,4.5624,10.74,2026-04-20,0.49,EUR
ELEAV.HE,Elecster Oyj A,COMMON STOCK,HE,28,1,down,0.0000,2.26,2024-04-24,0.05,EUR
EQV1V.HE,eQ Oyj,COMMON STOCK,HE,21,1,down,6.7198,8.78,2026-03-25,0.26,EUR
ELISA.HE,Elisa Oyj,COMMON STOCK,HE,34,1,down,9.7116,36.76,2027-02-09,0.6,EUR
ETTE.HE,Etteplan Oyj,COMMON STOCK,HE,26,2,flat,2.7500,8,2026-04-10,0.22,EUR
EXEL.HE,Exel Composites Oyj,COMMON STOCK,HE,23,1,down,0.0000,16,2023-09-05,0.71193,EUR
ASPO.HE,Aspo Oyj,COMMON STOCK,HE,34,2,up,4.9296,7.1,2026-04-20,0.25,EUR
AFAGR.HE,Afarak Group Oyj,COMMON STOCK,HE,16,1,down,2.1459,0.233,2026-02-12,0.005,EUR
GRK.HE,GRK Infra,COMMON STOCK,HE,1,1,new,2.0076,26.4,2026-03-31,0.53,EUR
HARVIA.HE,Harvia Oyj,COMMON STOCK,HE,16,1,down,1.7391,43.7,2026-04-16,0.39,EUR
INDERES.HE,Inderes Oyj,COMMON STOCK,HE,7,1,down,3.9640,16.65,2026-04-16,0.22,EUR
KALMAR.HE,Kalmar,COMMON STOCK,HE,2,2,up,2.8147,39.08,2026-04-01,1.1,EUR
FORTUM.HE,Fortum Oyj,COMMON STOCK,HE,30,1,down,3.1132,23.77,2026-04-01,0.74,EUR
INVEST.HE,Investors House,COMMON STOCK,HE,22,1,down,12.3333,3,2026-08-18,0.12,EUR
GLA1V.HE,Glaston Oyj Abp,COMMON STOCK,HE,24,1,down,0.0000,1,2025-05-07,0.06,EUR
HKFOODS.HE,HKFoods Oyj A,COMMON STOCK,HE,22,1,down,7.7566,1.676,2026-04-23,0.08,EUR
FSKRS.HE,Fiskars Oyj Abp,COMMON STOCK,HE,44,8,flat,6.5015,12.92,2026-12-04,0.21,EUR
KOSKI.HE,Koskisen,COMMON STOCK,HE,4,2,up,1.6667,8.4,2026-04-24,0.14,EUR
HUH1V.HE,Huhtamaki Oyj,COMMON STOCK,HE,43,18,up,5.6902,29.7,2026-09-30,0.57,EUR
HONBS.HE,Honkarakenne Oyj B,COMMON STOCK,HE,21,1,down,0.0000,2.43,2024-04-19,0.09,EUR
ICP1V.HE,Incap Oyj,COMMON STOCK,HE,5,1,down,0.0000,8.07,2002-03-22,0.15295,EUR
HIAB.HE,Hiab B,COMMON STOCK,HE,25,1,down,4.7241,58,2026-03-25,1.17,EUR
KREATE.HE,Kreate Group Oyj,COMMON STOCK,HE,10,6,up,1.5385,39,2026-09-23,0.3,EUR
LAPWALL.HE,LapWall Oyj,COMMON STOCK,HE,6,3,up,4.3573,4.59,2026-06-16,0.1,EUR
LASTIK.HE,Lassila & Tikanoja,COMMON STOCK,HE,2,1,new,6.4220,6.54,2026-09-21,0.21,EUR
LEMON.HE,Lemonsoft Oyj,COMMON STOCK,HE,5,5,flat,2.8747,4.87,2026-04-15,0.14,EUR
KHG.HE,KH Group Oyj,COMMON STOCK,HE,23,1,down,0.0000,0.93,2021-04-30,0.04,EUR
KELAS.HE,Kesla Oyj A,COMMON STOCK,HE,27,1,down,0.0000,3.97,2024-04-03,0.1,EUR
LOIHDE.HE,Loihde Oyj,COMMON STOCK,HE,7,2,up,7.5758,13.2,2026-04-29,1,EUR
KCR.HE,Konecranes Plc,COMMON STOCK,HE,32,6,up,7.0181,32.06,2026-03-27,2.25,EUR
FIA1S.HE,Finnair Oyj,COMMON STOCK,HE,23,1,down,2.1882,4.57,2026-03-25,0.05,EUR
LUMO.HE,LUMO KODIT OYJ,COMMON STOCK,HE,6,1,down,1.5363,7.16,2026-03-13,0.11,EUR
KEMIRA.HE,Kemira Oyj,COMMON STOCK,HE,38,1,down,4.3403,17.28,2026-03-20,0.38,EUR
KAMUX.HE,Kamux Suomi Oy,COMMON STOCK,HE,13,1,down,4.7297,1.48,2025-10-23,0.07,EUR
KSL.HE,Keskisuomalainen Oyj,COMMON STOCK,HE,34,1,down,6.7114,8.94,2026-04-27,0.4,EUR
MANTA.HE,Mandatum Oyj,COMMON STOCK,HE,3,3,up,13.8549,6.135,2026-05-13,0.85,EUR
KESKOA.HE,Kesko Oyj,COMMON STOCK,HE,44,1,down,4.0179,22.4,2026-07-15,0.22,EUR
NETUM.HE,Netum Group Oyj,COMMON STOCK,HE,3,1,down,0.0000,0.65,2025-03-26,0.05,EUR
METSO.HE,Metso Oyj,COMMON STOCK,HE,15,8,up,3.4911,16.9,2026-10-22,0.2,EUR
MUSTI.HE,Musti Group Oyj,COMMON STOCK,HE,7,4,up,0.0000,14.45,2024-08-21,0.3,EUR
NORRH.HE,Norrhydro Group Oyj,COMMON STOCK,HE,3,1,down,1.6878,1.185,2026-05-15,0.02,EUR
LUOTEA.HE,Luotea,COMMON STOCK,HE,27,1,down,3.8674,1.81,2026-04-30,0.07,EUR
LINDEX.HE,Lindex Group,COMMON STOCK,HE,16,1,down,0.0000,2.22,2014-03-19,0.4,EUR
NOHO.HE,NoHo Partners Oyj,COMMON STOCK,HE,16,1,down,4.0951,7.57,2026-08-11,0.08,EUR
MEKKO.HE,Marimekko Oyj,COMMON STOCK,HE,28,4,up,4.3704,9.61,2026-04-17,0.42,EUR
MARAS.HE,Martela Oyj A,COMMON STOCK,HE,26,2,flat,0.0000,0.548,2023-03-30,0.1,EUR
NDA-FI.HE,Nordea Bank Abp,COMMON STOCK,HE,28,5,up,7.2666,17.89,2026-08-05,0.34,EUR
OMASP.HE,Oma Saastopankki Oyj,COMMON STOCK,HE,8,2,flat,2.0930,17.2,2026-04-17,0.36,EUR
METSA.HE,Metsa Board Oyj A,COMMON STOCK,HE,30,1,down,0.0000,4.19,2025-03-21,0.07,EUR
KESKOB.HE,Kesko Oyj,COMMON STOCK,HE,56,1,down,5.8090,23.24,2027-01-13,0.22,EUR
KNEBV.HE,KONE Oyj,COMMON STOCK,HE,38,5,flat,3.4803,51.72,2026-03-06,1.8,EUR
ORTHEX.HE,Orthex Oyj,COMMON STOCK,HE,9,1,down,4.8936,4.7,2026-04-15,0.12,EUR
PIHLIS.HE,Pihlajalinna Oy,COMMON STOCK,HE,8,3,up,4.8624,10.9,2026-04-01,0.53,EUR
METSB.HE,Metsa Board Oyj B,COMMON STOCK,HE,30,1,down,0.0000,3.356,2025-03-21,0.07,EUR
NLG1V.HE,Nurminen Logistics Oyj,COMMON STOCK,HE,18,1,down,0.0000,0.582,2025-04-28,0.03,EUR
OVARO.HE,Ovaro Kiinteistosijoitus Oyj,COMMON STOCK,HE,19,1,down,14.6853,2.86,2026-04-24,0.06,EUR
POSTI.HE,Posti Group Oyj,COMMON STOCK,HE,6,4,up,6.2874,13.36,2026-10-16,0.42,EUR
PUUILO.HE,Puuilo Oyj,COMMON STOCK,HE,9,1,down,3.9352,17.28,2026-05-18,0.33,EUR
ORIOLA.HE,Oriola,COMMON STOCK,HE,18,1,down,3.3149,0.905,2026-03-26,0.03,EUR
ORNBV.HE,Orion Oyj B,COMMON STOCK,HE,39,13,up,3.1190,84,2026-10-19,0.9,EUR
PNA1V.HE,Panostaja Oyj,COMMON STOCK,HE,26,1,down,0.0000,0.275,2023-02-08,0.03,EUR
NOKIA.HE,Nokia Oyj,COMMON STOCK,HE,48,1,down,1.5855,8.83,2026-07-27,0.04,EUR
PON1V.HE,Ponsse Oyj 1,COMMON STOCK,HE,31,2,up,2.4229,22.7,2026-04-09,0.55,EUR
RAP1V.HE,Rapala VMC Oyj,COMMON STOCK,HE,25,1,down,0.0000,1.7,2023-03-30,0.04,EUR
RELAIS.HE,Relais Group Oyj,COMMON STOCK,HE,11,1,down,2.5735,13.6,2026-04-15,0.15,EUR
QPR1V.HE,QPR Software Oyj,COMMON STOCK,HE,14,3,flat,0.0000,0.536,2018-04-13,0.02844,EUR
REBL.HE,Rebl Group,COMMON STOCK,HE,17,2,up,0.0000,0.99,2022-03-28,0.18,EUR
RAUTE.HE,Raute Oyj,COMMON STOCK,HE,31,3,up,4.4068,14.75,2026-04-15,0.65,EUR
ORNAV.HE,Orion Oyj A,COMMON STOCK,HE,38,1,down,2.0550,83.7,2026-03-25,0.9,EUR
REMEDY.HE,Remedy Entertainment Oyj,COMMON STOCK,HE,5,1,down,0.0000,19,2023-04-14,0.1,EUR
OLVAS.HE,Olvi Oyj A,COMMON STOCK,HE,44,15,up,4.2994,31.4,2026-09-22,0.68,EUR
OUT1V.HE,Outokumpu Oyj,COMMON STOCK,HE,28,1,down,4.8193,5.395,2026-10-14,0.07,EUR
RAIKV.HE,Raisio Oyj,COMMON STOCK,HE,32,2,up,6.5789,2.28,2026-04-17,0.15,EUR
ROBIT.HE,Robit Oyj,COMMON STOCK,HE,4,1,down,0.0000,1.385,2023-09-21,0.02,EUR
REG1V.HE,Revenio Group Corporation,COMMON STOCK,HE,22,5,up,0.0000,10.58,2025-04-11,0.33499,EUR
SITOWS.HE,Sitowise Group Oyj,COMMON STOCK,HE,2,2,flat,0.0000,2.39,2023-04-26,0.1,EUR
REKA.HE,Reka Industrial Oyj,COMMON STOCK,HE,21,2,up,2.2500,4,2026-04-27,0.09,EUR
RAIVV.HE,Raisio Oyj Vaihto-osake,COMMON STOCK,HE,34,2,up,6.6372,2.26,2026-04-17,0.15,EUR
SIILI.HE,Siili Solutions Oyj,COMMON STOCK,HE,14,1,down,2.4476,2.86,2026-04-09,0.07,EUR
SSABAH.HE,SSAB AB ser. A,COMMON STOCK,HE,8,1,down,1.9233,9.13,2026-04-29,0.1756,SEK
SOLWERS.HE,Solwers Oyj,COMMON STOCK,HE,4,1,down,0.0000,1.195,2025-04-16,0.024,EUR
SLGOMXH25.HE,Seligson & Co OMX Helsinki 25,ETF,HE,7,2,up,0.0000,102.16,2014-05-14,1.26,EUR
SPRING.HE,Springvest Oyj,COMMON STOCK,HE,9,1,down,3.1095,8.04,2026-03-13,0.15,EUR
SCANFL.HE,Scanfil Oyj,COMMON STOCK,HE,14,14,up,1.9810,12.62,2026-04-27,0.25,EUR
SSABBH.HE,SSAB AB ser. B,COMMON STOCK,HE,7,1,down,1.9918,9.24,2026-04-29,0.18404,SEK
SANOMA.HE,Sanoma Oyj,COMMON STOCK,HE,39,1,down,4.2138,9.73,2026-09-14,0.14,EUR
NESTE.HE,Neste Oil Oyj,COMMON STOCK,HE,28,2,flat,0.5855,34.16,2026-03-26,0.2,EUR
TEKOVA.HE,Tekova Oy,COMMON STOCK,HE,2,2,up,4.3668,1.145,2026-04-09,0.05,EUR
SAGCV.HE,Saga Furs Oyj C,COMMON STOCK,HE,33,4,up,4.4037,16.35,2026-04-29,0.72,EUR
SOLTEQ.HE,Solteq PLC,COMMON STOCK,HE,18,3,up,0.0000,0.31,2021-03-31,0.15,EUR
TITAN.HE,Titanium Oyj,COMMON STOCK,HE,9,1,down,8.3612,5.98,2026-03-26,0.5,EUR
TALLINK.HE,AS Tallink Grupp,COMMON STOCK,HE,4,1,down,9.3750,0.64,2026-06-17,0.03,EUR
TAMTRON.HE,Tamtron Group Oyj,COMMON STOCK,HE,1,1,new,3.6585,4.1,2026-04-01,0.15,EUR
TAALA.HE,Taaleri Oyj,COMMON STOCK,HE,16,1,down,5.5249,7.24,2026-04-09,0.15,EUR
SRV1V.HE,SRV Group plc,COMMON STOCK,HE,11,1,down,0.0000,10,2018-03-21,1.09938,EUR
TOIVO.HE,Toivo Group Oyj,COMMON STOCK,HE,1,1,new,3.3708,0.89,2026-04-10,0.03,EUR
TEM1V.HE,Tecnotree Oyj,COMMON STOCK,HE,7,2,flat,0.0000,6.54,2025-04-30,0.01,EUR
SAMPO.HE,Sampo Oyj A,COMMON STOCK,HE,34,2,up,4.0632,8.86,2026-04-23,0.36,EUR
SSH1V.HE,SSH Communications Security Oyj,COMMON STOCK,HE,5,1,down,0.0000,2.14,2010-03-04,0.05,EUR
STERV.HE,Stora Enso Oyj R,COMMON STOCK,HE,34,3,flat,2.4073,10.385,2026-09-24,0.12,EUR
TNOM.HE,Talenom Oyj,COMMON STOCK,HE,12,1,down,8.3560,1.16,2026-04-24,0.03,EUR
TTALO.HE,Terveystalo Oy,COMMON STOCK,HE,14,1,down,7.4567,7.51,2026-03-25,0.32,EUR
SUY1V.HE,Suominen Oyj,COMMON STOCK,HE,16,2,flat,0.0000,0.6,2024-04-05,0.06208,EUR
TOKMAN.HE,Tokmanni Group Oyj,COMMON STOCK,HE,14,1,down,2.4763,6.865,2026-04-29,0.17,EUR
UNITED.HE,United Bankers Oyj,COMMON STOCK,HE,14,7,up,5.0877,22.8,2026-09-24,0.58,EUR
TLT1V.HE,Teleste Oyj,COMMON STOCK,HE,26,2,up,1.4493,3.45,2026-06-29,0.05,EUR
TELIA1.HE,Telia Company AB,COMMON STOCK,HE,42,1,down,4.6357,4.01,2026-07-22,0.04612,EUR
VINCIT.HE,Vincit Group Oyj,COMMON STOCK,HE,9,2,up,0.0000,0.998,2025-03-27,0.11,EUR
VALMT.HE,Valmet Oyj,COMMON STOCK,HE,17,13,flat,4.7468,28.44,2026-09-30,0.67,EUR
STEAV.HE,Stora Enso Oyj A,COMMON STOCK,HE,41,3,flat,2.4155,10.35,2026-09-24,0.12,EUR
VIAFIN.HE,Viafin Service Oyj,COMMON STOCK,HE,6,6,up,3.7879,19.8,2026-04-30,0.75,EUR
TRH1V.HE,Trainers House Oyj,COMMON STOCK,HE,13,2,up,5.6075,2.14,2026-03-31,0.12,EUR
WITTED.HE,Witted Megacorp Oyj,COMMON STOCK,HE,2,2,flat,1.2739,1.57,2026-04-30,0.02,EUR
TIETO.HE,TietoEVRY Corp,COMMON STOCK,HE,49,1,down,4.8035,18.32,2026-09-22,0.44,EUR
TULAV.HE,Tulikivi Oyj A,COMMON STOCK,HE,22,2,flat,1.9231,0.52,2025-10-03,0.01,EUR
VERK.HE,Verkkokauppa.com Oyj,COMMON STOCK,HE,30,1,down,5.4190,3.58,2027-02-15,0.05,EUR
TYRES.HE,Nokian Renkaat Oyj,COMMON STOCK,HE,35,2,flat,1.5974,15.65,2026-03-26,0.25,EUR
WETTERI.HE,Wetteri,COMMON STOCK,HE,9,1,down,0.0000,0.161,2014-05-08,0.03,EUR
UPM.HE,UPM-Kymmene Oyj,COMMON STOCK,HE,41,18,flat,8.9144,25.24,2026-10-29,0.75,EUR
VAIAS.HE,Vaisala Oyj A,COMMON STOCK,HE,36,8,up,1.4454,59.5,2026-03-25,0.86,EUR
WUF1V.HE,Wulff-Yhtiot Oy,COMMON STOCK,HE,29,1,down,3.8031,4.47,2026-04-10,0.09,EUR
VIK1V.HE,Viking Line Abp,COMMON STOCK,HE,28,6,flat,5.1282,19.5,2026-09-25,0.5,EUR
WRT1V.HE,Wartsila Oyj Abp,COMMON STOCK,HE,50,6,up,2.7856,28.36,2026-09-15,0.27,EUR
YIT.HE,YIT Oyj,COMMON STOCK,HE,32,3,up,0.0000,4.34,2023-10-02,0.09,EUR
AAISA.SN,Administradora Americana de Inversiones S.A.,COMMON STOCK,SN,5,5,up,2.6574,602.09,2026-05-11,16,CLP
BICE.SN,Bicecorp S.A.,COMMON STOCK,SN,21,1,down,5.0120,417,2026-05-11,10.45,CLP
AZULAZUL.SN,Azul Azul Sa,COMMON STOCK,SN,2,1,down,0.0000,501,2014-04-30,0.99122,CLP
CAMANCHACA.SN,Pes Camanchaca,COMMON STOCK,SN,7,3,up,3.2173,82.43,2026-05-11,2.65203,CLP
BLUMAR.SN,Blumar,COMMON STOCK,SN,38,2,up,1.4158,355.35,2026-05-13,5.03087,CLP
CENCOMALLS.SN,Cencosud Shopping SA,COMMON STOCK,SN,12,1,down,3.3228,2257.1001,2026-05-07,15,CLP
CFIBTGRCA.SN,BTG Pactual Renta Comercial F. I.,ETF,SN,22,1,down,7.1101,21800,2026-07-27,350,CLP
AGUAS-A.SN,Aguas Andinas S.A,COMMON STOCK,SN,62,1,down,5.2565,326,2026-04-27,10.27238,CLP
ABC.SN,Empresas la Polar SA,COMMON STOCK,SN,8,1,down,0.0000,10.5,2011-05-09,30.09773,CLP
CEMARGOSCL.SN,Cementos Argos S.A.,COMMON STOCK,SN,19,1,down,4.2797,3459.1,2026-09-25,31.19109,COP
CCU.SN,Compania Cervecerias Unidas SA,COMMON STOCK,SN,64,1,down,2.7892,5285,2026-04-20,63.41071,CLP
ANTARCHILE.SN,Antar Chile,COMMON STOCK,SN,41,1,down,4.0986,7430,2026-05-11,191.74536,CLP
ANDINA-B.SN,Embotelladora Andina S.A,COMMON STOCK,SN,130,1,down,4.6599,4910,2026-08-24,56.1,CLP
CFIMBIDA-A.SN,MBI Administradora General De Fondo - MBI Deuda Alternativa Fondo De Inversion,COMMON STOCK,SN,1,1,new,0.0000,18237,2023-06-22,57892.523,CLP
BESALCO.SN,Besalco Sa,COMMON STOCK,SN,82,1,down,1.7327,1280,2026-08-17,5,CLP
CFIETFCD.SN,Fondo de Inversion ETF Singular Chile Corta Duracion,ETF,SN,5,1,down,2.2356,1275.8,2026-06-18,28.5222,CLP
CFIETFGE.SN,Fondo De Inversion ETF Singular Global Equities,ETF,SN,5,4,up,0.0000,3430,2025-06-19,22.84829,CLP
CFINASDAQ.SN,Fondo de Inversión ETF Singular NASDAQ 100,ETF,SN,1,1,new,0.0000,2340.1001,2024-06-19,4943.093,CLP
CFIETFCC.SN,Fondo De Inversion ETF Singular Chile Corporativo,ETF,SN,5,4,up,1.5361,1536.3,2026-06-18,23.59861,CLP
CAP.SN,CAP S.A,COMMON STOCK,SN,84,1,down,0.0000,5283.4,2023-04-20,278.01358,CLP
CENCOSUD.SN,Cencosud,COMMON STOCK,SN,36,2,up,1.2828,1948.9,2026-05-11,25,CLP
ANDINA-A.SN,Embotelladora Andina S.A,COMMON STOCK,SN,130,1,down,3.3043,3998,2026-08-24,51,CLP
CFIPIONERO.SN,Pionero Fondo De Inversion,COMMON STOCK,SN,3,2,up,1.8189,16275,2026-06-22,296.0209,CLP
CFISPETF.SN,Fondo de Inversion ETF Singular S&P 500 Fund,ETF,SN,1,1,new,0.0000,1890,2024-06-19,1.04166,CLP
BCI.SN,Banco de Credito e Inversiones,COMMON STOCK,SN,30,3,up,2.3310,64350,2026-04-02,1500,CLP
CFILVMXA-E.SN,Larrain Vial Activos S.A. Administradora General - FI Larrain Vial Mexico Mezzanine,COMMON STOCK,SN,83,1,down,0.4432,738.6,2025-10-16,3.2732,CLP
CFIIMDLAT.SN,Moneda Deuda Latinoamericana fondo de inversion,ETF,SN,7,1,down,0.7884,207900,2026-06-17,1639.0082,CLP
CFIMBDPA-E.SN,MBI Administradora General de Fondos S.A. - MBI Deuda Privada Fondo de Inversion,ETF,SN,15,1,down,3.1539,25591.7402,2026-06-22,807.14655,CLP
CFINRENTAS.SN,Fondo de Inversion Independencia Rentas Inmobiliarias,ETF,SN,60,1,down,5.5608,2139.977,2026-06-23,14,CLP
CFMITNIPSA.SN,Fondo Mutuo ETF IT Now IPSA,ETF,SN,547,1,down,2.6620,5142.6001,2026-09-15,1.66807,CLP
DIS.SN,Walt Disney Company,COMMON STOCK,SN,18,1,down,1.4391,104.23,2026-06-30,0.75,USD
ALMENDRAL.SN,Almendral,COMMON STOCK,SN,49,1,down,9.8969,24.25,2026-05-11,1.2,CLP
COLOCOLO.SN,Blanco Y Negro,COMMON STOCK,SN,4,1,down,0.0000,159.9,2012-04-25,0.55454,CLP
CGE.SN,Compania General de Electricidad SA,COMMON STOCK,SN,95,1,down,0.8630,206.6,2026-05-06,1.783,CLP
BANVIDA.SN,Banvida,COMMON STOCK,SN,36,1,down,3.2656,800,2026-05-04,11.82477,CLP
EMBONOR-A.SN,Coca-Cola Embonor S.A,COMMON STOCK,SN,35,1,down,2.5820,1330,2026-05-14,13.38875,CLP
CRISTALES.SN,Cristales,COMMON STOCK,SN,111,1,down,0.0000,2000,2025-04-15,6.68,CLP
CONCHATORO.SN,Vina Concha To,COMMON STOCK,SN,118,1,down,5.0368,903.36,2026-09-25,5,CLP
CINTAC.SN,Cintac,COMMON STOCK,SN,60,3,up,0.0000,57.5,2022-04-22,38.54343,CLP
CTC.SN,Telefonica Chile S.A.,COMMON STOCK,SN,47,1,down,0.0000,392,2023-05-12,13,CLP
EISA.SN,Eche Izquierdo,COMMON STOCK,SN,15,2,up,2.3773,533.98,2026-05-20,12.6941,CLP
CMPC.SN,Empresas CMPC,COMMON STOCK,SN,80,1,down,0.9933,957,2026-05-07,9.50628,CLP
ENELAM.SN,Enel Américas S.A,COMMON STOCK,SN,32,1,down,3.2434,83.25,2026-05-15,1.79813,USD
ENLASA.SN,Energia Latina SA,COMMON STOCK,SN,16,1,down,2.3814,1080,2026-05-08,25.71863,CLP
COLBUN.SN,Colbun,COMMON STOCK,SN,48,1,down,3.3737,146,2026-05-11,0.80092,CLP
CUPRUM.SN,Cuprum,COMMON STOCK,SN,55,1,down,6.9606,90,2026-05-11,2.34921,CLP
ENELCHILE.SN,Enel Chile S.A,COMMON STOCK,SN,20,1,down,4.2453,82.11,2026-05-15,2.81089,CLP
ENAEX.SN,Enaex S.A,COMMON STOCK,SN,117,1,down,3.4399,25298,2026-08-24,193.07982,CLP
EMBONOR-B.SN,Coca-Cola Embonor S.A,COMMON STOCK,SN,35,1,down,2.1853,1650,2026-05-14,14.05819,CLP
BSANTANDER.SN,Banco Santander Chile,COMMON STOCK,SN,30,3,up,4.0800,82.19,2026-04-30,3.35335,CLP
GE.SN,General Electric Company,COMMON STOCK,SN,56,1,down,0.3448,377,2026-07-06,0.47,USD
ECL.SN,Engie Energia Chile SA,COMMON STOCK,SN,31,2,up,3.0556,1885,2026-05-22,57.59792,CLP
CHILE.SN,Banco de Chile,COMMON STOCK,SN,26,3,up,4.9814,200.7,2026-03-21,9.99757,CLP
GOOGL.SN,Alphabet Inc. Cl A,COMMON STOCK,SN,10,1,down,0.2423,354.97,2026-09-04,0.22,USD
ENJOY.SN,Enjoy S.A,COMMON STOCK,SN,5,2,up,0.0000,0.14,2016-05-23,0.47917,CLP
ENELGXCH.SN,Enel Generación Chile S.A,COMMON STOCK,SN,38,1,down,6.9364,592.95,2026-05-11,34.81913,CLP
COPEC.SN,Empresas Copec S.A.,COMMON STOCK,SN,60,1,down,2.8225,6350,2026-05-11,112.29532,CLP
INGEVEC.SN,Ingevec,COMMON STOCK,SN,15,4,up,2.2035,235.99,2026-05-04,5.2,CLP
FORUS.SN,Forus S.A,COMMON STOCK,SN,41,1,down,1.8126,1770,2026-04-20,16.58364,CLP
HITES.SN,Hites S.A.,COMMON STOCK,SN,27,1,down,0.0000,131.96,2023-05-22,6.72801,CLP
IYWCL.SN,iShares Trust - iShares U.S. Technology ETF,ETF,SN,35,1,down,0.0892,253070,2026-09-15,47.09057,CLP
INDISA.SN,Inst Diagnosti,COMMON STOCK,SN,20,4,up,1.6343,2550.7,2026-05-19,41.68631,CLP
ILC.SN,Inversiones la Construccion S.A.,COMMON STOCK,SN,35,7,up,3.4677,24800,2026-05-25,860,CLP
ENTEL.SN,Empresa Nacional de Telecomunicaciones SA,COMMON STOCK,SN,50,1,down,6.4340,3963.3,2026-04-27,140,CLP
IVVCL.SN,IVVCL,COMMON STOCK,SN,46,1,down,1.0339,747990,2026-09-15,2111.0886,CLP
LIPIGAS.SN,Empresas Lipigas S.A.,COMMON STOCK,SN,51,1,down,6.5649,9200.4,2026-09-15,143,CLP
FALABELLA.SN,Falabella,COMMON STOCK,SN,53,1,down,2.0615,6306,2026-03-30,84,CLP
ITAUCL.SN,Banco Itau Chile,COMMON STOCK,SN,10,3,up,5.0978,23290,2026-04-15,1187.2706,CLP
MALLPLAZA.SN,Plaza S.A,COMMON STOCK,SN,13,2,up,1.9718,3550.1,2026-09-10,30,CLP
META.SN,"Meta Platforms, Inc.",COMMON STOCK,SN,11,1,down,0.2833,741.25,2026-09-21,0.525,USD
IANSA.SN,Empresas Iansa S.A,COMMON STOCK,SN,26,1,down,0.0000,26.2,2025-05-12,0.15889,CLP
GASCO.SN,Empresas Gasco S.A,COMMON STOCK,SN,182,1,down,4.2203,1398,2026-08-13,9,CLP
MANQUEHUE.SN,Inmobiliaria Manquehue S.A,COMMON STOCK,SN,10,3,flat,2.1283,93.97,2026-05-25,0.89578,CLP
IAM.SN,Inversiones Aguas Metropolitanas SA,COMMON STOCK,SN,44,1,down,5.3501,929.94,2026-04-30,29.0646,CLP
MOLLER.SN,Moller Y Perez,COMMON STOCK,SN,12,1,down,0.6505,410,2026-05-25,2.66717,CLP
NUAM.SN,Holding Bursátil Regional S.A.,COMMON STOCK,SN,4,3,up,3.1255,7984.2,2026-04-30,249.545,CLP
MASISA.SN,Masisa,COMMON STOCK,SN,15,2,up,0.0000,7.309,2023-05-03,4.31213,CLP
MSFT.SN,Microsoft Corporation,COMMON STOCK,SN,49,1,down,0.7257,501.61,2026-08-20,0.91,USD
NAVIERA.SN,Grupo Empresas Navieras SA,COMMON STOCK,SN,47,1,down,3.1163,60,2026-05-11,0.95726,CLP
MARINSA.SN,Maritima De In,COMMON STOCK,SN,46,1,down,4.9343,94,2026-04-30,4.6382,CLP
NTGCLGAS.SN,Naturgy Chile Gas Natural S.A.,COMMON STOCK,SN,15,4,up,11.5507,683.94,2025-12-10,79,CLP
MOLYMET.SN,Molymet,COMMON STOCK,SN,44,3,up,1.3862,10489,2026-04-22,145.401,CLP
INVERCAP.SN,Invercap,COMMON STOCK,SN,70,1,down,0.0000,1619.8,2023-04-24,108.4914,CLP
LTM.SN,LATAM Airlines Group S.A,COMMON STOCK,SN,42,1,down,2.9110,25.14,2026-05-08,0.05874,CLP
PLANVITAL.SN,A.F.P. Planvital S.A.,COMMON STOCK,SN,17,1,down,5.7712,280,2026-05-11,8.6204,CLP
MULTIX.SN,Multiexport Foods S.A.,COMMON STOCK,SN,14,2,up,0.9429,315,2026-05-07,2.97,CLP
OXIQUIM.SN,Oxiquim S.A,COMMON STOCK,SN,60,1,down,7.6870,13100,2026-09-25,402,CLP
MINERA.SN,Minera Valparaiso S.A.,COMMON STOCK,SN,69,1,down,2.9974,10700,2026-05-13,320.7204,CLP
POTASIOS-B.SN,Potasios de Chile S.A. B,COMMON STOCK,SN,25,1,down,1.1931,405,2026-04-17,4.83203,CLP
POTASIOS-A.SN,Potasios de Chile S.A. A,COMMON STOCK,SN,27,1,down,1.2552,349.99,2026-04-17,4.39299,CLP
PAZ.SN,Paz Corp,COMMON STOCK,SN,18,2,up,1.6561,1068.8,2026-05-25,17.7,CLP
LASCONDES.SN,Las Condes,COMMON STOCK,SN,23,1,down,0.0000,14320,2023-05-22,120.42231,CLP
SALMOCAM.SN,Salmones Camanchaca S.A,COMMON STOCK,SN,8,2,up,2.9847,5100,2026-05-07,152.21817,CLP
PAMPA.SN,PAMPA INVESTMENTS S.A.,COMMON STOCK,SN,29,2,up,0.0027,10.4,2026-08-21,0.00018,CLP
SMHCL.SN,SMHCL,COMMON STOCK,SN,6,3,up,0.2008,531290,2025-12-22,1066.8087,CLP
PUCOBRE.SN,Sociedad Punta del Cobre S.A,COMMON STOCK,SN,20,3,up,4.2665,16684,2026-04-13,711.825,CLP
PROVIDA.SN,A.F.P. Provida,COMMON STOCK,SN,56,1,down,8.5577,5200,2026-08-03,55,CLP
HABITAT.SN,A.F.P. Habitat,COMMON STOCK,SN,91,2,up,7.0220,1424.1,2026-05-11,60,CLP
SPORTING.SN,Valparaiso Sporting Club S.A.,COMMON STOCK,SN,14,1,down,1.2000,999999.9999,2026-05-25,12000,CLP
QUINENCO.SN,Quinenco,COMMON STOCK,SN,32,2,up,8.5998,4758,2026-05-11,349.03887,CLP
PEHUENCHE.SN,Pehuenche,COMMON STOCK,SN,96,1,down,7.7737,2700,2026-05-11,74.96215,CLP
SMSAAM.SN,Sociedad Matriz SAAM SA,COMMON STOCK,SN,17,1,down,5.5605,135,2026-05-04,5.59813,CLP
PARAUCO.SN,Parq Arauco,COMMON STOCK,SN,36,1,down,1.2261,3670.1,2026-04-24,45,CLP
RIPLEY.SN,Ripley Corp,COMMON STOCK,SN,20,2,up,2.9038,452.55,2026-05-25,13.14134,CLP
SMU.SN,SMU S.A,COMMON STOCK,SN,26,1,down,4.9807,119.5,2026-08-28,0.16931,CLP
SK.SN,Sigdo Koppers,COMMON STOCK,SN,84,1,down,3.1539,1587.3,2026-09-10,8.55048,CLP
SOCOVESA.SN,Socovesa,COMMON STOCK,SN,16,1,down,0.0000,169.25,2023-05-05,1.56605,CLP
TRICOT.SN,Empresas Tricot S.A,COMMON STOCK,SN,26,1,down,3.1917,585.09,2026-09-10,8.7655,CLP
SCHWAGER.SN,Schwager,COMMON STOCK,SN,10,4,up,1.6722,5.382,2026-05-25,0.066,CLP
TRICAHUE.SN,Inv Tricahue,COMMON STOCK,SN,89,1,down,7.5733,1425,2026-05-18,38.5,CLP
SONDA.SN,Sonda S.A,COMMON STOCK,SN,37,1,down,1.5783,287.84,2026-04-20,4.54306,CLP
SALFACORP.SN,Salfacorp,COMMON STOCK,SN,22,4,up,2.1578,1280,2026-04-20,27.62,CLP
SQM-A.SN,Sociedad Química y Minera de Chile S.A,COMMON STOCK,SN,60,2,up,3.8223,59041,2026-09-07,1339.53882,CLP
WATTS.SN,Watts SA,COMMON STOCK,SN,29,2,up,2.9191,705.55,2026-05-11,20.59583,CLP
SOQUICOM.SN,Soquicom,COMMON STOCK,SN,36,1,down,6.7792,372.12,2026-05-11,25.22679,CLP
VSPT.SN,Vina San Pedro,COMMON STOCK,SN,26,2,up,3.3982,3.8,2026-04-20,0.12913,CLP
VAPORES.SN,Vapores,COMMON STOCK,SN,66,1,down,24.1732,50.15,2026-06-01,1.68669,CLP
VENTANAS.SN,Puerto Ventana,COMMON STOCK,SN,114,1,down,2.7729,165,2026-09-09,0.19797,CLP
ZOFRI.SN,Zona Franca de Iquique S.A,COMMON STOCK,SN,60,1,down,7.1074,981.37,2026-05-18,36.19,CLP
SQM-B.SN,Sociedad Química y Minera de Chile S.A.,COMMON STOCK,SN,60,2,up,3.5494,63580,2026-09-07,1339.53882,CLP
4X0.VI,Steyr Motors AG,COMMON STOCK,VI,2,1,down,0.7921,31.56,2026-04-15,0.25,EUR
AVOL.VI,Avolta AG,COMMON STOCK,VI,1,1,new,2.6606,45.64,2026-05-08,1.21428,CHF
BIO.VI,Biogena Group Invest AG,COMMON STOCK,VI,6,3,flat,0.9524,5.25,2026-04-15,0.05,EUR
AAD.VI,Amadeus Fire AG,COMMON STOCK,VI,8,1,down,0.0000,16.72,2025-05-23,4.03,EUR
ACS.VI,ACS Actividades de Construcción y Servicios S.A.,COMMON STOCK,VI,20,2,up,2.4858,93.45,2026-06-29,1.866,EUR
BG.VI,BAWAG Group AG,COMMON STOCK,VI,10,5,up,3.3857,184.6,2026-04-24,6.25,EUR
ATS.VI,AT & S Austria Technologie & Systemtechnik Aktiengesellschaft,COMMON STOCK,VI,16,1,down,0.0000,198,2023-07-25,0.4,EUR
CNHI.VI,CNH Industrial N.V.,COMMON STOCK,VI,5,3,up,0.0000,11.48,2023-04-24,0.35721,GBP
AMS2.VI,AMS OSRAM AG,COMMON STOCK,VI,1,1,new,0.0000,21.3,2018-06-12,1.15401,EUR
ADKO.VI,Addiko Bank AG,COMMON STOCK,VI,5,2,up,0.0000,25,2024-05-02,1.26,EUR
ABIN.VI,Anheuser-Busch InBev SA/NV,COMMON STOCK,VI,13,1,down,1.6962,67.8,2026-05-07,1,EUR
AMAG.VI,AMAG Austria Metall AG,COMMON STOCK,VI,16,1,down,2.7372,27.4,2026-04-21,0.75,EUR
ESLA.VI,The Estée Lauder Companies Inc.,COMMON STOCK,VI,30,1,down,1.4966,82.32,2026-08-31,0.308,USD
CAI.VI,CA Immobilien Anlagen AG,COMMON STOCK,VI,18,1,down,4.0359,22.3,2026-05-08,0.9,EUR
CPI.VI,CPI Europe AG,COMMON STOCK,VI,9,1,down,0.0000,14.98,2021-10-21,0.75,EUR
BHD.VI,Burgenland Holding Aktiengesellschaft,COMMON STOCK,VI,26,8,up,4.8503,83.5,2026-03-19,4.05,EUR
ANDR.VI,Andritz AG,COMMON STOCK,VI,26,6,up,3.2028,84.3,2026-03-30,2.7,EUR
DOC.VI,DO & CO Aktiengesellschaft,COMMON STOCK,VI,23,7,up,1.3270,188.4,2026-07-28,2.5,EUR
FDJ.VI,La FranÃ§aise des Jeux SociÃ©tÃ© anonyme,COMMON STOCK,VI,8,6,up,10.0048,20.99,2026-04-28,2.1,EUR
FACC.VI,Facc AG,COMMON STOCK,VI,3,1,down,0.6305,15.86,2026-06-01,0.1,EUR
FAA.VI,Fabasoft AG,COMMON STOCK,VI,4,1,down,3.0864,16.2,2026-07-09,0.5,EUR
EX01.VI,iShares ATX UCITS ETF (DE),ETF,VI,32,2,up,2.0812,75.21,2026-09-15,0.63553,EUR
EVN.VI,EVN AG,COMMON STOCK,VI,27,7,flat,3.1634,28.45,2026-03-02,0.9,EUR
EXO.VI,Exor N.V.,COMMON STOCK,VI,9,9,flat,0.6801,72.05,2026-05-25,0.49,EUR
BMAG.VI,Bajaj Mobility AG,COMMON STOCK,VI,11,1,down,0.0000,31,2024-04-24,0.5,EUR
FQT.VI,Frequentis AG,COMMON STOCK,VI,8,8,up,0.4573,65.6,2026-06-24,0.3,EUR
KRKG.VI,"Krka, d. d.",COMMON STOCK,VI,1,1,new,3.4866,261,2026-07-21,9.1,EUR
BKS.VI,BKS Bank AG,COMMON STOCK,VI,27,5,up,2.3585,21.2,2026-05-18,0.5,EUR
FPE4.VI,Fuchs Petrolub SE,COMMON STOCK,VI,9,9,up,2.8565,43.06,2026-05-07,1.23,EUR
GAGS.VI,Gurktaler AG ST,COMMON STOCK,VI,14,1,down,3.5294,17,2026-09-21,0.6,EUR
EX14.VI,iShares Core DAX UCITS ETF (DE),ETF,VI,5,1,down,0.0000,209.4,2018-01-02,0.46228,EUR
GAGV.VI,Gurktaler Aktiengesellschaft,COMMON STOCK,VI,15,1,down,4.8000,12.5,2026-09-21,0.6,EUR
KTN.VI,Kontron AG,COMMON STOCK,VI,8,2,up,0.0000,20.68,2025-06-17,0.6,EUR
JD.VI,JD.com Inc.,COMMON STOCK,VI,5,1,down,3.6369,23.55,2026-04-08,0.8565,CNY
FKA.VI,Frauenthal Holding AG,COMMON STOCK,VI,13,1,down,0.0000,22.2,2023-06-19,0.06,EUR
NLBR.VI,Nova Ljubljanska Banka d.d.,COMMON STOCK,VI,12,1,down,4.4110,227,2026-06-19,5.19,EUR
FLU.VI,Flughafen Wien Aktiengesellschaft,COMMON STOCK,VI,24,1,down,0.0000,53,2023-06-12,0.77,EUR
NRE1.VI,Nokian Renkaat Oyj,COMMON STOCK,VI,12,2,flat,1.5964,15.66,2026-03-26,0.25,EUR
P1Z.VI,Patrizia AG,COMMON STOCK,VI,10,5,up,5.2402,6.87,2026-06-11,0.36,EUR
MRK.VI,Merck & Company Inc,COMMON STOCK,VI,38,1,down,2.2900,130.64,2026-09-15,0.74792,USD
PLNW.VI,Planisware SAS,COMMON STOCK,VI,2,2,up,1.5126,23.8,2026-06-22,0.36,EUR
LY12.VI,Lyxor UCITS ETF Dow Jones Industrial Average,ETF,VI,22,1,down,0.7136,459.65,2025-12-09,3.28,EUR
LTH.VI,Linz Textil Holding AG,COMMON STOCK,VI,29,2,flat,2.4390,164,2026-05-26,4,EUR
KTCG.VI,Kapsch Traffic,COMMON STOCK,VI,12,1,down,0.0000,4.11,2020-09-11,0.25,EUR
SAN.VI,Banco Santander S.A.,COMMON STOCK,VI,20,1,down,1.9182,12.512,2026-04-30,0.125,EUR
EBS.VI,Erste Group Bank AG,COMMON STOCK,VI,26,1,down,0.5934,126.4,2026-04-22,0.75,EUR
MMK.VI,Mayr-Melnhof Karton AG,COMMON STOCK,VI,28,3,up,2.8129,71.1,2026-05-06,2,EUR
OMV.VI,OMV Aktiengesellschaft,COMMON STOCK,VI,28,1,down,6.0233,73.05,2026-06-08,4.4,EUR
PYT.VI,Polytec Holding AG,COMMON STOCK,VI,16,5,up,3.5714,5.6,2026-06-08,0.2,EUR
OBS.VI,Oberbank AG,COMMON STOCK,VI,25,3,up,0.0000,83.6,2023-05-22,0.725,EUR
PAL.VI,Palfinger AG,COMMON STOCK,VI,28,2,flat,3.0151,29.85,2026-04-10,0.9,EUR
RAT.VI,RATH Aktiengesellschaft,COMMON STOCK,VI,18,1,down,0.0000,20,2024-05-17,1,EUR
MAN.VI,Josef Manner & Comp. AG,COMMON STOCK,VI,23,6,flat,2.0000,100,2026-05-26,2,EUR
LNZ.VI,Lenzing Aktiengesellschaft,COMMON STOCK,VI,24,1,down,0.0000,20.6,2025-04-23,3,EUR
POST.VI,Oesterr. Post AG,COMMON STOCK,VI,22,4,flat,5.8937,31.05,2026-04-24,1.83,EUR
POS.VI,PORR AG,COMMON STOCK,VI,23,3,up,0.0000,32.5,2023-05-05,0.6,EUR
SBMO.VI,SBM Offshore N.V.,COMMON STOCK,VI,10,3,up,2.7093,37.22,2026-08-10,0.5075,EUR
AGR.VI,AGRANA Beteiligungs-Aktiengesellschaft,COMMON STOCK,VI,24,1,down,2.9915,11.7,2026-07-08,0.35,EUR
STR.VI,Strabag SE,COMMON STOCK,VI,21,2,up,2.7307,106.2,2026-06-17,2.9,EUR
RHIM.VI,RHI Magnesita NV,COMMON STOCK,VI,17,2,flat,5.4054,33.3,2026-08-27,0.6,EUR
UMG.VI,Universal Music Group N.V.,COMMON STOCK,VI,10,1,down,3.5690,14.57,2026-05-20,0.28,EUR
WOLF.VI,Wolftank Group AG,COMMON STOCK,VI,1,1,new,0.0000,3.62,2023-10-23,1,EUR
ROS.VI,Rosenbauer International AG,COMMON STOCK,VI,26,4,up,0.0000,64,2025-05-13,1.2,EUR
SX5EEX.VI,iShares EURO STOXX 50 UCITS ETF (DE),ETF,VI,49,5,up,2.5467,63.18,2026-09-15,0.80487,EUR
SBO.VI,Schoeller-Bleckmann Oilfield Equipment Aktiengesellschaft,COMMON STOCK,VI,23,1,down,2.4958,30.05,2026-05-06,0.75,EUR
RBI.VI,Raiffeisen Bank International AG,COMMON STOCK,VI,21,2,up,2.5177,63.55,2026-04-14,1.6,EUR
UBS.VI,UBM Development AG,COMMON STOCK,VI,24,1,down,0.0000,17,2023-05-24,1.1,EUR
WKL.VI,Wolters Kluwer N.V.,COMMON STOCK,VI,18,9,up,3.8841,66.94,2026-09-01,1.01,EUR
SEM.VI,Semperit Aktiengesellschaft Holding,COMMON STOCK,VI,24,2,flat,0.0000,19.1,2025-04-25,0.5,EUR
WIE.VI,Wienerberger AG,COMMON STOCK,VI,26,6,flat,5.3763,17.67,2026-05-12,0.95,EUR
WOL.VI,Wolford Aktiengesellschaft,COMMON STOCK,VI,8,2,flat,0.0000,2.3,2016-09-19,0.19016,EUR
UQA.VI,UNIQA Insurance Group AG,COMMON STOCK,VI,26,7,up,3.9474,18.24,2026-06-18,0.72,EUR
VIG.VI,Vienna Insurance Group AG,COMMON STOCK,VI,30,6,up,2.5668,67.4,2026-05-26,1.73,EUR
STM.VI,Stadlauer Malzfabrik Aktiengesellschaft,COMMON STOCK,VI,28,16,flat,1.8182,55,2026-07-23,1,EUR
WXF.VI,Warimpex Finanz- und Beteiligungs AG,COMMON STOCK,VI,5,1,down,0.0000,0.481,2020-10-07,0.03,EUR
TKA.VI,Telekom Austria AG,COMMON STOCK,VI,23,14,up,4.4824,9.37,2026-06-26,0.42,EUR
WPB.VI,Wiener Privatbank SE,COMMON STOCK,VI,20,2,flat,0.0000,13.5,2023-06-06,0.25,EUR
LY11.VI,Multi Units France - Lyxor Euro Stoxx 50 (DR) UCITS ETF,ETF,VI,18,1,down,0.0000,71.88,2020-12-09,0.14,EUR
VOE.VI,Voestalpine AG,COMMON STOCK,VI,27,2,up,1.6220,46.24,2026-07-09,0.75,EUR
ZAG.VI,Zumtobel Group AG,COMMON STOCK,VI,16,1,down,3.6585,4.1,2025-09-30,0.15,EUR
VER.VI,VERBUND AG,COMMON STOCK,VI,27,2,up,4.8724,64.65,2026-04-28,3.15,EUR
P911.BE,Porsche AG,COMMON STOCK,BE,4,1,down,0.0000,44.59,2025-05-22,2.31,EUR
AOF.BE,ATOSS Software SE,COMMON STOCK,BE,42,5,up,0.0000,0.825,2025-05-02,2.13,USD
LIV.BE,Autoliv Inc.,COMMON STOCK,BE,62,1,down,3.9678,38.1,2026-03-04,0.75586,EUR
CTY.BE,Cathay Pacific Airways Limited,COMMON STOCK,BE,221,1,down,0.0378,586,2026-07-23,0.057,EUR0RJ.F,REDSUN PROPERTIES GROUP,COMMON STOCK,F,1,1,new,0.0000,,2021-07-05,0.01625,CNY
0HY.F,"Mokingran Jewellery Group Co., Ltd.",COMMON STOCK,F,2,2,up,1.2732,3.02,2026-05-12,0.03845,CNY
01T.F,Tokyu Corporation,COMMON STOCK,F,31,5,up,1.9978,8.95,2026-09-29,0.0894,JPY
0YU.F,Yum China Holdings Inc,COMMON STOCK,F,34,1,down,2.7196,35.9,2026-08-27,0.25508,CNY
08M.F,ADMIE IPTO HLDG EO 212,COMMON STOCK,F,12,1,down,0.4629,4.275,2026-08-28,0.01979,EUR
0EL.F,YIDU TECH INC. DL -00002,COMMON STOCK,F,1,1,new,1.1979,0.374,2026-09-01,0.00448,CNY
0CT.F,Card Factory PLC,COMMON STOCK,F,14,1,down,7.2104,0.808,2026-05-28,0.04311,GBP
0BS.F,BAPCOR LTD.,COMMON STOCK,F,17,1,down,0.0000,0.484,2025-09-04,0.02482,AUD
04T.F,TIAN GE INT.HLDGS DL-0001,COMMON STOCK,F,11,2,up,13.4737,0.0665,2026-09-14,0.00672,CNY
1AL.F,Alamos Gold Inc,COMMON STOCK,F,48,10,up,0.4389,29.05,2026-09-10,0.03517,CAD
0DA.F,Dorian LPG Ltd,COMMON STOCK,F,20,2,up,6.2703,46.34,2026-07-27,0.8641,USD
1IA.F,ALTAI RES INC.,COMMON STOCK,F,1,1,new,91.8765,0.0405,2025-10-10,0.03721,CAD
14T.F,Toromont Industries Ltd,COMMON STOCK,F,63,1,down,0.9887,138,2026-09-04,0.34731,CAD
0GE.F,RVRC HOLDING AB,COMMON STOCK,F,5,5,up,2.7567,4.3,2025-11-21,0.11854,SEK
1PM.F,Primoris Services Corporation,COMMON STOCK,F,48,1,down,0.4462,63.06,2026-06-30,0.07034,USD
0VK.F,STORSKOGEN GROUP AB SER.B,COMMON STOCK,F,5,5,up,0.9916,0.9742,2026-05-07,0.00966,SEK
1Q2.F,TAT HONG EQ.SRV. DL-08,COMMON STOCK,F,3,2,up,0.0000,0.075,2022-10-10,0.00179,CNY
1T5.F,Tauron Polska Energia SA,COMMON STOCK,F,5,2,up,2.1705,2.106,2026-06-16,0.04571,EUR
23Z.F,ZOTEFOAMS PLC LS-05,COMMON STOCK,F,13,7,up,1.8592,5,2026-09-03,0.03064,GBP
1TY.F,Prosus N.V,COMMON STOCK,F,6,6,up,0.5529,36.175,2025-10-30,0.2,EUR
2AQ.F,INTERCOS S.P.A.,COMMON STOCK,F,4,4,flat,1.5214,12.96,2026-05-04,0.19717,EUR
2S3.F,APA CORP. DL -625,COMMON STOCK,F,64,1,down,2.3401,37.58,2026-07-22,0.21985,USD
2KH.F,Red Violet Inc,COMMON STOCK,F,1,1,new,0.0000,66,2025-01-31,0.26382,USD
3EC.F,Eaton Corporation PLC,COMMON STOCK,F,53,1,down,0.9965,383,2026-08-07,0.96734,EUR
2WGA.F,WOORI FIN. GRP SP.ADR/3,COMMON STOCK,F,19,1,down,3.7707,67,2026-08-10,0.42243,EUR
2UK.F,OSB GROUP PLC LS 001,COMMON STOCK,F,16,3,up,7.0881,5.9,2026-08-13,0.13746,GBP
3O5.F,GLORY LTD,COMMON STOCK,F,13,2,up,2.9981,24.8,2026-09-29,0.43047,JPY
3MG.F,SJM Holdings Limited,COMMON STOCK,F,21,1,down,0.0000,0.154,2020-06-11,0.02347,HKD
2FH.F,FOURLIS HLDGS NAM.EO 1,COMMON STOCK,F,5,4,flat,3.9422,3.805,2026-06-29,0.15,EUR
3PK.F,VICTORY CAP. CL.A DL-01,COMMON STOCK,F,25,1,down,1.8235,95.5,2026-09-10,0.43975,USD
3G0.F,Altimmune Inc,COMMON STOCK,F,1,1,new,0.0000,2.615,2017-01-20,767.7239,USD
3PS.F,Pason Systems Inc,COMMON STOCK,F,66,1,down,3.7507,8.6,2026-09-15,0.08064,CAD
3S0.F,F.I.L.A. - Fabbrica Italiana Lapis ed Affini S.p.A,COMMON STOCK,F,10,1,down,6.0434,10.59,2026-05-18,0.24,EUR
3WB.F,Waberer's International Nyrt,COMMON STOCK,F,4,4,up,3.2616,11.75,2026-06-25,0.38324,EUR
41Z0.F,SURGE ENERGY INC.,COMMON STOCK,F,130,1,down,4.7089,6.85,2026-09-29,0.02688,CAD
44F.F,BYLINE BANCORP.INC.DL-01,COMMON STOCK,F,27,1,down,1.3531,31.2,2026-08-04,0.12313,USD
4QI.F,Xtep International Holdings Limited,COMMON STOCK,F,37,2,up,7.9870,0.386,2026-09-04,0.02018,CNY
45U0.F,ORCHID ISLAND CAPIT.DL-01,COMMON STOCK,F,79,1,down,23.4791,5.02,2026-08-31,0.08796,EUR
52SA.F,SYSTEMAIR AB,COMMON STOCK,F,15,6,up,1.6746,7.6,2026-08-28,0.12727,SEK
5711.F,ANTERO MIDSTREAM DL -01,COMMON STOCK,F,37,1,down,4.3468,18.21,2026-07-29,0.19789,USD
59V.F,NAGOYA RAILROAD,COMMON STOCK,F,5,5,up,2.1730,10.3,2026-03-30,0.22382,JPY
6MK.F,Merck & Co. Inc,COMMON STOCK,F,62,1,down,2.2916,130.52,2026-09-15,0.74775,USD
5BG.F,B2Gold Corp,COMMON STOCK,F,28,1,down,1.5492,4.539,2026-09-10,0.01758,CAD
5G7.F,KB Components AB,COMMON STOCK,F,3,1,down,3.8956,3.38,2026-05-28,0.13167,SEK
5NN.F,NNIT A/S,COMMON STOCK,F,12,1,down,0.0000,4.785,2021-03-11,0.13366,DKK
4QT1.F,HEXPOL AB (publ),COMMON STOCK,F,18,2,flat,4.3045,8.565,2026-05-05,0.36868,SEK
717.F,WATERDROP INC.ADS/10 CL.A,COMMON STOCK,F,5,1,down,5.9303,0.89,2026-04-24,0.02639,CNY
65J.F,SAGA PLC LS -15,COMMON STOCK,F,10,1,down,0.0000,7.22,2019-10-10,0.21667,GBP
5WO.F,CLAROS MORT.TR.INC.DL-01,COMMON STOCK,F,12,1,down,0.0000,1.13,2024-09-30,0.08795,USD
618.F,Bain Capital Specialty Finance Inc,COMMON STOCK,F,33,1,down,17.2125,9.504,2026-09-15,0.36939,EUR
6BB.F,BJOERN BORG AB,COMMON STOCK,F,5,3,flat,8.4948,4.65,2026-05-20,0.26334,EUR
6FK.F,GENTIAN DIAGNOST. NO -01,COMMON STOCK,F,2,2,up,1.5891,3.48,2026-05-06,0.0553,NOK
6LQ0.F,High Arctic Energy Services Inc,COMMON STOCK,F,56,3,up,0.0000,0.655,2024-07-18,1.88571,CAD
6LT.F,BIRD CONSTRUCTION,COMMON STOCK,F,111,1,down,1.0761,48.42,2026-09-29,0.04342,CAD
5IW.F,Inwido AB (publ),COMMON STOCK,F,9,2,flat,3.0771,15.69,2026-05-28,0.48279,SEK
6GF.F,ING Bank Slaski S.A,COMMON STOCK,F,7,2,up,5.6140,108.7,2026-04-21,6.10243,EUR
6N5.F,CIBUS NORDIC REAL,COMMON STOCK,F,57,1,down,7.9646,11.3,2026-08-26,0.07,SEK
6OQ.F,ADVENTURE INC,COMMON STOCK,F,4,1,down,0.9374,8.95,2026-06-29,0.0839,JPY
6WT.F,TONGDAO LIEP.GR. DL-0001,COMMON STOCK,F,2,1,down,9.8333,0.228,2026-06-05,0.02242,CNY
73L.F,BELLUNA CO. LTD,COMMON STOCK,F,11,6,up,4.1651,5.7,2026-09-29,0.10893,JPY
74VA.F,FINL 15 SPLIT CORP. A,COMMON STOCK,F,65,3,up,12.5613,6.95,2026-09-29,0.07796,CAD
75H.F,COUNTRY GARDEN SVDL-0001,COMMON STOCK,F,6,2,up,10.7820,0.555,2026-06-08,0.05984,CNY
75CB.F,CHINA PAC.IN.GR.GDR/5 YC1,COMMON STOCK,F,6,3,up,3.9679,18.8,2026-07-15,0.74597,CNY
76J.F,GLOBALFOUNDR. INC. DL-02,COMMON STOCK,F,2,1,new,0.5022,42.035,2026-09-23,0.10554,USD
735.F,POP MART INT.GRP.DL-0001,COMMON STOCK,F,6,4,up,1.7966,17,2026-05-15,0.30542,CNY
78E.F,S-ENJOY SERVICE GR.DL-01,COMMON STOCK,F,3,2,up,0.0000,0.208,2024-07-04,0.02523,CNY
7AQ0.F,AQ Group AB (publ),COMMON STOCK,F,8,8,up,0.7805,20.24,2026-04-24,0.15797,SEK
7FW.F,TELLUSGRUPPEN AB,COMMON STOCK,F,2,1,down,5.4436,0.532,2026-06-11,0.01141,SEK
8OT.F,DOUGLAS ELLIMAN DL-01,COMMON STOCK,F,2,2,flat,0.0000,1.35,2023-03-22,0.0419,USD
7ZW.F,Cofidur S.A.,COMMON STOCK,F,3,1,down,3.9063,256,2026-06-09,10,EUR
7XP.F,Organon & Co,COMMON STOCK,F,22,1,down,0.5837,12.055,2026-08-14,0.01759,USD
7ZH.F,INVESTAR HLDG CORP. DL 1,COMMON STOCK,F,22,1,down,1.5711,25.2,2026-06-30,0.10558,USD
82E.F,ITAFOS INC. ON,COMMON STOCK,F,2,1,new,7.6971,1.37,2025-11-17,0.10545,USD
89W.F,GRUPO ECOENER EO -32,COMMON STOCK,F,2,2,up,0.0000,3.56,2024-11-08,0.0878,EUR
81Y.F,ZALARIS ASA A NK -10,COMMON STOCK,F,2,2,up,0.0000,9.12,2025-05-23,0.08294,NOK
8JN0.F,Kanzhun Limited,COMMON STOCK,F,3,2,up,5.0556,5.9,2026-09-25,0.22437,CNY
8KW.F,JADESTONE ENERGY LS -001,COMMON STOCK,F,4,2,up,0.0000,0.436,2022-09-29,0.00572,SGD
8N9.F,JAPAN AVIATION EL.,COMMON STOCK,F,11,1,down,2.1661,14.2,2026-09-29,0.13981,JPY
8OM.F,Care Property Invest SA,COMMON STOCK,F,8,1,down,8.3612,11.96,2026-05-29,0.0767,EUR
8V7.F,FUJI KYUKO CO. LTD,COMMON STOCK,F,6,6,up,1.2601,14.2,2026-03-30,0.17894,JPY
8YW.F,HERIGE S.A. IN.EO 150,COMMON STOCK,F,4,4,up,0.0000,18.1,2024-06-06,1.9,EUR
8ZI.F,Scandinavian Tobacco Group AS,COMMON STOCK,F,12,1,down,6.0997,9.86,2026-04-16,0.60143,DKK
7NX.F,NEXON Co. Ltd,COMMON STOCK,F,26,6,up,16.0146,16.59,2026-09-29,2.32122,JPY
91A.F,Armstrong World Industries Inc,COMMON STOCK,F,33,1,down,0.8397,142,2026-08-05,0.29808,USD
9IE.F,OHARA INC.,COMMON STOCK,F,5,5,up,1.6253,8.6,2025-10-30,0.13978,JPY
7YC2.F,Synthomer plc,COMMON STOCK,F,22,3,up,0.0000,1.23,2022-06-01,1.77862,GBP
9KO.F,ARLANDASTAD GROUP AB,COMMON STOCK,F,1,1,new,4.4737,3.04,2026-06-24,0.136,SEK
9SG0.F,SGH Limited,COMMON STOCK,F,28,9,up,1.8281,21.6,2026-09-10,0.19744,AUD
9YG.F,DEEP VAL.DRILL.AS NK -10,COMMON STOCK,F,21,1,down,7.2878,1.96,2026-06-04,0.01843,NOK
AMC.F,Albemarle Corporation,COMMON STOCK,F,60,1,down,1.5230,93.84,2026-09-11,0.3606,USD
A0P.F,ARCTIC PAPER SA ZY 1,COMMON STOCK,F,4,1,down,0.0000,1.38,2024-06-11,0.22853,SEK
9ZJ.F,QLEANAIR AB SK-50,COMMON STOCK,F,2,1,down,0.0000,1.51,2024-05-10,0.05265,SEK
AB5.F,Associated Banc-Corp,COMMON STOCK,F,61,1,down,3.3257,25.4,2026-09-01,0.21118,USD
ACD.F,Adecoagro S.A,COMMON STOCK,F,9,1,down,2.9880,8.72,2026-05-04,0.1067,EUR
ABS2.F,PORR AG,COMMON STOCK,F,13,6,up,3.2407,32.4,2026-05-05,1.05,EUR
9R4.F,PHILLIPS EDISON DL -01,COMMON STOCK,F,62,1,down,3.5261,32.6,2026-09-15,0.1012,USD
ASJ.F,PT Astra International Tbk,COMMON STOCK,F,5,1,down,9.1599,4.26,2026-05-06,0.2869,IDR
AZ2.F,Andritz AG,COMMON STOCK,F,25,6,up,3.1840,84.8,2026-03-30,2.7,EUR
AES.F,The AES Corporation,COMMON STOCK,F,55,1,down,4.7545,13.025,2026-07-31,0.15482,USD
AILA.F,AIR LIQUIDE ADR 1/5/EO 11,COMMON STOCK,F,7,5,up,2.0637,33.2,2026-05-15,0.68516,EUR
AMK.F,Amkor Technology Inc,COMMON STOCK,F,24,1,down,0.6309,46.575,2026-09-02,0.07346,USD
AB4.F,ABM Industries Incorporated,COMMON STOCK,F,50,1,down,2.3225,43,2026-07-02,0.25517,USD
ANCA.F,ANA Holdings Inc,COMMON STOCK,F,14,3,up,3.1802,16.7,2026-09-29,0.16772,JPY
AR5.F,John Mattson FastighetsfÃ¶retagen AB (publ),COMMON STOCK,F,1,1,new,0.4496,4.88,2026-04-24,0.02194,SEK
AS4.F,Corticeira Amorim S.G.P.S. S.A,COMMON STOCK,F,14,7,up,4.8951,7.15,2026-05-22,0.35,EUR
B3O.F,Nordic American Tankers Limited,COMMON STOCK,F,79,2,up,10.1906,6.815,2026-09-10,0.23736,EUR
B1S.F,YSB Inc.,COMMON STOCK,F,2,2,up,4.0756,0.344,2026-05-26,0.01402,CNY
B5X.F,Baytex Energy Corp,COMMON STOCK,F,65,1,down,1.4098,3.958,2026-09-15,0.01395,CAD
B7F0.F,WEG S.A.,COMMON STOCK,F,14,1,down,2.2331,9,2026-09-28,0.01146,BRL
BB1.F,Barrett Business Services Inc,COMMON STOCK,F,51,1,down,1.0351,27.2,2026-08-21,0.07039,USD
AUX1.F,ASX LTD UNSPONS.ADR 1,COMMON STOCK,F,11,3,up,3.7113,34.6,2026-08-24,0.65575,AUD
BCE1.F,BCE Inc,COMMON STOCK,F,66,1,down,5.8976,18.4,2026-09-15,0.27129,CAD
BDT.F,Bertrandt Aktiengesellschaft,COMMON STOCK,F,21,1,down,0.0000,8.38,2025-02-20,0.25,EUR
AKU1.F,Akzo Nobel NV,COMMON STOCK,F,34,1,down,3.4798,56.9,2026-04-27,1.54,EUR
BF2A.F,BEL FUSE INC. A DL-10,COMMON STOCK,F,22,1,down,0.1221,173,2026-07-15,0.05279,USD
BGPA.F,Koninklijke BAM Groep nv,COMMON STOCK,F,15,5,up,2.3548,12.74,2026-05-11,0.3,EUR
BJI.F,Datang International Power Generation Co. Ltd,COMMON STOCK,F,25,3,up,10.0584,0.274,2026-09-09,0.00881,CNY
BCLM.F,BARRY CALLEBA. ADR 1/100,COMMON STOCK,F,5,2,up,2.7490,11.6,2026-01-13,0.31888,CHF
BJV1.F,Corem Property Group AB (publ),COMMON STOCK,F,6,2,flat,5.0490,0.1735,2026-09-29,0.00175,SEK
BNRA.F,BRENNTAG SE UNSP.ADR/020,COMMON STOCK,F,8,1,down,3.3779,11.5,2026-05-22,0.38846,EUR
BRE.F,Banco Bradesco S.A.,COMMON STOCK,F,302,1,down,8.8650,2.94,2026-09-02,0.00319,BRL
BRP.F,Caleres Inc,COMMON STOCK,F,50,1,down,2.2811,10.8,2026-09-11,0.06159,USD
C70.F,Compagnie d'Entreprises CFE SA,COMMON STOCK,F,11,4,up,4.7847,10.45,2026-05-19,0.5,EUR
CBE.F,Mersen SA,COMMON STOCK,F,19,2,flat,2.2026,40.86,2026-07-07,0.9,EUR
BSPA.F,BAE SYSTEMS ADR/4 LS-025,COMMON STOCK,F,13,1,down,1.8637,91.5,2026-04-24,1.07515,GBP
CBZ.F,CAPRAL LTD.,COMMON STOCK,F,13,1,down,2.6676,6.95,2026-03-04,0.1854,AUD
CGMA.F,CAPGEMINI UNS.ADR 1/5/EO8,COMMON STOCK,F,5,5,up,3.3649,20.6,2026-06-01,0.69316,EUR
CJ1.F,Norwegian Energy Company ASA,COMMON STOCK,F,6,2,up,31.5228,52.8,2026-07-17,6.1588,NOK
CJ2.F,RINGK.LANDBOBK DK 1,COMMON STOCK,F,5,5,up,0.6536,245.4,2026-03-05,1.60392,DKK
CP5.F,The Children's Place Inc,COMMON STOCK,F,24,6,up,0.0000,1.852,2019-12-13,0.49274,USD
CO3A.F,Coty Inc,COMMON STOCK,F,18,1,down,0.0000,2.32,2020-02-14,0.10995,USD
CRP0.F,CHINA RE.PO.HO.UNS.ADR/15,COMMON STOCK,F,11,2,up,5.6112,32.8,2026-09-11,0.54544,HKD
CTA0.F,Capita plc,COMMON STOCK,F,23,1,down,0.0000,2.48,2017-10-19,1.1835,GBP
CXX.F,The Clorox Company,COMMON STOCK,F,60,1,down,6.0599,72.14,2026-08-12,1.0995,USD
CQN.F,Bank of Chongqing Co Ltd,COMMON STOCK,F,15,1,down,6.2462,0.91,2026-07-08,0.03608,CNY
D2MN.F,Duke Energy Corporation,COMMON STOCK,F,62,1,down,3.7730,99.78,2026-08-14,0.95437,USD
CQH3.F,Cheuk Nang (Holdings) Limited,COMMON STOCK,F,32,1,down,4.7863,0.117,2026-03-25,0.00336,HKD
CN7.F,Cathay General Bancorp,COMMON STOCK,F,59,1,down,2.4341,53.5,2026-08-28,0.33436,USD
CX0.F,Cineplex Inc,COMMON STOCK,F,91,1,down,0.0000,8,2020-01-30,0.09302,CAD
CUW.F,Columbia Sportswear Company,COMMON STOCK,F,59,1,down,2.1106,50,2026-08-20,0.26382,USD
CL6.F,Dedicare AB (publ),COMMON STOCK,F,4,1,down,3.2220,4.765,2026-05-07,0.15353,SEK
DAS.F,Danieli & C. Officine Meccaniche S.p.A,COMMON STOCK,F,16,6,flat,0.6200,50,2025-11-24,0.31,EUR
CDE0.F,CITY DEV.LTD.ADR/1 SD-50,COMMON STOCK,F,13,3,up,6.2231,3.42,2026-08-24,0.04154,SGD
DJD.F,DIETEREN GR. UNSP.ADR 1/2,COMMON STOCK,F,6,2,up,0.9588,106,2026-06-10,1.01628,EUR
CUX1.F,CARMILA S.A.S.,COMMON STOCK,F,6,6,up,9.2769,14.66,2026-05-20,1.36,EUR
DKIA.F,DAIKIN INDUSTR.UNSP.ADR,COMMON STOCK,F,15,1,down,0.8418,11.3,2026-03-31,0.09512,JPY
DK8.F,DaikyoNishikawa Corp,COMMON STOCK,F,26,5,up,6.0242,5.75,2026-09-29,0.16202,JPY
D3H.F,DISCOVERY LTD. RC -001,COMMON STOCK,F,6,1,down,1.1811,14,2026-03-31,0.05883,ZAR
DNE.F,Downer EDI Limited,COMMON STOCK,F,28,4,up,4.5063,4,2026-09-02,0.10062,AUD
DNQA.F,Equinor ASA,COMMON STOCK,F,53,1,down,3.6042,37.1,2026-08-14,0.34308,NOK
DST.F,Storytel AB Class B,COMMON STOCK,F,2,2,up,1.2724,10.34,2026-05-06,0.13157,SEK
DLU.F,DEKUPLE S.A.,COMMON STOCK,F,5,2,flat,3.1933,23.8,2026-06-24,0.76,EUR
E3B.F,Eutelsat Communications,COMMON STOCK,F,8,3,flat,0.0000,1.6825,2022-11-17,0.72655,EUR
DAII.F,MERCEDES-BENZ GRP ADR/1/4,COMMON STOCK,F,9,1,down,8.9468,10.1,2026-04-20,0.90363,EUR
E3G1.F,Evolution AB (publ),COMMON STOCK,F,11,5,up,0.0000,69.18,2025-05-12,2.8,EUR
DIO0.F,CHRISTIAN DIOR ADR1/4/EO2,COMMON STOCK,F,12,1,down,3.6053,102,2026-04-29,2.12603,EUR
E6U.F,Coffee Holding Co. Inc,COMMON STOCK,F,12,2,up,2.0230,3.48,2026-02-10,0.0704,USD
DMRE.F,Demire Deutsche Mittelstand Real Estate AG,COMMON STOCK,F,3,1,down,0.0000,0.324,2022-05-19,0.31,EUR
EA20.F,EAM Solar ASA,COMMON STOCK,F,2,1,down,0.0000,0.0474,2014-05-12,0.14745,NOK
EAI.F,Groupe Bruxelles Lambert SA,COMMON STOCK,F,19,6,up,7.0302,72.9,2026-05-14,5.125,EUR
EAQ.F,EASTERN CO.,COMMON STOCK,F,24,1,down,1.8980,20.4,2026-08-14,0.0968,USD
EB2.F,Elbit Systems Ltd,COMMON STOCK,F,64,1,down,0.4925,625,2026-06-23,0.8795,ILS
EC8.F,CONMED Corporation,COMMON STOCK,F,51,1,down,0.0000,40.6,2025-09-15,0.176,USD
EF3.F,Eiffage SA,COMMON STOCK,F,19,19,up,4.5049,106.55,2026-05-20,4.8,EUR
BON.F,Boiron SA,COMMON STOCK,F,20,2,up,7.0313,19.2,2026-06-03,1.35,EUR
E3X1.F,Expedia Group Inc,COMMON STOCK,F,6,2,up,0.6899,229.45,2026-08-27,0.41198,USD
EK7.F,Agricultural Bank of China Limited,COMMON STOCK,F,18,1,down,4.4236,0.713,2026-05-04,0.01678,CNY
EK9.F,Aplicaciones y Tratamiento de Sistemas S.A.,COMMON STOCK,F,3,2,up,0.0000,3.64,2025-09-18,0.02014,EUR
EL40.F,Deka MSCI Emerging Markets UCITS ETF,ETF,F,1,1,new,0.0000,71.768,2018-01-02,0.03,EUR
EL4E.F,Deka STOXX Europe Strong Style Composite 40 UCITS ETF,ETF,F,3,1,down,0.0000,42.3,2019-06-11,0.17,EUR
EL4W.F,Deka Deutsche Börse EUROGOV Germany Money Market UCITS ETF,ETF,F,4,2,up,0.0000,69.1205,2019-04-10,0.12,EUR
ELXA.F,ELECTROLUX B ADR/2 SK 5,COMMON STOCK,F,7,2,up,114.1605,4.46,2026-06-29,5.09156,SEK
EJR0.F,EAST JP RAILW. ADR 1/6,COMMON STOCK,F,9,1,down,1.1230,9.45,2026-03-31,0.10612,JPY
ENUN.F,STORA ENSO OYJ R (RE-REG),COMMON STOCK,F,10,3,flat,2.4534,10.19,2026-09-24,0.12,EUR
ENXB.F,Euronext N.V.,COMMON STOCK,F,13,8,up,1.9715,161.3,2026-05-25,3.18,EUR
ERE.F,Everest Group Ltd,COMMON STOCK,F,64,1,down,2.1769,323.4,2026-09-09,1.76,EUR
ESLC.F,ESSILORLUXOTTICA 1/2/O.N.,COMMON STOCK,F,7,6,up,2.8906,70.5,2026-05-11,2.03786,EUR
ERCA.F,Telefonaktiebolaget LM Ericsson (publ),COMMON STOCK,F,25,5,up,3.4680,8.1,2026-09-29,0.13889,SEK
COVR.F,PIMCO Covered Bond Source UCITS Income,ETF,F,1,1,new,0.0000,100.605,2019-03-14,1.34894,EUR
EXHE.F,iShares Pfandbriefe UCITS ETF (DE),ETF,F,7,1,down,0.0000,93.494,2020-03-16,0.12736,EUR
EXV1.F,iShares STOXX Europe 600 Banks UCITS ETF (DE),ETF,F,54,4,up,3.8869,42.53,2026-10-15,0.2112,EUR
EXV8.F,iShares STOXX Europe 600 Construction & Materials UCITS ETF (DE),ETF,F,50,7,up,1.9084,83.43,2026-07-15,1.1321,EUR
EYWN.F,bioMérieux S.A,COMMON STOCK,F,20,19,up,1.2296,79.7,2026-06-09,0.98,EUR
ESW.F,Essity AB (publ),COMMON STOCK,F,10,6,up,3.3610,22.85,2026-03-27,0.76799,SEK
EJI.F,Ebara Jitsugyo Co.Ltd,COMMON STOCK,F,32,1,down,2.9015,13,2026-06-29,0.20955,JPY
D1U.F,Daihatsu Diesel Mfg. Co. Ltd,COMMON STOCK,F,16,16,up,2.0986,18.3,2026-03-30,0.38405,JPY
F2P.F,Gushengtang Holdings Limited,COMMON STOCK,F,5,1,down,2.5288,3.06,2026-06-24,0.07738,CNY
EL4L.F,Deka iBoxx EUR Liquid Sovereign Diversified 1-3 UCITS ETF,ETF,F,5,1,down,0.0000,91.916,2019-04-10,0.13,EUR
EI5.F,Teekay Corporation Ltd.,COMMON STOCK,F,37,4,flat,7.3333,12,2026-05-26,0.88,EUR
EM7A.F,Emperor Entertainment Hotel Limited,COMMON STOCK,F,26,1,down,0.0000,0.014,2024-08-23,0.00168,HKD
FFEA.F,Faes Farma S.A,COMMON STOCK,F,32,1,down,2.7234,4.7,2026-07-02,0.087,EUR
FEQ1.F,LABORATORIO REIG J.EO 05,COMMON STOCK,F,9,1,down,0.9600,2.5,2026-05-21,0.024,EUR
DQW.F,AMS,COMMON STOCK,F,8,2,up,0.0000,21.3,2018-06-12,1.11803,EUR
E3E.F,Elementis plc,COMMON STOCK,F,24,3,up,1.9010,2.04,2026-08-13,0.01281,GBP
FIE1.F,FIELMANN AG (ADR/1/5)O.N.,COMMON STOCK,F,6,4,up,3.8939,7.2,2026-07-13,0.28036,EUR
EXV5.F,iShares STOXX Europe 600 Automobiles & Parts UCITS ETF (DE),ETF,F,5,1,down,0.0000,39.075,2019-04-15,0.01556,EUR
FLW1.F,Flughafen Wien Aktiengesellschaft,COMMON STOCK,F,21,4,flat,3.1250,52.8,2026-06-09,1.65,EUR
FNI.F,Fosun International Limited,COMMON STOCK,F,19,1,down,0.0000,0.546,2025-06-11,0.00224,HKD
FMQ.F,FMC Corporation,COMMON STOCK,F,58,1,down,8.5025,8.48,2026-06-30,0.07034,USD
FO9A.F,FORD OTOMOT.SAN.ADR/5 TN1,COMMON STOCK,F,10,1,down,15.5252,6.35,2026-03-17,0.36121,EUR
FRK.F,Franklin Resources Inc,COMMON STOCK,F,63,1,down,4.0028,28.8,2026-06-29,0.2904,USD
FOO.F,Salesforce.com Inc,COMMON STOCK,F,11,1,down,0.7555,202.05,2026-09-17,0.38689,USD
FD8.F,FIRMA OPON.DEBICA SA ZY 8,COMMON STOCK,F,6,2,up,7.3522,21.1,2026-09-18,1.55131,EUR
FS5A.F,FS KKR Capital Corp,COMMON STOCK,F,46,1,down,18.4462,9.71,2026-09-16,0.38689,USD
FTK.F,flatexDEGIRO AG,COMMON STOCK,F,5,5,up,1.0345,29,2026-06-03,0.3,EUR
FUC.F,Fanuc Corporation,COMMON STOCK,F,32,1,down,0.9421,33.08,2026-03-30,0.31166,JPY
FUJA.F,FUJITSU LTD. ADR 5/1,COMMON STOCK,F,15,2,up,1.2451,22,2026-03-27,0.18871,JPY
EVK.F,Evonik Industries AG,COMMON STOCK,F,14,1,down,5.0327,19.87,2026-06-04,1,EUR
FFO1.F,Fufeng Group Limited,COMMON STOCK,F,26,1,down,4.1933,0.476,2026-09-09,0.00628,CNY
FJK.F,Fujikura Ltd,COMMON STOCK,F,30,5,up,0.8275,27.46,2026-09-29,0.10616,JPY
FVQ1.F,PRIMORUS INV.PLC LS-002,COMMON STOCK,F,2,1,new,0.0000,0.0305,2024-03-28,0.01747,EUR
G4RA.F,Banco de Chile,COMMON STOCK,F,16,3,up,5.2599,36.6,2026-03-30,1.92513,EUR
G0E.F,Bloks Group Limited,COMMON STOCK,F,1,1,new,0.5023,7.25,2026-09-04,0.03642,CNY
FFX.F,Fairfax Financial Holdings Limited,COMMON STOCK,F,18,18,flat,0.9726,1356,2026-01-15,13.188,CAD
FKM.F,Aker ASA,COMMON STOCK,F,29,1,down,3.8236,133.8,2026-04-23,2.67322,NOK
FN2.F,F.N.B. Corporation,COMMON STOCK,F,48,1,down,2.9935,14.7,2026-09-01,0.11441,USD
FZ6.F,ASA GOLD+PREC.MET.LTD.DL1,COMMON STOCK,F,43,1,down,0.1260,47.6,2026-05-01,0.0341,EUR
FUY.F,Fukuyama Transporting Co. Ltd,COMMON STOCK,F,33,2,up,1.4295,34.4,2026-09-29,0.27941,JPY
FV8.F,Fevertree Drinks Plc,COMMON STOCK,F,22,4,up,2.1341,9.515,2026-09-24,0.07095,GBP
G9KB.F,Great Portland Estates PLC,COMMON STOCK,F,38,1,down,2.7134,3.52,2026-06-04,0.06173,GBP
FVI.F,Fair Value REIT-AG,COMMON STOCK,F,15,2,up,0.0000,2.58,2025-05-15,0.27,EUR
GDUA.F,Gerdau S.A,COMMON STOCK,F,60,1,down,3.1684,4.18,2026-08-21,0.03967,BRL
GAH.F,Arthur J. Gallagher & Co,COMMON STOCK,F,54,1,down,1.2107,199.75,2026-09-08,0.61558,USD
G5HA.F,Guangzhou R&F Properties Co. Ltd,COMMON STOCK,F,24,1,down,0.0000,0.0142,2021-09-09,0.01346,CNY
G7A.F,Grupo Aeroportuario del Centro Norte S.A.B. de C.V.,COMMON STOCK,F,27,1,down,5.3310,89,2026-05-26,2.53964,MXN
G70.F,"GALENICA AG SF -,10",COMMON STOCK,F,7,7,up,3.0485,86.65,2026-04-23,2.6415,CHF
F5L.F,Humm Group Limited,COMMON STOCK,F,22,3,up,5.1074,0.242,2026-08-31,0.00309,AUD
GI4.F,G-III Apparel Group Ltd,COMMON STOCK,F,4,2,up,1.5043,23.4,2026-09-15,0.088,USD
GPI1.F,China Oil And Gas Group Limited,COMMON STOCK,F,5,2,up,0.0000,0.01,2019-06-04,0.00045,HKD
GQI.F,GAIL (INDIA) GDR/6 IR 10,COMMON STOCK,F,35,1,down,3.7413,8.5,2026-09-01,0.02749,INR
GR3.F,Greif Inc,COMMON STOCK,F,53,1,down,2.9046,71.5,2026-09-17,0.5456,USD
GI3.F,GIMV NV,COMMON STOCK,F,6,1,down,4.1667,46.8,2026-06-01,1.95,EUR
GPH.F,Galmed Pharmaceuticals Ltd,COMMON STOCK,F,1,1,new,0.0000,21.888,2019-10-31,0.155,ILS
H0A.F,"Kasumigaseki Capital Co.,Ltd.",COMMON STOCK,F,2,2,up,2.1959,42,2026-08-28,0.92227,JPY
H0O.F,REVO INSURANCE SPA O.N.,COMMON STOCK,F,3,3,up,1.1180,24.15,2026-05-04,0.27,EUR
GEI.F,SL Green Realty Corp,COMMON STOCK,F,105,1,down,4.0884,43.21,2026-06-30,0.5434,USD
GHFH.F,China Minsheng Banking Corp. Ltd,COMMON STOCK,F,27,1,down,6.2303,0.356,2026-09-09,0.01534,CNY
GCC.F,C&C Group PLC,COMMON STOCK,F,25,1,down,5.0885,1.13,2026-06-11,0.0367,EUR
GO91.F,GUIDELINE GEO AB SK 1,COMMON STOCK,F,4,3,up,0.0000,0.74,2016-06-02,0.02631,SEK
GCB1.F,PTT GLBL CHEM.-NVDR- BA10,COMMON STOCK,F,25,2,up,2.3113,1.24,2026-09-07,0.01563,THB
GDUB.F,GERDAU S.A. PFD,COMMON STOCK,F,59,1,down,3.2405,4.1,2026-08-20,0.03868,BRL
GAN.F,Naturgy Energy Group S.A,COMMON STOCK,F,64,1,down,6.1119,28.96,2026-07-27,0.6,EUR
H2Y.F,CAPITAL ENVIRO.HLDG.HD-01,COMMON STOCK,F,1,1,new,0.0000,0.006,2023-07-07,0.00112,CNY
H3Q.F,TOBII DYNAVOX AB,COMMON STOCK,F,1,1,new,0.6614,6.63,2026-05-11,0.04385,SEK
H56.F,TUDOR GOLD CORP. O.N.,COMMON STOCK,F,1,1,new,0.0000,0.514,2022-11-10,0.06399,CAD
H0Q.F,China Hongqiao Group Ltd,COMMON STOCK,F,20,4,up,8.1628,2.267,2026-05-22,0.18505,EUR
H98.F,FL ENTERTAINMENT N.V. EO1,COMMON STOCK,F,5,3,up,15.4701,8.3,2026-08-17,0.93402,EUR
HBS.F,DELFINGEN IND.INH.EO 153,COMMON STOCK,F,4,2,up,5.4063,32,2026-07-03,1.73,EUR
H2T.F,HANSEN TECHNOLOGIES LTD.,COMMON STOCK,F,19,4,flat,3.4719,1.78,2026-08-24,0.0309,AUD
H460.F,Borgestad ASA,COMMON STOCK,F,2,1,down,3.2224,1.43,2026-03-02,0.04608,NOK
H4ZL.F,HSBC FTSE EPRA NAREIT Developed UCITS ETF,ETF,F,52,1,down,3.0628,19.98,2026-07-30,0.17525,EUR
H11.F,Halma plc,COMMON STOCK,F,32,1,down,0.7106,40.56,2026-07-09,0.17603,GBP
HFVA.F,Hufvudstaden AB (publ),COMMON STOCK,F,8,6,up,2.5955,9.81,2026-03-20,0.25462,SEK
GZ3.F,Yuexiu Transport Infrastructure Limited,COMMON STOCK,F,39,1,down,7.9209,0.354,2026-06-16,0.01458,HKD
HENE.F,HENKEL AG CO.KGAA ADR 4/1,COMMON STOCK,F,8,3,up,3.1462,16.8,2026-04-29,0.52857,EUR
HCGS.F,H.K. CHINA GAS HD-25 ADR,COMMON STOCK,F,12,1,down,5.7241,0.685,2026-08-31,0.01344,HKD
GSZ.F,CSSC Offshore & Marine Engineering (Group) Co Ltd,COMMON STOCK,F,15,3,up,2.0903,1.45,2026-09-17,0.01296,CNY
HN6.F,Sunex SA,COMMON STOCK,F,1,1,new,0.0000,0.647,2023-07-17,0.06396,EUR
GUN.F,Gunze Limited,COMMON STOCK,F,16,10,up,5.2953,22.8,2026-03-30,1.20733,JPY
HL9C.F,Holmen AB (publ),COMMON STOCK,F,16,1,down,2.8989,28.74,2026-03-31,0.83315,SEK
HBC1.F,HSBC Holdings plc,COMMON STOCK,F,84,1,down,3.6719,17.958,2026-08-13,0.08792,GBP
HOJ.F,Horizon Oil Limited,COMMON STOCK,F,10,1,down,15.4500,0.12,2026-04-09,0.00927,AUD
HCW.F,Welltower Inc,COMMON STOCK,F,60,1,down,1.3190,204.7,2026-08-12,0.74758,USD
HK2C.F,Hong Kong Exchanges and Clearing Limited,COMMON STOCK,F,38,5,up,3.5790,43.69,2026-09-01,0.83283,HKD
HMU.F,HMS Bergbau AG,COMMON STOCK,F,14,5,up,2.9178,37.7,2026-08-21,1.1,EUR
HEN3.F,Henkel AG & Co. KGaA vz. (Pref Shares),COMMON STOCK,F,28,6,up,2.7965,74.02,2026-04-28,2.07,EUR
HEI.F,Heidelberg Materials AG,COMMON STOCK,F,28,6,up,2.4983,144.1,2026-05-14,3.6,EUR
HE9.F,Hera S.p.A,COMMON STOCK,F,16,16,up,4.5688,3.502,2026-06-22,0.16,EUR
HEH.F,Power Assets Holdings Limited,COMMON STOCK,F,56,3,flat,4.6840,6.75,2026-09-09,0.08745,HKD
HS6.F,HASEKO Corporation,COMMON STOCK,F,23,4,up,3.7518,14.9,2026-09-29,0.27951,JPY
I41.F,PT. Indika Energy Tbk,COMMON STOCK,F,2,1,down,0.4132,0.121,2026-06-03,0.0005,IDR
HSOA.F,Encompass Health Corporation,COMMON STOCK,F,46,1,down,0.6250,107,2026-07-01,0.1672,USD
HRO.F,Hirose Electric Co.Ltd,COMMON STOCK,F,33,3,up,2.1533,135,2026-09-29,1.45345,JPY
HNL.F,Dr. Hönle AG,COMMON STOCK,F,19,1,down,0.0000,7.48,2022-03-25,0.2,EUR
HO9.F,HNI Corporation,COMMON STOCK,F,46,1,down,2.9476,41.2,2026-08-28,0.308,USD
HVE.F,Innoviva Inc.,COMMON STOCK,F,5,2,up,0.0000,18.7,2015-09-08,0.21985,USD
HRT.F,Sherritt International Corporation,COMMON STOCK,F,34,1,down,0.0000,0.166,2015-06-26,0.0062,CAD
HS0.F,Hoshizaki Corporation,COMMON STOCK,F,25,1,down,2.3132,29,2026-06-29,0.30746,JPY
I55.F,UIE Plc,COMMON STOCK,F,8,1,down,3.3338,53.8,2026-05-21,0.89678,EUR
HT0.F,HEALTHCARE REAL. A DL-01,COMMON STOCK,F,64,1,down,5.3773,15.7,2026-08-11,0.21106,USD
HUA.F,Obrascón Huarte Lain S.A,COMMON STOCK,F,8,2,up,0.0000,0.3552,2018-06-04,0.27089,EUR
HNR1.F,Hannover Rück SE,COMMON STOCK,F,21,6,up,4.8300,258.8,2026-05-07,12.5,EUR
HEN.F,Henkel AG & Co. KGaA,COMMON STOCK,F,28,6,up,2.9971,68.4,2026-04-28,2.05,EUR
IBB1.F,iShares $ Treasury Bond 7-10yr UCITS ETF EUR Hedged (Dist),ETF,F,2,1,new,0.0000,3.6842,2019-11-14,0.0635,EUR
I10.F,Italgas S.p.A,COMMON STOCK,F,10,10,up,5.1986,8.31,2026-05-18,0.432,EUR
IBCC.F,Ishares PLC - Ishares Treasury Bond 0-1 year UCITS ETF,ETF,F,1,1,new,0.0000,4.3265,2019-09-12,0.0608,EUR
I5G.F,IG Group Holdings plc,COMMON STOCK,F,33,1,down,3.2638,15.2,2026-08-13,0.16847,GBP
I8D.F,ISDN Holdings Limited,COMMON STOCK,F,17,3,up,0.9359,0.39,2026-07-06,0.00365,SGD
I5M.F,Iron Mountain Incorporated,COMMON STOCK,F,64,1,down,3.1242,97.3,2026-09-15,0.75997,USD
IJ70.F,ITV PLC UNSP.ADR/10LS-10,COMMON STOCK,F,9,1,down,7.3865,7.9,2026-04-10,0.38953,GBP
ID9.F,HELLOWORLD TRAVEL LTD.,COMMON STOCK,F,17,1,down,7.5779,0.815,2026-09-01,0.03088,AUD
IM4.F,IMC S.A.,COMMON STOCK,F,7,1,down,12.1339,7.17,2026-05-20,0.52,EUR
I93.F,Indorama Ventures Public Company Limited,COMMON STOCK,F,50,1,down,2.6986,0.7,2026-08-27,0.00521,THB
HSC2.F,Inmobiliaria Colonial SOCIMI S.A,COMMON STOCK,F,11,7,up,6.4360,4.972,2026-07-09,0.32,EUR
IGV0.F,IGNITIS GRUPE AB EO 2233,COMMON STOCK,F,9,5,up,6.2477,22.2,2026-09-22,0.704,EUR
IJU.F,Intrum AB (publ),COMMON STOCK,F,14,6,flat,0.0000,0.2614,2023-10-31,0.11748,SEK
IDJ.F,IDACORP Inc,COMMON STOCK,F,62,1,down,2.7660,112,2026-08-05,0.77449,USD
IEA.F,Informa PLC,COMMON STOCK,F,29,5,up,2.5422,10.3,2026-08-06,0.08713,GBP
IDZ1.F,IGO LTD SP.ADR/2,COMMON STOCK,F,8,1,down,0.8231,7.65,2026-09-10,0.06297,AUD
INTA.F,INTRACOM HLDG.NAM.EO 1,COMMON STOCK,F,6,5,up,6.3965,2.835,2026-06-22,0.18134,EUR
I970.F,XALI GOLD CORP.ORP.,COMMON STOCK,F,1,1,new,0.0000,0.115,2010-09-28,0.03102,CAD
HOT.F,HOCHTIEF Aktiengesellschaft,COMMON STOCK,F,26,5,up,1.6675,395.8,2026-04-30,6.6,EUR
I93A.F,Indorama Ventures PCL DRC,COMMON STOCK,F,45,1,down,2.6606,0.71,2026-08-27,0.00521,THB
INNA.F,ING Groep N.V,COMMON STOCK,F,26,6,up,4.2371,31.6,2026-08-10,0.40583,EUR
J0N.F,Bank7 Corp.,COMMON STOCK,F,11,1,down,2.0354,48,2026-09-18,0.26406,USD
J5W.F,Tree Island Steel Ltd.,COMMON STOCK,F,7,1,down,0.6045,1.54,2026-01-02,0.00931,CAD
IFXA.F,Infineon Technologies AG,COMMON STOCK,F,17,2,up,0.6534,55.5,2026-02-23,0.36263,EUR
IWY.F,Sify Technologies Limited,COMMON STOCK,F,6,1,down,0.0000,11.4,2019-05-24,0.04344,INR
J97.F,EKTER S.A. NA EO 052,COMMON STOCK,F,4,4,up,1.6113,4.965,2026-06-08,0.08,EUR
IMO1.F,Immofinanz AG,COMMON STOCK,F,10,5,up,0.0000,15.24,2021-10-21,0.75,EUR
JBG.F,JBG SMITH PPTYS DL -01,COMMON STOCK,F,18,1,down,6.9623,8.85,2026-08-13,0.15404,EUR
ITM1.F,Italmobiliare S.p.A,COMMON STOCK,F,14,2,up,4.3825,25.1,2026-05-04,1.1,EUR
IVSD.F,INVESTOR B (FRIA) O.N.,COMMON STOCK,F,23,1,down,1.3169,36.325,2026-05-08,0.35108,SEK
INH.F,INDUS Holding AG,COMMON STOCK,F,24,4,up,3.3462,38.85,2026-06-04,1.3,EUR
IFS.F,Infas Holding AG,COMMON STOCK,F,13,5,flat,0.0000,6.65,2024-06-26,0.05,EUR
IXX.F,init innovation in traffic systems SE,COMMON STOCK,F,18,8,up,1.9629,45.85,2026-05-22,0.9,EUR
JCR.F,"JCR Pharmaceuticals Co., Ltd.",COMMON STOCK,F,5,3,flat,3.9950,2.8,2026-09-29,0.05593,JPY
IU2.F,Yara International ASA,COMMON STOCK,F,25,3,up,4.9886,40.63,2026-05-13,2.02686,NOK
JEVA.F,KENMARE RES PLC EO-001,COMMON STOCK,F,13,1,down,0.0000,2.1,2025-09-18,0.08798,EUR
JGE1.F,JULIUS BAER GRP. ADR/1/5,COMMON STOCK,F,10,3,up,3.9781,14.7,2026-04-14,0.58478,CHF
JCM.F,Japan Cash Machine Co. Ltd,COMMON STOCK,F,29,1,down,3.4113,7.05,2026-09-29,0.12864,JPY
IPOK.F,Heidelberger Beteiligungsholding AG,COMMON STOCK,F,2,2,up,0.0000,117,2025-04-14,63.9,EUR
JJ1.F,J&J Snack Foods Corp.,COMMON STOCK,F,8,1,down,4.1685,67.5,2026-09-15,0.70344,USD
JK9.F,Southern Sun Limited,COMMON STOCK,F,3,3,up,3.0874,0.515,2026-06-10,0.0159,ZAR
JAT.F,Japan Tobacco Inc,COMMON STOCK,F,48,1,down,3.9062,38.05,2026-06-29,0.75991,JPY
IQQH.F,iShares Global Clean Energy UCITS ETF,ETF,F,36,1,down,1.2446,8.509,2026-05-21,0.0192,EUR
J6I.F,Whitecap Resources Inc,COMMON STOCK,F,161,1,down,4.0680,11.124,2026-09-29,0.03771,CAD
JN4.F,PT Map Aktif Adiperkasa Tbk,COMMON STOCK,F,2,1,down,0.9500,0.02,2026-07-03,0.00019,IDR
JI3.F,China Gold International Resources Corp. Ltd,COMMON STOCK,F,5,2,up,1.7087,24.2,2026-04-23,0.41351,CAD
JY0.F,ParTec AG,COMMON STOCK,F,1,1,new,0.0000,15.35,2023-08-31,1.25,EUR
K6Z.F,Shine Justice Ltd,COMMON STOCK,F,4,1,down,6.4167,0.384,2026-09-28,0.0154,AUD
JB1.F,J.B. Hunt Transport Services Inc,COMMON STOCK,F,63,1,down,0.8057,195.55,2026-08-07,0.39609,USD
JE2.F,Jiangsu Expressway Company Limited,COMMON STOCK,F,19,4,up,5.5105,1.14,2026-06-17,0.06282,CNY
K9I.F,SKILLCAST GROUP LS -001,COMMON STOCK,F,9,1,down,1.6409,0.44,2026-07-02,0.00487,GBP
JF1.F,Inter Parfums Inc,COMMON STOCK,F,58,1,down,2.8110,100.2,2026-09-15,0.70416,USD
JTI.F,Ju Teng International Holdings Limited,COMMON STOCK,F,12,1,down,0.0000,0.24,2023-05-22,0.00561,HKD
JAF.F,JAFCO Group Co. Ltd,COMMON STOCK,F,29,3,up,5.9152,12.57,2026-09-29,0.37177,JPY
JUS1.F,Aeon Co. Ltd,COMMON STOCK,F,31,14,up,1.1586,7,2026-08-28,0.04195,JPY
K7A.F,Kingdom Holdings Limited,COMMON STOCK,F,15,2,up,5.2992,0.127,2026-07-02,0.00673,CNY
K7X.F,BROOKFIELD CORP. CL.A,COMMON STOCK,F,67,1,down,0.7306,32.5,2026-09-14,0.06156,CAD
K900.F,Loomis AB (publ),COMMON STOCK,F,18,7,up,3.5981,48.72,2026-05-07,1.753,SEK
KM6.F,PT Adhi Karya (Persero) Tbk,COMMON STOCK,F,11,1,down,0.0000,0.0005,2020-06-15,0.00086,IDR
KCN.F,Kingsgate Consolidated Limited,COMMON STOCK,F,6,2,up,2.1491,2.87,2026-03-16,0.06168,AUD
KEY.F,KeyCorp,COMMON STOCK,F,60,1,down,4.0367,17.88,2026-09-01,0.18044,USD
KKC.F,Kakaku.com Inc,COMMON STOCK,F,23,1,down,0.6724,20.8,2026-03-30,0.13986,JPY
KYS.F,"Kelly Services, Inc.",COMMON STOCK,F,12,1,down,1.5443,17.1,2026-08-19,0.06602,USD
KRZA.F,KERRY GRP PLC ADR/1EO-12,COMMON STOCK,F,11,1,down,1.6959,85,2026-04-10,1.0141,EUR
KIR.F,Kirin Holdings Company Limited,COMMON STOCK,F,46,1,down,2.6713,15.685,2026-06-29,0.21229,JPY
KMBA.F,SK TELECOM CO.LTD.ADR 5/9,COMMON STOCK,F,33,1,down,1.7927,31.2,2026-08-31,0.29365,EUR
KZ9.F,California BanCorp,COMMON STOCK,F,4,2,up,2.0771,17.8,2026-09-21,0.10564,USD
KAO.F,Kao Corporation,COMMON STOCK,F,47,1,down,2.2561,19.19,2026-06-29,0.21787,JPY
LC4.F,L.D.C. S.A.,COMMON STOCK,F,6,2,up,2.1347,105.4,2026-08-25,2.25,EUR
KONN.F,Komercní banka a.s.,COMMON STOCK,F,22,4,up,9.3328,41.96,2026-05-04,3.91606,CZK
KSC.F,KPS AG,COMMON STOCK,F,15,1,down,0.0000,0.241,2023-05-11,0.1,EUR
KWG.F,KHD Humboldt Wedag International AG,COMMON STOCK,F,4,1,down,0.0000,2.08,2013-06-25,0.09,EUR
KOM1.F,Komatsu Ltd,COMMON STOCK,F,52,1,down,2.5679,41.33,2026-09-29,0.53066,JPY
KEM.F,Kemira Oyj,COMMON STOCK,F,31,1,down,4.3428,17.27,2026-03-20,0.38,EUR
LLS1.F,Liechtensteinische Landesbank Aktiengesellschaft,COMMON STOCK,F,8,8,flat,2.4356,121.4,2026-04-21,2.9568,EUR
KOX.F,Kowloon Development Company Limited,COMMON STOCK,F,36,1,down,5.9317,0.454,2026-06-11,0.01571,HKD
KWS.F,KWS SAAT SE & Co. KGaA,COMMON STOCK,F,23,1,down,1.7806,70.2,2025-12-04,1.25,EUR
LKQ1.F,LKQ Corporation,COMMON STOCK,F,20,1,down,5.2483,20.13,2026-08-20,0.26412,USD
KYW.F,Skyworth Group Limited,COMMON STOCK,F,35,2,up,0.0000,0.358,2024-05-28,0.00561,HKD
LNN0.F,LENNAR CORP. B DL-10,COMMON STOCK,F,26,1,down,2.4976,70.5,2026-07-10,0.4402,USD
KYC0.F,Mondi plc,COMMON STOCK,F,39,1,down,1.5016,9.55,2026-08-20,0.0942,GBP
LYV.F,Lundin Energy AB (publ),COMMON STOCK,F,18,1,down,0.0000,0.65,2023-01-04,0.5625,SEK
LHA.F,Deutsche Lufthansa AG,COMMON STOCK,F,18,3,up,4.2319,7.798,2026-05-13,0.33,EUR
LRC.F,Legrand SA,COMMON STOCK,F,16,4,up,1.7423,136.6,2026-05-29,2.38,EUR
M3I0.F,MINTH GRP LTD UNSP.ADR/20,COMMON STOCK,F,3,2,up,3.3896,50.5,2026-07-06,1.71176,TWD
M4BB.F,"China Merchants Bank Co., Ltd.",COMMON STOCK,F,3,2,up,4.7564,26.8,2026-07-02,0.64607,CNY
LYMH.F,Lyxor UCITS ETF FTSE ATHEX Large Cap,ETF,F,12,6,up,2.3186,3.019,2025-12-09,0.07,EUR
M5M1.F,MR. PRICE GROUP RC -025,COMMON STOCK,F,12,1,down,5.5802,8.7,2026-07-01,0.31418,ZAR
M7O.F,MTI WIRELESS EDGE IS -01,COMMON STOCK,F,6,6,up,4.3478,0.69,2026-03-26,0.03,EUR
LPE.F,Laurent-Perrier S.A,COMMON STOCK,F,19,6,flat,2.8610,73.4,2026-07-22,2.1,EUR
LHL.F,Lenovo Group Limited,COMMON STOCK,F,45,1,down,1.1820,4,2026-08-05,0.03776,EUR
LIV.F,Autoliv Inc.,COMMON STOCK,F,58,1,down,3.0003,102,2026-08-28,0.76508,SEK
LIE.F,Sun Life Financial Inc,COMMON STOCK,F,60,1,down,3.3661,69.3,2026-08-26,0.59558,CAD
ME1.F,Banca Mediolanum SpA,COMMON STOCK,F,17,1,down,5.3373,23.42,2026-04-20,0.65,EUR
MFL1.F,MARUDAI FOOD,COMMON STOCK,F,12,4,up,4.9240,12.5,2026-09-29,0.22382,JPY
LN4.F,Linedata Services SA,COMMON STOCK,F,18,1,down,2.2305,53.8,2026-07-15,1.2,EUR
M8V.F,Marriott Vacations Worldwide Corporation,COMMON STOCK,F,39,1,down,3.1830,88.5,2026-09-16,0.70424,USD
M3C.F,Mitsubishi Chemical Holdings Corporation,COMMON STOCK,F,33,7,flat,2.8234,6.33,2026-09-29,0.08936,JPY
MJVC.F,ZHONGYU ENERGY HLDGS. NEW,COMMON STOCK,F,6,2,up,1.1701,0.288,2026-07-06,0.00337,HKD
MGG.F,MGM Resorts International,COMMON STOCK,F,24,2,flat,0.0000,28.39,2022-12-08,0.0022,USD
MIS.F,MONASH IVF GROUP LTD,COMMON STOCK,F,22,1,down,3.5602,0.432,2026-09-03,0.008,AUD
MBQ.F,Mobotix AG,COMMON STOCK,F,13,5,flat,0.0000,0.95,2022-01-28,0.04,EUR
MQ4.F,"Miquel y Costas & Miquel, S.A.",COMMON STOCK,F,9,1,down,3.8593,12.85,2026-07-14,0.14205,EUR
MCP.F,Microchip Technology Incorporated,COMMON STOCK,F,63,1,down,2.3830,67.18,2026-08-24,0.40022,USD
MR9.F,MIDEA REAL HLDG HD 1,COMMON STOCK,F,6,1,down,15.5000,0.246,2026-08-03,0.02131,CNY
MS3.F,MISUMI GROUP INC.,COMMON STOCK,F,17,4,up,1.7067,21.6,2026-09-29,0.17302,JPY
MSBA.F,MEMSCAP S.A,COMMON STOCK,F,1,1,new,1.3374,4.935,2026-06-10,0.066,EUR
MCHA.F,MICHELIN NOM. EO -50,COMMON STOCK,F,20,7,flat,4.0925,33.72,2026-05-26,1.38,EUR
MT0.F,DEME GROUP NV,COMMON STOCK,F,4,4,up,2.4945,180.4,2026-05-26,4.5,EUR
MMG.F,Mitsui Mining & Smelting Co. Ltd,COMMON STOCK,F,20,3,up,1.2464,127.95,2026-09-29,0.78338,JPY
MTR.F,Mothercare plc,COMMON STOCK,F,2,1,down,0.0000,0.0005,2012-01-04,0.01697,GBP
MTX1.F,MTU A.E.HDG UNSP.ADR 1/2,COMMON STOCK,F,9,3,up,1.0223,182,2026-05-11,1.86054,EUR
MOGG.F,MOL NA A ADR REG.S 1/2,COMMON STOCK,F,14,3,up,6.6231,6.75,2026-09-21,0.44706,HUF
MTK.F,Midland Holdings Limited,COMMON STOCK,F,9,2,up,5.3386,0.189,2026-06-10,0.01009,HKD
MUR.F,"Murata Manufacturing Co., Ltd.",COMMON STOCK,F,7,1,down,0.8135,22,2026-03-31,0.09461,JPY
MV6.F,MVB FINANCIAL CORP. DL 1,COMMON STOCK,F,24,1,down,2.4320,24.6,2026-09-01,0.14957,USD
MZ4.F,Mitie Group plc,COMMON STOCK,F,27,2,up,2.1661,2.42,2026-07-16,0.03611,GBP
MXHN.F,MAX Automation SE,COMMON STOCK,F,8,8,up,0.0000,3.09,2018-05-22,0.15,EUR
MTT.F,Mattel Inc,COMMON STOCK,F,27,1,down,0.0000,11.682,2017-08-21,0.13191,USD
MIH.F,Mitsubishi Heavy Industries Ltd,COMMON STOCK,F,49,5,up,0.6982,21.605,2026-09-29,0.07822,JPY
MUF.F,Manchester United Ltd,COMMON STOCK,F,16,1,down,0.0000,17.7,2022-06-03,0.07915,GBP
N09.F,NOVUS HOLDINGS LTD,COMMON STOCK,F,8,2,flat,9.6722,0.302,2026-07-01,0.02921,ZAR
N0XA.F,Nexi S.p.A,COMMON STOCK,F,2,2,up,7.1259,4.21,2026-05-18,0.3,EUR
MRK.F,Merck & Company Inc,COMMON STOCK,F,28,6,flat,1.5896,138.4,2026-04-27,2.2,EUR
N1C.F,CLICKS GROUP LTD RC-01,COMMON STOCK,F,11,6,up,4.2873,11.2,2026-07-01,0.13674,ZAR
MNV6.F,Mainova AG,COMMON STOCK,F,33,13,flat,2.8830,376,2026-07-02,10.84,EUR
N5Z.F,North American Construction Group Ltd,COMMON STOCK,F,53,1,down,2.9768,10,2026-08-28,0.07442,CAD
N9B.F,BANDAI NAMCO Holdings Inc,COMMON STOCK,F,33,2,up,1.3624,30.74,2026-09-29,0.1396,JPY
N33.F,NP3 Fastigheter AB (publ),COMMON STOCK,F,23,3,up,2.5587,19.88,2026-07-30,0.14032,SEK
NAG.F,NAT.B.GR. SPONS.ADR/1,COMMON STOCK,F,4,1,down,3.0838,17,2026-06-15,0.29954,EUR
MZ8.F,Mizuho Financial Group Inc,COMMON STOCK,F,35,11,flat,1.6741,49.2,2026-09-29,0.4188,JPY
NCL.F,New China Life Insurance Company Ltd,COMMON STOCK,F,17,1,down,7.0429,4.94,2026-07-10,0.26558,CNY
NCZ.F,NIPPON CHEMI-CON,COMMON STOCK,F,1,1,new,0.8226,13.6,2026-03-30,0.11188,JPY
NEW.F,Netcall PLC,COMMON STOCK,F,2,2,up,0.7755,1.39,2025-12-29,0.01078,GBP
NAQ.F,Nasdaq Inc.,COMMON STOCK,F,54,1,down,1.2596,81,2026-09-11,0.27265,USD
NB9.F,National Bank Holdings Corporation,COMMON STOCK,F,47,1,down,3.2477,34.4,2026-08-28,0.2815,USD
MOH.F,LVMH Moët Hennessy - Louis Vuitton Société Européenne,COMMON STOCK,F,39,1,down,3.2387,401.4,2026-04-28,7.5,EUR
NH8.F,Nihon Trim Co. Ltd,COMMON STOCK,F,16,3,flat,2.5430,28.6,2026-03-30,0.7273,JPY
N9L.F,Nippon Light Metal Holdings Company Ltd,COMMON STOCK,F,26,4,up,3.5816,16.4,2026-09-29,0.27971,JPY
NHM.F,Marchex Inc,COMMON STOCK,F,16,2,up,0.0000,1.12,2018-03-07,0.43985,USD
NCB.F,Bank of America Corporation,COMMON STOCK,F,64,1,down,2.0718,49.25,2026-09-04,0.28147,USD
NBC.F,National Bank of Canada,COMMON STOCK,F,93,1,down,2.4445,129.9,2026-09-28,0.81866,CAD
NKE0.F,NIKE INC. CDR(REG.S),COMMON STOCK,F,17,1,down,4.6364,3.98,2026-09-01,0.04539,USD
MPW.F,ManpowerGroup Inc,COMMON STOCK,F,50,1,down,2.5463,49.76,2026-06-01,0.63353,USD
NESR.F,Nestlé S.A,COMMON STOCK,F,18,17,up,4.0198,81.49,2026-04-20,3.27577,CHF
MPX.F,Mitsubishi Paper Mills Limited,COMMON STOCK,F,10,4,up,1.8103,6.8,2026-09-29,0.03917,JPY
NM1.F,EAST AFRICA RES,COMMON STOCK,F,1,1,new,159.0000,0.002,2026-09-11,0.00318,GBP
NNL.F,Monex Group Inc,COMMON STOCK,F,33,1,down,4.3296,3.98,2026-09-29,0.08616,JPY
NNR.F,Nishi-Nippon Railroad Co. Ltd,COMMON STOCK,F,33,6,up,2.9446,17.1,2026-09-29,0.25176,JPY
NFS.F,Norfolk Southern Corporation,COMMON STOCK,F,62,1,down,1.7342,273.9,2026-08-07,1.18746,USD
NBO.F,Nisshinbo Holdings Inc,COMMON STOCK,F,48,1,down,1.3986,14.4,2026-06-29,0.1007,JPY
NEF.F,Neste Oyj,COMMON STOCK,F,30,2,flat,0.5799,34.49,2026-03-26,0.2,EUR
NP8.F,VAESTRA HAMNEN CO.FIN.,COMMON STOCK,F,3,1,down,0.0000,1.23,2025-04-30,0.09626,SEK
NVAK.F,Thanachart Capital Public Company Limited,COMMON STOCK,F,37,6,up,4.5075,2.14,2026-09-11,0.03911,THB
NVAX.F,Hana Microelectronics Public Company Limited,COMMON STOCK,F,36,3,flat,2.0031,1.3,2026-03-16,0.01953,THB
NI3.F,Nichirei Corporation,COMMON STOCK,F,33,1,down,2.2470,12.2,2026-09-29,0.13987,JPY
NJ1.F,New Jersey Resources Corporation,COMMON STOCK,F,61,1,down,3.8140,44.4,2026-09-24,0.43985,USD
NNWN.F,NASPERS N ADR/ 1/5 NEW,COMMON STOCK,F,8,4,up,0.7718,6.85,2025-12-11,0.05287,ZAR
NKT.F,NKT A/S,COMMON STOCK,F,5,3,flat,0.0000,121.6,2016-04-01,0.43595,DKK
NYY.F,NWF GROUP PLC LS-25,COMMON STOCK,F,16,1,down,5.4642,1.79,2026-03-19,0.01164,GBP
O4R.F,GREAT ELM CAP. NEW DL-01,COMMON STOCK,F,21,1,down,22.2465,4.54,2026-09-15,0.21663,USD
OB8.F,PT Barito Pacific Tbk,COMMON STOCK,F,7,2,up,0.1250,0.064,2026-07-06,0.00008,IDR
OEA1.F,OEM INTERN.(POST SPLIT) B,COMMON STOCK,F,12,4,flat,0.9677,15.86,2026-04-22,0.15348,SEK
NXZ.F,Nexstar Media Group Inc,COMMON STOCK,F,53,1,down,4.6634,140.3,2026-08-14,1.63568,USD
NOEJ.F,Norma Group AG NA O.N.,COMMON STOCK,F,17,1,down,0.8226,17.02,2026-07-02,0.14,EUR
NPG.F,Nippon Electric Glass Co. Ltd,COMMON STOCK,F,33,1,down,3.3652,26.6,2026-06-29,0.44757,JPY
NZE.F,Zeon Corporation,COMMON STOCK,F,33,17,up,3.3229,13.3,2026-09-29,0.21817,JPY
NUF.F,Nufarm Limited,COMMON STOCK,F,20,1,down,0.0000,1.82,2024-05-29,0.02462,AUD
OHE.F,Coheris SA,COMMON STOCK,F,6,4,flat,0.9524,8.4,2026-06-19,0.08,EUR
OKL.F,Orkla ASA,COMMON STOCK,F,19,1,down,6.4312,8.6,2026-04-24,0.55308,NOK
NYVF.F,Italian-Thai Development Public Company Limited,COMMON STOCK,F,3,2,up,0.0000,0.007,2019-05-14,0.00038,THB
OLY.F,Olympus Corporation,COMMON STOCK,F,6,5,up,1.5391,10.7,2026-03-31,0.16468,JPY
ORJ.F,Old Republic International Corporation,COMMON STOCK,F,64,4,up,9.8168,33.47,2026-09-04,0.27711,USD
ORW.F,ONESPAWORLD HLDGS DL-0001,COMMON STOCK,F,11,1,down,0.9024,19.5,2026-08-19,0.04399,EUR
OM3F.F,iShares II Public Limited Company - iShares Euro Corporate Bond Sustainability Screened UCITS ETF,ETF,F,10,3,up,0.0000,4.57,2023-05-19,0.0528,EUR
OKI.F,Oki Electric Industry Co. Ltd,COMMON STOCK,F,17,4,up,2.4235,15,2026-03-30,0.36352,JPY
OD8.F,New Hope Corporation Limited,COMMON STOCK,F,32,2,up,7.0165,3.506,2026-09-21,0.1845,AUD
NPS.F,Nippon Steel Corporation,COMMON STOCK,F,45,1,down,3.5342,3.7955,2026-09-29,0.06707,JPY
NRE.F,Nokian Renkaat Oyj,COMMON STOCK,F,25,2,flat,1.5723,15.9,2026-03-26,0.25,EUR
O3P.F,Österreichische Post AG,COMMON STOCK,F,23,4,flat,5.8560,31.25,2026-04-24,1.83,EUR
PCG.F,PG&E Corporation,COMMON STOCK,F,39,4,up,1.4246,10.8,2026-06-30,0.04396,USD
PBE.F,Peabody Energy Corporation,COMMON STOCK,F,16,1,down,1.1966,22.05,2026-08-12,0.06596,USD
OCI1.F,ACS Actividades de Construcción y Servicios S.A,COMMON STOCK,F,52,2,up,2.5195,92.2,2026-06-29,1.866,EUR
PDSE.F,Invesco Markets II plc - Invesco Preferred Shares UCITS ETF,ETF,F,5,1,down,0.0000,11.583,2019-12-12,0.2227,EUR
PAR.F,Parker-Hannifin Corporation,COMMON STOCK,F,62,1,down,0.7817,855.2,2026-08-31,1.7592,USD
OKN.F,Okasan Securities Group Inc,COMMON STOCK,F,16,7,up,3.9664,7.05,2026-03-30,0.27963,JPY
PJS1.F,PIMCO Euro Short Maturity Source UCITS,ETF,F,1,1,new,0.0000,97.144,2017-07-20,0.02201,EUR
PKF1.F,PORT OF TAURANGA,COMMON STOCK,F,10,3,up,2.5333,4.02,2026-09-17,0.0621,NZD
PKX.F,POSCO Holdings Inc,COMMON STOCK,F,58,1,down,2.7535,49.4,2026-08-24,0.32704,EUR
PCX.F,Paychex Inc,COMMON STOCK,F,62,1,down,4.6204,86.41,2026-07-28,1.04649,USD
P8Q.F,CRANE HOLDINGS CO. DL 1,COMMON STOCK,F,59,1,down,2.1136,41.4,2026-08-31,0.22425,USD
PLQ.F,Element Solutions Inc,COMMON STOCK,F,19,1,down,0.9140,30.8,2026-09-01,0.07038,USD
OLU1.F,MCOT Public Company Limited,COMMON STOCK,F,19,1,down,0.0000,0.126,2016-03-10,0.00052,THB
PNDA.F,MOWI ASA SP.ADR,COMMON STOCK,F,25,3,up,3.7770,18.6,2026-08-31,0.21849,NOK
OEL.F,ADM Hamburg Aktiengesellschaft,COMMON STOCK,F,31,18,flat,5.8534,232,2026-08-14,13.58,EUR
PNS.F,PONSSE EO-25,COMMON STOCK,F,6,2,up,2.3810,23.1,2026-04-09,0.55,EUR
PBW.F,Pitney Bowes Inc,COMMON STOCK,F,61,1,down,2.3616,14.155,2026-08-10,0.08797,USD
PQ90.F,BK MANDIRI (PE).ADR/20 ON,COMMON STOCK,F,6,4,up,15.4290,7,2026-09-18,0.13171,IDR
PRU.F,Prudential plc,COMMON STOCK,F,64,6,up,2.1727,11.07,2026-09-10,0.0781,HKD
PSWD.F,Invesco FTSE RAFI All World 3000 UCITS ETF,ETF,F,29,1,down,0.0000,35.935,2023-09-14,0.16,USD
PI7.F,Primerica Inc,COMMON STOCK,F,62,1,down,1.6867,242,2026-08-21,1.05564,USD
PUMA.F,PUMA SE UNSP.ADR 1/10,COMMON STOCK,F,5,1,down,0.0000,2.16,2025-05-23,0.06088,EUR
PIR.F,The People's Insurance Company (Group) of China Limited,COMMON STOCK,F,19,1,down,4.5754,0.61,2026-07-02,0.01869,CNY
PYV.F,Pacific Metals Co. Ltd,COMMON STOCK,F,20,1,down,5.3243,14.7,2026-09-29,0.36338,JPY
PZXB.F,PING AN INSURANC.H ADR/2,COMMON STOCK,F,13,3,up,6.1432,11.5,2026-09-03,0.25592,CNY
Q29.F,PHENIXFIN CORP. DL -001,COMMON STOCK,F,3,1,down,0.1570,39.2,2026-05-18,0.06156,USD
Q41.F,"Kodiak Gas Services, Inc.",COMMON STOCK,F,12,1,down,3.7966,45.4,2026-08-17,0.43091,USD
Q59.F,ADTRACTION GROUP AB,COMMON STOCK,F,5,1,down,5.3549,3.44,2026-04-21,0.09649,SEK
PXS.F,Paragon Care Limited,COMMON STOCK,F,17,3,flat,0.0000,0.071,2023-09-18,0.00369,AUD
PP1.F,Papa John's International Inc,COMMON STOCK,F,51,1,down,7.1404,17,2026-05-18,0.40462,USD
PWC.F,Pinnacle West Capital Corporation,COMMON STOCK,F,61,1,down,4.0016,80.02,2026-08-03,0.80053,USD
Q90.F,"Telekom Slovenije, d.d.",COMMON STOCK,F,2,2,up,3.2857,140,2026-08-24,4.6,EUR
PVGB.F,Sing Tao News Corporation Limited,COMMON STOCK,F,20,1,down,0.0000,0.0155,2021-07-02,0.00224,HKD
QG21.F,Constellation Oil Services Holding S.A.,COMMON STOCK,F,3,1,new,6.0235,12.6,2026-08-25,0.25443,EUR
QMC0.F,SMC Corporation,COMMON STOCK,F,4,1,down,1.4829,18.7,2026-03-27,0.13557,JPY
PHIA.F,Koninklijke Philips N.V.,COMMON STOCK,F,25,3,up,3.9586,22,2026-05-13,0.8709,EUR
PTTG.F,PTT Exploration and Production Public Company Limited,COMMON STOCK,F,41,1,down,6.3783,3.74,2026-08-14,0.11732,THB
PU8.F,Public Power Corporation S.A,COMMON STOCK,F,11,5,up,2.6478,22.66,2026-07-20,0.6,EUR
QFI.F,American Financial Group Inc,COMMON STOCK,F,73,1,down,5.1511,119.9,2026-07-15,0.77422,USD
QMC.F,SMC Corporation,COMMON STOCK,F,33,17,flat,1.4360,389.4,2026-09-29,2.7959,JPY
QB3.F,Quebecor Inc,COMMON STOCK,F,61,1,down,2.5306,39.2,2026-08-21,0.279,CAD
QTL.F,LUMIBIRD S.A. INH. EO 1,COMMON STOCK,F,1,1,new,1.5678,23.6,2026-05-18,0.37,EUR
QAN.F,Qantas Airways Limited,COMMON STOCK,F,12,1,down,4.3661,5.577,2026-09-15,0.12175,AUD
QS50.F,STRAUM.HLD.UNSP.ADR/1/10,COMMON STOCK,F,6,5,up,1.1175,10,2026-04-22,0.11175,CHF
R0A.F,Qualisys Holding AB (publ),COMMON STOCK,F,2,1,down,2.9939,4.395,2026-05-19,0.13158,SEK
QBY.F,q.beyond AG,COMMON STOCK,F,9,5,flat,0.0000,5.605,2020-05-21,0.03,EUR
PYA.F,Wayside Technology Group Inc,COMMON STOCK,F,92,1,down,0.5358,27.4,2025-11-10,0.14681,USD
QJE.F,Pan Pacific International Holdings Corporation,COMMON STOCK,F,32,1,down,1.3485,3.94,2026-06-29,0.03635,JPY
PTI.F,Perusahaan Perseroan (Persero) PT Telekomunikasi Indonesia Tbk,COMMON STOCK,F,32,1,down,9.3089,11.6,2026-06-18,1.07983,IDR
R70.F,Vulcan Steel Limited,COMMON STOCK,F,2,1,down,1.0682,3.3,2026-03-11,0.01289,NZD
QCH.F,Computershare Limited,COMMON STOCK,F,32,16,up,2.9616,25,2026-08-18,0.40105,AUD
RAE.F,China Rare Earth Holdings Limited,COMMON STOCK,F,9,1,down,0.0000,0.0738,2012-06-13,0.00189,CNY
QPJ.F,Kewpie Corporation,COMMON STOCK,F,32,1,down,1.4548,24.6,2026-05-28,0.17894,JPY
RAW0.F,RAIFFEIS. UNSPON.ADR/1/4,COMMON STOCK,F,6,2,up,2.5917,16,2026-04-15,0.41467,EUR
RAUA.F,RAUTE OY A EO 2,COMMON STOCK,F,3,3,up,4.4068,14.75,2026-04-15,0.65,EUR
QRL.F,Aurizon Holdings Ltd,COMMON STOCK,F,31,2,up,6.4417,2.196,2026-08-31,0.06458,AUD
RC0.F,Huaxin Building Materials Group Co Ltd Class H,COMMON STOCK,F,5,1,down,4.0512,1.7,2026-06-01,0.02706,CNY
RE2.F,Red Electrica Corporacion SA,COMMON STOCK,F,11,2,up,5.6692,7.1,2026-06-30,0.29989,EUR
QU5A.F,Padaeng Industry Public Company Limited,COMMON STOCK,F,7,3,up,0.0000,0.172,2018-05-02,0.03911,THB
RAC.F,Rent-A-Center Inc,COMMON STOCK,F,51,1,down,9.8175,13.98,2026-06-16,0.34312,USD
REC.F,KINGKEY I.C. HLD HD-02,COMMON STOCK,F,9,1,down,0.0000,0.1,2015-04-30,0.00673,HKD
RF6.F,CBRE Group Inc Class A,COMMON STOCK,F,2,2,up,0.0000,117.2,2024-04-19,0.10698,USD
RHF.F,RHI Magnesita N.V,COMMON STOCK,F,18,2,flat,5.5556,32.4,2026-08-27,0.6,EUR
RHN.F,Enwell Energy plc,COMMON STOCK,F,1,1,new,0.0000,0.117,2023-06-01,0.17466,GBP
RA6.F,Rayonier Inc,COMMON STOCK,F,66,1,down,13.1009,16.47,2026-09-16,0.22875,USD
RIK.F,RCI Hospitality Holdings Inc,COMMON STOCK,F,42,1,down,1.1430,23.86,2026-09-15,0.07038,USD
RB8.F,Regal Beloit Corporation,COMMON STOCK,F,53,1,down,0.9243,133.2,2026-06-30,0.30779,USD
RK8.F,Prospect Capital Corporation,COMMON STOCK,F,196,1,down,22.7984,1.89,2026-09-28,0.03078,USD
RLD.F,RPC Inc,COMMON STOCK,F,46,1,down,2.8152,5,2026-08-10,0.03519,USD
R6C0.F,SHELL PLC EO-07,COMMON STOCK,F,85,1,down,3.0899,42.995,2026-08-13,0.34338,GBP
RME.F,ResMed Inc,COMMON STOCK,F,52,1,down,1.1288,191.65,2026-08-20,0.5804,USD
RMT.F,Regina Miracle International (Holdings) Limited,COMMON STOCK,F,20,3,up,6.7955,0.264,2026-09-07,0.00594,HKD
RMQ0.F,OUTsurance Group Limited,COMMON STOCK,F,5,1,down,4.0200,4.4,2026-04-15,0.08018,ZAR
RN4.F,Ren Redes Energeticas Nacionais SGPS SA,COMMON STOCK,F,20,1,down,4.5326,3.53,2026-05-08,0.096,EUR
RCMN.F,Rcm Beteiligungs AG,COMMON STOCK,F,10,10,flat,0.0000,1.19,2022-08-04,0.07,EUR
RPD.F,ROYALTY PHARMA OA DL-0001,COMMON STOCK,F,24,1,down,1.6274,50,2026-08-14,0.20673,USD
RDEB.F,RELX PLC,COMMON STOCK,F,38,15,up,2.7565,29.12,2026-08-06,0.24349,GBP
RSH.F,Randstad N.V.,COMMON STOCK,F,29,2,flat,4.4788,36.17,2026-03-31,1.62,EUR
RW20.F,Ming Yang Smart Energy Group Limited,COMMON STOCK,F,2,1,down,1.5532,7.7,2026-07-06,0.1196,CNY
RWL.F,Rockwell Automation Inc,COMMON STOCK,F,63,1,down,1.2888,376.6,2026-08-17,1.21343,USD
RAK.F,Rakuten Group Inc,COMMON STOCK,F,19,14,flat,0.0000,3.7745,2022-12-29,0.02514,JPY
RBS.F,Realia Business S.A,COMMON STOCK,F,6,2,flat,0.0000,1.005,2024-09-11,0.05,EUR
RYU.F,Sega Sammy Holdings Inc,COMMON STOCK,F,33,3,up,1.6837,18.26,2026-09-29,0.15093,JPY
RLS.F,Rollins Inc,COMMON STOCK,F,55,1,down,2.4049,26.7,2026-08-10,0.16053,USD
S0D.F,STANMORE RESOURCES LTD.,COMMON STOCK,F,9,2,up,4.8955,1.57,2026-02-26,0.07686,AUD
S0V.F,Seaboard Corporation,COMMON STOCK,F,37,1,down,0.2301,3440,2026-08-14,1.9791,USD
RZ2.F,Veralto Corporation,COMMON STOCK,F,11,1,down,0.5227,84.12,2026-06-30,0.11432,USD
S4Y.F,STOCK YARDS BANCORP,COMMON STOCK,F,25,1,down,1.6688,68,2026-09-21,0.2903,USD
S5YA.F,Sigma Healthcare Limited,COMMON STOCK,F,27,4,up,1.5871,1.55,2026-09-03,0.0123,AUD
S4M.F,SES-imagotag Société Anonyme,COMMON STOCK,F,3,3,up,0.7371,122.1,2026-06-10,0.9,EUR
S6IA.F,Leidos Holdings Inc,COMMON STOCK,F,56,1,down,1.4174,106.75,2026-09-15,0.37827,USD
ROP.F,Roper Technologies Inc,COMMON STOCK,F,63,1,down,1.0193,306.7,2026-07-08,0.80025,USD
S6LA.F,Shenzhou International Group Holdings Limited,COMMON STOCK,F,6,1,down,6.7364,3.46,2026-09-09,0.0986,HKD
S8T.F,STHREE PLC LS -01,COMMON STOCK,F,12,1,down,4.5709,3.645,2026-05-14,0.10719,GBP
S93.F,SMA SOLAR T. UNSP.ADR/01,COMMON STOCK,F,2,2,up,0.0000,5.25,2024-05-30,0.04762,EUR
S97.F,SAVARIA CORP.,COMMON STOCK,F,106,1,down,1.9178,18.2,2026-09-29,0.03048,CAD
SAB.F,Sonic Healthcare Limited,COMMON STOCK,F,34,10,up,5.7785,11.528,2026-09-02,0.38858,AUD
SAR.F,ZOZO Inc,COMMON STOCK,F,19,8,up,3.9228,5.7,2026-09-29,0.1118,JPY
S01.F,SunCoke Energy Inc,COMMON STOCK,F,33,1,down,5.0867,8.3,2026-08-17,0.10555,USD
SBW.F,Sapporo Holdings Limited,COMMON STOCK,F,19,6,up,7.1331,9.85,2026-06-29,0.1118,JPY
SDRC.F,SCOR SE,COMMON STOCK,F,32,4,up,5.7333,33.14,2026-05-04,1.9,EUR
SEW.F,Semperit Aktiengesellschaft Holding,COMMON STOCK,F,24,2,flat,0.0000,19.1,2025-04-25,0.5,EUR
SFK.F,SERGEFERRARI GROUP EO-40,COMMON STOCK,F,11,2,up,2.2184,5.86,2026-06-02,0.13,EUR
SFW.F,CAPITAL STHWEST CORP.DL 1,COMMON STOCK,F,34,1,down,11.1706,20.16,2026-09-15,0.22284,USD
SGHB.F,SAGA COMMUNICATNS A DL-01,COMMON STOCK,F,24,1,down,12.3932,7.1,2026-09-23,0.21998,USD
RY4C.F,Ryanair Holdings plc,COMMON STOCK,F,9,1,down,1.6973,22.86,2026-08-06,0.195,EUR
SGK1.F,The Sage Group plc,COMMON STOCK,F,47,13,up,2.2741,11.5,2026-06-04,0.09377,GBP
SGI.F,Shanghai Industrial Holdings Limited,COMMON STOCK,F,59,4,up,8.7160,1.44,2026-09-24,0.04707,HKD
SH0.F,Shionogi & Co. Ltd,COMMON STOCK,F,33,17,up,2.7356,15.53,2026-09-29,0.21242,JPY
SBL.F,Safe Bulkers Inc,COMMON STOCK,F,38,1,down,2.8917,7.15,2026-08-13,0.06599,EUR
SIKB.F,SIKA AG UNSP.ADR O.N.,COMMON STOCK,F,7,7,up,2.1044,19.3,2026-03-27,0.40614,CHF
SHZH.F,Shenzhen Expressway Company Limited,COMMON STOCK,F,20,2,up,4.5594,0.69,2026-07-03,0.03146,CNY
SHM1.F,SHIMANO INC. UNSP.ADR/10,COMMON STOCK,F,15,2,up,1.9013,10.2,2026-06-30,0.10043,JPY
SKFD.F,AB SKF (publ),COMMON STOCK,F,2,1,down,1.6316,23.2,2026-04-23,0.37853,SEK
RYSD.F,NATWEST GR.PLC LS 10769,COMMON STOCK,F,25,4,up,5.0306,8.106,2026-08-13,0.13981,GBP
SJM.F,STEVEN MADDEN,COMMON STOCK,F,32,1,down,1.8889,39.13,2026-09-11,0.18478,USD
SND.F,Schneider Electric S.E.,COMMON STOCK,F,20,7,up,1.4281,294.1,2026-05-11,4.2,EUR
SMHN.F,SÜSS MicroTec SE,COMMON STOCK,F,6,1,down,0.0587,68.1,2026-06-04,0.04,EUR
SNF.F,Diversified Healthcare Trust,COMMON STOCK,F,63,1,down,0.5074,6.937,2026-07-20,0.0088,EUR
SNS.F,Sonoco Products Company,COMMON STOCK,F,56,1,down,4.2971,43.82,2026-08-10,0.47515,USD
SR4.F,B.F. S.p.A.,COMMON STOCK,F,3,2,flat,1.0000,7.6,2026-09-28,0.038,EUR
SPP7.F,SSgA SPDR ETFs Europe I Public Limited Company- SPDR Barclays 7-10 Year U.S. Treasury Bond UCITS ETF,ETF,F,4,1,down,0.0000,21.167,2020-02-03,0.2991,EUR
SE7.F,Seiko Epson Corporation,COMMON STOCK,F,43,3,up,2.4154,17.82,2026-09-29,0.2236,JPY
STD.F,Standard Chartered PLC,COMMON STOCK,F,39,6,up,2.2569,27.06,2026-08-06,0.17952,GBP
SVT1.F,Severn Trent Plc,COMMON STOCK,F,57,1,down,4.1256,35.58,2026-05-28,0.88082,GBP
SVHH.F,Svenska Handelsbanken AB (publ),COMMON STOCK,F,19,6,up,11.2758,13.625,2026-03-26,1.53633,SEK
SUMB.F,SUMITOMO CORP. SP. ADR 1,COMMON STOCK,F,11,1,down,2.2113,9.4,2026-03-27,0.10869,JPY
SXV.F,Xinhua Winshare Publishing and Media Co. Ltd,COMMON STOCK,F,20,1,down,8.8828,0.87,2026-05-29,0.05394,CNY
SGE.F,Société Générale Société anonyme,COMMON STOCK,F,19,1,down,2.2302,72.19,2026-06-01,1,EUR
ST9.F,Steppe Cement,COMMON STOCK,F,10,1,down,4.8827,0.358,2025-12-12,0.01748,MYR
SYM.F,NortonLifeLock Inc,COMMON STOCK,F,58,1,down,2.3270,18.9,2026-08-17,0.10995,USD
SHG.F,Sun Hung Kai Properties Limited,COMMON STOCK,F,47,1,down,3.5305,12,2026-03-11,0.10984,HKD
ST5.F,STEICO SE,COMMON STOCK,F,15,2,flat,1.1025,18.14,2026-06-22,0.2,EUR
T5R.F,Técnicas Reunidas S.A,COMMON STOCK,F,24,1,down,0.0000,26.62,2018-07-11,0.24114,EUR
T5Z.F,Ternium S.A,COMMON STOCK,F,26,1,down,4.0161,48.2,2026-05-14,1.14387,EUR
SRT3.F,Sartorius Aktiengesellschaft,COMMON STOCK,F,20,3,flat,0.2805,263.8,2026-03-27,0.74,EUR
T0T.F,KEDA INDL GRP.C.LTD GDR A,COMMON STOCK,F,4,2,up,1.6972,11.5,2026-06-15,0.19518,CNY
T37.F,TERRENO REALTY DL -01,COMMON STOCK,F,21,1,down,2.4297,56.5,2026-06-26,0.4576,USD
T3V2.F,Abrdn PLC,COMMON STOCK,F,40,6,flat,6.0484,2.812,2026-08-13,0.08504,GBP
SLL.F,Schoeller-Bleckmann Oilfield Equipment Aktiengesellschaft,COMMON STOCK,F,26,1,down,2.5168,29.8,2026-05-06,0.75,EUR
TC50.F,TRUSTCO BK CORP. DL 1,COMMON STOCK,F,41,1,down,2.7878,48.6,2026-09-04,0.35192,USD
TAR.F,Targa Resources Corp,COMMON STOCK,F,59,1,down,1.6219,244.1,2026-07-31,1.09975,USD
T11.F,Hammond Power Solutions Inc.,COMMON STOCK,F,14,1,down,0.3975,174,2026-09-17,0.17989,CAD
SSM1.F,Sumitomo Heavy Industries Ltd,COMMON STOCK,F,41,1,down,2.3552,32.04,2026-06-29,0.39128,JPY
TCID.F,Telkom Indonesia (Persero) Tbk PT,COMMON STOCK,F,19,5,up,10.1963,0.107,2026-06-18,0.01091,IDR
TCO2.F,TESCO PLC ADR/1 LS-05,COMMON STOCK,F,21,1,down,3.0663,16.4,2026-05-15,0.33773,GBP
TEZ.F,Tessenderlo Group NV,COMMON STOCK,F,10,4,flat,3.7406,20.05,2026-06-03,0.75,EUR
T0J1.F,MFE-Mediaforeurope N.V.,COMMON STOCK,F,10,1,down,7.0968,3.1,2026-07-20,0.22,EUR
TFBF.F,Kasikornbank Public Company Limited,COMMON STOCK,F,32,6,up,5.6984,6.4,2026-09-09,0.0521,THB
TGC.F,TGS ASA,COMMON STOCK,F,49,1,down,4.1621,13.18,2026-07-30,0.13714,NOK
TLLB.F,Trelleborg AB (publ),COMMON STOCK,F,17,6,up,1.7107,41.06,2026-04-24,0.7024,SEK
TI2.F,SATO SHO-JI CORPORATION,COMMON STOCK,F,4,2,up,3.1088,16.9,2026-09-29,0.27946,JPY
TJC0.F,Tongda Group Holdings Limited,COMMON STOCK,F,3,1,down,0.0000,0.254,2020-05-28,0.00257,HKD
TGC0.F,TGS ASA SP.ADR/1,COMMON STOCK,F,22,1,down,4.1812,13,2026-08-03,0.1374,NOK
TGO.F,Trigano S.A,COMMON STOCK,F,21,2,up,4.7961,132.4,2026-09-29,2.4,EUR
TA1.F,Telekom Austria AG,COMMON STOCK,F,23,14,up,4.4872,9.36,2026-06-26,0.42,EUR
TLX.F,Talanx AG,COMMON STOCK,F,14,14,up,2.9900,120.4,2026-05-08,3.6,EUR
TN8.F,Thermo Fisher Scientific Inc,COMMON STOCK,F,59,1,down,0.2701,599,2026-09-15,0.41332,USD
TNG.F,Tong Ren Tang Technologies Co. Ltd,COMMON STOCK,F,14,2,up,7.0333,0.33,2026-06-16,0.02321,CNY
TOG.F,Tokyo Gas Co.Ltd,COMMON STOCK,F,33,4,up,1.9271,34.8,2026-09-29,0.33532,JPY
TNU3.F,Getlink SE,COMMON STOCK,F,18,6,up,4.2735,18.72,2026-06-02,0.8,EUR
TQ2.F,Toyo Kanetsu K.K,COMMON STOCK,F,19,1,down,4.2958,13.4,2026-09-29,0.27944,JPY
TPA1.F,Orange Polska S.A,COMMON STOCK,F,11,3,up,4.6215,3.017,2026-06-23,0.13943,EUR
TSS.F,InnoTec TSS AG,COMMON STOCK,F,21,3,flat,5.7143,7,2026-06-29,0.4,EUR
TTO.F,TTL Beteiligungs- und Grundbesitz-AG,COMMON STOCK,F,7,3,flat,0.0000,0.0145,2023-05-29,0.2,EUR
TQW.F,Tullow Oil plc,COMMON STOCK,F,17,1,down,0.0000,0.239,2019-08-29,0.0235,GBP
THL.F,Tabcorp Holdings Ltd,COMMON STOCK,F,30,3,up,3.3261,0.555,2026-08-31,0.00923,AUD
TEKB.F,Teck Resources Ltd Class B,COMMON STOCK,F,49,1,down,0.5420,57.2,2026-09-15,0.07751,CAD
TUO0.F,Terumo Corporation,COMMON STOCK,F,4,1,down,1.3739,12.1,2026-03-31,0.08154,JPY
TZ0.F,JINMAO PROPERTY SERVICES,COMMON STOCK,F,9,1,down,9.7752,0.218,2026-09-07,0.012,CNY
TXW.F,Texwinca Holdings Limited,COMMON STOCK,F,46,1,down,12.6067,0.089,2026-08-27,0.00673,HKD
TWA.F,TOWA Corporation,COMMON STOCK,F,16,4,flat,0.9146,12.228,2026-03-30,0.11184,JPY
TXT.F,Textron Inc,COMMON STOCK,F,61,1,down,0.1054,66.8,2026-09-11,0.0176,USD
TWSA.F,TKH Group N.V,COMMON STOCK,F,14,1,down,2.5210,53.55,2026-05-15,1.35,EUR
TUR.F,Turbon AG,COMMON STOCK,F,20,2,flat,0.0000,2.92,2024-08-26,0.2,EUR
TWY.F,Alibaba Health Information Technology Limited,COMMON STOCK,F,1,1,new,7.6456,0.3296,2026-08-12,0.0252,HKD
U1S0.F,USIMINAS PFD ADR/10000,COMMON STOCK,F,6,1,down,0.0000,1.14,2024-04-26,0.04585,BRL
TZ8.F,Iren SpA,COMMON STOCK,F,17,10,up,5.6897,2.436,2026-06-22,0.1386,EUR
TP3.F,THRACE PLA.H.+C.NAM.EO-66,COMMON STOCK,F,10,3,up,4.9807,4.92,2026-06-15,0.17505,EUR
U1S1.F,USINAS SID.MIN.GER. PFD A,COMMON STOCK,F,15,1,down,0.0000,1.14,2024-04-26,0.04768,BRL
TMRA.F,TOMRA SYSTEMS ASA NK-50,COMMON STOCK,F,17,4,flat,2.3472,8.44,2026-04-24,0.1981,NOK
U1N.F,UniFirst Corporation,COMMON STOCK,F,41,1,down,0.5684,226,2026-09-04,0.32116,USD
U6O.F,SKOLON AB,COMMON STOCK,F,1,1,new,0.0000,1.79,2024-04-25,0.04913,SEK
UEFS.F,UBS(Lux)Fund Solutions – Bloomberg USD Emerging Markets Sovereign UCITS ETF(USD)A-dis,ETF,F,3,2,up,0.0000,7.931,2019-07-31,0.295,USD
UIO.F,ATLANTIC UNION BANKS.DL 2,COMMON STOCK,F,49,1,down,3.8528,33.8,2026-08-07,0.32556,USD
UAL1.F,United Airlines Holdings Inc,COMMON STOCK,F,1,1,new,0.0000,97.8,2008-01-07,1.46085,USD
UNV0.F,"UNILEVER PLC LS -,035",COMMON STOCK,F,79,1,down,3.5075,54.8,2026-08-06,0.4639,GBP
UPA.F,"United Parcel Service, Inc.",COMMON STOCK,F,12,1,down,7.4375,6.9,2026-08-17,0.12726,USD
UN9.F,UNIQA Insurance Group AG,COMMON STOCK,F,15,7,up,3.8462,18.72,2026-06-18,0.72,EUR
UCI.F,CSW Industrials Inc,COMMON STOCK,F,30,1,down,0.3918,256,2026-07-31,0.26397,USD
UNK.F,United Bankshares Inc,COMMON STOCK,F,45,1,down,3.2784,40.8,2026-09-11,0.3344,USD
UDW.F,AB VILKUSKIU PIEN.EO 029,COMMON STOCK,F,4,1,down,1.5333,15,2026-05-11,0.23,EUR
UBK.F,UmweltBank AG,COMMON STOCK,F,10,1,down,1.4164,3.53,2026-07-31,0.05,EUR
US8.F,MCEWEN MINING INC.,COMMON STOCK,F,8,1,down,0.0000,16.15,2019-03-07,0.04398,CAD
URU.F,SURUGA BK,COMMON STOCK,F,13,7,up,2.3329,16.3,2026-09-29,0.16776,JPY
UUEA.F,UNITED UTILITIES GP ADR/2,COMMON STOCK,F,11,1,down,3.9432,32.4,2026-06-26,0.84796,GBP
UTM.F,UTAH MED. PRODS DL-01,COMMON STOCK,F,26,1,down,1.7602,62,2026-09-17,0.27283,USD
V8E.F,Platzer Fastigheter Holding AB (publ),COMMON STOCK,F,3,1,down,1.8485,5.51,2026-03-25,0.10185,SEK
V1SD.F,Arkema S.A.,COMMON STOCK,F,3,3,up,6.8792,53.5,2026-05-21,3.68038,EUR
USR.F,Shanghai Electric Group Company Limited,COMMON STOCK,F,11,1,down,0.5669,0.3246,2026-06-22,0.00184,CNY
V2N.F,VERTU MOTORS PLC LS -01,COMMON STOCK,F,16,1,down,2.5270,0.945,2026-06-25,0.0134,GBP
V40D.F,Vanguard Funds PLC - Vanguard Lifestrategy 40 Equity UCITS ETF,ETF,F,11,1,down,2.9452,26.8,2026-06-18,0.39134,EUR
V60D.F,Vanguard Funds PLC - Vanguard Lifestrategy 60 Equity UCITS ETF,ETF,F,11,1,down,2.3658,32.59,2026-06-18,0.38043,EUR
V0Y.F,Voya Financial Inc,COMMON STOCK,F,46,1,down,1.9700,84,2026-08-26,0.41369,USD
V5W.F,Afarak Group Oyj,COMMON STOCK,F,3,1,down,2.5907,0.193,2026-02-12,0.005,EUR
V20D.F,Vanguard Funds PLC - Vanguard Lifestrategy 20 Equity UCITS ETF,ETF,F,11,1,down,3.5985,21.96,2026-06-18,0.38474,EUR
V6C.F,Viscom AG,COMMON STOCK,F,12,1,down,0.0000,4.9,2024-05-30,0.05,EUR
V9E.F,CASE GROUP AB,COMMON STOCK,F,1,1,new,3.7937,1.735,2026-05-22,0.06582,SEK
VAGE.F,Vanguard Global Aggregate Bond UCITS ETF EUR Hedged Income,ETF,F,8,2,up,0.0000,19.4755,2020-04-23,0.02436,EUR
VACD.F,Vallourec,COMMON STOCK,F,12,2,up,10.6966,19.165,2026-08-03,2.05,EUR
VBL0.F,Virgin Australia Holdings Limited,COMMON STOCK,F,1,1,new,2.7669,1.69,2026-09-14,0.04676,AUD
VAT.F,Valiant Holding AG,COMMON STOCK,F,15,15,up,3.8835,163.2,2026-05-18,6.3378,CHF
VANA.F,ADVANTEST ADR NEW/1 O.N.,COMMON STOCK,F,34,1,down,0.0854,189,2026-03-26,0.16141,JPY
VAHB.F,VAUDOISE AS.HLD.NA.B SF25,COMMON STOCK,F,11,11,up,3.6811,775,2026-05-13,28.5282,CHF
VEM.F,Venture Corporation Limited,COMMON STOCK,F,25,6,flat,4.8718,11.3,2026-08-31,0.20644,SGD
VEW.F,VERSABANK,COMMON STOCK,F,32,1,down,0.3182,19.5,2026-07-10,0.01551,CAD
VFEM.F,Vanguard FTSE Emerging Markets UCITS,ETF,F,36,1,down,2.1040,71.87,2026-09-17,0.50804,EUR
VO7.F,Vornado Realty Trust,COMMON STOCK,F,52,3,flat,2.1860,29.8,2025-12-18,0.65142,USD
VIH1.F,VIB Vermögen AG,COMMON STOCK,F,17,3,flat,1.1561,3.46,2026-09-01,0.04,EUR
VLED.F,BNP Paribas Easy - Equity Low Vol Europe,ETF,F,2,2,up,0.0000,169.02,2019-06-25,4.08,EUR
WDP0.F,THE WALT DISNEY CDR,COMMON STOCK,F,7,1,down,1.4082,7.4,2026-06-30,0.05134,USD
UU2.F,"BlackRock, Inc.",COMMON STOCK,F,62,1,down,2.0841,945.2,2026-09-08,5.03896,AUD
VOWB.F,VOLKSWAGEN AG VZ ADR1/10,COMMON STOCK,F,18,1,down,7.5623,6.95,2026-06-22,0.52558,EUR
VSU.F,VILLAGE SUPER MARKET INC,COMMON STOCK,F,24,1,down,2.3166,38,2026-07-02,0.22008,USD
W1E.F,Rosebank Industries plc,COMMON STOCK,F,1,1,new,0.5073,3.56,2026-09-10,0.01806,EUR
VVDH.F,Veolia Environnement S.A,COMMON STOCK,F,17,5,up,5.0029,15.4,2026-05-08,0.77045,EUR
VTM.F,Altius Minerals Corporation,COMMON STOCK,F,47,1,down,0.6236,40.78,2026-08-28,0.06823,CAD
WBC.F,Westpac Banking Corporation,COMMON STOCK,F,31,1,down,4.4297,21.45,2026-05-08,0.47509,AUD
VZ1.F,COMFORTDELGRO,COMMON STOCK,F,16,6,up,6.8433,0.855,2026-08-21,0.02691,SGD
WF9.F,Worley Limited,COMMON STOCK,F,29,9,flat,5.3513,5.75,2026-09-01,0.15385,AUD
WE7.F,Evolution Mining Limited,COMMON STOCK,F,27,4,up,3.1256,8.091,2026-09-09,0.12953,AUD
WHF4.F,Whitbread plc,COMMON STOCK,F,36,1,down,4.0980,27.58,2026-05-21,0.70611,GBP
VA7A.F,Verisk Analytics Inc,COMMON STOCK,F,31,1,down,1.1668,147,2026-09-15,0.4398,USD
WHX.F,APRANGA AB EO 029,COMMON STOCK,F,7,3,up,7.0681,3.82,2026-05-14,0.27,EUR
WIJ.F,WILLIS LEASE FIN. DL-01,COMMON STOCK,F,10,2,up,1.0156,46.2,2026-08-11,0.11708,USD
WWG.F,Gelsenwasser AG,COMMON STOCK,F,34,4,flat,3.8473,550,2026-06-18,21.16,EUR
WWU.F,THORNEY OPPORTUNIT.,COMMON STOCK,F,4,2,up,5.0565,0.336,2026-09-10,0.01024,AUD
WN61.F,CAR Group Limited,COMMON STOCK,F,6,3,up,4.4225,24.2,2026-09-14,0.54108,AUD
X74.F,I.M.D. International Medical Devices S.p.A.,COMMON STOCK,F,3,1,down,6.8627,1.02,2026-04-27,0.07,EUR
WML2.F,Wilh. Wilhelmsen Holding ASA,COMMON STOCK,F,13,7,up,3.3211,77.4,2026-05-04,1.8434,NOK
WN3.F,WOOLWORTHS H. NEW O.N.,COMMON STOCK,F,11,2,up,5.3640,1.97,2026-09-22,0.04301,ZAR
WM8.F,GRIGEO AB EO -29,COMMON STOCK,F,4,1,down,5.2083,0.96,2026-05-13,0.05,EUR
X014.F,Lyxor MSCI Pacific UCITS ETF,ETF,F,1,1,new,0.0000,81.56,2018-08-21,1.1604,EUR
WX1.F,Acadia Realty Trust,COMMON STOCK,F,59,1,down,4.1924,16.8,2026-06-30,0.17608,USD
XCAU.F,CRED.AGRICOLE ADR 1/2/EO3,COMMON STOCK,F,6,6,up,6.4131,9,2026-05-22,0.57718,EUR
XD4.F,Strabag SE,COMMON STOCK,F,21,2,up,2.7154,106.8,2026-06-17,2.9,EUR
WIBA.F,WIENERBERGER ADR 1/5/O.N.,COMMON STOCK,F,4,3,up,5.6863,3.42,2026-05-13,0.19447,EUR
XDDX.F,Xtrackers DAX Income UCITS ETF 1D,ETF,F,2,2,up,0.0000,159.04,2019-04-11,3.0918,EUR
XMA1.F,Xtrackers MSCI EM Asia Swap UCITS ETF,ETF,F,9,5,up,1.1620,27.675,2026-08-19,0.16654,EUR
XR6.F,DEFINITY FINANCIAL CORP.,COMMON STOCK,F,19,1,down,1.2013,43,2026-09-11,0.13341,CAD
XGJ0.F,GJENSIDIGE FORSI.UNSP.ADR,COMMON STOCK,F,5,4,up,5.6366,23.8,2026-03-30,1.34151,NOK
XT3B.F,PT Vale Indonesia Tbk,COMMON STOCK,F,21,2,up,1.8143,0.21,2026-06-11,0.00381,IDR
XZ5.F,Nordrest Holding AB (publ),COMMON STOCK,F,2,2,up,3.3758,22.1,2026-05-13,0.74605,SEK
XESD.F,Xtrackers - Spain UCITS ETF,ETF,F,2,1,down,0.0000,45.945,2019-04-11,0.7269,EUR
XXT.F,Olympique Lyonnais Groupe SA,COMMON STOCK,F,2,2,flat,0.0000,1.51,2009-12-09,0.14,EUR
XWM0.F,"National CineMedia, Inc.",COMMON STOCK,F,50,1,down,4.1266,1.92,2026-05-22,0.02641,USD
XTY.F,Carpenter Technology Corporation,COMMON STOCK,F,65,1,down,0.2033,346.1,2026-08-25,0.1759,USD
Y1G.F,YouGov plc,COMMON STOCK,F,8,8,up,3.5158,3.065,2025-11-27,0.10776,GBP
Y1O.F,ELTON S.A. NAM. EO 052,COMMON STOCK,F,3,1,down,3.7901,1.715,2026-07-06,0.065,EUR
WBJ.F,Webjet Limited,COMMON STOCK,F,20,1,down,0.0000,2.1,2020-03-25,0.03981,AUD
VOW.F,Volkswagen AG,COMMON STOCK,F,29,1,down,7.3136,71.1,2026-06-19,5.2,EUR
Y9A.F,COFLE S.P.A.,COMMON STOCK,F,3,1,down,0.0000,1.515,2024-05-20,0.17,EUR
YAR.F,Yara International ASA,COMMON STOCK,F,34,1,down,6.3710,12.7,2026-06-30,0.20228,USD
YGB.F,EMPLOYERS HLDGS DL -01,COMMON STOCK,F,48,1,down,2.8229,41.2,2026-08-12,0.29957,USD
YK6.F,GLOBALDATA PLC LS-000625,COMMON STOCK,F,12,2,up,2.7116,0.645,2026-09-24,0.0035,GBP
YMA.F,Yamaha Motor Co. Ltd,COMMON STOCK,F,31,1,down,1.9645,9.982,2026-06-29,0.14007,JPY
YHAA.F,YAMAHA CORP.SP.ADR/1 O.N.,COMMON STOCK,F,11,1,down,1.0522,6.7,2026-03-31,0.0705,JPY
YPF.F,YPF Sociedad Anónima,COMMON STOCK,F,11,2,up,0.0000,44.8,2019-07-09,0.12282,EUR
Z2J.F,"Worthington Steel, Inc.",COMMON STOCK,F,11,1,down,1.8192,31,2026-09-15,0.14099,USD
YMK.F,Azbil Corporation,COMMON STOCK,F,33,17,up,3.4708,8.05,2026-09-29,0.17323,JPY
Z1W.F,CVC Capital Partners plc,COMMON STOCK,F,5,2,up,5.9048,12.5,2026-08-20,0.2628,USD
YSON.F,Sonae SGPS S.A,COMMON STOCK,F,16,10,up,2.9325,2.12,2026-05-11,0.06217,EUR
YMA0.F,"Yamaha Motor Co., Ltd.",COMMON STOCK,F,5,1,down,2.0278,19,2026-06-26,0.27495,JPY
Z421.F,Planisware SAS,COMMON STOCK,F,2,2,up,1.5385,23.4,2026-06-22,0.36,EUR
Z5S.F,ATENOR S.A. (N.AUFT.),COMMON STOCK,F,1,1,new,0.0000,0.966,2023-05-03,1.33822,EUR
ZS2.F,TimkenSteel Corporation,COMMON STOCK,F,5,2,up,0.0000,16.3,2015-08-25,0.12333,USD
ZIL.F,ELRINGKLINGER.UNSP.ADR/2,COMMON STOCK,F,5,5,up,3.2218,2.38,2026-05-14,0.07668,EUR
Z44.F,GPI S.p.A.,COMMON STOCK,F,3,3,up,4.2980,13.96,2026-07-20,0.6,EUR
ZZG.F,INFORMATION SVC GRP,COMMON STOCK,F,23,1,down,3.4781,4.56,2026-09-04,0.03965,USD
ZSL.F,SLR Investment Corp,COMMON STOCK,F,74,1,down,12.3515,10.27,2026-09-11,0.27308,USD
ZU2.F,I.CO.P. S.p.A.,COMMON STOCK,F,2,2,up,0.4762,29.4,2026-04-13,0.14,EUR
Z9P.F,Sentia ASA,COMMON STOCK,F,1,1,new,6.4506,7.84,2026-05-13,0.50573,NOK
ZGY.F,Fidelity National Information Services Inc,COMMON STOCK,F,64,1,down,4.9440,30.66,2026-09-11,0.38777,USD
017250.KQ,Inter-M Corporation,COMMON STOCK,KQ,21,2,flat,0.0000,1055,2020-09-28,100,KRW
018620.KQ,WooGene B&G Co. Ltd,COMMON STOCK,KQ,5,1,down,0.0000,2700,2014-12-29,54.10276,KRW
019210.KQ,YG-1 Co. Ltd,COMMON STOCK,KQ,25,2,up,1.5472,12280,2025-12-29,190,KRW
020400.KQ,Daedong Metals Co. Ltd,COMMON STOCK,KQ,26,10,flat,1.1811,2540,2025-12-29,30,KRW
013720.KQ,CBI Co. Ltd,COMMON STOCK,KQ,15,1,down,0.0000,2170,2015-12-29,62.5,KRW
018310.KQ,Sammok S-Form Co.Ltd,COMMON STOCK,KQ,26,2,up,2.0408,14700,2025-12-29,300,KRW
014470.KQ,Bubang Co. Ltd,COMMON STOCK,KQ,4,2,flat,0.0000,1037,2020-12-29,20,KRW
019540.KQ,Ilji Technology Co. Ltd,COMMON STOCK,KQ,20,4,up,3.0000,5000,2025-12-29,150,KRW
019550.KQ,SBI Investment KOREA Co. Ltd,COMMON STOCK,KQ,7,5,up,0.0000,924,2007-12-27,187.5998,KRW
016920.KQ,CAS Corporation,COMMON STOCK,KQ,26,4,flat,0.9452,1058,2025-12-29,10,KRW
018000.KQ,Unison Co. Ltd,COMMON STOCK,KQ,9,3,flat,0.0000,1137,2008-12-29,362.56997,KRW
019770.KQ,Seoyon Topmetal Co. Ltd,COMMON STOCK,KQ,14,4,flat,2.0186,3220,2025-12-29,65,KRW
020180.KQ,Daishin Information & Communications Co.Ltd,COMMON STOCK,KQ,12,9,up,6.3776,3920,2026-03-30,250,KRW
021045.KQ,dhSteel,COMMON STOCK,KQ,9,5,flat,0.0000,2035,2011-12-28,100,KRW
019990.KQ,Enertork Ltd,COMMON STOCK,KQ,20,4,up,1.9881,5030,2026-03-19,100,KRW
021040.KQ,dhSteel,COMMON STOCK,KQ,4,3,flat,0.0000,906,2006-12-27,451.78601,KRW
021650.KQ,Cubic Korea Inc,COMMON STOCK,KQ,23,4,up,5.0000,2000,2025-12-29,100,KRW
021080.KQ,Atinum Investment Co. Ltd,COMMON STOCK,KQ,20,2,up,6.7961,2060,2025-12-29,140,KRW
020710.KQ,Sigong Tech Co. Ltd,COMMON STOCK,KQ,20,4,up,9.3388,3630,2025-12-29,339,KRW
021320.KQ,KCC Engineering & Construction Co. Ltd,COMMON STOCK,KQ,23,3,up,3.4783,5750,2025-12-29,200,KRW
021880.KQ,Mason Capital Corporation,COMMON STOCK,KQ,2,1,down,0.0000,1159,2011-03-30,329.5815,KRW
023160.KQ,Tae Kwang Corporation,COMMON STOCK,KQ,19,6,up,0.9124,27400,2025-12-29,250,KRW
024850.KQ,PSMC CO. Ltd,COMMON STOCK,KQ,3,3,up,0.0000,16140,2004-12-29,275,KRW
023410.KQ,Eugene Corporation,COMMON STOCK,KQ,21,13,up,5.5988,3215,2026-03-30,180,KRW
022220.KQ,Jeongsan Aikang Co.Ltd,COMMON STOCK,KQ,1,1,new,0.0000,845,2008-12-29,25,KRW
023900.KQ,Pungguk Ethanol Industrial Co. Ltd,COMMON STOCK,KQ,26,4,up,2.7933,7160,2025-12-29,200,KRW
023770.KQ,PLAYWITH Inc,COMMON STOCK,KQ,3,2,flat,0.0000,2510,2021-12-29,300,KRW
023910.KQ,Daihan Pharmaceutical Co.Ltd,COMMON STOCK,KQ,26,19,up,3.8023,26300,2025-12-29,1000,KRW
024910.KQ,Kyung Chang Industrial Co. Ltd,COMMON STOCK,KQ,20,2,flat,1.3504,1481,2025-12-29,20,KRW
024060.KQ,Hung -Gu Oil Ltd,COMMON STOCK,KQ,27,1,down,0.1647,12140,2025-12-29,20,KRW
024800.KQ,Yoosung T&S Co. Ltd,COMMON STOCK,KQ,22,10,flat,0.0000,4440,2021-12-29,15,KRW
024840.KQ,Kbi Metal Co. Ltd,COMMON STOCK,KQ,5,1,down,0.0000,6010,2005-12-28,563.18096,KRW
024880.KQ,Korea Parts & Fasteners Co.Ltd,COMMON STOCK,KQ,26,4,up,4.9935,3865,2026-03-31,193,KRW
024950.KQ,Samchuly Bicycle Co. Ltd,COMMON STOCK,KQ,19,1,down,2.3641,4230,2025-12-29,100,KRW
024940.KQ,PN Poong Nyun Co. Ltd,COMMON STOCK,KQ,23,2,up,1.6746,2090,2025-12-29,35,KRW
031510.KQ,Austem Company Ltd,COMMON STOCK,KQ,23,1,down,1.7422,1148,2025-12-29,20,KRW
037070.KQ,Paseco Co. Ltd,COMMON STOCK,KQ,26,2,up,2.2489,6670,2025-12-29,150,KRW
036640.KQ,HRS Co. Ltd,COMMON STOCK,KQ,26,7,flat,6.0606,4950,2025-12-29,300,KRW
018680.KQ,Seoul Pharma Co. Ltd,COMMON STOCK,KQ,18,4,flat,0.0000,1957,2020-12-29,15,KRW
039340.KQ,Korea Business News Co. Ltd,COMMON STOCK,KQ,22,2,flat,3.0801,4870,2025-12-29,150,KRW
041830.KQ,InBody Co.Ltd,COMMON STOCK,KQ,24,20,up,1.1152,53800,2026-03-30,600,KRW
024740.KQ,Hanil Forging Industrial Co. Ltd,COMMON STOCK,KQ,15,1,down,0.0000,2180,2016-12-28,41.3321,KRW
024830.KQ,Sewon Corporation Co.Ltd,COMMON STOCK,KQ,26,7,up,2.3753,8420,2025-12-29,200,KRW
049960.KQ,Cell Biotech Co. Ltd,COMMON STOCK,KQ,19,6,up,4.0027,14990,2025-12-29,600,KRW
049630.KQ,Jaeyoung Solutec Co. Ltd,COMMON STOCK,KQ,5,1,down,0.0000,6950,2007-12-27,462.74599,KRW
019010.KQ,VenueG Co. Ltd,COMMON STOCK,KQ,19,13,up,1.4374,4870,2025-12-29,70,KRW
054210.KQ,Elentec Co. Ltd,COMMON STOCK,KQ,20,3,up,1.4993,6670,2025-12-29,100,KRW
061250.KQ,Hwail Pharmaceutical Co.Ltd,COMMON STOCK,KQ,18,1,down,0.0000,6370,2020-12-29,41.66666,KRW
065680.KQ,UJU Electronics Co. Ltd,COMMON STOCK,KQ,21,3,up,1.3807,25350,2025-12-29,350,KRW
064850.KQ,FnGuide Inc.,COMMON STOCK,KQ,7,7,up,2.3077,20800,2026-03-30,260,KRW
078600.KQ,Daejoo Electronic Materials Co. Ltd,COMMON STOCK,KQ,9,6,flat,0.1114,89800,2025-12-29,100,KRW
033790.KQ,Skymoons Technology Inc.,COMMON STOCK,KQ,5,5,flat,0.0000,8210,2007-12-27,80,KRW
068330.KQ,ilShinbiobase Co. Ltd,COMMON STOCK,KQ,13,13,up,0.9960,1004,2025-12-29,10,KRW
080220.KQ,Jeju Semiconductor Corp,COMMON STOCK,KQ,1,1,new,0.0000,77000,2005-12-28,240.18601,KRW
023600.KQ,Sambo Corrugated Board Co. Ltd,COMMON STOCK,KQ,16,1,down,2.3179,9060,2025-12-29,210,KRW
080470.KQ,Sungchang Autotech Co. Ltd,COMMON STOCK,KQ,19,3,up,2.5926,2700,2025-12-29,70,KRW
048910.KQ,Daewon Media Co. Ltd,COMMON STOCK,KQ,9,9,up,2.2853,7220,2025-12-29,165,KRW
023790.KQ,Dongil Steel Co. Ltd,COMMON STOCK,KQ,3,3,up,0.0000,1357,2010-12-29,184.7348,KRW
089600.KQ,Nasmedia Co. Ltd,COMMON STOCK,KQ,13,4,flat,5.6726,12340,2026-02-26,700,KRW
092460.KQ,Hanla IMS Co. Ltd,COMMON STOCK,KQ,17,10,up,3.7372,16590,2025-12-29,620,KRW
093320.KQ,KINX Inc,COMMON STOCK,KQ,13,13,flat,0.4515,132900,2025-12-29,600,KRW
099320.KQ,Satrec Initiative Co. Ltd,COMMON STOCK,KQ,18,1,down,0.1267,78900,2025-12-29,100,KRW
101330.KQ,Mobase Co Ltd,COMMON STOCK,KQ,10,4,up,3.9106,3580,2025-12-29,140,KRW
102370.KQ,K Auction Inc.,COMMON STOCK,KQ,2,2,flat,0.0000,2990,2023-12-27,35,KRW
025950.KQ,Dongsin Engineering & Construction,COMMON STOCK,KQ,19,1,down,1.5400,9740,2025-12-29,150,KRW
102940.KQ,Kolon Life Science Inc,COMMON STOCK,KQ,8,2,up,0.0000,13850,2016-12-28,133.3334,KRW
104040.KQ,Daesung Finetec Co.Ltd,COMMON STOCK,KQ,7,7,up,0.0000,2650,2015-12-29,120,KRW
118990.KQ,Motrex Co. Ltd,COMMON STOCK,KQ,6,2,flat,0.0000,6390,2025-06-27,162,KRW
026910.KQ,Kwang Jin Ind. Co. Ltd,COMMON STOCK,KQ,16,4,flat,0.0000,2350,2018-12-27,25,KRW
122450.KQ,KMH Co. Ltd,COMMON STOCK,KQ,7,1,down,0.0000,2510,2024-12-27,190,KRW
123750.KQ,Alton Sports Co.Ltd,COMMON STOCK,KQ,4,2,up,0.0000,1813,2014-12-29,100,KRW
126730.KQ,Korchip,COMMON STOCK,KQ,1,1,new,1.7021,23500,2025-12-29,400,KRW
064520.KQ,Barun Electronics Co,COMMON STOCK,KQ,2,2,up,0.0000,1497,2007-12-27,31540.83788,KRW
127710.KQ,Asia Economy Daily Co Ltd,COMMON STOCK,KQ,1,1,new,0.0000,1379,2018-12-27,80,KRW
131030.KQ,DHP Korea Co. Ltd,COMMON STOCK,KQ,10,10,flat,0.0000,5900,2023-12-27,100,KRW
136480.KQ,HARIM Co. Ltd,COMMON STOCK,KQ,7,4,up,1.5066,2655,2025-12-29,40,KRW
054930.KQ,Yooshin Engineering Corporation,COMMON STOCK,KQ,17,8,flat,5.1399,17510,2025-12-29,900,KRW
137950.KQ,JC Chemical Co. Ltd,COMMON STOCK,KQ,14,1,down,1.3717,3645,2025-12-29,50,KRW
123410.KQ,Korea Fuel-Tech Corporation,COMMON STOCK,KQ,14,5,up,3.3898,5900,2025-12-29,200,KRW
138080.KQ,OE Solutions Co. Ltd,COMMON STOCK,KQ,11,2,flat,0.0000,28100,2024-12-27,100,KRW
138930.KQ,BNK Financial Group Inc,COMMON STOCK,KQ,22,1,down,4.8358,16440,2026-08-11,150,KRW
025320.KQ,Synopex Inc,COMMON STOCK,KQ,7,1,down,0.0000,3820,2006-12-27,23.49699,KRW
162300.KQ,"Shin Steel Co.,Ltd.",COMMON STOCK,KQ,3,3,up,0.9976,2105,2025-12-29,21,KRW
089140.KQ,NexturnBioscience Co. Ltd,COMMON STOCK,KQ,14,1,down,0.0000,2050,2020-12-29,100,KRW
176590.KQ,176590,COMMON STOCK,KQ,1,1,new,0.0000,2400,2022-12-28,35,KRW
178780.KQ,U-Tech Co Ltd,COMMON STOCK,KQ,1,1,new,10.1833,2455,2025-12-29,250,KRW
184230.KQ,SGA Solutions Co.Ltd,COMMON STOCK,KQ,1,1,new,0.0000,2030,2017-12-27,66.04586,KRW
192390.KQ,Winhitech Co Ltd,COMMON STOCK,KQ,8,2,flat,1.6313,1839,2025-12-29,30,KRW
189860.KQ,SEOJEON ELECTRIC MACHINERY Co.Ltd,COMMON STOCK,KQ,7,3,flat,0.0000,4765,2021-12-29,30,KRW
024120.KQ,KB Autosys Co. Ltd,COMMON STOCK,KQ,26,5,up,8.1833,3055,2025-12-29,250,KRW
039010.KQ,Hyundai HT CoLtd,COMMON STOCK,KQ,21,4,up,5.5419,8120,2025-12-29,450,KRW
143240.KQ,SaraminHR Co.Ltd,COMMON STOCK,KQ,13,3,up,4.0115,17450,2026-03-30,700,KRW
201490.KQ,Me2on Co. Ltd,COMMON STOCK,KQ,2,2,flat,0.0000,3385,2021-12-29,65,KRW
204610.KQ,T3 Entertainment Inc.,COMMON STOCK,KQ,7,4,up,5.8319,2915,2026-08-28,40,KRW
211050.KQ,Incar Financial Service Co. Ltd.,COMMON STOCK,KQ,4,4,up,3.7910,9760,2025-12-29,370,KRW
208850.KQ,208850,COMMON STOCK,KQ,1,1,new,0.0000,4865,2022-12-28,50,KRW
207490.KQ,207490,COMMON STOCK,KQ,9,4,flat,0.4724,6350,2025-12-29,30,KRW
219550.KQ,Jaanh CosmeticsInc.,COMMON STOCK,KQ,2,1,down,0.0000,1183,2018-12-27,189,KRW
217500.KQ,HI SPAC 3,COMMON STOCK,KQ,8,8,flat,2.0013,1499,2025-12-29,30,KRW
205100.KQ,Kyobo With Special Purpose Acq,COMMON STOCK,KQ,1,1,new,12.1359,1442,2026-03-25,175,KRW
101930.KQ,Inhwa Precision Co. Ltd,COMMON STOCK,KQ,12,2,up,1.6313,6130,2025-12-29,100,KRW
140410.KQ,Mezzion Pharma Co.Ltd,COMMON STOCK,KQ,1,1,new,0.0000,73800,2012-12-27,8.33332,KRW
120240.KQ,Daejung Chemicals & Metals Co.Ltd,COMMON STOCK,KQ,16,2,up,3.1901,14890,2025-12-29,475,KRW
236200.KQ,Suprema Inc,COMMON STOCK,KQ,1,1,new,0.3584,55800,2026-06-29,200,KRW
253590.KQ,Neosem Inc,COMMON STOCK,KQ,7,3,up,0.7457,13410,2025-12-29,100,KRW
255220.KQ,SG Co. Ltd,COMMON STOCK,KQ,2,2,up,0.0000,1137,2019-12-27,20,KRW
260930.KQ,CTK Co. Ltd,COMMON STOCK,KQ,9,4,up,4.8246,2280,2025-12-29,110,KRW
263020.KQ,DK&D Co.Ltd,COMMON STOCK,KQ,5,5,up,3.2258,3100,2025-12-29,100,KRW
223310.KQ,ESV Inc,COMMON STOCK,KQ,1,1,new,0.0000,2985,2015-12-29,1000.00002,KRW
270660.KQ,Everybot Inc.,COMMON STOCK,KQ,2,2,flat,0.0000,13390,2022-12-28,175,KRW
240810.KQ,Wonik Ips Co. Ltd,COMMON STOCK,KQ,8,2,up,0.1535,130300,2025-12-29,200,KRW
246690.KQ,T.S. Investment Corp.,COMMON STOCK,KQ,9,5,up,1.3793,2175,2025-12-29,30,KRW
251970.KQ,Pum-Tech Korea Co. Ltd,COMMON STOCK,KQ,7,5,up,0.7143,63000,2025-12-29,450,KRW
278650.KQ,KNOTUS Co.Ltd,COMMON STOCK,KQ,3,1,down,0.0000,3440,2022-12-28,22.22,KRW
289010.KQ,I-Scream Edu Co.Ltd,COMMON STOCK,KQ,3,2,flat,0.0000,870,2021-12-29,50,KRW
273640.KQ,YM Tech Co. Ltd.,COMMON STOCK,KQ,5,1,down,1.9455,5140,2025-12-29,100,KRW
290120.KQ,Dayou AP Co.Ltd,COMMON STOCK,KQ,8,2,up,4.5872,2180,2025-12-29,100,KRW
290690.KQ,Solux Co. Ltd,COMMON STOCK,KQ,4,4,up,0.0000,3915,2023-12-27,250,KRW
298540.KQ,Nature Holdings Co. Ltd.,COMMON STOCK,KQ,6,6,flat,7.3964,6760,2025-12-29,500,KRW
333050.KQ,Shinhan 6th Special Purpose Acquisition Company,COMMON STOCK,KQ,6,1,down,2.2420,5620,2026-07-28,20,KRW
352480.KQ,C&C International Corp.,COMMON STOCK,KQ,2,2,flat,4.7281,21150,2025-12-29,1000,KRW
310200.KQ,Aniplus Inc,COMMON STOCK,KQ,3,1,down,4.5342,2040,2026-06-29,69.49817,KRW
318410.KQ,BBC Co. Ltd.,COMMON STOCK,KQ,4,4,flat,6.2016,6450,2026-03-30,400,KRW
351320.KQ,IBKS No.14 Special Purpose Acquisition Company,COMMON STOCK,KQ,2,1,down,0.0000,3880,2022-12-28,16,KRW
363260.KQ,Hana Financial Seventeen Special Purpose Acquisition Co.,COMMON STOCK,KQ,1,1,new,5.0000,4000,2026-03-10,200,KRW
357230.KQ,H.Pio Co. Ltd.,COMMON STOCK,KQ,5,2,up,3.2710,2140,2026-01-29,70,KRW
023760.KQ,Han Kook Capital Co. Ltd,COMMON STOCK,KQ,21,4,up,5.6338,1420,2025-12-29,80,KRW
372170.KQ,Yunsung F&C Co. Ltd.,COMMON STOCK,KQ,4,1,down,0.4092,19550,2025-12-29,80,KRW
365330.KQ,"Systeel Tech Co.,Ltd.",COMMON STOCK,KQ,3,3,up,2.9651,1533,2025-12-29,45.4545,KRW
388050.KQ,G2Power Co. Ltd.,COMMON STOCK,KQ,1,1,new,1.0246,9760,2025-12-29,100,KRW
417200.KQ,LS Materials,COMMON STOCK,KQ,2,2,flat,0.1685,13060,2026-03-30,22,KRW
419120.KQ,Sandoll Inc.,COMMON STOCK,KQ,4,4,up,4.4944,2225,2026-02-26,100,KRW
440290.KQ,"HB Investment, Inc.",COMMON STOCK,KQ,2,1,down,6.8886,1742,2025-12-29,120,KRW
445180.KQ,Purit Co. Ltd.,COMMON STOCK,KQ,3,3,flat,1.3187,9100,2025-12-29,120,KRW
450330.KQ,HASS Corp,COMMON STOCK,KQ,2,1,down,1.2959,4630,2026-03-18,60,KRW
452400.KQ,INICS Corp.,COMMON STOCK,KQ,2,2,flat,3.7037,5400,2025-12-29,200,KRW
472850.KQ,"Pond Group Co., Ltd.",COMMON STOCK,KQ,8,1,down,4.3891,4810,2026-09-29,40,KRW
222040.KQ,Cosmax Nbt Inc,COMMON STOCK,KQ,1,1,new,0.0000,7270,2018-12-27,111,KRW
0C2.DU,CHUBU EL,COMMON STOCK,DU,29,12,up,2.5088,15.6,2026-09-29,0.19569,EUR
A1OS.DU,ALL FOR ONE STEEB,COMMON STOCK,DU,15,1,down,1.7647,68,2026-03-18,1.2,EUR
BOSS.DU,Hugo Boss AG,COMMON STOCK,DU,17,1,down,0.1048,38.16,2026-05-22,0.04,EUR
42W.DU,WEIR GROUP,COMMON STOCK,DU,28,1,down,1.5770,30.8,2026-04-30,0.25742,EUR
4X0.DU,Steyr Motors AG,COMMON STOCK,DU,2,1,down,0.8165,30.62,2026-04-15,0.25,EUR
AUS.DU,AT & S Austria Technologie & Systemtechnik Aktiengesellschaft,COMMON STOCK,DU,12,1,down,0.0000,198.2,2023-07-25,0.4,EUR
BMM.DU,Brüder Mannesmann Aktiengesellschaft,COMMON STOCK,DU,2,1,down,0.0000,0.945,2022-06-27,0.04,EUR
AV3.DU,AVERY DENNISON,COMMON STOCK,DU,60,1,down,2.2722,150.25,2026-09-02,0.8799,EUR
BCY.DU,Barclays PLC,COMMON STOCK,DU,38,6,up,2.4770,5.407,2026-08-06,0.06871,EUR
AT1.DU,AROUNDTOWN ORD,COMMON STOCK,DU,4,1,down,4.7562,1.682,2026-06-25,0.08,EUR
AWT.DU,HACKETT GROUP,COMMON STOCK,DU,39,1,down,5.0887,8.3,2026-09-18,0.10559,EUR
BAYN.DU,Bayer AG NA,COMMON STOCK,DU,18,3,flat,0.2170,50.68,2026-04-27,0.11,EUR
BYW.DU,BayWa AktienGesellschaft,COMMON STOCK,DU,13,5,up,0.0000,8.22,2023-06-07,0.53863,EUR
BOZA.DU,BANK INTL INDON -A-,COMMON STOCK,DU,10,2,up,4.6835,0.0079,2026-04-28,0.00037,EUR
BJEB.DU,BEIJING ENTERPRISES,COMMON STOCK,DU,38,3,flat,5.4398,3.34,2026-09-10,0.09533,EUR
BC8.DU,Bechtle AG,COMMON STOCK,DU,15,15,flat,2.0612,33.96,2026-06-18,0.7,EUR
BYW6.DU,BayWa AktienGesellschaft Vink.N,COMMON STOCK,DU,13,4,up,0.0000,2.53,2024-06-12,1.1,EUR
BX7.DU,BELGACOM,COMMON STOCK,DU,33,1,down,9.8119,6.115,2026-04-22,0.3,EUR
CENB.DU,CENTRICA,COMMON STOCK,DU,28,5,up,3.8390,1.72,2026-08-20,0.02329,EUR
CHL.DU,CHINA LIFE INS -H-,COMMON STOCK,DU,17,1,down,3.5194,3.094,2026-06-30,0.0797,EUR
CJ6.DU,Cameco Corporation,COMMON STOCK,DU,34,8,up,0.1948,76.42,2025-12-01,0.14887,EUR
CNN1.DU,Canon Inc,COMMON STOCK,DU,44,1,down,3.5184,25.41,2026-06-29,0.44701,EUR
COZ.DU,COGNIZANT TECH SO-A,COMMON STOCK,DU,38,1,down,2.2857,50.05,2026-08-18,0.2904,EUR
CXX.DU,CLOROX CO.,COMMON STOCK,DU,55,1,down,6.1033,71.66,2026-08-12,1.1,EUR
DEZ.DU,Deutz AG,COMMON STOCK,DU,13,12,up,1.6245,11.08,2026-05-14,0.18,EUR
DJDA.DU,DIETEREN,COMMON STOCK,DU,15,2,up,1.2180,164.2,2026-06-09,2,EUR
BY6.DU,BYD Company Limited,COMMON STOCK,DU,13,1,down,0.5286,8.725,2026-06-11,0.04612,EUR
BIH.DU,Balfour Beatty plc,COMMON STOCK,DU,26,1,down,1.4958,10.9,2026-05-14,0.11413,EUR
DMP.DU,Dermapharm Holding SE,COMMON STOCK,DU,9,1,down,2.2535,39.05,2026-06-29,0.88,EUR
DMI.DU,Dowa Holdings Co. Ltd,COMMON STOCK,DU,15,15,up,4.1797,49.2,2026-03-30,2.05642,EUR
DR0.DU,Deutsche Rohstoff AG,COMMON STOCK,DU,12,6,up,2.6818,83.9,2026-06-24,2.25,EUR
DY6.DU,DEVON ENERGY,COMMON STOCK,DU,63,1,down,2.3919,41.21,2026-09-15,0.28163,EUR
EIF.DU,EIFELHOEHEN-KLINIK,COMMON STOCK,DU,6,4,up,0.0000,4,2017-07-12,0.41,EUR
EDC.DU,CONSOLIDATED EDISON,COMMON STOCK,DU,58,1,down,3.4234,90.3,2026-08-19,0.78109,EUR
DS81.DU,DSV,COMMON STOCK,DU,17,5,flat,0.5851,159.9,2026-03-20,0.93562,EUR
DRW8.DU,Drägerwerk AG & Co. KGaA,COMMON STOCK,DU,16,6,up,2.3662,93.4,2026-05-11,2.21,EUR
DWH.DU,DAIWA HOUSE IND,COMMON STOCK,DU,29,7,up,4.1910,24.8,2026-09-29,0.48057,EUR
ESF.DU,Eurofins Scientific SE,COMMON STOCK,DU,19,3,up,0.9269,77.68,2026-04-28,0.72,EUR
EVK.DU,EVONIK INDUSTRIES AG,COMMON STOCK,DU,14,1,down,5.0891,19.65,2026-06-04,1,EUR
EUX.DU,EUWAX,COMMON STOCK,DU,7,7,flat,7.2124,45.2,2026-07-17,3.26,EUR
EZ5.DU,COSCO SHIPPING Development Co. Ltd.,COMMON STOCK,DU,8,1,down,5.1957,0.092,2026-09-23,0.00285,EUR
FDN.DU,EnerSys,COMMON STOCK,DU,20,1,down,0.6187,152.9,2026-09-18,0.253,EUR
EMR.DU,EMERSON ELECTRIC,COMMON STOCK,DU,59,1,down,1.4009,139.45,2026-08-14,0.4884,EUR
FIE.DU,Fielmann Aktiengesellschaft,COMMON STOCK,DU,15,4,up,3.6842,38,2026-07-10,1.4,EUR
FMC1.DU,FORD MOTOR,COMMON STOCK,DU,54,1,down,4.8552,10.875,2026-08-11,0.132,EUR
GOS.DU,GOLDMAN SACHS GROUP,COMMON STOCK,DU,60,16,flat,1.9609,807.8,2026-09-01,4.4,EUR
GAN.DU,GAS NATURAL SDG,COMMON STOCK,DU,43,1,down,6.1034,29,2026-07-27,0.6,EUR
GIL.DU,DMG MORI SEIKI,COMMON STOCK,DU,14,6,flat,2.4788,47.2,2026-05-14,1.17,EUR
GRM.DU,GENERAL MILLS,COMMON STOCK,DU,59,1,down,7.2288,29.7,2026-07-10,0.53674,EUR
GSC1.DU,GESCO N,COMMON STOCK,DU,16,2,up,1.4235,14.05,2026-06-25,0.2,EUR
FRYA.DU,SWEDBANK -A-,COMMON STOCK,DU,18,4,up,7.1798,36.4,2026-03-25,2.61346,EUR
FT2.DU,FIRST HORIZON NATL,COMMON STOCK,DU,59,1,down,2.9040,20,2026-09-11,0.1496,EUR
FR7.DU,Fast Retailing Co. Ltd,COMMON STOCK,DU,31,10,up,0.9514,376,2026-08-28,1.78864,EUR
GIS.DU,GILEAD SCIENCES,COMMON STOCK,DU,45,1,down,2.1505,132.98,2026-09-15,0.72152,EUR
GZ5.DU,GALP ENERGIA -B-,COMMON STOCK,DU,29,5,up,2.9746,22.86,2026-08-19,0.35,EUR
HTG.DU,HomeToGo SE,COMMON STOCK,DU,1,1,new,0.0000,0.772,2022-03-15,0.285,EUR
HNK1.DU,HEINEKEN,COMMON STOCK,DU,45,3,up,2.7350,70.2,2026-08-07,0.76,EUR
HAY.DU,HAYS,COMMON STOCK,DU,28,1,down,0.6980,0.735,2026-03-12,0.00175,EUR
HCM.DU,HITACHI CONST MACH,COMMON STOCK,DU,32,3,up,3.3768,31.45,2026-09-29,0.50306,EUR
HDB.DU,AZIMUT HOLDING,COMMON STOCK,DU,16,3,up,5.0826,39.35,2026-05-18,2,EUR
HHFA.DU,HHLA N,COMMON STOCK,DU,14,2,up,0.0000,21.4,2025-07-04,0.1,EUR
HG1.DU,HOMAG GROUP,COMMON STOCK,DU,14,10,up,4.3966,23.2,2026-05-22,1.02,EUR
HK51.DU,CHINA WINDPOWER,COMMON STOCK,DU,13,1,down,1.0149,0.0335,2026-06-30,0.00034,EUR
HMSB.DU,H & M Hennes & Mauritz AB (publ),COMMON STOCK,DU,33,1,down,4.2679,14.28,2026-05-06,0.3113,EUR
HRPK.DU,7C Solarparken AG,COMMON STOCK,DU,7,1,down,0.0000,1.79,2024-06-07,0.06,EUR
HZJ.DU,HEIWA REAL ESTATE,COMMON STOCK,DU,31,13,up,4.5578,13,2026-09-29,0.24595,EUR
IBE1.DU,Iberdrola S.A.,COMMON STOCK,DU,53,12,up,3.3711,20.32,2026-07-06,0.427,EUR
I5G.DU,IG GROUP HDGS,COMMON STOCK,DU,35,1,down,3.2374,15.32,2026-08-13,0.16843,EUR
INW.DU,GBS Software AG,COMMON STOCK,DU,1,1,new,4.2017,4.76,2025-10-01,0.2,EUR
JEG.DU,Jacobs Engineering Group Inc,COMMON STOCK,DU,37,1,down,0.9937,123,2026-08-21,0.31345,EUR
LN3.DU,LEUCADIA NATIONAL,COMMON STOCK,DU,56,1,down,3.3846,41.61,2026-08-18,0.35208,EUR
JAT.DU,Japan Tobacco Inc,COMMON STOCK,DU,34,1,down,3.9219,37.92,2026-06-29,0.76036,EUR
JB1.DU,J.B.HUNT TRANSP,COMMON STOCK,DU,60,1,down,0.7891,199.65,2026-08-07,0.39605,EUR
KEI.DU,KEISEI EL RAILWAY,COMMON STOCK,DU,31,1,down,1.7495,7.35,2026-09-29,0.0615,EUR
LEC.DU,Lechwerke AG,COMMON STOCK,DU,16,16,flat,4.4094,63.5,2026-05-14,2.8,EUR
KSB3.DU,KSB SE & Co. KGaA vz. (Pref Shares),COMMON STOCK,DU,18,6,flat,3.3242,805,2026-05-08,26.76,EUR
LID.DU,Alliance Data Systems Corporation,COMMON STOCK,DU,28,1,down,0.9150,88.5,2026-08-31,0.20245,EUR
LOM.DU,LOCKHEED MARTIN,COMMON STOCK,DU,60,1,down,2.6802,453.2,2026-09-01,3.03669,EUR
LLD.DU,Lloyds Banking Group plc,COMMON STOCK,DU,32,6,up,3.6975,1.263,2026-08-06,0.0184,EUR
ITB.DU,IMPERIAL TOBACCO,COMMON STOCK,DU,53,1,down,6.6204,28.77,2026-08-20,0.48549,EUR
LRC.DU,LEGRAND,COMMON STOCK,DU,15,4,up,1.6946,140.45,2026-05-29,2.38,EUR
LWE.DU,LOWES COM,COMMON STOCK,DU,60,1,down,2.5841,165.2,2026-07-22,1.10025,EUR
M3T.DU,CapitaLand Integrated Commercial Trust,COMMON STOCK,DU,18,2,up,4.7961,1.5254,2026-08-19,0.01404,EUR
M3V.DU,MEVIS MEDSOL N,COMMON STOCK,DU,7,7,flat,4.3578,21.8,2026-03-20,0.95,EUR
IUR.DU,KAP AG,COMMON STOCK,DU,12,2,up,0.0000,0.898,2023-07-17,1.5,EUR
MARA.DU,MARUBENI CORP,COMMON STOCK,DU,31,7,up,2.4000,26.81,2026-09-29,0.32172,EUR
JFR.DU,JFE HOLDINGS,COMMON STOCK,DU,28,1,down,4.4728,10,2026-09-29,0.22364,JPY
MBJ.DU,MBIA,COMMON STOCK,DU,1,1,new,0.0000,3.76,2023-12-15,7.0424,EUR
MDF.DU,Medifast Inc.,COMMON STOCK,DU,15,1,down,0.0000,10.38,2023-09-18,1.45233,EUR
MIU.DU,SUMITOMO MITSUI T H,COMMON STOCK,DU,31,16,up,2.8217,9.906,2026-09-29,0.13277,EUR
MES.DU,MITSUBISHI ESTATE,COMMON STOCK,DU,31,6,up,1.3149,20,2026-09-29,0.13428,EUR
LHL.DU,LENOVO GROUP,COMMON STOCK,DU,44,1,down,1.1862,3.99,2026-08-05,0.0378,EUR
MMG.DU,MITSUI MNG & SMLT,COMMON STOCK,DU,19,3,up,1.2413,128.45,2026-09-29,0.78322,JPY
MMT.DU,Métropole Télévision S.A.,COMMON STOCK,DU,15,5,flat,11.2410,11.12,2026-05-04,1.25,EUR
MSF.DU,Microsoft Corporation,COMMON STOCK,DU,65,1,down,0.7134,448.95,2026-08-20,0.80071,EUR
MX4A.DU,CME GROUP-A,COMMON STOCK,DU,73,2,up,4.2817,232.35,2026-09-09,1.14452,EUR
MTZ.DU,M&T BANK,COMMON STOCK,DU,56,1,down,2.7268,193.7,2026-09-01,1.32045,EUR
MZ4.DU,MITIE GROUP,COMMON STOCK,DU,27,2,up,2.1833,2.4,2026-07-16,0.0361,EUR
NCB.DU,Bank of America Corporation,COMMON STOCK,DU,65,1,down,2.0986,48.665,2026-09-04,0.28173,EUR
NEC1.DU,NEC,COMMON STOCK,DU,23,10,up,0.8877,26.47,2026-09-29,0.11189,EUR
NEF.DU,NESTE OIL,COMMON STOCK,DU,24,2,flat,0.5809,34.43,2026-03-26,0.2,EUR
NEQ.DU,NEOPOST,COMMON STOCK,DU,23,7,up,5.9335,12.64,2026-08-04,0.75,EUR
NMM.DU,Newmont Corporation,COMMON STOCK,DU,64,1,down,0.8885,102.06,2026-09-03,0.2289,EUR
NNGF.DU,National Grid PLC,COMMON STOCK,DU,30,1,down,4.2948,13.15,2026-05-28,0.37433,EUR
NGI.DU,NGK INSULATORS,COMMON STOCK,DU,31,3,up,1.8201,29.2,2026-09-29,0.2965,EUR
NISA.DU,Nissan Motor Co. Ltd,COMMON STOCK,DU,20,3,up,0.0000,1.6706,2024-03-28,0.08392,JPY
O3P.DU,Österreichische Post AG,COMMON STOCK,DU,16,4,flat,5.8560,31.25,2026-04-24,1.83,EUR
NNWN.DU,NASPERS N ADR/ 1/5 NEW,COMMON STOCK,DU,3,3,up,0.7248,7.3,2025-12-11,0.05291,EUR
OBS.DU,Orbis AG,COMMON STOCK,DU,14,3,flat,2.1739,4.6,2026-05-29,0.1,EUR
NOH1.DU,NORSK HYDRO,COMMON STOCK,DU,17,2,up,3.6210,7.628,2026-05-08,0.27621,EUR
NVD.DU,NVIDIA Corporation,COMMON STOCK,DU,54,11,up,0.2265,202,2026-09-10,0.21995,EUR
OLY1.DU,OLYMPUS,COMMON STOCK,DU,15,6,up,1.5009,11.185,2026-03-30,0.16788,EUR
OMV.DU,OMV Aktiengesellschaft,COMMON STOCK,DU,17,1,down,6.0900,72.25,2026-06-08,4.4,EUR
ORC.DU,Oracle Corporation,COMMON STOCK,DU,59,1,down,1.5027,117.08,2026-07-10,0.43985,EUR
OWQ.DU,Arbor Realty Trust Inc,COMMON STOCK,DU,22,1,down,23.9572,3.454,2026-08-14,0.14965,EUR
PAE.DU,PACCAR,COMMON STOCK,DU,74,1,down,2.4800,97.97,2026-08-12,0.30811,EUR
PAH3.DU,Porsche Automobil Holding SE,COMMON STOCK,DU,18,1,down,6.0064,25.14,2026-06-26,1.51,EUR
PEO.DU,EXELON,COMMON STOCK,DU,57,1,down,4.1409,35.29,2026-09-04,0.36973,EUR
PCX.DU,PAYCHEX INC,COMMON STOCK,DU,64,1,down,4.5922,87.03,2026-07-28,1.04756,EUR
PER.DU,Pernod Ricard SA,COMMON STOCK,DU,30,1,down,7.9526,59.1,2026-07-22,2.35,EUR
PFE.DU,Pfizer Inc,COMMON STOCK,DU,65,1,down,6.0161,25.145,2026-07-24,0.37819,EUR
PGV.DU,PROGRESSIVE (OHIO),COMMON STOCK,DU,40,5,up,6.6548,183.85,2026-07-02,0.08802,EUR
PHBN.DU,SONOVA HLDG N,COMMON STOCK,DU,15,3,up,1.8713,265.3,2026-06-19,4.96461,EUR
PNE3.DU,PNE AG,COMMON STOCK,DU,16,1,down,0.5739,6.97,2026-05-20,0.04,EUR
QIA.DU,QIAGEN NV,COMMON STOCK,DU,6,2,up,6.1230,39.67,2026-07-07,0.30796,EUR
QY6.DU,QINETIQ GROUP,COMMON STOCK,DU,30,15,up,2.2560,5.68,2026-07-23,0.09319,EUR
SE4.DU,SEMPRA ENERGY,COMMON STOCK,DU,59,1,down,4.2582,67.4,2026-09-24,0.5784,EUR
RAZB.DU,Ratos AB (publ),COMMON STOCK,DU,16,4,up,3.7116,3.308,2026-03-26,0.12278,EUR
RHM.DU,Rheinmetall AG,COMMON STOCK,DU,16,6,up,1.1879,968.1,2026-05-13,11.5,EUR
RK8.DU,Prospect Capital Corporation,COMMON STOCK,DU,80,1,down,23.1888,1.859,2026-09-28,0.03079,EUR
PFI.DU,PALFINGER,COMMON STOCK,DU,17,2,flat,3.0050,29.95,2026-04-10,0.9,EUR
RPL.DU,UPM-Kymmene Oyj,COMMON STOCK,DU,18,1,down,5.9218,25.33,2026-04-10,0.75,EUR
SCE.DU,SCHWEIZER ELECTR N,COMMON STOCK,DU,7,1,down,0.0000,4.12,2018-07-02,0.3,EUR
RWE.DU,RWE AG,COMMON STOCK,DU,16,6,up,2.0339,59,2026-05-04,1.2,EUR
SCT.DU,SSE,COMMON STOCK,DU,31,1,down,2.7594,29,2026-07-23,0.55095,EUR
RAW.DU,Raiffeisen Bank International AG,COMMON STOCK,DU,15,2,up,2.5118,63.7,2026-04-14,1.6,EUR
SEW.DU,Semperit Aktiengesellschaft Holding,COMMON STOCK,DU,12,2,flat,0.0000,18.95,2025-04-25,0.5,EUR
SHA0.DU,Schaeffler AG,COMMON STOCK,DU,11,2,up,4.6368,6.47,2026-04-24,0.3,EUR
SJ3.DU,The Sherwin-Williams Company,COMMON STOCK,DU,57,1,down,0.9599,292.3,2026-08-21,0.70368,EUR
SKWA.DU,SSAB - A-,COMMON STOCK,DU,11,1,down,1.9005,9.23,2026-04-29,0.17542,EUR
TEKB.DU,Teck Resources Ltd Class B,COMMON STOCK,DU,47,1,down,0.5475,56.64,2026-09-15,0.07753,EUR
SM1.DU,SLM,COMMON STOCK,DU,42,1,down,2.2875,19.9,2026-09-04,0.11435,EUR
SOBA.DU,AT&T,COMMON STOCK,DU,65,1,down,4.4663,21.865,2026-07-10,0.24414,EUR
SSM1.DU,SUMITOMO HEAVY IND,COMMON STOCK,DU,31,1,down,2.2896,32.99,2026-06-29,0.39165,EUR
TOTB.DU,TotalEnergies SE,COMMON STOCK,DU,68,1,down,4.2479,80.04,2026-06-30,0.85,EUR
SUY1.DU,SAINSBURY,COMMON STOCK,DU,29,1,down,7.2749,3.954,2026-06-04,0.1118,EUR
SWG.DU,CHARLES SCHWAB,COMMON STOCK,DU,66,1,down,1.2576,86.06,2026-08-14,0.28157,EUR
SYT.DU,Softing AG,COMMON STOCK,DU,13,5,up,0.0000,2.33,2024-05-09,0.13,EUR
SHJ.DU,ASAHI GLASS CO,COMMON STOCK,DU,32,1,down,3.7899,31,2026-06-29,0.58743,EUR
SZG.DU,Salzgitter AG,COMMON STOCK,DU,14,2,flat,0.3880,51.55,2026-06-04,0.2,EUR
TA1.DU,Telekom Austria AG,COMMON STOCK,DU,15,14,up,4.4728,9.39,2026-06-26,0.42,EUR
TF7A.DU,TYSON FOODS -A-,COMMON STOCK,DU,59,1,down,4.0018,44.85,2026-09-01,0.4487,EUR
TJX.DU,The TJX Companies Inc,COMMON STOCK,DU,56,1,down,1.3967,114,2026-08-13,0.42226,EUR
TRVC.DU,Citigroup Inc,COMMON STOCK,DU,58,1,down,1.8835,115.36,2026-08-03,0.5894,EUR
TQW.DU,TULLOW OIL,COMMON STOCK,DU,9,1,down,0.0000,0.244,2019-08-29,0.0235,EUR
TWW.DU,TAYLOR WIMPEY,COMMON STOCK,DU,33,1,down,8.5688,1.0355,2026-04-02,0.03435,EUR
UB5.DU,US BANCORP,COMMON STOCK,DU,58,1,down,3.5397,51.7,2026-06-30,0.4575,EUR
UNC.DU,UCB,COMMON STOCK,DU,15,15,up,0.6795,213.4,2026-05-04,1.45,EUR
UHRN.DU,The Swatch Group AG,COMMON STOCK,DU,2,2,flat,2.4718,38.45,2026-05-15,0.9504,EUR
VODJ.DU,VODAFONE GRP SP ADR,COMMON STOCK,DU,35,1,down,3.2588,14.5,2026-06-05,0.23706,EUR
VPK5.DU,KON.VOPAK NV,COMMON STOCK,DU,17,16,up,5.2174,48.3,2026-09-17,0.72,EUR
W9C.DU,Constellation Software Inc.,COMMON STOCK,DU,27,1,down,0.1991,1767,2026-09-18,0.8797,EUR
WYR.DU,WYNN RESORTS,COMMON STOCK,DU,48,1,down,1.2352,71.22,2026-08-14,0.21993,EUR
YHA.DU,YAMAHA CORP,COMMON STOCK,DU,31,16,flat,2.1094,6.892,2026-09-29,0.07269,EUR
WDC.DU,WESTERN DIGITAL,COMMON STOCK,DU,33,2,up,0.1229,393.7,2026-09-08,0.13194,EUR
TOH.DU,TOHO,COMMON STOCK,DU,32,2,up,1.5933,8.6,2026-08-28,0.06152,JPY
WMT.DU,Walmart Inc,COMMON STOCK,DU,61,1,down,0.9024,95.28,2026-08-21,0.2177,EUR
YSON.DU,SONAE R,COMMON STOCK,DU,15,10,up,2.9188,2.13,2026-05-11,0.06217,EUR
YRB.DU,The Yokohama Rubber Co. Ltd,COMMON STOCK,DU,32,1,down,2.6005,37.2,2026-06-29,0.48649,EUR
ZFIN.DU,Zurich Insurance Group AG,COMMON STOCK,DU,14,14,up,5.1586,614,2026-04-10,31.674,EUR
00848B.TWO,CTBC Emerging Asia (ex China) USD Select Bond ETF,ETF,TWO,27,1,down,4.6870,32.43,2026-07-16,0.37,TWD
00846B.TWO,Fubon 7-15 Years Europe USD Banking ETF,ETF,TWO,28,1,down,5.2568,34.07,2026-08-18,0.465,TWD
00782B.TWO,Cathay 15+ Year Utility Bond Select ETF,ETF,TWO,29,1,down,7.0373,28.42,2026-07-16,0.5,TWD
00870B.TWO,Yuanta US 15+ Year Emerging Markets Sovereign Bond ETF,ETF,TWO,26,1,down,5.6445,26.22,2026-07-21,0.38,TWD
009814.TWO,Fubon S&P 500 ETF,ETF,TWO,1,1,new,0.3691,11.38,2026-07-16,0.042,TWD
00792B.TWO,CAPITAL ICE 15+ YEAR SINGLE-A US CORPORATE EXCHANGE TRADED FUND,ETF,TWO,30,1,down,6.0322,29.16,2026-09-16,0.447,TWD
00967B.TWO,Yuanta U.S. Treasury 10+ Yr Enhanced Yield and Cpn Select ETF,ETF,TWO,20,1,down,4.6479,8.52,2026-09-21,0.033,TWD
00890B.TWO,Kgi Securities Investment Trust Co Ltd - KGI 15+ Year US BBB ESG Sustainable Corporate Bond ETF,ETF,TWO,35,1,down,5.7615,29.94,2026-09-16,0.145,TWD
00780B.TWO,Cathay 7-10 Year Banking Bond Select ETF,ETF,TWO,29,1,down,5.4376,35.31,2026-08-18,0.5,TWD
00862B.TWO,CTBC US 20+ Year BBB Corporate Bond ETF,ETF,TWO,27,1,down,5.8462,29.25,2026-09-16,0.45,TWD
00985D.TWO,BlackRock iShares Income Plus Active ETF,ETF,TWO,4,1,new,2.5576,9.47,2026-09-17,0.061,TWD
00980B.TWO,Taishin FTSE WorldBIG BBB USD Corporate Capped Select 10+ Years ETF,ETF,TWO,19,1,down,6.3657,8.86,2026-09-15,0.047,USD
00758B.TWO,Fuh Hwa 15+ Yr Energy Bond ETF,ETF,TWO,31,1,down,4.8620,48.54,2026-08-19,0.6,TWD
1777.TWO,SYN-Tech Chem & Pharm Co Ltd,COMMON STOCK,TWO,21,1,down,5.4054,74,2026-07-16,4,TWD
1569.TWO,Bin Chuan Enterprise Co Ltd,COMMON STOCK,TWO,14,1,down,0.0000,65,2024-08-19,1,TWD
1813.TWO,Polylite Taiwan Co Ltd,COMMON STOCK,TWO,17,1,down,0.0000,11.3,2024-08-01,0.5,TWD
2235.TWO,I Yuan Precision Ind Co Ltd,COMMON STOCK,TWO,14,1,down,5.3004,28.3,2026-07-15,1.5,TWD
1295.TWO,Synbio Tech Inc.,COMMON STOCK,TWO,3,1,down,6.3438,47.15,2026-03-27,2.9911,TWD
2741.TWO,"Renjie Oldsichuan Catering Management Consultant Co., Ltd.",COMMON STOCK,TWO,13,1,down,4.9020,20.4,2026-08-20,1,TWD
3163.TWO,Browave,COMMON STOCK,TWO,13,1,down,0.2709,646,2026-07-28,1.75,TWD
3252.TWO,Haiwan International Development Co Ltd,COMMON STOCK,TWO,2,2,flat,0.0000,15.45,2022-08-05,0.5,TWD
2734.TWO,Ezfly International Travel Agent Co. Ltd.,COMMON STOCK,TWO,4,2,up,0.0000,14.4,2016-09-06,0.43944,TWD
3081.TWO,LandMark Optoelectronics,COMMON STOCK,TWO,12,3,up,0.1132,2650,2026-07-15,3,TWD
00694B.TWO,Fubon 1-3 Years US Treasury Bond ETF,ETF,TWO,35,1,down,2.6094,41.58,2026-07-16,0.317,TWD
2249.TWO,"Young Shine Electric Co., Ltd.",COMMON STOCK,TWO,7,1,down,2.9904,91.2,2026-07-30,2.72727,TWD
3310.TWO,Chialin Precision Industrial Co Ltd,COMMON STOCK,TWO,14,2,up,5.0798,68.9,2026-06-08,3.5,TWD
3332.TWO,Cincon Electronics Co Ltd,COMMON STOCK,TWO,19,2,up,5.0407,61.5,2026-08-04,2,TWD
3362.TWO,Ability Opto-Electronics Technology Co Ltd,COMMON STOCK,TWO,7,1,down,0.0000,171,2025-07-24,0.99488,TWD
3379.TWO,Taiwan Benefit Co,COMMON STOCK,TWO,11,3,up,4.3956,27.3,2026-07-27,1.2,TWD
3489.TWO,Sun Brothers Development Co Ltd,COMMON STOCK,TWO,12,4,up,12.9032,23.25,2026-07-10,3,TWD
3490.TWO,Single Well Industrial,COMMON STOCK,TWO,19,1,down,1.1086,45.1,2026-07-14,0.5,TWD
2065.TWO,Sheh Fung Screws Co Ltd,COMMON STOCK,TWO,19,1,down,4.2674,35.15,2026-04-01,1.5,TWD
3570.TWO,Otsuka Information Technology Corp.,COMMON STOCK,TWO,19,6,up,5.8084,167,2026-07-02,9.7,TWD
2067.TWO,Chia Yi Steel Co Ltd,COMMON STOCK,TWO,4,2,up,0.0000,5.2,2019-07-24,0.4,TWD
3623.TWO,Transtouch Technology,COMMON STOCK,TWO,7,1,down,0.0000,29.15,2019-08-05,2.5,TWD
3213.TWO,Mildef Crete,COMMON STOCK,TWO,19,4,up,5.5777,125.5,2026-06-29,7,TWD
3615.TWO,AimCore Technology Co Ltd,COMMON STOCK,TWO,13,2,up,1.6807,41.65,2026-07-16,0.7,TWD
3284.TWO,Top High Image,COMMON STOCK,TWO,12,1,down,2.5773,19.4,2026-07-09,0.5,TWD
1593.TWO,Chi Hua Fitness Co Ltd,COMMON STOCK,TWO,15,3,up,6.3191,31.65,2026-06-17,2,TWD
3402.TWO,Wholetech System Hitech Ltd,COMMON STOCK,TWO,17,7,up,4.5802,131,2026-07-22,6,TWD
3689.TWO,UD Electronic,COMMON STOCK,TWO,15,4,up,3.3167,110,2026-08-03,3.6484,TWD
2740.TWO,Mr. Onion,COMMON STOCK,TWO,2,1,down,0.0000,30.65,2016-08-22,5.1223,TWD
4109.TWO,Jia Jie Biomedical Co Ltd,COMMON STOCK,TWO,11,1,down,1.8100,11.05,2026-09-23,0.2,TWD
4123.TWO,Center Laboratories,COMMON STOCK,TWO,9,2,up,7.9708,31,2026-08-17,1.74669,TWD
4413.TWO,Est Global Apparel Co.Ltd,COMMON STOCK,TWO,4,2,up,1.4634,20.5,2026-07-16,0.3,TWD
4523.TWO,Everbrite Technology Co Ltd,COMMON STOCK,TWO,11,2,up,11.0773,23.85,2026-07-01,2.64194,TWD
3710.TWO,ACON Holding Inc.,COMMON STOCK,TWO,6,2,up,0.0000,8.52,2017-08-29,0.15781,TWD
3680.TWO,Gudeng Precision Industrial Co Ltd,COMMON STOCK,TWO,22,1,down,1.2586,548,2026-05-27,4.99734,TWD
3685.TWO,Tradetool Auto Co Ltd,COMMON STOCK,TWO,8,2,flat,0.0000,35.2,2021-08-30,0.2,TWD
3691.TWO,Gigasolar Materials,COMMON STOCK,TWO,10,1,down,0.0000,118.5,2021-08-20,1.65769,TWD
4138.TWO,Dynamic Medical Technologies,COMMON STOCK,TWO,16,2,up,7.6225,55.1,2026-04-23,4.2,TWD
4183.TWO,EPS Bio Technology Corp.,COMMON STOCK,TWO,12,1,down,0.0000,13.95,2025-08-28,0.67,TWD
4565.TWO,"Hong-Wei Electrical Industry & Co., Ltd.",COMMON STOCK,TWO,10,3,flat,4.3796,137,2026-08-03,6,TWD
4570.TWO,"Jason Co., Ltd.",COMMON STOCK,TWO,3,2,flat,4.2493,70.6,2026-08-06,3,TWD
1788.TWO,Hi-Clearance,COMMON STOCK,TWO,19,7,flat,5.4688,128,2026-06-16,7,TWD
4589.TWO,"Motion Technology Electric & Machinery Co., Ltd.",COMMON STOCK,TWO,4,1,down,1.5504,32.25,2026-04-29,0.5,TWD
4550.TWO,Chang Jia M&E Engineering,COMMON STOCK,TWO,13,1,down,5.0518,24.15,2026-06-16,1.22,TWD
4903.TWO,United Fiber Optic Communication Inc.,COMMON STOCK,TWO,5,1,down,0.0000,42.8,2016-08-25,0.23232,TWD
3512.TWO,Huang Long Development Co Ltd,COMMON STOCK,TWO,8,2,up,9.3750,19.2,2026-07-14,1.8,TWD
4946.TWO,Cayenne Entertainment Technology Co. Ltd.,COMMON STOCK,TWO,5,1,down,0.0000,102,2018-07-09,1.37554,TWD
4971.TWO,IntelliEPI Cayman,COMMON STOCK,TWO,11,1,down,0.1569,540,2026-07-27,0.84741,TWD
4995.TWO,Litemax Electronics,COMMON STOCK,TWO,15,1,down,3.9778,50.1,2026-05-27,1.99286,TWD
5220.TWO,Higgstec,COMMON STOCK,TWO,12,1,down,1.3636,22,2026-07-02,0.3,TWD
4538.TWO,WINSON Machinery Co Ltd,COMMON STOCK,TWO,15,2,up,5.6980,17.55,2026-05-28,1,TWD
3709.TWO,Trigold Holdings Ltd,COMMON STOCK,TWO,9,3,up,3.3696,64,2026-08-10,2.15652,TWD
3128.TWO,Hi Sharp Electronics Co Ltd,COMMON STOCK,TWO,14,2,up,1.9656,20.35,2026-08-26,0.4,TWD
5245.TWO,WiseChip Semiconductor,COMMON STOCK,TWO,10,1,down,0.0000,20.6,2023-07-25,2.5,TWD
4735.TWO,AViTA Corporation,COMMON STOCK,TWO,26,3,up,10.2210,36.2,2026-08-31,1.5,TWD
5310.TWO,CGS International Inc.,COMMON STOCK,TWO,1,1,new,0.0000,29,2016-06-30,0.65923,TWD
5314.TWO,"Myson Century, Inc.",COMMON STOCK,TWO,3,1,down,0.4172,27.45,2026-09-21,0.04853,TWD
5321.TWO,United Recommend International Co Ltd,COMMON STOCK,TWO,3,1,down,0.0000,67.5,2024-09-10,0.25,TWD
5371.TWO,Coretronic,COMMON STOCK,TWO,18,1,down,0.5988,83.5,2026-06-17,0.5,TWD
5543.TWO,Buima Group,COMMON STOCK,TWO,9,1,down,0.0000,26.95,2024-12-26,0.09402,TWD
4711.TWO,Yong Shun Chemical Co Ltd,COMMON STOCK,TWO,19,4,flat,3.0864,16.2,2026-07-10,0.5,TWD
5548.TWO,Ancang Construction Corp Ltd.,COMMON STOCK,TWO,4,1,down,4.8934,20.2,2026-07-21,0.98847,TWD
5864.TWO,Concord International Securities Co Ltd,COMMON STOCK,TWO,11,2,up,1.3550,36.9,2026-07-03,0.5,TWD
5386.TWO,Albatron Technology Co Ltd,COMMON STOCK,TWO,12,4,up,0.5263,285,2026-07-20,1.5,TWD
5248.TWO,Pixon Technologies Corporation,COMMON STOCK,TWO,14,4,up,0.0000,31.55,2025-06-30,1.1,TWD
4128.TWO,Microbio Co Ltd,COMMON STOCK,TWO,5,2,up,0.0000,15,2023-06-16,0.0381,TWD
5493.TWO,San Lien Technology,COMMON STOCK,TWO,20,3,up,2.9801,90.6,2026-07-13,2.7,TWD
6129.TWO,Princeton Technology Corporation,COMMON STOCK,TWO,6,1,down,0.0000,14.65,2024-07-16,0.28171,TWD
5878.TWO,Taiming Assurance Broker Co Ltd,COMMON STOCK,TWO,13,1,down,0.5541,37.9,2026-06-04,0.21,TWD
5457.TWO,Speed Tech,COMMON STOCK,TWO,8,3,up,6.3838,23.5,2026-07-30,1.5002,TWD
4714.TWO,U-Best Polymer Industry Co Ltd,COMMON STOCK,TWO,15,1,down,1.6456,11.8,2025-12-03,0.19418,TWD
5299.TWO,Excelliance MOS,COMMON STOCK,TWO,14,1,down,3.6600,100,2026-07-14,3.66,TWD
6279.TWO,Hu Lane Associate,COMMON STOCK,TWO,19,1,down,4.9327,111.5,2026-09-03,5.5,TWD
5464.TWO,Lin Horn Technology Co Ltd,COMMON STOCK,TWO,16,2,up,0.0000,90,2025-08-28,1,TWD
5905.TWO,Nan Ren Hu Leisure Amusement Co Ltd,COMMON STOCK,TWO,8,2,flat,0.0000,7.4,2021-09-10,0.19479,TWD
6292.TWO,Axis Corporation,COMMON STOCK,TWO,19,1,down,2.6946,66.8,2026-06-23,1.8,TWD
6407.TWO,"Mutual-Tek Industries Co., Ltd.",COMMON STOCK,TWO,10,4,up,9.1954,21.75,2026-07-09,2,TWD
6015.TWO,Horizon Securities Co Ltd,COMMON STOCK,TWO,10,3,up,3.1599,17.4,2026-04-16,0.54982,TWD
6020.TWO,Tachan Securities Co Ltd,COMMON STOCK,TWO,15,1,down,1.3301,20.5,2026-03-26,0.27267,TWD
3303.TWO,Univacco Technology,COMMON STOCK,TWO,18,3,up,6.2048,48.35,2026-07-10,3,TWD
6527.TWO,Crystalvue Medical Corporation,COMMON STOCK,TWO,12,3,up,3.8667,75,2026-07-21,2.9,TWD
6620.TWO,Handa Pharmaceuticals Inc.,COMMON STOCK,TWO,3,3,up,1.5249,136,2026-07-06,2.07385,TWD
6707.TWO,Afastor Corporation,COMMON STOCK,TWO,3,2,up,1.6667,30,2026-09-17,0.5,TWD
6662.TWO,"BioLASCO Taiwan Co., Ltd.",COMMON STOCK,TWO,9,2,up,5.4386,28.5,2026-08-07,1.55,TWD
6680.TWO,Sintrones Technology Corp.,COMMON STOCK,TWO,8,2,up,0.0000,51.3,2025-06-16,2.96018,TWD
6411.TWO,Amazing Microelectronic,COMMON STOCK,TWO,14,1,down,2.8595,77.5,2026-07-29,2.21608,TWD
6727.TWO,Asia Metal Industries Inc,COMMON STOCK,TWO,8,3,up,0.9317,483,2026-07-16,4.5,TWD
6732.TWO,Sensortek Technology Corp,COMMON STOCK,TWO,7,1,down,3.6424,151,2026-05-28,5.5,TWD
6418.TWO,Y-S Electronic Co Ltd,COMMON STOCK,TWO,13,1,down,1.0983,34.6,2026-06-12,0.38,TWD
6708.TWO,Mars Semiconductor Corp.,COMMON STOCK,TWO,5,1,down,0.0000,47.05,2024-08-30,0.4,TWD
6815.TWO,"Diamond Biotechnology Co., Ltd",COMMON STOCK,TWO,5,3,up,0.0000,23.1,2025-08-27,0.19557,TWD
6826.TWO,Taiwan Puritic Corp.,COMMON STOCK,TWO,5,5,up,3.0973,452,2026-06-26,14,TWD
6846.TWO,"Greenyn Biotechnology Co., Ltd",COMMON STOCK,TWO,4,3,up,6.7775,58.2,2026-06-25,3.94448,TWD
6961.TWO,"Uni Travel Services Co., Ltd.",COMMON STOCK,TWO,3,3,flat,10.4932,47.65,2026-06-11,5,TWD
6886.TWO,"Far East Bio-Tec Co., Ltd.",COMMON STOCK,TWO,4,1,down,1.2048,41.5,2026-08-28,0.5,TWD
6968.TWO,Wonder Pets Enterprises Corporation,COMMON STOCK,TWO,3,3,up,3.1288,41.55,2026-08-24,1.3,TWD
6784.TWO,"Tsky Co.,Ltd",COMMON STOCK,TWO,4,1,down,1.6129,18.6,2026-08-25,0.3,TWD
6140.TWO,Dimension Computer Technology Co Ltd,COMMON STOCK,TWO,4,2,up,0.0000,20.75,2012-08-08,0.09787,TWD
5426.TWO,Cheng Fwa Industrial Ltd,COMMON STOCK,TWO,14,1,down,1.0791,27.8,2026-09-15,0.3,TWD
6488.TWO,GlobalWafers Co Ltd,COMMON STOCK,TWO,18,1,down,0.8148,945,2026-07-16,5.7,TWD
7642.TWO,7642,COMMON STOCK,TWO,3,1,down,4.3796,68.5,2026-06-16,3,TWD
7590.TWO,"YIHO International Co., Ltd.",COMMON STOCK,TWO,3,1,down,0.2020,14.85,2026-08-27,0.03,TWD
6179.TWO,Ate Energy International Co Ltd,COMMON STOCK,TWO,13,2,up,1.3351,37.45,2026-08-14,0.5,TWD
7702.TWO,APEX Wind Power Equipment Manufacturing,COMMON STOCK,TWO,3,1,down,1.3333,22.5,2026-06-17,0.3,TWD
7708.TWO,"Family International Gourmet Co., Ltd",COMMON STOCK,TWO,3,3,up,5.9848,91.9,2026-07-30,5.5,TWD
7566.TWO,"Argo Yachts Development Co.,Ltd.",COMMON STOCK,TWO,1,1,new,0.0000,11.3,2021-08-26,0.23029,TWD
7813.TWO,YCS,COMMON STOCK,TWO,2,1,down,0.4421,113,2026-07-23,0.49953,TWD
7777.TWO,ABICO Asia Capital Corporation,COMMON STOCK,TWO,1,1,new,0.0692,35.6,2026-06-25,0.02464,TWD
8044.TWO,PChome Online,COMMON STOCK,TWO,12,1,down,0.0000,24.1,2022-07-26,0.50023,TWD
8102.TWO,"Jeilin Technology Co., Ltd.",COMMON STOCK,TWO,6,1,down,3.1933,59.5,2026-04-07,1,TWD
8155.TWO,Allied Circuit Co Ltd,COMMON STOCK,TWO,15,3,up,1.6855,306,2026-07-08,5.15772,TWD
8272.TWO,Changing Information Technology Inc.,COMMON STOCK,TWO,3,2,up,4.2748,65.5,2026-06-29,2.8,TWD
8284.TWO,Mitake Information,COMMON STOCK,TWO,12,3,up,5.8866,68,2026-07-08,4.00288,TWD
8401.TWO,Bai Sha Technology Co Ltd,COMMON STOCK,TWO,16,1,down,5.2747,22.75,2026-03-27,1.2,TWD
8426.TWO,Redwood Group Ltd,COMMON STOCK,TWO,10,1,down,3.8741,20.65,2026-07-08,0.8,KYD
6797.TWO,Taiwan Advanced Nanotech Inc.,COMMON STOCK,TWO,3,1,down,0.0000,11.7,2023-06-19,3,TWD
8410.TWO,Sentien Printing Factory Co Ltd,COMMON STOCK,TWO,16,1,down,5.7143,28,2026-08-26,1.6,TWD
6751.TWO,Acer Synergy Tech Corp.,COMMON STOCK,TWO,7,2,up,6.6741,44.95,2026-06-25,3,TWD
8444.TWO,Green River Holding Co Ltd,COMMON STOCK,TWO,8,1,down,0.0000,4.4,2022-09-12,0.29879,THB
8446.TWO,HIM International Music,COMMON STOCK,TWO,16,6,flat,9.4787,84.4,2026-04-16,8,TWD
6509.TWO,Taiwan Hopax Chemsistry MFG Co Ltd,COMMON STOCK,TWO,18,3,up,2.8945,48.15,2026-07-30,1.39368,TWD
8477.TWO,Kuobrothers,COMMON STOCK,TWO,6,2,up,0.0000,14.1,2021-06-25,1.93571,TWD
8906.TWO,Forward Graphic Enterprise Co Ltd,COMMON STOCK,TWO,5,3,up,0.0000,28.8,2025-09-25,0.1,TWD
8929.TWO,Fu Burg Industrial Co Ltd,COMMON STOCK,TWO,12,2,flat,0.0000,12.9,2021-07-07,0.5,TWD
8930.TWO,CKM Building Material,COMMON STOCK,TWO,18,1,down,7.6655,28.7,2026-03-27,2.2,TWD
9949.TWO,Tittot Company Limited,COMMON STOCK,TWO,9,2,up,9.0722,24.25,2026-03-26,2.2,TWD
8936.TWO,Kuo Toong International Co Ltd,COMMON STOCK,TWO,15,7,up,3.8536,51.9,2025-10-22,2,TWD
9960.TWO,Dacome International Ltd,COMMON STOCK,TWO,16,1,down,3.7630,41.2,2026-08-06,1.55037,TWD
8121.TWO,Acme Electronics,COMMON STOCK,TWO,3,3,up,0.0000,31.9,2012-08-09,0.51367,TWD
8358.TWO,Co-Tech Development,COMMON STOCK,TWO,11,3,up,0.4016,498,2026-07-17,2,TWD
7734.TWO,"AblePrint Technology Co., Ltd.",COMMON STOCK,TWO,3,1,down,0.7407,2680,2026-07-06,19.85063,TWD
ECOP.KAR,Ecopack Ltd,COMMON STOCK,KAR,6,3,up,4.0169,49.79,2025-10-13,2,PKR
ITTEFAQ.KAR,ITTEFAQ Iron Industries Ltd,COMMON STOCK,KAR,1,1,new,0.0000,8.25,2018-10-16,0.45455,PKR
GATM.KAR,Gul Ahmed Textile Mills Ltd,COMMON STOCK,KAR,10,1,down,0.0000,20.59,2021-06-10,0.83333,PKR
FRSM.KAR,Faran Sugar Mills Ltd,COMMON STOCK,KAR,12,2,up,0.0000,42.01,2024-01-17,2.13809,PKR
GFIL.KAR,Ghazi Fabrics International Ltd,COMMON STOCK,KAR,3,1,down,0.0000,25.09,2021-10-20,0.75,PKR
FML.KAR,Feroze1888 Mills Ltd,COMMON STOCK,KAR,26,4,up,0.0000,46.01,2023-10-18,8.88,PKR
FTMM.KAR,First Treet Manufacturing Modaraba,COMMON STOCK,KAR,1,1,new,8.3056,18.06,2025-11-25,1.5,PKR
INKL.KAR,International Knitwear Ltd,COMMON STOCK,KAR,12,2,up,1.0109,98.92,2025-10-16,1,PKR
FTSM.KAR,First Tri-Star Modaraba,COMMON STOCK,KAR,7,5,flat,0.0000,42.94,2024-10-21,2,PKR
ICL.KAR,Ittehad Chemicals Ltd,COMMON STOCK,KAR,28,1,down,2.3285,128.84,2026-03-02,1,PKR
GEMPAPL.KAR,Pak Agro Pack(Gem),COMMON STOCK,KAR,1,1,new,4.5413,11.01,2026-03-09,0.5,PKR
CPHL.KAR,Citi Pharma Ltd,COMMON STOCK,KAR,5,2,up,4.7413,73.82,2025-10-17,3.5,PKR
HCAR.KAR,Honda Atlas Cars (Pakistan) Ltd,COMMON STOCK,KAR,14,3,up,4.1250,218.18,2026-06-15,9,PKR
AHTM.KAR,Ahmed Hassan Textile Mills Limited,COMMON STOCK,KAR,10,2,up,1.7237,87.02,2025-10-17,1.5,PKR
ESBL.KAR,Escorts Investment Bank Ltd,COMMON STOCK,KAR,1,1,new,0.0000,10.97,2008-10-06,1.34288,PKR
JKSM.KAR,J.K. Spinning Mills Ltd,COMMON STOCK,KAR,15,5,flat,1.2851,311.26,2026-09-29,2,PKR
JSMFETF.KAR,JS Momentum,ETF,KAR,7,1,down,18.5185,10.8,2026-01-08,1,PKR
KSBP.KAR,KSB Pumps Company Ltd,COMMON STOCK,KAR,16,3,up,0.4758,210.19,2026-04-14,1,PKR
KAPCO.KAR,KOT Addu Power Company Ltd,COMMON STOCK,KAR,38,1,down,15.0263,26.62,2026-03-12,1.5,PKR
LCI.KAR,Lucky Core Ind. Ltd,COMMON STOCK,KAR,47,5,up,5.0314,208.69,2026-09-18,5.25,PKR
KHTC.KAR,Khyber Tobacco Company Ltd,COMMON STOCK,KAR,9,1,down,0.0000,294.4,2023-10-19,1,PKR
LSECL.KAR,LSE Capital Limited,COMMON STOCK,KAR,1,1,new,0.0000,5.91,2024-11-18,0.23874,PKR
MACFL.KAR,Macpac Films Ltd,COMMON STOCK,KAR,10,1,down,0.7112,70.3,2025-10-15,0.5,PKR
MTL.KAR,Millat Tractors Ltd,COMMON STOCK,KAR,36,1,down,5.8515,299.07,2026-03-03,10,PKR
MQTM.KAR,Maqbool Textile Mills Ltd,COMMON STOCK,KAR,8,1,down,0.0000,26.73,2022-10-19,1,PKR
LUCK.KAR,Lucky Cement Ltd,COMMON STOCK,KAR,21,3,up,1.2119,412.57,2026-09-17,5,PKR
OGDC.KAR,Oil and Gas Development Co Ltd,COMMON STOCK,KAR,29,1,down,6.9033,318.69,2026-10-08,6,PKR
SHFA.KAR,Shifa International Hospitals Ltd,COMMON STOCK,KAR,22,3,up,1.1120,449.64,2025-10-15,5,PKR
WAVESAPP.KAR,Waves Home App,COMMON STOCK,KAR,1,1,new,0.0000,8.03,2008-03-14,1.125,PKR
TGL.KAR,Tariq Glass Industries Ltd,COMMON STOCK,KAR,14,2,up,3.1694,157.76,2026-03-05,5,PKR
PIOC.KAR,Pioneer Cement Ltd,COMMON STOCK,KAR,16,1,down,2.0564,243.14,2025-10-17,5,PKR
TCORP.KAR,Tariq Corp Ltd.,COMMON STOCK,KAR,1,1,new,0.0000,20.11,2020-02-10,0.25604,PKR
NCPL.KAR,Nishat Chunian Power Ltd,COMMON STOCK,KAR,27,1,down,2.6714,56.15,2026-05-08,1.5,PKR
PSO.KAR,Pakistan State Oil Company Ltd,COMMON STOCK,KAR,20,3,flat,2.8150,355.24,2025-10-15,10,PKR
POML.KAR,Punjab Oil Mills Ltd,COMMON STOCK,KAR,20,1,down,0.0000,142.21,2023-10-18,1.5,PKR
PKGP.KAR,Pakgen Power Ltd,COMMON STOCK,KAR,29,1,down,0.0000,35.65,2025-05-08,2,PKR
SBL.KAR,Samba Bank Ltd,COMMON STOCK,KAR,2,1,down,0.0000,12.61,2022-02-18,0.6,PKR
SMCPL.KAR,Safe Mix Concrete Ltd,COMMON STOCK,KAR,2,2,up,6.2313,40.12,2025-10-17,2.5,PKR
TELE.KAR,Telecard Ltd,COMMON STOCK,KAR,1,1,new,0.0000,7.8,2010-11-05,0.08859,PKR
GLUH.AS,iShares Core UK Gilts UCITS ETF USD Hedged (Dist),ETF,AS,7,1,down,4.5163,4.6875,2026-05-21,0.1091,USD
ECT.AS,Eurocastle Investment Ltd,COMMON STOCK,AS,37,1,down,0.0000,13,2019-08-15,0.15,EUR
SUOU.AS,iShares $ Corp Bond ESG UCITS ETF USD Inc,ETF,AS,13,1,down,5.1097,4.0805,2026-05-21,0.1039,USD
CTPNV.AS,CTP N.V.,COMMON STOCK,AS,11,6,up,5.1471,12.92,2026-09-07,0.345,EUR
30ID.AS,iShares iBonds Dec 2030Term$CorpETF$Dist,ETF,AS,10,1,down,4.6025,5.006,2026-09-17,0.0564,USD
SDHY.AS,iShares IV Public Limited Company - iShares $ Short Duration High Yield Corporate Bond UCITS ETF,ETF,AS,27,1,down,8.4038,74.23,2026-09-17,1.21644,EUR
HEIA.AS,Heineken,COMMON STOCK,AS,66,3,up,2.7280,70.38,2026-08-07,0.76,EUR
NN.AS,NN Group NV,COMMON STOCK,AS,23,10,up,5.0931,79.52,2026-08-10,1.55,EUR
PREVA.AS,Value8 N.V,COMMON STOCK,AS,31,1,down,6.5928,4.74,2026-07-15,0.075,EUR
SAWI.AS,iShares MSCI ACWI SRI UCITS ETF USD (Dist),ETF,AS,7,1,down,1.2524,8.264,2026-06-18,0.0617,USD
UMG.AS,Universal Music Group N.V.,COMMON STOCK,AS,11,6,flat,5.2198,14.56,2026-10-05,0.24,EUR
ERNE.AS,iShares Euro Ultrashort Bond UCITS,ETF,AS,14,1,down,2.9400,100.77,2026-09-17,0.6142,EUR
JPSR.AS,UBS(Lux)Fund Solutions – MSCI Japan Socially Responsible UCITS ETF(JPY)A-dis EUR,ETF,AS,22,1,down,1.0077,31.204,2026-08-13,0.19445,EUR
THEON.AS,Theon International Plc,COMMON STOCK,AS,3,1,down,1.0602,29.24,2026-06-18,0.31,EUR
IEAG.AS,iShares € Aggregate Bond ESG UCITS ETF EUR (Dist),ETF,AS,36,6,up,2.4656,103,2026-07-16,1.15564,EUR
V3EL.AS,Vanguard ESG Developed Europe All Cap UCITS ETF (EUR) Distributing,ETF,AS,17,1,down,2.6475,6.911,2026-09-17,0.02163,EUR
TOM2.AS,TomTom NV,COMMON STOCK,AS,1,1,new,0.0000,3.756,2019-05-23,5.74,EUR
VERX.AS,Vanguard FTSE Developed Europe ex UK UCITS,ETF,AS,48,1,down,2.5712,49.4,2026-09-17,0.12683,EUR
VALUE.AS,Value8 N.V,COMMON STOCK,AS,35,3,up,3.1343,6.7,2026-06-01,0.21,EUR
VPK.AS,Koninklijke Vopak NV,COMMON STOCK,AS,37,24,up,5.2174,48.3,2026-09-17,0.72,EUR
WFNS.AS,iShares MSCI World Financials Sector ESG UCITS ETF USD Inc USD,ETF,AS,10,1,down,2.1771,8.369,2026-06-18,0.1228,USD
LQDA.AS,iShares $ Corp Bond UCITS ETF USD (Dist) EUR,ETF,AS,71,1,down,5.2635,83.28,2026-09-17,1.10378,USD
WTIY.AS,IncomeShares WTI Oil+ Yield ETP,ETF,AS,1,1,new,11.9159,7.041,2026-06-01,0.839,EUR
TEET.AS,VanEck European Equal Weight Screened UCITS ETF,ETF,AS,47,7,up,2.7431,94.42,2026-09-02,0.5,EUR
DVEC.MCX,Public joint stock company FAR-EASTERN ENERGY COMPANY,COMMON STOCK,MCX,1,1,new,0.0000,1.69,2009-04-07,0.00019,RUB
CNTLP.MCX,Central Telegraph Public Joint Stock Company,COMMON STOCK,MCX,13,1,down,0.0000,4.45,2023-07-10,0.034,RUB
EELT.MCX,Yevropyeyskaya Elyektrotyekhnika PAO,COMMON STOCK,MCX,6,3,up,0.0000,7.56,2023-07-06,0.75,RUB
AVAN.MCX,AKB Avangard OAO,COMMON STOCK,MCX,14,2,up,0.0000,538,2023-02-10,78.4,RUB
BSPB.MCX,"""Bank ""Saint-Petersburg"" Public Joint-Stock Company",COMMON STOCK,MCX,20,1,down,0.0000,265.01,2024-10-09,17.84,RUB
MRKS.MCX,Rosseti Sibir’ PAO,COMMON STOCK,MCX,7,3,up,0.0000,0.475,2024-08-24,0.00685,RUB
GAZS.MCX,"Public Joint-Stock Company ""Gaz-service""",COMMON STOCK,MCX,8,1,down,0.0000,839,2019-12-20,4.41,RUB
KZOS.MCX,Organicheskiy Sintez KPAO,COMMON STOCK,MCX,15,1,down,0.0000,45.5,2024-07-11,11.45,RUB
BELU.MCX,Beluga Group PAO,COMMON STOCK,MCX,14,1,down,0.0000,250.4,2024-09-29,145.37,RUB
LSNG.MCX,LenEnrg,COMMON STOCK,MCX,11,1,down,0.0000,13.55,2024-06-27,0.1062,RUB
AFLT.MCX,Aeroflot,COMMON STOCK,MCX,14,1,down,0.0000,32.06,2019-07-05,2.69,RUB
KMAZ.MCX,KAMAZ Publicly Traded Company,COMMON STOCK,MCX,8,1,down,0.0000,54.9,2024-07-10,1.8,RUB
DIOD.MCX,Diod OAO,COMMON STOCK,MCX,9,9,up,0.0000,7.74,2022-07-01,0.78,RUB
KRSBP.MCX,Public Joint Stock Company Krasnoyarskenergosbyt,COMMON STOCK,MCX,14,5,up,0.0000,20.36,2023-06-01,1.13351,RUB
CBOM.MCX,Moskovskiy Kreditnyi Bank OAO,COMMON STOCK,MCX,1,1,new,0.0000,8.826,2019-06-07,0.11,RUB
MRKV.MCX,Rosseti Volga PAO,COMMON STOCK,MCX,12,2,up,0.0000,0.1972,2024-06-28,0.00311,RUB
MOEX.MCX,Moskovskaya Birzha OAO,COMMON STOCK,MCX,13,6,up,0.0000,147.63,2024-06-16,11.62,RUB
MISB.MCX,TNS Energo Mariy El PAO,COMMON STOCK,MCX,10,1,down,0.0000,50,2023-05-19,0.0061,RUB
MRKY.MCX,Rosseti Yug PAO,COMMON STOCK,MCX,4,4,up,0.0000,0.0709,2019-06-19,0.00684,RUB
MTLRP.MCX,Mechel PAO,COMMON STOCK,MCX,10,1,down,0.0000,37.65,2021-07-13,1.17,RUB
MSNG.MCX,MosEnrg,COMMON STOCK,MCX,21,1,down,0.0000,1.3165,2024-07-04,0.18,RUB
MSRS.MCX,Mos obl sb,COMMON STOCK,MCX,20,4,up,0.0000,1.5895,2024-06-30,0.2107,RUB
MTSS.MCX,Mobil’nye Telesistemy PAO,COMMON STOCK,MCX,31,3,up,0.0000,173.9,2024-06-29,37.77,RUB
NKNC.MCX,Nizhnekamskneftekhim PAO,COMMON STOCK,MCX,17,1,down,0.0000,45.15,2024-07-11,2.3,RUB
NLMK.MCX,Novolipetsk Steel PAO,COMMON STOCK,MCX,37,2,up,0.0000,68.64,2021-12-07,13.33,RUB
NNSBP.MCX,Public Joint-Stock Company TNS energo Nizhny Novgorod,COMMON STOCK,MCX,8,2,up,0.0000,1300,2016-07-07,31.53096,RUB
PMSBP.MCX,Public Joint Stock Company Perm Energy Supplying Company,COMMON STOCK,MCX,20,10,up,0.0000,455.2,2023-05-23,15.5,RUB
VSMO.MCX,Korporatsiya VSMPO AVISMA PAO,COMMON STOCK,MCX,23,3,flat,0.0000,22700,2024-06-05,563.8,RUB
MRKK.MCX,Rosseti Severnyi Kavkaz PAO,COMMON STOCK,MCX,2,1,down,0.0000,14.02,2014-07-11,0.8695,RUB
SELG.MCX,Seligdar,COMMON STOCK,MCX,7,3,up,0.0000,35.98,2023-06-21,5,RUB
SVAV.MCX,Sollers,COMMON STOCK,MCX,8,1,down,0.0000,369.5,2024-07-10,14.03,RUB
SNGS.MCX,Surgutneftegaz PAO,COMMON STOCK,MCX,25,9,flat,0.0000,15.24,2024-07-20,0.8,RUB
SVET.MCX,Svetofor Group PAO,COMMON STOCK,MCX,7,1,down,2.5237,9.7,2026-07-08,0.0448,RUB
NAUK.MCX,Npo Nauka OAO,COMMON STOCK,MCX,7,1,down,0.0000,415.5,2018-07-11,0.17909,RUB
WTCMP.MCX,"Joint Stock Company ""World Trade Center Moscow"" RUB1 PRF(USD)",COMMON STOCK,MCX,15,11,flat,0.0000,12.98,2023-05-10,0.56225,RUB
UNAC.MCX,Ob’’yedinennaya Aviastroitel’naya Korporatsiya PAO,COMMON STOCK,MCX,2,2,up,0.0000,0.3875,2015-07-10,0.00197,RUB
SMLT.MCX,Gk Samolet Pao,COMMON STOCK,MCX,6,1,down,0.0000,251.8,2023-12-10,81.2,RUB
ACU.US,Acme United Corporation,COMMON STOCK,AMEX,117,14,up,1.2547,63.76,2026-10-02,0.16,USD
CKX.US,CKX Lands Inc,COMMON STOCK,AMEX,49,3,up,0.0000,10.7,2018-04-04,0.12,USD
CVR.US,Chicago Rivet & Machine Co,COMMON STOCK,AMEX,183,1,down,0.5911,10.15,2026-03-06,0.03,USD
IOR.US,Income Opportunity Realty Investors,COMMON STOCK,AMEX,47,1,down,0.0000,18.23,2000-09-15,0.05,USD
INTT.US,inTest Corporation,COMMON STOCK,AMEX,1,1,new,0.0000,11.71,2012-12-06,0.08,USD
BKTI.US,BK Technologies Inc,COMMON STOCK,AMEX,27,2,up,0.0000,74.82,2022-10-24,0.15,USD
GLU.US,Gabelli Global Utility & Income Tr,COMMON STOCK,AMEX,269,19,up,18.2125,17.79,2026-12-11,0.11,USD
AMS.US,American Shared Hospital Service,COMMON STOCK,AMEX,19,1,down,0.0000,1.43,2007-06-28,0.048,USD
PLG.US,Platinum Group Metals Ltd,COMMON STOCK,AMEX,1,1,new,0.0000,1.29,2004-06-08,0.37,USD
SRXH.US,SRx Health Solutions Inc.,COMMON STOCK,AMEX,1,1,new,3.1646,1.58,2026-07-22,0.05,USD
SEB.US,Seaboard Corporation,COMMON STOCK,AMEX,144,1,down,0.2189,4110.7598,2026-08-14,2.25,USD
GENC.US,Gencor Industries Inc,COMMON STOCK,AMEX,4,4,up,0.0000,17.31,1998-12-29,0.02,USD
LGL.US,LGL Group Inc,COMMON STOCK,AMEX,18,2,up,0.0000,6.71,1999-09-02,11.94872,USD
DIT.US,AMCON Distributing Company,COMMON STOCK,AMEX,110,1,down,0.9868,67.56,2026-08-07,0.12,USD
OPHC.US,"OptimumBank Holdings, Inc.",COMMON STOCK,AMEX,4,1,down,0.0000,8.85,2009-06-09,0.2495,USD
STRW.US,Strawberry Fields REIT LLC,COMMON STOCK,AMEX,16,1,down,5.0382,13.1,2026-09-16,0.17,USD
BO.CO,Bang & Olufsen,COMMON STOCK,CO,16,1,down,0.0000,10.4,2008-09-29,0.65679,DKK
FLS.CO,FLSmidth & Co.,COMMON STOCK,CO,33,1,down,0.6914,578.5,2026-03-25,4,DKK
KRE.CO,Kreditbanken A/S,COMMON STOCK,CO,34,16,up,2.5381,9850,2026-03-19,250,DKK
ROCK-B.CO,ROCKWOOL International A/S,COMMON STOCK,CO,31,1,down,2.1626,191.9,2026-04-16,4.15,DKK
FASTPC.CO,Fastpasscorp A/S,COMMON STOCK,CO,4,2,flat,0.0000,42.4,2019-03-27,2,DKK
MAERSK-A.CO,A.P. Møller - Mærsk A/S,COMMON STOCK,CO,35,1,down,2.1505,22320,2026-03-26,480,DKK
NKT.CO,NKT A/S,COMMON STOCK,CO,24,4,up,0.0000,895,2017-03-31,4.5,DKK
JYSK.CO,Jyske Bank A/S,COMMON STOCK,CO,19,5,up,2.2422,1115,2026-03-18,25,DKK
PRIMOF.CO,Prime Office A/S,COMMON STOCK,CO,6,2,flat,1.2605,238,2026-04-24,3,DKK
AOJ-B.CO,Broedrene A&O Johansen A/S Series B,COMMON STOCK,CO,27,2,up,3.7129,101,2026-03-23,3.75,DKK
SCHO.CO,Schouw & Co.,COMMON STOCK,CO,38,23,up,2.0936,812,2026-04-17,17,DKK
CPHCAP-PREF32.CO,Copenhagen Capital A/S 40% Pfd.,COMMON STOCK,CO,3,3,flat,4.8193,8.3,2026-04-29,0.4,DKK
RBREW.CO,Royal Unibrew A/S,COMMON STOCK,CO,26,13,up,3.8517,415.4,2026-04-30,16,DKK
HOVE.CO,Hove AS,COMMON STOCK,CO,2,1,down,3.6765,6.8,2026-04-24,0.25,DKK
TIV.CO,Tivoli A/S,COMMON STOCK,CO,26,4,up,0.9136,602,2026-04-29,5.5,DKK
WEISDA.CO,Wealth Invest AKL SEB Danske Aktier P,COMMON STOCK,CO,1,1,new,4.5531,149.35,2026-02-04,6.8,DKK
HARB-B.CO,Harboes Bryggeri A/S,COMMON STOCK,CO,19,4,flat,1.7544,114,2026-08-24,2,DKK
ACCB.BR,Accentis,COMMON STOCK,BR,2,1,new,0.0000,0.0255,2022-06-23,0.0352,EUR
CPINV.BR,Care Property Invest NV,COMMON STOCK,BR,32,1,down,8.1967,12.2,2026-05-29,0.0767,EUR
KBCA.BR,KBC Ancora,COMMON STOCK,BR,20,2,up,4.3858,98.5,2026-06-02,4.32,EUR
TEXF.BR,Texaf SA,COMMON STOCK,BR,21,20,up,3.5106,37.6,2026-05-28,1.31999,EUR
ATEB.BR,Atenor SA,COMMON STOCK,BR,31,7,up,0.0000,1.095,2023-05-03,1.05347,EUR
BAR.BR,Barco NV,COMMON STOCK,BR,37,6,up,7.5653,7.27,2026-05-05,0.55,EUR
VIO.BR,Viohalco S.A.,COMMON STOCK,BR,7,7,up,1.0963,17.24,2026-06-25,0.189,EUR
BELYS.BR,Belysse Group N.V.,COMMON STOCK,BR,1,1,new,0.0000,0.393,2018-05-30,0.056,EUR
OBEL.BR,Orange Belgium SA,COMMON STOCK,BR,21,5,flat,0.0000,22.2,2021-06-15,0.35,EUR
CPACASC1.LIM,Cementos Pacasmayo S.A.A.,COMMON STOCK,LIM,29,2,flat,0.0000,8.39,2024-11-20,0.41,PEN0A0E.LSE,Kojamo Oyj,COMMON STOCK,LSE,5,1,down,0.0000,,2026-03-13,0.11,EUR
0A0I.LSE,Wihlborgs Fastigheter AB (publ),COMMON STOCK,LSE,19,19,up,4.5770,72.1,2026-04-23,3.3,SEK
0A00.LSE,Akzo Nobel N.V.,COMMON STOCK,LSE,37,1,down,3.4976,56.61,2026-04-27,1.54,EUR
0A0F.LSE,Citycon Oyj,COMMON STOCK,LSE,45,2,up,14.8248,7.42,2026-03-24,0.9,EUR
0A2B.LSE,"Banco Bilbao Vizcaya Argentaria, S.A.",COMMON STOCK,LSE,13,1,down,3.7166,29,2026-04-09,0.70836,EUR
0A2K.LSE,ING Groep N.V.,COMMON STOCK,LSE,15,4,up,8.6146,17.66,2026-08-10,0.46112,EUR
0A28.LSE,Prosus N.V.,COMMON STOCK,LSE,6,6,up,0.5532,36.1525,2025-10-30,0.2,EUR
0A0C.LSE,Stadler Rail AG,COMMON STOCK,LSE,7,2,up,1.6633,30.06,2026-05-07,0.5,CHF
0A0J.LSE,AAK AB,COMMON STOCK,LSE,19,19,up,2.9618,185.7,2026-05-11,5.5,SEK
0A0D.LSE,Alcon Inc.,COMMON STOCK,LSE,6,6,flat,0.5224,53.6,2026-05-05,0.28,CHF
0A27.LSE,MPC Container Ships ASA,COMMON STOCK,LSE,20,1,down,6.1415,28.55,2026-09-21,0.38171,NOK
0A05.LSE,Medacta Group S.A.,COMMON STOCK,LSE,5,5,up,0.9466,116.2,2026-05-07,1.1,CHF
0A22.LSE,Anheuser-Busch InBev SA/NV,COMMON STOCK,LSE,9,1,down,1.3541,77.16,2026-05-08,0.87263,EUR
0A0K.LSE,Nyfosa AB,COMMON STOCK,LSE,17,1,down,2.9820,72.1,2026-05-06,0.75,SEK
020Y.LSE,iShares IV Public Limited Company - iShares Euro Government Bond 20yr Target Duration UCITS ETF,ETF,LSE,23,1,down,3.8947,2.8988,2026-06-18,0.0575,EUR
0A2M.LSE,Koninklijke Philips N.V.,COMMON STOCK,LSE,5,4,up,4.0605,24.9486,2026-05-13,1.01303,EUR
0A2L.LSE,International Consolidated Airlines Group S.A.,COMMON STOCK,LSE,5,1,down,1.9770,11.42,2026-06-26,0.11425,GBP
0A33.LSE,ZTO Express (Cayman) Inc.,COMMON STOCK,LSE,9,1,down,3.4520,19.6986,2026-04-08,0.38,CNY
0A2Z.LSE,Tencent Music Entertainment Group,COMMON STOCK,LSE,3,3,up,2.7445,8.4824,2026-04-02,0.2328,CNY
0A2W.LSE,SAP SE,COMMON STOCK,LSE,7,5,up,1.7007,172.232,2026-05-05,2.92908,EUR
0A2V.LSE,Sanofi,COMMON STOCK,LSE,11,3,up,10.1671,41.17,2026-05-05,2.41895,EUR
0A39.LSE,Karnov Group AB,COMMON STOCK,LSE,2,2,up,0.0000,73.4,2021-05-06,1,SEK
0A2Y.LSE,"Telefónica, S.A.",COMMON STOCK,LSE,14,1,down,8.2045,4.24,2026-06-17,0.17191,EUR
0A37.LSE,Betsson AB,COMMON STOCK,LSE,2,1,new,3.7772,95.775,2025-11-11,3.61758,SEK
0A3M.LSE,BioNTech SE,COMMON STOCK,LSE,1,1,new,0.0000,98,2022-06-02,1.54983,EUR
0A3B.LSE,Musti Group Oyj,COMMON STOCK,LSE,3,2,up,0.0000,29.33,2024-08-21,0.3,EUR
0A3H.LSE,Pexip Holding ASA,COMMON STOCK,LSE,3,3,up,5.4348,73.6,2026-04-20,4,NOK
0A6X.LSE,Ambev S.A.,COMMON STOCK,LSE,10,1,down,4.8691,2.88,2026-09-23,0.00873,BRL
0A6V.LSE,Nordnet AB (publ),COMMON STOCK,LSE,7,4,up,5.4362,158.2,2026-04-28,8.6,SEK
0A6Y.LSE,Xerox Holdings Corp.,COMMON STOCK,LSE,56,1,down,1.5432,3.24,2025-12-30,0.025,USD
0A7O.LSE,Strategy Inc,COMMON STOCK,LSE,1,1,new,0.0000,159,2025-05-21,0.335,USD
0AB0.LSE,Poujoulat S.A.,COMMON STOCK,LSE,4,1,down,0.0000,5.68,2025-09-18,0.12,EUR
0A8P.LSE,"Walker & Dunlop, Inc.",COMMON STOCK,LSE,22,1,down,7.4287,36.48,2026-08-20,0.68,USD
0AA3.LSE,Nagarro SE,COMMON STOCK,LSE,2,2,flat,1.2723,78.6,2026-06-30,1,EUR
0BNS.LSE,Kesko Oyj Series A,COMMON STOCK,LSE,34,1,down,3.9911,22.55,2026-07-15,0.22,EUR
0DP0.LSE,Bank Polska Kasa Opieki SA,COMMON STOCK,LSE,17,2,up,36.3085,54.45,2026-06-12,19.77,PLN
0D1X.LSE,Groupe Guillin S.A.,COMMON STOCK,LSE,9,1,down,4.3902,20.5,2026-06-23,0.9,EUR
0E1L.LSE,CapMan Oyj Series B,COMMON STOCK,LSE,24,1,down,6.7644,1.774,2026-09-09,0.06,EUR
0F08.LSE,Kongsberg Gruppen ASA,COMMON STOCK,LSE,22,1,down,1.5803,308.6,2026-04-14,2.89296,NOK
0F4O.LSE,Lotus Bakeries N.V.,COMMON STOCK,LSE,12,12,up,0.5040,12500,2026-05-15,63,EUR
0EMB.LSE,Reach Subsea ASA,COMMON STOCK,LSE,3,3,up,0.0000,6.6,2022-05-31,0.18,NOK
0G91.LSE,TREVI - Finanziaria Industriale S.p.A.,COMMON STOCK,LSE,8,1,down,0.0000,4.774,2015-07-06,0.07,EUR
0EKE.LSE,Lisi S.A,COMMON STOCK,LSE,17,4,up,0.7354,62.55,2026-04-30,0.46,EUR
0GEG.LSE,Vaisala Oyj Series A,COMMON STOCK,LSE,20,8,up,1.4298,60.15,2026-03-25,0.86,EUR
0GWL.LSE,SAAB AB ser. B,COMMON STOCK,LSE,21,1,down,0.3535,622.4,2026-04-02,1.2,SEK
0H3Q.LSE,Deutsche Post AG NA O.N.,COMMON STOCK,LSE,21,7,up,3.3066,57.46,2026-05-06,1.9,EUR
0HAA.LSE,Fomento de Construcciones y Contratas SA,COMMON STOCK,LSE,18,8,up,4.6904,10.66,2026-07-14,0.5,EUR
0HAR.LSE,AXA SA,COMMON STOCK,LSE,21,7,up,5.2703,44.02,2026-05-11,2.32,EUR
0HAU.LSE,LVMH Moet Hennessy Louis Vuitton SE,COMMON STOCK,LSE,43,1,down,3.2561,399.25,2026-04-28,7.5,EUR
0HBT.LSE,Skanska AB ser. B,COMMON STOCK,LSE,19,3,up,3.0211,281.35,2026-04-01,8.5,SEK
0HC0.LSE,Sandvik AB,COMMON STOCK,LSE,18,6,up,1.6049,373.85,2026-04-29,6,SEK
0HD0.LSE,Ally Financial Inc.,COMMON STOCK,LSE,35,1,down,3.1136,38.54,2026-07-30,0.3,USD
0HG8.LSE,Elevance Health,COMMON STOCK,LSE,35,1,down,1.7457,393.54,2026-09-09,1.72,USD
0HDJ.LSE,Mekonomen AB,COMMON STOCK,LSE,17,4,up,2.8571,68.25,2025-11-14,1.95,SEK
0HIN.LSE,Assurant Inc.,COMMON STOCK,LSE,35,1,down,1.3289,264.89,2026-08-28,0.88,USD
0HJH.LSE,Autoliv Inc.,COMMON STOCK,LSE,31,1,down,3.0666,113.48,2026-08-28,0.87,SEK
0GE4.LSE,United Internet AG NA,COMMON STOCK,LSE,18,2,up,1.9539,25.59,2026-05-22,0.5,EUR
0HKP.LSE,BP PLC ADR,COMMON STOCK,LSE,35,1,down,4.5158,44.67,2026-08-14,0.5196,GBP
0HYJ.LSE,Cintas Corp.,COMMON STOCK,LSE,26,1,down,0.9301,201.05,2026-08-13,0.52,USD
0I58.LSE,Cummins Inc.,COMMON STOCK,LSE,35,1,down,1.5786,519.45,2026-08-20,2.2,USD
0I8F.LSE,Dentsply Sirona Inc.,COMMON STOCK,LSE,78,20,flat,1.7660,9.06,2025-12-24,0.16,USD
0IF3.LSE,Eastman Chemical Co.,COMMON STOCK,LSE,35,1,down,5.1072,65.79,2026-09-14,0.84,USD
0IN2.LSE,Groep Brussel Lambert NV,COMMON STOCK,LSE,19,6,up,4.8843,73.45,2026-05-14,3.5875,EUR
0ISM.LSE,HKFoods Oyj,COMMON STOCK,LSE,16,1,down,7.7658,1.674,2026-04-23,0.08,EUR
0IKH.LSE,Komercni Banka,COMMON STOCK,LSE,19,4,up,0.1790,534,2026-05-01,0.956,GBX
0IVR.LSE,Gladstone Investment Corp.,COMMON STOCK,LSE,122,1,down,6.0875,15.77,2026-09-21,0.08,USD
0IXL.LSE,NRJ Group S.A.,COMMON STOCK,LSE,11,1,down,3.8721,5.94,2026-06-02,0.23,EUR
0HWG.LSE,Chemours Co.,COMMON STOCK,LSE,35,1,down,2.4645,14.2014,2026-08-13,0.0875,USD
0JVQ.LSE,"Lowe's Companies, Inc.",COMMON STOCK,LSE,34,1,down,2.5709,188.65,2026-07-21,1.25,USD
0K3S.LSE,Murphy Oil Corp.,COMMON STOCK,LSE,31,5,up,0.8879,36.602,2025-11-14,0.325,USD
0H7D.LSE,Deutsche Bank AG NA O.N.,COMMON STOCK,LSE,27,7,up,3.1566,31.68,2026-05-29,1,EUR
0K8N.LSE,Beneteau SA,COMMON STOCK,LSE,15,1,down,4.0404,4.95,2026-06-17,0.2,EUR
0KGQ.LSE,United International Enterprises Ltd.,COMMON STOCK,LSE,25,1,down,2.3405,417,2026-05-21,6.46,DKK
0M5J.LSE,Aker BP ASA,COMMON STOCK,LSE,40,1,down,7.2027,349.6,2026-07-20,6.42588,NOK
0LJE.LSE,Universal Display Corp.,COMMON STOCK,LSE,35,1,down,2.5597,76.18,2026-09-15,0.5,USD
0MGV.LSE,Eramet SA,COMMON STOCK,LSE,9,1,down,0.0000,44.08,2025-06-02,0.15,EUR
0MKZ.LSE,Wienerberger AG,COMMON STOCK,LSE,16,9,flat,5.3311,17.82,2026-05-12,0.95,EUR
0JWG.LSE,MKS Instruments Inc.,COMMON STOCK,LSE,35,1,down,0.3754,258.39,2026-08-24,0.25,USD
0MOH.LSE,iShares (DE) I - iShares STOXX Europe 600 Oil & Gas UCITS ETF (DE),ETF,LSE,1,1,new,0.0000,56.47,2018-04-16,0.1703,EUR
0JLQ.LSE,Sanoma Oyj,COMMON STOCK,LSE,30,1,down,4.2181,9.72,2026-09-14,0.14,EUR
0MQT.LSE,Motor Oil Hellas Corinth Refineries S.A.,COMMON STOCK,LSE,32,1,down,2.7077,65.95,2026-06-26,1.42784,EUR
0MUN.LSE,Iren S.p.A.,COMMON STOCK,LSE,17,15,up,5.6364,2.459,2026-06-22,0.1386,EUR
0L9E.LSE,Stanley Black & Decker Inc.,COMMON STOCK,LSE,35,1,down,3.6971,90.07,2026-09-07,0.84,USD
0N9K.LSE,Elmos Semiconductor SE,COMMON STOCK,LSE,16,16,up,1.0388,144.4,2026-05-28,1.5,EUR
0K9W.LSE,Huhtamaki Oyj,COMMON STOCK,LSE,22,1,down,3.7383,29.96,2026-04-30,0.57,EUR
0NP8.LSE,Aeroports de Paris SA,COMMON STOCK,LSE,21,2,flat,2.7064,110.85,2026-06-02,3,EUR
0NC8.LSE,IT Link SA,COMMON STOCK,LSE,3,3,flat,3.6630,13.65,2026-07-06,0.5,EUR
0NV5.LSE,UPM-Kymmene Oyj,COMMON STOCK,LSE,21,17,flat,2.9674,25.275,2025-10-30,0.75,EUR
0NQH.LSE,Rhoen Klinikum AG,COMMON STOCK,LSE,15,2,up,1.3986,14.3,2026-05-28,0.2,EUR
0NXR.LSE,Raiffeisen Bank International AG,COMMON STOCK,LSE,16,2,up,2.4922,64.2,2026-04-14,1.6,EUR
0P6S.LSE,Bayer AG NA,COMMON STOCK,LSE,26,3,flat,0.2177,50.52,2026-04-27,0.11,EUR
0Q4G.LSE,Awilco LNG ASA,COMMON STOCK,LSE,7,2,up,0.0000,3.425,2024-09-02,0.2292,NOK
0Q7U.LSE,Fluxys Belgium S.A.,COMMON STOCK,LSE,10,9,flat,0.0000,21.7,2025-05-19,0.98,EUR
0QFA.LSE,Matas A/S,COMMON STOCK,LSE,12,6,flat,2.3502,85.1,2026-06-17,2,DKK
0QIM.LSE,CTT Correios de Portugal SA,COMMON STOCK,LSE,10,6,up,3.0303,6.27,2026-05-26,0.19,EUR
0QK3.LSE,Dufry AG,COMMON STOCK,LSE,5,3,up,0.0265,43.34,2026-05-08,0.0115,GBX
0QL7.LSE,Compagnie Financiere Tradition S.A.,COMMON STOCK,LSE,12,12,up,0.0297,252.5,2026-05-26,0.075,GBX
0QAH.LSE,Merck & Company Inc,COMMON STOCK,LSE,46,12,up,0.5711,148.83,2025-12-12,0.85,USD
0QLD.LSE,Swissquote Group Holding Ltd.,COMMON STOCK,LSE,9,9,up,0.0198,37.32,2026-05-11,0.0074,GBX
0QN2.LSE,Interroll Holding AG,COMMON STOCK,LSE,11,11,flat,0.0226,1418,2026-06-16,0.32,GBX
0QWB.LSE,Brederode,COMMON STOCK,LSE,13,9,up,1.4120,103.4,2026-05-18,1.46,EUR
0QN6.LSE,SF Urban Properties AG,COMMON STOCK,LSE,10,1,down,0.0179,102,2026-04-20,0.01825,GBX
0QZ6.LSE,"NIKE, Inc.",COMMON STOCK,LSE,48,1,down,4.4956,36.48,2026-09-01,0.41,USD
0QQ2.LSE,Geberit AG,COMMON STOCK,LSE,13,13,up,0.0235,550.1,2026-04-17,0.129,GBX
0QQN.LSE,Bucher Industries AG,COMMON STOCK,LSE,13,2,flat,0.0338,325,2026-04-20,0.11,GBX
0R2E.LSE,Union Pacific Corp.,COMMON STOCK,LSE,45,12,up,0.5034,274.16,2025-12-04,1.38,USD
0R2N.LSE,RTX Corporation,COMMON STOCK,LSE,100,1,down,1.4921,189,2026-08-13,0.73,USD
0R9C.LSE,Cellnex Telecom S.A.,COMMON STOCK,LSE,22,2,up,3.1879,23.46,2026-07-13,0.37687,EUR
0RAI.LSE,Europris ASA,COMMON STOCK,LSE,11,5,up,4.5900,81.7,2026-04-30,3.75,NOK
0RF6.LSE,Taaleri Oyj,COMMON STOCK,LSE,12,1,down,5.5021,7.27,2026-04-09,0.15,EUR
0RKH.LSE,BW Offshore Ltd.,COMMON STOCK,LSE,44,1,down,8.8164,40.4,2026-08-27,0.58346,NOK
0QQR.LSE,Gurit Holding AG,COMMON STOCK,LSE,10,1,down,0.0000,60,2024-04-22,0.0035,GBX
0RP0.LSE,Tikehau Capital SCA,COMMON STOCK,LSE,9,8,flat,4.8751,16.41,2026-05-01,0.8,EUR
0RP9.LSE,ArcelorMittal SA,COMMON STOCK,LSE,31,7,up,0.3909,60.8,2025-11-12,0.23766,EUR
0RUY.LSE,Umicore SA,COMMON STOCK,LSE,31,1,down,0.0000,21.21,2025-04-28,0.175,EUR
0UMG.LSE,Universal Music Group N.V.,COMMON STOCK,LSE,10,1,down,3.5714,14.56,2026-05-20,0.28,EUR
0YCG.LSE,Orsero S.p.A.,COMMON STOCK,LSE,8,2,up,3.2258,15.5,2026-05-11,0.5,EUR
500D.LSE,Amundi ETF S&P 500 UCITS ETF USD,ETF,LSE,4,1,down,0.8036,83.375,2025-12-09,0.67,USD
AH50.LSE,Xtrackers Harvest FTSE China A-H 50 UCITS ETF 1D,ETF,LSE,12,1,down,1.6141,32.415,2026-08-19,0.1834,USD
AJB.LSE,AJ Bell plc,COMMON STOCK,LSE,15,4,up,0.0257,574,2026-06-04,0.05,GBP
ATYM.LSE,Atalaya Mining Ltd,COMMON STOCK,LSE,11,2,up,0.0099,1042,2026-09-10,0.04719,GBP
BBUD.LSE,JPMorgan ETFs (Ireland) ICAV - BetaBuilders US Equity UCITS ETF - USD (dist),ETF,LSE,28,1,down,1.0757,66.59,2026-07-09,0.209,USD
BGFD.LSE,Baillie Gifford Japan Trust,COMMON STOCK,LSE,12,9,flat,0.0093,1074,2025-11-13,0.1,GBP
0RPK.LSE,Grand City Properties S.A.,COMMON STOCK,LSE,7,1,down,4.0872,7.34,2026-06-25,0.3,EUR
BMD.LSE,Baronsmead Second Venture Trust Plc,COMMON STOCK,LSE,52,3,flat,0.0901,44.4,2026-08-06,0.0175,GBP
BVXP.LSE,Bioventix,COMMON STOCK,LSE,25,1,down,0.0909,1650,2026-04-09,0.7,GBP
CLDN.LSE,Caledonia Investments,COMMON STOCK,LSE,97,1,down,0.0203,378.5,2026-07-02,0.04,GBP
CMCX.LSE,CMC Markets PLC,COMMON STOCK,LSE,23,1,down,0.0208,663,2026-07-09,0.083,GBP
DIG.LSE,Dunedin Income Growth Investment Trust PLC,COMMON STOCK,LSE,110,8,up,0.0652,309,2026-08-06,0.0425,GBP
EDOG.LSE,Global X Telemedicine & Digital Health ETF D GBP,ETF,LSE,2,1,down,0.0000,7.271,2025-01-23,0.2532,GBP
EEXF.LSE,iShares € Corp Bond ex-Financials UCITS ETF EUR (Dist) GBP,ETF,LSE,34,5,up,3.0020,89.985,2026-07-16,1.31588,GBP
CTG.LSE,Christie Group plc,COMMON STOCK,LSE,51,3,up,0.0260,182.5,2026-10-08,0.0125,GBP
EHYB.LSE,Invesco Euro Corporate Hybrid Bond UCITS ETF Inc GBP,ETF,LSE,24,1,down,0.0373,3247.25,2026-09-10,0.31916,GBP
EMLO.LSE,UBS(Lux)Fund Solutions – J.P. Morgan EM Multi-Factor Enhanced Local Currency Bd UCITS ETF(USD)A-dis,ETF,LSE,16,1,down,0.0583,965.1,2026-08-13,0.28501,GBP
ENRG.LSE,VH Global Energy Infrastructure Ord,COMMON STOCK,LSE,18,1,down,0.0630,69,2026-06-04,0.0145,GBP
FLUC.LSE,Franklin Liberty USD Investment Grade Corporate Bond UCITS ETF,ETF,LSE,16,1,down,4.3688,22.86,2026-06-11,0.5479,USD
ENW.LSE,Enwell Energy plc,COMMON STOCK,LSE,1,1,new,0.0000,11.5,2023-06-01,0.15,GBP
EQQQ.LSE,Invesco EQQQ NASDAQ-100 UCITS ETF,ETF,LSE,60,1,down,0.0022,55718,2026-09-10,0.28919,GBP
BEZ.LSE,Beazley plc,COMMON STOCK,LSE,37,6,flat,0.0191,1307,2026-03-19,0.25,GBP
ERN1.LSE,iShares Euro Ultrashort Bond UCITS,ETF,LSE,11,1,down,123.5945,86.445,2025-12-11,106.84125,GBP
ESO.LSE,EPE Special Opportunities Limited,COMMON STOCK,LSE,6,1,down,0.0000,209,2007-12-12,0.0995,GBP
FEMU.LSE,First Trust Global Funds Public Limited Company - First Trust Emerging Markets AlphaDEX UCITS ETF,ETF,LSE,1,1,new,0.0000,50.33,2014-12-31,0.6812,USD
FEXD.LSE,First Trust US Large Cap Core AlphaDEX UCITS Class B,ETF,LSE,45,1,down,0.0076,7377.5,2026-09-24,0.15001,GBP
GEDM.LSE,iShares MSCI EM IMI ESG Screened UCITS ETF USD (Dist) GBP,ETF,LSE,14,1,down,1.6518,6.777,2026-06-18,0.05448,GBP
FRXD.LSE,Franklin LibertyQ European Dividend UCITS ETF EUR,ETF,LSE,28,1,down,3.9838,36.395,2026-09-10,0.2141,EUR
GSK.LSE,GSK plc,COMMON STOCK,LSE,127,1,down,0.0366,1860,2026-08-13,0.17,GBP
HSDU.LSE,HSBC USA SUS EQ UCITS ETF USD (DIST),ETF,LSE,8,3,up,0.9064,41.7025,2026-08-06,0.1978,USD
HAS.LSE,Hays plc,COMMON STOCK,LSE,66,1,down,0.0114,64.2,2026-10-15,0.0029,GBP
HTWS.LSE,Helios Towers Plc,COMMON STOCK,LSE,1,1,new,0.0028,213,2026-08-06,0.00604,GBP
HYUS.LSE,iShares Broad $ High Yield Corp Bond UCITS ETF USD (Dist),ETF,LSE,10,1,down,7.4683,4.574,2026-07-16,0.0838,USD
IHYG.LSE,iShares € High Yield Corp Bond UCITS ETF EUR (Dist),ETF,LSE,32,1,down,5.3133,88.48,2026-09-17,1.2063,EUR
IMI.LSE,IMI PLC,COMMON STOCK,LSE,69,6,up,0.0113,3126,2026-08-13,0.121,GBP
INF.LSE,Informa PLC,COMMON STOCK,LSE,42,5,up,0.0257,875.4,2026-08-06,0.0748,GBP
ISEU.LSE,iShares Core MSCI Europe UCITS ETF EUR (Dist) USD,ETF,LSE,39,1,down,2.5178,45.23,2026-08-20,0.38975,USD
IDBT.LSE,iShares $ Treasury Bond 1-3yr UCITS ETF USD (Dist),ETF,LSE,40,1,down,3.9415,124.8,2026-09-17,2.4391,USD
JAM.LSE,JPMorgan American Investment Trust,COMMON STOCK,LSE,93,14,up,0.0093,1232,2026-08-27,0.0275,GBP
JEQP.LSE,JPM Nasdaq Equity Premium Income Active UCITS ETF USD Dist GBP,ETF,LSE,22,1,down,0.1047,2088.5,2026-09-10,0.1942,GBP
MIND.LSE,Mind Gym Ltd,COMMON STOCK,LSE,3,2,up,0.0000,6.375,2019-12-19,0.009,GBP
KETL.LSE,Strix Group Plc,COMMON STOCK,LSE,13,1,down,0.0000,33.3,2023-11-16,0.009,GBP
JLEN.LSE,JLEN Environmental Assets Group Ltd,COMMON STOCK,LSE,46,1,down,0.0899,88.8,2026-09-03,0.0201,GBP
MRCH.LSE,Merchants Trust PLC,COMMON STOCK,LSE,188,17,up,0.0557,668,2026-10-08,0.075,GBP
IMBS.LSE,iShares US Mortgage Backed Securities UCITS,ETF,LSE,21,1,down,3.8837,3.9815,2026-06-18,0.07818,USD
MLTI.LSE,60/30/10 MULTI-ASSET BALANCED ETP,ETF,LSE,5,1,new,0.1502,638.625,2026-08-03,0.12056,GBP
MSDG.LSE,Amundi Index Solutions - Amundi Index MSCI Emerging Markets SRI PAB UCITS ETF DR D GBP,ETF,LSE,6,2,up,0.0162,5335.5,2025-12-09,0.86482,GBP
RIII.LSE,Rights and Issues Investment Trust Public Limited Company,COMMON STOCK,LSE,97,10,up,0.0183,2470,2026-08-27,0.125,GBP
MVI.LSE,Marwyn Value Investors Limited,COMMON STOCK,LSE,38,1,down,0.0640,141.5,2026-08-06,0.02265,GBP
MUNI.LSE,Invesco US Municipal Bond UCITS ETF Dist,ETF,LSE,23,1,down,4.9949,30.1925,2026-09-10,0.3934,USD
NAVF.LSE,Nippon Active Value Fund Plc,COMMON STOCK,LSE,6,3,up,0.0252,219,2026-06-18,0.0552,GBP
NCYF.LSE,CQS New City High Yield Fund,COMMON STOCK,LSE,89,1,down,0.0892,50.7,2026-07-30,0.0152,GBP
NET.LSE,Netcall plc,COMMON STOCK,LSE,17,7,up,0.0075,125,2025-12-29,0.0094,GBP
NEXS.LSE,Nexus Infrastructure plc,COMMON STOCK,LSE,15,4,flat,0.0319,94,2026-05-21,0.01,GBP
ORCY.LSE,Oracle (ORCL) Options ETP,ETF,LSE,2,1,new,21.1938,5.5488,2026-08-03,0.36,USD
NFLY.LSE,IncomeShares Netflix (NFLX) Options ETP,ETF,LSE,2,1,new,8.6131,6.8825,2026-08-03,0.4488,USD
NRJU.LSE,Lyxor MSCI New Energy ESG Filtered (DR) UCITS ETF Dist USD,ETF,LSE,5,1,down,0.3571,45.5875,2025-12-09,0.16281,USD
PNL.LSE,Personal Assets Trust plc,COMMON STOCK,LSE,110,1,down,0.0104,541,2026-08-20,0.014,GBP
PSRE.LSE,Invesco Markets III plc - Invesco FTSE RAFI Europe UCITS ETF,ETF,LSE,52,1,down,0.0283,1375.2,2026-09-10,0.07478,GBP
QDIV.LSE,iShares MSCI USA Dividend IQ UCITS,ETF,LSE,27,1,down,1.5710,65.92,2026-08-20,0.2974,USD
RCP.LSE,RIT Capital Partners,COMMON STOCK,LSE,52,17,up,0.0264,2515,2026-10-01,0.225,GBP
PEBB.LSE,The Pebble Group PLC,COMMON STOCK,LSE,4,4,up,0.0328,61,2026-04-16,0.02,GBP
RTWP.LSE,Legal & General UCITS ETF Plc - L&G Russell 2000 US Small Cap UCITS ETF,ETF,LSE,2,2,up,0.0000,10141,2010-12-23,0.05842,GBP
SAFE.LSE,Safestore Holdings Plc,COMMON STOCK,LSE,39,3,up,0.0587,524.5,2026-07-02,0.102,GBP
SBEM.LSE,UBS(Lux)Fund Solutions – Bloomberg USD Emerging Markets Sovereign UCITS ETF(USD)A-dis,ETF,LSE,21,1,down,0.0680,681.375,2026-08-13,0.21964,GBP
SBRE.LSE,Sabre Insurance Group PLC,COMMON STOCK,LSE,17,1,down,0.0816,174,2026-08-20,0.041,GBP
SGSU.LSE,iShares $ Corp Bond 0-3yr ESG UCITS ETF GBP Hedged (Dist),ETF,LSE,13,1,down,4.4714,4.739,2026-05-21,0.0995,GBP
SLVI.LSE,IncomeShares Silver+ Yield ETP,ETF,LSE,14,2,up,0.1459,4076,2026-09-01,0.44901,GBP
SMT.LSE,Scottish Mortgage Investment Trust plc,COMMON STOCK,LSE,68,1,down,0.0029,1565.5,2026-06-11,0.0297,GBP
SRIW.LSE,UBS (Irl) ETF plc – MSCI World Socially Responsible UCITS ETF (USD) A-dis GBP,ETF,LSE,13,1,down,0.0104,1991.7,2026-08-13,0.13429,GBP
SPYO.LSE,IncomeShares S&P500 Options (0DTE) ETP GBP,ETF,LSE,23,1,down,0.4165,338.85,2026-08-03,0.08201,GBP
RMV.LSE,Rightmove PLC,COMMON STOCK,LSE,40,7,up,0.0244,440.1,2026-09-24,0.0417,GBP
SRUG.LSE,UBS (Irl) ETF plc - MSCI USA Socially Responsible UCITS ETF (hedged to GBP) A-dis,ETF,LSE,12,1,down,0.0080,2521.5,2026-08-13,0.1089,GBP
SUP.LSE,Supreme PLC,COMMON STOCK,LSE,10,1,down,0.0396,136.5,2026-08-20,0.038,GBP
SUSS.LSE,iShares € Corp Bond 0-3yr ESG SRI UCITS ETF EUR (Dist) GBP,ETF,LSE,21,1,down,0.0297,422.3,2026-05-21,0.05947,GBP
T3GB.LSE,Invesco US Treasury Bond 1-3 Year UCITS ETF GBP Hdg Dist,ETF,LSE,28,1,down,0.0385,3618.75,2026-09-10,0.346,GBP
TBCG.LSE,TBC Bank Group PLC,COMMON STOCK,LSE,16,1,down,0.0470,5400,2026-08-13,0.49339,GBP
TEEG.LSE,Telecom Egypt Company S.A.E,COMMON STOCK,LSE,13,1,down,4.0354,2.8,2026-04-24,0.11299,USD
TIPU.LSE,Lyxor US TIPS DR UCITS D-USD,ETF,LSE,9,5,up,1.1339,113.77,2025-12-09,1.29,USD
TPT.LSE,Topps Tiles PLC,COMMON STOCK,LSE,52,1,down,0.0864,35.9,2026-06-04,0.01,GBP
TFGD.LSE,Tabula Global High Yield Fallen Angels Paris-aligned Climate UCITS ETF GBP-Hedged Dist,ETF,LSE,5,1,down,5.8190,9.8935,2026-06-25,0.3037,GBP
TRIS.LSE,Invesco US Treasury Bond 0-1 Year UCITS ETF USD Dist GBP,ETF,LSE,26,1,down,0.0382,3051,2026-09-10,0.28512,GBP
U127.LSE,Amundi MSCI Emerging Markets II UCITS ETF Inc,ETF,LSE,3,2,up,0.0000,75.59,2022-07-06,0.96634,USD
UC46.LSE,UBS MSCI USA Socially Responsible UCITS,ETF,LSE,26,1,down,0.0044,22239,2026-08-13,0.7439,GBP
VDUC.LSE,Vanguard USD Corporate 1-3 year Bond UCITS ETF,ETF,LSE,100,1,down,4.4582,48.4,2026-09-17,0.1621,USD
V3MM.LSE,Vanguard ESG Emerging Markets All Cap UCITS ETF USD Inc GBP,ETF,LSE,16,1,down,1.8638,6.579,2026-09-17,0.04424,GBP
VGGP.LSE,Vanguard Funds PLC - Vanguard Global Government Bond UCITS ETF GBP Hedged Distributing,ETF,LSE,18,2,up,3.5348,4.7808,2026-09-17,0.01352,GBP
SDY.LSE,Speedy Hire PLC,COMMON STOCK,LSE,66,1,down,0.0653,15.32,2026-08-20,0.007,GBP
SMSN.LSE,Samsung Electronics Co. Ltd,COMMON STOCK,LSE,55,1,down,0.4663,4824,2026-06-29,6.77939,USD
VIP.LSE,Value & Income Trust,COMMON STOCK,LSE,102,1,down,0.0864,209.5,2026-10-01,0.037,GBP
VLX.LSE,Volex Plc,COMMON STOCK,LSE,41,1,down,0.0076,632,2026-08-13,0.032,GBP
VTA.LSE,Volta Finance Limited,COMMON STOCK,LSE,43,1,down,9.6639,5.95,2026-07-09,0.135,EUR
VTU.LSE,Vertu Motors Plc,COMMON STOCK,LSE,29,1,down,0.0241,84.9,2026-06-25,0.0115,GBP
WNER.LSE,WisdomTree New Economy Real Estate UCITS ETF - USD,ETF,LSE,9,3,up,1.7296,27.1275,2026-07-02,0.288,USD
WSP.LSE,Wynnstay Properties PLC,COMMON STOCK,LSE,63,1,down,0.0317,900,2026-06-25,0.18,GBP
WVIA.LSE,Winvia Entertainment PLC,COMMON STOCK,LSE,1,1,new,0.0207,285,2026-06-04,0.059,GBP
WRDG.LSE,UBS Core MSCI World UCITS ETF hGBP dis,ETF,LSE,5,1,down,0.0130,447.375,2026-08-13,0.0326,GBP
XASX.LSE,Xtrackers - Xtrackers MSCI UK ESG UCITS ETF 1D,ETF,LSE,28,1,down,0.0318,505.3,2026-08-19,0.0491,GBP
XCUD.LSE,Xtrackers MSCI USA Climate Transition UCITS ETF 1D USD,ETF,LSE,13,1,down,0.7087,58.815,2026-08-19,0.1038,USD
XGEP.LSE,Xtrackers II Eurozone Government Bond 3-5 UCITS ETF 2D -GBP Hedged,ETF,LSE,6,3,up,2.4544,8.768,2026-08-19,0.1107,GBP
XSCS.LSE,Xtrackers MSCI USA Consumer Staples UCITS,ETF,LSE,13,1,down,0.0194,3699.75,2026-08-19,0.36014,GBP
XDUK.LSE,Xtrackers FTSE 100 UCITS ETF 1C,ETF,LSE,1,1,new,0.0000,1735,2013-07-25,0.11,GBP
STS.LSE,STS Global Income & Growth Trust PLC,COMMON STOCK,LSE,119,1,down,0.0384,220,2026-06-04,0.02152,GBP
YADI.LSE,ANALOG DEVICES (ADI) OPTIONS ETP,ETF,LSE,5,1,new,0.1950,747,2026-08-03,0.3334,GBP
YNGA.LSE,Young & Co’S Brewery A,COMMON STOCK,LSE,67,1,down,0.0290,844,2026-06-04,0.1222,GBP
YMST.LSE,IncomeShares Microstrategy (MSTR) Options ETP,ETF,LSE,11,2,up,130.0278,6.3338,2026-09-01,0.6246,USD
XYLU.LSE,Global X S&P 500® Covered Call UCITS ETF Inc,ETF,LSE,38,1,down,10.1898,15.871,2026-09-10,0.11513,USD
YTXN.LSE,TEXAS INSTRUMENTS (TXN) OPTIONS ETP,ETF,LSE,5,1,new,0.2548,746.125,2026-08-03,0.45887,GBP
YMAP.LSE,YieldMax Big Tech Option Income UCITS ETF,ETF,LSE,17,1,down,0.2641,3129,2026-09-21,0.63791,GBP
YGLM.LSE,IncomeShares Gold Miners+ Yield ETP,ETF,LSE,3,1,new,0.1470,570.125,2026-08-03,0.20689,GBP
YRIO.LSE,RIOT (RIOT) OPTIONS ETP,ETF,LSE,5,1,new,0.6070,571.25,2026-08-03,0.67483,GBP
0103.HK,Shougang Concord Century Holdings Ltd,COMMON STOCK,HK,26,1,down,3.7321,2.09,2026-07-16,0.078,HKD
0022.HK,Mexan Ltd,COMMON STOCK,HK,18,2,up,0.0000,2.69,2025-05-13,9.05,HKD
0097.HK,Henderson Investment Ltd,COMMON STOCK,HK,71,1,down,0.0000,0.138,2023-06-07,0.01,HKD
0064.HK,Get Nice Holdings Ltd,COMMON STOCK,HK,50,2,flat,1.2953,3.86,2025-12-16,0.05,HKD
0136.HK,China Ruyi Holdings Ltd,COMMON STOCK,HK,9,4,flat,0.0000,1.515,2006-08-16,5.31359,HKD
0029.HK,Dynamic Holdings Ltd,COMMON STOCK,HK,63,1,down,0.1067,8.9,2026-03-26,0.0045,HKD
0030.HK,Ban Loong Holdings Ltd,COMMON STOCK,HK,29,2,up,0.0000,0.23,2008-08-05,0.53839,HKD
0113.HK,Dickson Concepts International Ltd,COMMON STOCK,HK,63,2,up,7.7453,5.81,2026-08-11,0.25,HKD
0075.HK,YT Realty Group Ltd,COMMON STOCK,HK,30,3,flat,0.0000,0.151,2020-05-20,0.01,HKD
0016.HK,Sun Hung Kai Properties Ltd,COMMON STOCK,HK,73,1,down,3.5130,107.6,2026-03-11,0.98,HKD
0041.HK,Great Eagle Holdings Ltd,COMMON STOCK,HK,73,9,up,7.6265,14.03,2026-09-28,0.37,HKD
0127.HK,Chinese Estates Holdings Ltd,COMMON STOCK,HK,60,2,up,0.0000,1.01,2025-08-27,0.01,HKD
0144.HK,China Merchants Port Holdings Co Ltd,COMMON STOCK,HK,67,1,down,4.3166,17.12,2026-09-24,0.25,HKD
0152.HK,Shenzhen International Holdings Ltd,COMMON STOCK,HK,24,1,down,9.1179,5.045,2026-05-15,0.46,HKD
0178.HK,Sa Sa International Holdings Ltd,COMMON STOCK,HK,49,1,down,2.6407,1.155,2026-08-31,0.019,HKD
0163.HK,Emperor International Holdings Ltd,COMMON STOCK,HK,54,1,down,0.0000,0.108,2024-08-29,0.003,HKD
0201.HK,Magnificent Hotel Investments Ltd,COMMON STOCK,HK,15,1,down,0.0000,0.057,2020-06-08,0.0008,HKD
0185.HK,Zensun Enterprises Ltd,COMMON STOCK,HK,3,1,down,0.0000,0.061,2021-06-10,0.098,HKD
0168.HK,Tsingtao Brew,COMMON STOCK,HK,31,10,up,6.8182,39.6,2026-06-30,2.7,HKD
0224.HK,Pioneer Global Group Ltd,COMMON STOCK,HK,50,2,up,3.3898,0.59,2026-09-24,0.02,HKD
0234.HK,New Century Group Hong Kong Ltd,COMMON STOCK,HK,20,1,down,0.0000,0.034,2019-09-27,0.003,HKD
0244.HK,Sincere Co Ltd,COMMON STOCK,HK,12,2,up,0.0000,0.305,2013-08-01,0.01391,HKD
0240.HK,Build King Holdings Ltd,COMMON STOCK,HK,17,2,flat,7.2727,1.375,2026-09-09,0.04,HKD
0247.HK,Tsim Sha Tsui Properties Ltd,COMMON STOCK,HK,49,1,down,2.9974,19.35,2026-03-12,0.15,HKD
0251.HK,S E A Holdings Ltd,COMMON STOCK,HK,73,9,flat,4.5455,1.1,2026-09-21,0.02,HKD
0130.HK,Moiselle International Holdings Ltd,COMMON STOCK,HK,33,2,up,0.0000,0.17,2018-09-10,0.04,HKD
0005.HK,HSBC Holdings PLC,COMMON STOCK,HK,114,1,down,3.6928,158.9,2026-08-13,0.78472,HKD
0272.HK,Shui On Land Ltd,COMMON STOCK,HK,35,2,up,9.3023,0.43,2026-09-09,0.04,HKD
0267.HK,Citic Pacific,COMMON STOCK,HK,74,2,up,5.1572,13.29,2026-09-14,0.24269,HKD
0313.HK,Richly Field China Development Ltd,COMMON STOCK,HK,3,1,down,0.0000,0.062,1997-09-18,0.81159,HKD
0309.HK,Xinhua News Media Holdings Ltd,COMMON STOCK,HK,4,1,down,0.0000,0.865,2005-08-18,0.2,HKD
0318.HK,Vongroup Ltd,COMMON STOCK,HK,5,1,down,0.0000,0.89,2004-02-23,0.6,HKD
0330.HK,Esprit Holdings,COMMON STOCK,HK,38,1,down,0.0000,0.445,2015-03-11,0.14261,HKD
0333.HK,Top Form International Ltd,COMMON STOCK,HK,33,6,flat,0.0000,0.19,2018-11-09,0.04453,HKD
0335.HK,Upbest Group Ltd,COMMON STOCK,HK,27,2,up,3.1746,0.63,2026-09-07,0.02,HKD
0334.HK,China Display Optoelectronics Technology Holdings Ltd,COMMON STOCK,HK,12,2,flat,0.0000,0.285,2018-06-12,0.02,HKD
0358.HK,Jiangxi Copper,COMMON STOCK,HK,31,1,down,3.5422,31.84,2026-06-11,0.6896,HKD
0372.HK,PT International Development Corporation Ltd,COMMON STOCK,HK,27,1,down,0.0000,0.173,2016-08-19,0.10691,HKD
0182.HK,Concord New Energy Group Ltd,COMMON STOCK,HK,15,1,down,0.9524,0.315,2026-06-30,0.003,HKD
0377.HK,Huajun Holdings Ltd,COMMON STOCK,HK,13,5,up,0.0000,1.03,2015-08-21,2.48,HKD
0285.HK,BYD Electronic International Co Ltd,COMMON STOCK,HK,16,1,down,0.7849,22.84,2026-06-11,0.17928,HKD
0388.HK,Hong Kong Exchange and Clearing Ltd,COMMON STOCK,HK,53,5,up,3.5898,388.6,2026-09-01,7.43,HKD
0499.HK,Qingdao Holdings International Ltd,COMMON STOCK,HK,1,1,new,0.0000,0.204,2014-08-20,0.13067,HKD
0505.HK,Xingye Alloy Materials Group Ltd,COMMON STOCK,HK,9,1,down,3.0000,1,2026-09-14,0.03,HKD
0510.HK,CASH Financial Services Group Ltd,COMMON STOCK,HK,8,2,up,0.0000,0.425,2011-05-12,0.08,HKD
0498.HK,Blue River Holdings Ltd,COMMON STOCK,HK,37,1,down,0.0000,0.071,2015-09-17,0.025,HKD
0411.HK,Lam Soon Hong Kong Ltd,COMMON STOCK,HK,55,1,down,4.1739,11.5,2026-03-10,0.15,HKD
0512.HK,China Grand Pharmaceutical and Healthcare Holdings Ltd,COMMON STOCK,HK,10,1,down,3.4917,4.84,2026-06-12,0.169,HKD
0511.HK,Television Broadcasts Ltd,COMMON STOCK,HK,61,1,down,0.0000,2.05,2020-06-01,0.2,HKD
0544.HK,Daido Group Ltd,COMMON STOCK,HK,3,3,flat,0.0000,0.91,2003-05-22,1.5,HKD
0480.HK,HKR International Ltd,COMMON STOCK,HK,55,1,down,0.0000,1,2023-08-28,0.01,HKD
0522.HK,ASM Pacific Technology Ltd,COMMON STOCK,HK,75,2,up,1.1118,158.3,2026-08-11,0.97,HKD
0533.HK,Goldlion Holdings Ltd,COMMON STOCK,HK,64,2,up,1.8405,0.815,2026-06-04,0.015,HKD
0475.HK,Central Development Holdings Ltd,COMMON STOCK,HK,4,1,down,0.0000,0.265,2008-12-22,0.01244,HKD
0535.HK,Gemdale Properties and Investment Corp Ltd,COMMON STOCK,HK,24,1,down,0.0000,0.099,2024-07-19,0.00114,HKD
0559.HK,DeTai New Energy Group Ltd,COMMON STOCK,HK,6,1,down,0.0000,0.126,2007-05-08,1,HKD
0579.HK,Beijing Jingneng Clean Energy Co Ltd,COMMON STOCK,HK,15,5,up,9.9000,1.6,2026-06-29,0.1584,HKD
0601.HK,Rare Earth Magnesium Technology Group Holdings Ltd,COMMON STOCK,HK,16,1,down,0.0000,0.054,2020-07-03,0.0471,HKD
0619.HK,South China Financial Holdings Ltd,COMMON STOCK,HK,14,1,down,0.0000,0.29,2011-05-25,0.1216,HKD
0621.HK,Taung Gold International Ltd,COMMON STOCK,HK,1,1,new,0.0000,0.43,2000-01-03,0.01,HKD
0638.HK,FIBOCOM,COMMON STOCK,HK,1,1,new,3.7925,7.06,2026-06-02,0.26775,HKD
0629.HK,Yue Da Mining Holdings Ltd,COMMON STOCK,HK,8,3,up,2.0000,0.275,2026-05-29,0.0055,HKD
0513.HK,Continental Holdings Ltd,COMMON STOCK,HK,30,2,flat,0.0000,0.16,2022-12-07,0.02,HKD
0653.HK,Bonjour Holdings Limited,COMMON STOCK,HK,24,1,down,0.0000,1.265,2016-09-08,0.48028,HKD
0655.HK,Hongkong Chinese Ltd,COMMON STOCK,HK,53,1,down,0.0000,0.41,2024-06-11,0.01,HKD
0506.HK,China Foods Ltd,COMMON STOCK,HK,53,9,up,4.7709,3.71,2026-06-15,0.177,HKD
0632.HK,CHK Oil Ltd,COMMON STOCK,HK,6,1,down,0.0000,0.172,2011-05-20,0.39734,HKD
0656.HK,Fosun International Ltd,COMMON STOCK,HK,19,1,down,0.0000,4.995,2025-06-11,0.02,HKD
0640.HK,Infinity Development Holdings Company Ltd,COMMON STOCK,HK,23,1,down,7.8959,2.305,2026-06-02,0.079,HKD
0635.HK,Playmates Holdings Ltd,COMMON STOCK,HK,44,1,down,0.0000,0.5,2024-04-03,0.015,HKD
0627.HK,Fullsun International Holdings Group Co. Limited,COMMON STOCK,HK,10,1,down,0.0000,0.705,2007-02-12,13.43748,HKD
0637.HK,Lee Kee Holdings Ltd,COMMON STOCK,HK,17,2,flat,0.0000,0.174,2022-08-30,0.01,HKD
0641.HK,CHTC Fong’s Industries Co Ltd,COMMON STOCK,HK,30,1,down,0.0000,0.38,2022-06-13,0.01,HKD
0639.HK,Shougang Fushan Resources Group Ltd,COMMON STOCK,HK,37,1,down,8.1633,2.695,2026-09-18,0.1,HKD
0643.HK,Carry Wealth Holdings Ltd,COMMON STOCK,HK,16,1,down,0.0000,0.151,2022-09-08,0.002,HKD
0487.HK,Success Universe Group Ltd,COMMON STOCK,HK,6,1,down,0.0000,0.041,2006-07-06,0.00148,HKD
0645.HK,Ares Asia Limited,COMMON STOCK,HK,18,6,up,0.0000,0.181,2009-09-04,0.29178,HKD
0675.HK,K & P International Holdings Ltd,COMMON STOCK,HK,27,1,down,5.4054,0.37,2026-06-03,0.02,HKD
0636.HK,Kerry Logistics Network Ltd,COMMON STOCK,HK,30,2,up,4.7579,5.885,2026-09-09,0.12,HKD
0611.HK,China Nuclear Energy Technology Corp Ltd,COMMON STOCK,HK,18,1,down,0.0000,0.435,2010-01-07,0.01,HKD
0686.HK,Beijing Energy International Holding Co Ltd,COMMON STOCK,HK,5,1,down,14.2857,0.56,2026-06-23,0.08,HKD
0716.HK,Singamas Container Holdings Ltd,COMMON STOCK,HK,42,1,down,9.2105,0.38,2026-09-14,0.015,HKD
0767.HK,Zhong Ji Longevity Science Group Ltd,COMMON STOCK,HK,1,1,new,0.0000,0.48,1997-05-16,223.1731,HKD
0731.HK,Samson Paper Holdings Limited,COMMON STOCK,HK,46,1,down,0.0000,0.27,2019-12-20,40,HKD
0719.HK,Shandong Xinhua Pharmaceutical Co Ltd,COMMON STOCK,HK,30,1,down,3.0313,5.69,2026-07-10,0.17248,HKD
0709.HK,Giordano International Ltd,COMMON STOCK,HK,68,1,down,9.9242,1.32,2026-09-14,0.067,HKD
0798.HK,China Electronics Optics Valley Union Holding Co Ltd,COMMON STOCK,HK,13,1,down,3.7121,0.132,2026-06-18,0.0049,HKD
0733.HK,Hopefluent Group Holdings Ltd,COMMON STOCK,HK,32,1,down,0.0000,0.185,2021-09-20,0.005,HKD
0789.HK,Artini Holdings Ltd,COMMON STOCK,HK,1,1,new,0.0000,1.265,2008-08-25,0.91667,HKD
0776.HK,Imperium Group Global Holdings Ltd,COMMON STOCK,HK,6,5,up,0.0000,0.233,2011-06-03,0.59417,HKD
0844.HK,Greatime International Holdings Ltd,COMMON STOCK,HK,2,1,down,0.0000,0.365,2015-05-27,0.02,HKD
0794.HK,Come Sure Group Holdings Ltd,COMMON STOCK,HK,9,1,down,0.0000,0.355,2019-09-25,0.04,HKD
0799.HK,IGG Inc,COMMON STOCK,HK,22,3,up,18.2680,3.06,2026-08-28,0.082,HKD
0827.HK,Ko Yo Chemical Group Ltd,COMMON STOCK,HK,11,1,down,0.0000,0.039,2008-09-01,0.0015,HKD
0814.HK,Beijing Jingkelong Co Ltd,COMMON STOCK,HK,16,1,down,0.0000,0.246,2022-05-19,0.05859,HKD
0832.HK,Central China Real Estate Ltd,COMMON STOCK,HK,19,1,down,0.0000,0.04,2022-06-06,0.027,HKD
0853.HK,MicroPort Scientific Corp,COMMON STOCK,HK,8,1,down,0.0000,6.075,2021-06-28,0.043,HKD
0867.HK,China Medical System Holdings Ltd,COMMON STOCK,HK,32,3,up,3.2824,10.48,2026-08-28,0.189,HKD
0848.HK,Maoye International Holdings Ltd,COMMON STOCK,HK,19,1,down,0.0000,0.099,2024-05-10,0.0075,HKD
0861.HK,Digital China Holdings Ltd,COMMON STOCK,HK,28,1,down,1.3483,2.67,2026-07-03,0.036,HKD
0887.HK,Emperor Watch & Jewellery Ltd,COMMON STOCK,HK,30,2,up,7.1579,0.285,2026-09-02,0.009,HKD
0926.HK,Besunyen Holdings Co Ltd,COMMON STOCK,HK,12,1,down,0.0000,2.335,2025-08-27,0.15,HKD
0922.HK,Anxian Yuan China Holdings Ltd,COMMON STOCK,HK,12,1,down,0.0000,0.101,2025-09-10,0.011,HKD
0954.HK,Changmao Biochemical Engineering Co Ltd,COMMON STOCK,HK,17,2,up,0.0000,0.223,2023-05-22,0.08683,HKD
0986.HK,China Environmental Energy Investment Ltd,COMMON STOCK,HK,13,1,down,0.0000,0.118,2003-01-02,2983.98543,HKD
0984.HK,AEON Stores Hong Kong Co Ltd,COMMON STOCK,HK,55,1,down,0.0000,0.255,2023-10-03,0.02,HKD
0989.HK,Hua Yin International Holdings Ltd,COMMON STOCK,HK,3,1,down,0.0000,0.545,2009-09-16,0.69766,HKD
1030.HK,Seazen Group Ltd,COMMON STOCK,HK,10,2,up,0.0000,1.48,2021-06-11,0.49436,HKD
1044.HK,Hengan Intl Group Ltd-H,COMMON STOCK,HK,55,2,up,8.0756,19.84,2026-09-04,0.8087,HKD
106.HK,Landsea Green Properties Co. Ltd.,COMMON STOCK,HK,9,1,down,0.0000,0.019,2021-07-08,0.03,HKD
1058.HK,Guangdong Tannery Ltd,COMMON STOCK,HK,2,2,up,0.0000,0.37,1998-06-18,0.018,HKD
1082.HK,Hong Kong Education Intl Investments Ltd,COMMON STOCK,HK,1,1,new,0.0000,1.01,2012-03-02,0.36654,HKD
1071.HK,Huadian Power International Corp Ltd,COMMON STOCK,HK,33,1,down,6.3005,4.11,2026-06-01,0.16054,HKD
1122.HK,Qingling Motors Group Co Ltd,COMMON STOCK,HK,28,2,up,0.0000,0.465,2022-06-07,0.12924,HKD
113.HK,Dickson Concepts (International) Ltd.,COMMON STOCK,HK,41,4,up,0.0000,5.81,2024-08-13,0.35,HKD
1134.HK,Kelfred Holdings Ltd,COMMON STOCK,HK,1,1,new,0.0000,0.23,2020-05-26,0.02,HKD
1153.HK,Jiayuan Services Holdings Ltd,COMMON STOCK,HK,3,1,down,0.0000,0.33,2022-07-12,0.079,HKD
1161.HK,Water Oasis Group Ltd,COMMON STOCK,HK,47,2,up,6.0000,1.25,2026-06-12,0.05,HKD
0876.HK,Kaisa Health Group Holdings Ltd,COMMON STOCK,HK,23,4,up,0.0000,1.6,2014-05-22,1.875,HKD
0969.HK,Hua Lien International Holding Co Ltd,COMMON STOCK,HK,2,2,up,0.0000,0.112,2002-05-22,0.012,HKD
1166.HK,Solartech International Holdings Ltd,COMMON STOCK,HK,9,1,down,0.0000,0.28,2007-05-08,1232.88965,HKD
1172.HK,Magnus Concordia Group Ltd,COMMON STOCK,HK,14,1,down,0.0000,0.023,2017-05-05,0.00991,HKD
1176.HK,Zhuguang Holdings Group Co Ltd,COMMON STOCK,HK,4,1,down,0.0000,0.018,2021-06-17,0.01,HKD
1084.HK,Green Future Food Hyd Mar Sc Co Ltd,COMMON STOCK,HK,9,2,flat,1.8605,0.645,2026-06-16,0.012,HKD
1184.HK,S.A.S. Dragon Holdings Ltd,COMMON STOCK,HK,51,4,up,8.0446,8.08,2026-09-15,0.4,HKD
1093.HK,CSPC Pharmaceutical Group Ltd,COMMON STOCK,HK,35,1,down,3.0884,9.39,2026-06-24,0.15,HKD
1195.HK,Kingwell Group Ltd,COMMON STOCK,HK,7,1,down,0.0000,0.018,2008-12-15,0.00295,HKD
1206.HK,Technovator International Ltd,COMMON STOCK,HK,1,1,new,0.0000,0.186,2016-05-17,0.11901,HKD
1238.HK,Powerlong Real Estate Holdings Ltd,COMMON STOCK,HK,17,1,down,0.0000,0.168,2022-06-21,0.1,HKD
115.HK,Grand Field Group Holdings Ltd.,COMMON STOCK,HK,1,1,new,0.0000,7,2005-06-17,0.008,HKD
124.HK,Guangdong Land Holdings Ltd.,COMMON STOCK,HK,19,1,down,0.0000,0.199,2023-10-06,0.03,HKD
1109.HK,China Resources Land Ltd,COMMON STOCK,HK,52,1,down,4.5519,29.46,2026-09-10,0.231,HKD
1251.HK,SPT Energy Group Inc,COMMON STOCK,HK,3,3,up,0.0000,0.17,2014-06-11,0.064,HKD
0987.HK,China Renewable Energy Investment Ltd,COMMON STOCK,HK,22,5,flat,2.3585,0.212,2026-06-15,0.005,HKD
1276.HK,Jiangsu Hengrui Pharma Co Ltd,COMMON STOCK,HK,1,1,new,0.5100,44.76,2026-04-29,0.22828,HKD
1282.HK,Glory Sun Financial Group Ltd,COMMON STOCK,HK,8,1,down,0.0000,0.095,2019-06-03,0.03751,HKD
1313.HK,China Resources Cement Holdings Ltd,COMMON STOCK,HK,31,2,up,4.1304,0.92,2026-09-10,0.014,HKD
1247.HK,Miko International Hldg Ltd,COMMON STOCK,HK,3,1,down,0.0000,0.995,2015-05-27,0.2,HKD
1286.HK,Impro Precision Industries Ltd,COMMON STOCK,HK,15,6,flat,2.3055,6.94,2026-08-24,0.08,HKD
1348.HK,Quali-Smart Holdings Ltd,COMMON STOCK,HK,3,2,flat,0.0000,0.17,2014-12-10,0.0075,HKD
136.HK,HENGTEN NETWORKS GROUP LTD,COMMON STOCK,HK,9,4,flat,0.0000,1.515,2006-08-16,5.31359,HKD
1271.HK,Grand Ming Group Holdings Ltd,COMMON STOCK,HK,24,1,down,0.0000,0.405,2023-11-27,0.04,HKD
1368.HK,Xtep International Holdings Ltd,COMMON STOCK,HK,37,4,flat,7.9023,3.48,2026-09-04,0.18,HKD
1385.HK,Shanghai Fudan Microelectronics Group Co Ltd,COMMON STOCK,HK,11,1,down,0.2627,25.28,2026-06-25,0.06642,HKD
1299.HK,AIA Group Ltd,COMMON STOCK,HK,31,16,up,2.6736,74.05,2026-09-04,0.539,HKD
1393.HK,Hidili Industry International Development Limited,COMMON STOCK,HK,4,2,up,0.0000,0.028,2012-07-04,0.0843,HKD
1460.HK,ICO Group Ltd,COMMON STOCK,HK,2,2,up,0.0000,0.235,2025-09-02,0.0105,HKD
1378.HK,China Hongqiao Group Ltd,COMMON STOCK,HK,20,4,up,7.9327,20.8,2026-05-22,1.65,HKD
1481.HK,Smart Globe Holdings,COMMON STOCK,HK,2,2,up,0.0000,1.41,2021-05-11,0.005,HKD
1488.HK,Best Food Holding Co Ltd,COMMON STOCK,HK,9,2,up,0.0000,0.98,2018-07-04,0.015,HKD
1525.HK,Shanghai Gench Education Group Ltd,COMMON STOCK,HK,12,1,down,6.4220,2.18,2026-06-01,0.04,HKD
1432.HK,China Shengmu Organic Milk Ltd,COMMON STOCK,HK,2,1,down,0.0000,0.325,2024-06-18,0.0023,HKD
1522.HK,BII Railway Transportation Technology Holdings Co Ltd,COMMON STOCK,HK,10,1,down,9.3897,0.213,2026-06-23,0.02,HKD
1451.HK,MS Group Holdings Ltd,COMMON STOCK,HK,5,3,up,11.4068,1.315,2025-12-16,0.15,HKD
1526.HK,Rici Healthcare Holdings Ltd,COMMON STOCK,HK,4,1,down,2.3256,0.86,2026-06-24,0.02,HKD
1538.HK,Zhong Ao Home Group Ltd,COMMON STOCK,HK,10,5,flat,2.9412,0.85,2026-06-03,0.025,HKD
1548.HK,Genscript Biotech Corp,COMMON STOCK,HK,1,1,new,0.0000,42,2017-06-05,0.01193,HKD
1418.HK,Sinomax Group Ltd,COMMON STOCK,HK,14,1,down,4.5045,0.111,2026-06-12,0.005,HKD
1556.HK,Chinney Kin Wing Holdings Ltd,COMMON STOCK,HK,11,7,flat,8.1301,0.246,2026-06-08,0.02,HKD
1553.HK,Maike Tube Industry Holdings Ltd,COMMON STOCK,HK,5,4,flat,0.0000,1.565,2025-06-11,0.12,HKD
1508.HK,China Reinsurance(Group)Corp,COMMON STOCK,HK,11,4,up,6.5399,1.215,2026-06-30,0.07946,HKD
1545.HK,Design Capital Ltd,COMMON STOCK,HK,5,2,flat,0.0000,0.172,2024-06-25,0.0038,HKD
1598.HK,China 21st Century Education Group Ltd,COMMON STOCK,HK,4,2,up,0.0000,0.111,2023-07-13,0.008,HKD
1608.HK,Vpower Group International Holdings Ltd,COMMON STOCK,HK,10,3,up,0.0000,0.038,2021-09-09,0.0075,HKD
1620.HK,Cinese International Group Holdings Ltd,COMMON STOCK,HK,2,2,up,0.0000,0.184,2020-06-24,0.0054,HKD
163.HK,EMPEROR INTERNATIONAL HOLDINGS LTD,COMMON STOCK,HK,54,1,down,0.0000,0.108,2024-08-29,0.003,HKD
1616.HK,Starrise Media Holdings Ltd,COMMON STOCK,HK,4,3,up,0.0000,0.06,2015-06-30,0.01205,HKD
1669.HK,Global International Credit Group Limited,COMMON STOCK,HK,18,1,down,4.0845,1.42,2026-09-14,0.022,HKD
1671.HK,Tianjin Tianbao Energy Ltd,COMMON STOCK,HK,6,2,up,3.7736,0.795,2026-05-11,0.03,HKD
173.HK,K WAH INTERNATIONAL HOLDINGS LTD,COMMON STOCK,HK,72,1,down,1.5666,1.915,2026-09-10,0.02,HKD
1830.HK,Perfect Shape Medical Ltd,COMMON STOCK,HK,28,1,down,11.5873,1.26,2026-08-14,0.07,HKD
1736.HK,China Parenting Network Holdings Ltd,COMMON STOCK,HK,1,1,new,0.0000,0.37,2018-06-20,0.06,HKD
1587.HK,Shineroad International Holdings Ltd,COMMON STOCK,HK,7,1,down,3.0303,0.495,2026-05-21,0.015,HKD
1773.HK,Tianli Education International Holdings Ltd,COMMON STOCK,HK,11,1,down,5.3962,0.795,2026-02-04,0.0429,HKD
1782.HK,Vixtel Technologies Holdings Ltd,COMMON STOCK,HK,4,1,down,0.0000,2.4,2019-05-21,0.01034,HKD
1786.HK,CRCC High-Tech Equip Corp,COMMON STOCK,HK,10,2,up,4.7143,0.7,2026-07-02,0.033,HKD
1799.HK,Xinte Energy Co Ltd,COMMON STOCK,HK,7,3,up,0.0000,3.465,2022-05-26,1.28077,HKD
196.HK,HONGHUA GROUP LTD,COMMON STOCK,HK,5,3,flat,0.0000,0.091,2014-05-27,0.06,HKD
1811.HK,CGN Meiya Power Hldg Co Ltd,COMMON STOCK,HK,11,2,up,8.8922,1.995,2026-09-22,0.052,HKD
1848.HK,China Aircraft Leasing Group Holdings Ltd,COMMON STOCK,HK,24,3,up,9.0395,3.54,2026-09-07,0.14,HKD
186.HK,Nimble Holdings Co. Ltd.,COMMON STOCK,HK,17,1,down,0.0000,0.4,2008-10-10,0.05,HKD
1900.HK,China ITS Holdings Co Ltd,COMMON STOCK,HK,3,3,up,0.0000,0.162,2024-08-15,0.0227,HKD
1907.HK,China Risun Group,COMMON STOCK,HK,16,1,down,1.1455,1.65,2026-09-10,0.0167,HKD
1911.HK,China Renaissance Holdings,COMMON STOCK,HK,4,1,down,0.0000,3.42,2022-07-05,0.44543,HKD
1708.HK,Nanjing Sample Technology Co Ltd,COMMON STOCK,HK,13,1,down,0.0000,0.243,2019-05-31,0.1138,HKD
1932.HK,CPM Group Ltd,COMMON STOCK,HK,2,2,flat,0.0000,0.176,2021-05-28,0.01,HKD
1820.HK,Pacific Millennium Packaging Group Corporation,COMMON STOCK,HK,15,2,flat,2.8571,2.8,2026-07-06,0.08,HKD
1958.HK,BAIC Motor Corp Ltd,COMMON STOCK,HK,10,1,down,0.0000,0.745,2024-06-26,0.1426,HKD
1966.HK,China SCE Property Holdings Ltd,COMMON STOCK,HK,17,1,down,0.0000,0.052,2022-07-05,0.06,HKD
1970.HK,IMAX China Holding Inc,COMMON STOCK,HK,11,1,down,0.0000,8.475,2023-06-09,0.117,HKD
1936.HK,Ritamix Global Ltd,COMMON STOCK,HK,1,1,new,0.0000,1.88,2024-12-30,0.11,HKD
1982.HK,Nameson Holdings Ltd,COMMON STOCK,HK,17,1,down,15.0685,0.73,2025-12-05,0.11,HKD
1808.HK,Enterprise Development Holdings Ltd,COMMON STOCK,HK,1,1,new,0.0000,1.8,2008-05-07,5.47791,HKD
1987.HK,Beng Soon Machinery Holdings Ltd,COMMON STOCK,HK,1,1,new,7.1429,0.21,2026-05-19,0.015,HKD
1995.HK,Ever Sunshine Lifestyle Services Group Ltd,COMMON STOCK,HK,12,2,up,6.0118,1.7,2026-09-09,0.0728,HKD
2001.HK,China New Higher Education Group Ltd,COMMON STOCK,HK,14,1,down,0.0000,0.49,2024-08-23,0.08218,HKD
1962.HK,Evergreen Products Group Ltd,COMMON STOCK,HK,16,2,up,12.9787,0.47,2026-09-07,0.034,HKD
2003.HK,VCREDIT Holdings Ltd,COMMON STOCK,HK,8,2,up,4.1667,1.2,2025-10-15,0.05,HKD
2005.HK,SSY Group Ltd,COMMON STOCK,HK,41,1,down,3.0411,2.795,2026-09-10,0.055,HKD
2011.HK,China Apex Group Ltd,COMMON STOCK,HK,6,6,up,0.0000,1.18,2020-02-13,0.075,HKD
2033.HK,Time Watch Investments Ltd,COMMON STOCK,HK,17,2,flat,4.3290,0.231,2025-11-26,0.01,HKD
2016.HK,China Zheshang Bank Co Ltd,COMMON STOCK,HK,10,1,down,6.4329,2.34,2026-06-15,0.15053,HKD
2088.HK,Xiwang Property Holdings Co Ltd,COMMON STOCK,HK,8,2,up,0.0000,0.038,2013-07-04,0.75,HKD
1955.HK,Hong Kong Johnson Holdings Co Ltd,COMMON STOCK,HK,6,1,down,0.1905,0.63,2026-09-16,0.0012,HKD
2102.HK,Tak Lee Machinery Holdings Ltd,COMMON STOCK,HK,12,1,down,10.0000,0.35,2026-04-09,0.015,HKD
2138.HK,Union Medical Healthcare Ltd,COMMON STOCK,HK,17,1,down,0.0000,0.62,2024-12-30,0.01,HKD
2168.HK,Kaisa Prosperity Holdings Ltd,COMMON STOCK,HK,4,3,up,0.0000,0.97,2021-06-18,0.69,HKD
2178.HK,Termbray Petro-king Oilfield,COMMON STOCK,HK,1,1,new,0.0000,0.207,2014-06-23,0.0449,HKD
2190.HK,Zylox-Tonbridge Med Tech Co,COMMON STOCK,HK,2,2,up,1.1811,21.3,2026-05-27,0.25158,HKD
2169.HK,Canggang Railway Ltd,COMMON STOCK,HK,5,2,flat,0.0000,0.54,2025-06-20,0.00658,HKD
2202.HK,China Vanke Co Ltd,COMMON STOCK,HK,9,1,down,0.0000,2.525,2023-07-14,0.73861,HKD
2205.HK,Kangqiao Service Group Ltd,COMMON STOCK,HK,4,1,down,0.0000,0.6,2024-06-20,0.058,HKD
222.HK,Min Xin Holdings Ltd.,COMMON STOCK,HK,20,1,down,0.0000,2.64,2024-06-21,0.09,HKD
2182.HK,Tian Chang Group Holdings,COMMON STOCK,HK,7,1,down,0.0000,0.48,2024-06-12,0.015,HKD
2231.HK,Jy Grandmark Holdings Ltd,COMMON STOCK,HK,5,1,down,0.0000,0.018,2022-06-30,0.0114,HKD
2238.HK,Guangzhou Automobile Group Co Ltd,COMMON STOCK,HK,50,1,down,0.0000,2.535,2025-06-12,0.02175,HKD
2250.HK,Semk Holdings International Ltd,COMMON STOCK,HK,3,1,down,0.0000,0.32,2024-05-30,0.005,HKD
2389.HK,Beijing Enterprises Medical and Health Industry Group Ltd,COMMON STOCK,HK,7,2,up,0.0000,0.079,2005-10-18,0.00904,HKD
2258.HK,Watts International Maritime Engineering Ltd,COMMON STOCK,HK,8,3,up,3.0833,0.36,2026-06-29,0.0111,HKD
2266.HK,Lai Si Enterprise Holding Ltd,COMMON STOCK,HK,3,1,down,3.5610,0.41,2026-06-25,0.0146,HKD
2232.HK,Crystal International Group Ltd,COMMON STOCK,HK,18,2,up,6.6251,6.415,2026-09-02,0.18,HKD
197.HK,Heng Tai Consumables Group Ltd.,COMMON STOCK,HK,7,1,down,0.0000,0.525,2010-12-21,0.01,HKD
2309.HK,Birmingham Sports Holdings Ltd,COMMON STOCK,HK,1,1,new,0.0000,2.1,2003-02-06,99999.99999,HKD
2326.HK,New Provenance Everlasting Holdings Ltd,COMMON STOCK,HK,5,1,down,0.0000,0.011,2016-09-27,0.001,HKD
2273.HK,Gushengtang Holdings Ltd,COMMON STOCK,HK,5,1,down,2.5127,27.46,2026-06-24,0.69,HKD
2348.HK,Dawnrays Pharmaceutical Holdings Ltd,COMMON STOCK,HK,48,2,up,6.4615,0.975,2026-09-22,0.015,HKD
2450.HK,Huaibei GreenGold Ind Invest,COMMON STOCK,HK,2,1,new,0.0000,10.53,2024-06-27,0.03085,HKD
2421.HK,KRP Development Holdings Ltd.,COMMON STOCK,HK,2,1,down,0.0000,0.56,2024-09-03,0.02,HKD
2481.HK,Wise Living Technology Co Ltd,COMMON STOCK,HK,3,3,up,7.7800,2.5,2026-05-20,0.1945,HKD
2455.HK,Runhua LIving Service Group Holdings Ltd.,COMMON STOCK,HK,3,2,flat,7.0922,0.705,2026-06-29,0.05,HKD
2518.HK,Autohome Inc,COMMON STOCK,HK,8,1,down,11.3617,42,2026-06-30,1.29394,HKD
266.HK,Tian Teck Land Ltd.,COMMON STOCK,HK,43,1,down,0.0000,1.83,2024-09-17,0.1,HKD
2327.HK,Meilleure Health International Industry Group Ltd,COMMON STOCK,HK,17,3,flat,2.4017,0.229,2026-09-09,0.0015,HKD
2669.HK,China Overseas Property Holdings Ltd,COMMON STOCK,HK,22,2,up,6.0790,3.29,2026-09-11,0.1,HKD
269.HK,China Resources & Transportation Group Ltd.,COMMON STOCK,HK,1,1,new,0.0000,0.01,2008-08-19,0.001,HKD
2331.HK,Li Ning Co Ltd,COMMON STOCK,HK,27,2,up,5.4193,12.45,2026-09-03,0.4061,HKD
2693.HK,Anhui Jinyan Kaolin New,COMMON STOCK,HK,1,1,new,9.3693,2.765,2026-04-23,0.25906,HKD
271.HK,Asiasec Properties Ltd.,COMMON STOCK,HK,7,1,down,0.0000,0.124,2020-03-31,0.025,HKD
2660.HK,Zengame Technology Holding Ltd,COMMON STOCK,HK,10,1,down,8.5106,2.35,2026-05-28,0.2,HKD
2778.HK,Champion Real Estate Investment Trust,COMMON STOCK,HK,40,1,down,5.9453,2.01,2026-09-21,0.0633,HKD
2371.HK,China Chuanglian Education Group Ltd,COMMON STOCK,HK,2,1,down,0.0000,0.165,2006-09-26,0.07,HKD
28.HK,Tian An China Investments Co. Ltd.,COMMON STOCK,HK,18,1,down,0.0000,3.25,2024-04-25,0.2,HKD
2899.HK,Zijin Mining Group Co Ltd-H,COMMON STOCK,HK,27,7,up,2.9099,31.64,2026-07-23,0.48397,HKD
293.HK,Cathay Pacific Airways Ltd.,COMMON STOCK,HK,35,3,up,0.0000,14.53,2024-04-02,0.43,HKD
355.HK,Century City International Holdings Ltd.,COMMON STOCK,HK,29,1,down,0.0000,0.071,2020-06-11,0.0065,HKD
301.HK,SANVO Fine Chemicals Group Ltd.,COMMON STOCK,HK,3,3,flat,0.0000,7.265,2022-06-23,0.03,HKD
302.HK,CMGE TECHNOLOGY GROUP LTD,COMMON STOCK,HK,2,2,up,0.0000,0.183,2021-06-03,0.0928,HKD
3059.HK,Global X ETF Series II - Global X Bloomberg MSCI Asia Ex Japan Green Bond ETF,ETF,HK,8,4,up,2.5071,56.64,2026-09-01,0.55,HKD
308.HK,CHINA TRAVEL INTERNATIONAL INVESTM,COMMON STOCK,HK,53,1,down,31.2281,1.14,2026-09-17,0.01,HKD
3108.HK,Harvest CSI 300 ESG Leaders Index ETF,ETF,HK,1,1,new,0.0000,9.965,2022-10-24,0.07567,HKD
310.HK,Prosperity Investment Holdings Ltd.,COMMON STOCK,HK,1,1,new,0.0000,0.103,2009-07-13,0.13,HKD
330.HK,ESPRIT HOLDINGS LTD,COMMON STOCK,HK,29,1,down,0.0000,0.445,2015-03-11,0.14261,HKD
3322.HK,Win Hanverky Holdings Ltd,COMMON STOCK,HK,25,1,down,0.0000,0.204,2019-09-16,0.01,HKD
3115.HK,iShares Core Hang Seng,ETF,HK,18,1,down,2.6425,91.2,2026-06-08,0.66,HKD
337.HK,GREENLAND HONG KONG HOLDINGS LTD,COMMON STOCK,HK,13,7,flat,0.0000,0.102,2022-07-06,0.3,HKD
348.HK,China Healthwise Holdings Ltd.,COMMON STOCK,HK,12,1,down,0.0000,0.073,2005-09-01,0.005,HKD
2952.HK,GOLDIN FIN RT,COMMON STOCK,HK,5,4,up,0.0000,0.37,2024-08-22,0.03,HKD
3601.HK,360 Ludashi Holdings Ltd,COMMON STOCK,HK,2,2,flat,0.0000,0.565,2025-05-29,0.1,HKD
3698.HK,Huishang Bank Corp Ltd,COMMON STOCK,HK,12,5,up,6.0909,4.72,2026-07-06,0.28749,HKD
3700.HK,Inke Ltd,COMMON STOCK,HK,1,1,new,0.0000,0.725,2024-06-17,0.0412,HKD
312.HK,SHIRBLE DEPARTMENT STORE HOLDINGS,COMMON STOCK,HK,14,3,up,0.0000,0.047,2020-09-16,0.0029,HKD
3728.HK,Ching Lee Holdings Ltd,COMMON STOCK,HK,6,1,down,0.0000,0.058,2021-09-02,0.003,HKD
3768.HK,Kunming Dianchi Water Treatment Co Ltd,COMMON STOCK,HK,8,1,down,0.0000,0.335,2022-07-04,0.11716,HKD
3848.HK,Wealthy Way Group Ltd,COMMON STOCK,HK,8,5,flat,0.2844,2.11,2026-06-01,0.006,HKD
387.HK,Leeport (Holdings) Ltd.,COMMON STOCK,HK,30,2,up,0.0000,0.675,2024-06-28,0.035,HKD
550.HK,Kingkey Intelligence Culture Holdings Ltd.,COMMON STOCK,HK,16,1,down,0.0000,0.48,2015-04-30,0.06,HKD
3883.HK,China Aoyuan Property Group Ltd,COMMON STOCK,HK,14,5,up,0.0000,0.038,2021-06-04,0.784,HKD
3958.HK,Orient Securities Co Ltd H,COMMON STOCK,HK,12,1,down,4.0900,5.62,2026-06-23,0.22986,HKD
3969.HK,China Railway Signal & Commun,COMMON STOCK,HK,11,2,up,6.5604,2.98,2026-07-16,0.1955,HKD
3991.HK,Changhong Jiahua Holdings Ltd,COMMON STOCK,HK,11,11,flat,0.0000,0.59,2025-06-02,0.05,HKD
405.HK,YUEXIU REAL ESTATE INVESTMENT TRUS,COMMON STOCK,HK,42,1,down,8.7627,0.59,2026-09-08,0.0306,HKD
411.HK,Lam Soon (Hong Kong) Ltd.,COMMON STOCK,HK,38,1,down,0.0000,11.5,2024-03-06,0.13,HKD
45.HK,HONG KONG AND SHANGHAI HOTELS LTD,COMMON STOCK,HK,53,1,down,0.0000,5.515,2024-05-10,0.08,HKD
515.HK,China Silver Technology Holdings Ltd.,COMMON STOCK,HK,7,1,down,0.0000,0.173,2012-06-04,0.02,HKD
528.HK,Kingdom Holdings Ltd.,COMMON STOCK,HK,15,3,flat,0.0000,1.16,2024-06-21,0.09,HKD
543.HK,Pacific Online Ltd.,COMMON STOCK,HK,17,1,down,0.0000,0.236,2024-05-08,0.04,HKD
3788.HK,China Hanking Holdings Ltd,COMMON STOCK,HK,16,1,down,0.0000,2.905,2025-05-30,0.02,HKD
557.HK,China Tian Yuan Healthcare Group Ltd.,COMMON STOCK,HK,7,1,down,0.0000,0.505,2008-04-14,0.03,HKD
560.HK,Chu Kong Shipping Enterprises (Group) Co. Ltd.,COMMON STOCK,HK,43,4,up,0.0000,0.59,2024-06-03,0.05,HKD
57.HK,Chen Hsong Holdings Ltd.,COMMON STOCK,HK,49,1,down,0.0000,1.54,2024-09-03,0.05,HKD
581.HK,CHINA ORIENTAL LTD,COMMON STOCK,HK,27,1,down,1.9139,1.045,2026-07-03,0.02,HKD
598.HK,SINOTRANS LTD H,COMMON STOCK,HK,40,4,up,7.5184,4.485,2026-09-08,0.1618,HKD
602.HK,Jiahua Stores Holdings Ltd.,COMMON STOCK,HK,11,1,down,0.0000,0.047,2019-06-03,0.0188,HKD
6031.HK,"Sany Heavy Industry Co.,Ltd",COMMON STOCK,HK,1,1,new,1.2202,16.94,2026-06-04,0.2067,HKD
6110.HK,Topsports International Holding Ltd,COMMON STOCK,HK,14,1,down,30.6897,1.015,2026-08-03,0.1714,HKD
6138.HK,Harbin Bank Co Ltd,COMMON STOCK,HK,5,2,up,0.0000,0.31,2020-05-20,0.10934,HKD
628.HK,Gome Finance Technology Co. Ltd.,COMMON STOCK,HK,4,1,down,0.0000,0.295,2009-08-19,0.02,HKD
631.HK,SANY HEAVY EQUIPMENT INTERNATIONAL,COMMON STOCK,HK,13,8,up,4.1691,8.395,2026-06-02,0.35,HKD
653.HK,Bonjour Holdings Ltd.,COMMON STOCK,HK,24,1,down,0.0000,1.265,2016-09-08,0.48028,HKD
64.HK,Get Nice Holdings Ltd.,COMMON STOCK,HK,46,1,down,0.0000,3.86,2024-08-27,0.005,HKD
6601.HK,Cheerwin Group Ltd,COMMON STOCK,HK,11,4,up,7.2208,2.31,2026-09-08,0.0735,HKD
6686.HK,Noah Holdings Limited,COMMON STOCK,HK,4,2,up,15.3858,13.35,2026-07-08,2.054,HKD
6805.HK,Kimou Environmental Holding Ltd,COMMON STOCK,HK,4,3,up,0.0000,2.95,2025-09-08,0.1,HKD
679.HK,Asia Tele-Net & Technology Corp. Ltd.,COMMON STOCK,HK,9,1,down,0.0000,4.595,2024-07-02,0.02,HKD
6968.HK,Ganglong China Property Group Ltd,COMMON STOCK,HK,1,1,new,0.0000,0.087,2021-05-24,0.21,HKD
6633.HK,Qingci Games Inc,COMMON STOCK,HK,1,1,new,0.0000,3.14,2022-06-10,0.152,HKD
722.HK,UMP Healthcare Holdings Ltd.,COMMON STOCK,HK,16,1,down,0.0000,0.405,2024-03-18,0.013,HKD
738.HK,Le Saunda Holdings Ltd.,COMMON STOCK,HK,33,2,up,0.0000,0.325,2021-07-15,0.15,HKD
75.HK,Y.T. Realty Group Ltd.,COMMON STOCK,HK,19,4,flat,0.0000,0.151,2020-05-20,0.01,HKD
797.HK,7Road Holdings Ltd.,COMMON STOCK,HK,1,1,new,0.0000,1.015,2018-09-10,0.031,HKD
8029.HK,Imperium Financial Group Ltd,COMMON STOCK,HK,1,1,new,0.0000,0.69,2011-07-22,0.09052,HKD
46.HK,Computer & Technologies Holdings Ltd.,COMMON STOCK,HK,35,1,down,0.0000,1.26,2024-06-05,0.055,HKD
804.HK,Pinestone Capital Ltd.,COMMON STOCK,HK,1,1,new,0.0000,16.15,2019-09-11,0.001,HKD
8049.HK,Jilin Province Huinan Changlong Bio-pharmacy Co Ltd,COMMON STOCK,HK,12,3,up,12.0209,2.39,2026-06-22,0.2873,HKD
80700.HK,Tencent Holdings Limited,COMMON STOCK,HK,3,1,down,1.2178,377,2026-05-15,4.59129,HKD
8053.HK,Pizu Group Holdings Ltd,COMMON STOCK,HK,14,4,up,1.0345,1.45,2025-10-02,0.015,HKD
8092.HK,ITE Holdings Ltd,COMMON STOCK,HK,9,1,down,4.2857,0.042,2026-08-24,0.0018,HKD
81024.HK,Kuaishou Technology,COMMON STOCK,HK,2,2,up,2.2706,26.36,2026-06-29,0.59854,HKD
6826.HK,Shanghai Haohai Biological,COMMON STOCK,HK,14,1,down,6.2845,15.55,2026-09-04,0.28899,HKD
6288.HK,Fast Retailing Co DRC,COMMON STOCK,HK,27,1,down,0.4693,33.92,2026-02-26,0.15918,HKD
636.HK,KERRY LOGISTICS NETWORK LTD,COMMON STOCK,HK,30,2,up,4.7579,5.885,2026-09-09,0.12,HKD
814.HK,Beijing Jingkelong Co. Ltd.,COMMON STOCK,HK,15,1,down,0.0000,0.246,2022-05-19,0.05,HKD
58.HK,Sunway International Holdings Ltd.,COMMON STOCK,HK,7,1,down,0.0000,0.226,2009-02-23,0.005,HKD
709.HK,GIORDANO INTERNATIONAL LTD,COMMON STOCK,HK,68,1,down,9.9242,1.32,2026-09-14,0.067,HKD
8146.HK,Grace Wine Holdings Ltd,COMMON STOCK,HK,2,2,up,0.0000,0.42,2025-04-08,0.12058,HKD
8142.HK,Tak Lee Machinery Holdings Limited,COMMON STOCK,HK,12,1,down,10.0000,0.35,2026-04-09,0.015,HKD
8158.HK,China Regenerative Medicine International Ltd,COMMON STOCK,HK,4,1,new,0.0000,0.295,2002-09-24,0.1,HKD
8161.HK,Medinet Group Ltd,COMMON STOCK,HK,1,1,new,0.0000,0.46,2016-08-16,0.03,HKD
59.HK,SKYFAME REALTY HOLDINGS LTD,COMMON STOCK,HK,8,4,up,0.0000,0.01,2021-08-02,0.03,HKD
8203.HK,Kaisun Energy Group Ltd,COMMON STOCK,HK,1,1,new,0.0000,0.086,2019-07-04,0.0017,HKD
8262.HK,Super Strong Holdings Ltd,COMMON STOCK,HK,2,2,flat,0.0000,0.046,2019-11-06,0.025,HKD
8195.HK,Legendary Group Ltd.,COMMON STOCK,HK,10,1,new,0.0000,0.735,2021-12-14,0.01182,HKD
8179.HK,Palinda Group Holdings Ltd,COMMON STOCK,HK,1,1,new,0.0000,0.01,2013-11-27,10.89869,HKD
8269.HK,Wealth Glory Holdings Ltd,COMMON STOCK,HK,1,1,new,0.0000,0.249,2011-09-09,0.25771,HKD
82333.HK,Great Wall Motor Company Limited,COMMON STOCK,HK,3,1,down,5.5350,6.295,2026-07-02,0.34843,HKD
82800.HK,Tracker Fund of Hong Kong,ETF,HK,8,1,down,3.0860,21.68,2026-04-29,0.16567,HKD
82846.HK,iShares Core CSI 300 ETF,ETF,HK,7,2,up,1.4915,29.5,2025-11-13,0.44,HKD
82829.HK,iShares China Government Bond ETF,ETF,HK,9,1,down,2.0226,54.88,2026-06-08,0.43,CNY
8016.HK,CHANGHONG JH,COMMON STOCK,HK,11,11,flat,0.0000,0.59,2025-06-02,0.05,HKD
83038.HK,Hang Seng Investment Management - Stock Connect China A Low Carbon Index ETF,ETF,HK,3,1,down,0.0000,29.66,2025-09-17,0.34982,HKD
83128.HK,Hang Seng China A Industry Top Index ETF,ETF,HK,19,3,flat,1.0997,54.56,2026-09-22,0.55,HKD
83403.HK,CHINA ASSET MANAGEMENT CO - HSI ESG Enhanced Index ETF,ETF,HK,16,1,down,2.5688,43.46,2026-09-23,0.49604,HKD
837.HK,Carpenter Tan Holdings Ltd.,COMMON STOCK,HK,16,2,up,0.0000,5.6,2024-05-29,0.3864,HKD
83059.HK,Mirae Asset Global Investments (HK) Ltd. - Global X Bloomberg Msci Asia Ex Japan Green Bond Etf,ETF,HK,8,4,up,2.5531,48.54,2026-09-01,0.47119,HKD
8447.HK,Ms Concept Ltd,COMMON STOCK,HK,1,1,new,0.0000,0.073,2019-07-12,0.015,HKD
83199.HK,CSOP Bloomberg Barclays China Treasury + Policy Bank Bond Index ETF,ETF,HK,50,1,down,3.4517,104.25,2026-07-22,0.89959,HKD
8525.HK,Baiying Holdings Group Ltd,COMMON STOCK,HK,2,1,down,0.0000,0.81,2021-06-22,0.02,HKD
87.HK,Swire Pacific Ltd. B,COMMON STOCK,HK,43,1,down,0.0000,15.2,2024-04-10,0.4,HKD
8371.HK,Taste Gourmet Group Ltd,COMMON STOCK,HK,16,1,down,8.2324,2.065,2026-08-05,0.09,HKD
8535.HK,Vistar Holdings Ltd,COMMON STOCK,HK,4,1,down,0.0000,0.232,2022-08-18,0.005,HKD
888.HK,Bison Finance Group Ltd.,COMMON STOCK,HK,13,1,down,0.0000,0.039,2015-05-19,0.0385,HKD
89.HK,Tai Sang Land Development Ltd.,COMMON STOCK,HK,48,1,down,0.0000,1.87,2024-05-28,0.06,HKD
894.HK,Man Yue Technology Holdings Ltd.,COMMON STOCK,HK,21,1,down,0.0000,1.805,2015-05-14,0.01,HKD
89618.HK,JD.com Inc.,COMMON STOCK,HK,3,1,down,3.8263,89.6,2026-04-08,3.42835,HKD
9074.HK,iShares CORE MSCI Taiwan USD,ETF,HK,10,2,up,1.2427,65.18,2025-11-13,0.81,HKD
9177.HK,Premia China Treasury and Policy Bank Bond Long Duration ETF,ETF,HK,7,2,up,2.0305,19.7,2026-08-05,0.25,HKD
934.HK,SINOPEC KANTONS HOLDINGS LTD,COMMON STOCK,HK,54,25,flat,6.8681,3.64,2026-09-03,0.1,HKD
9415.HK,Global X Exchange Traded Funds Series OFC - Global X S&P 500 Covered Call Active ETF,ETF,HK,12,2,up,14.9503,10.09,2026-09-18,0.14019,HKD
9600.HK,Newlink Technology Inc,COMMON STOCK,HK,1,1,new,0.0000,0.132,2023-06-14,0.04,HKD
859.HK,Zhongchang International Holdings Group Ltd.,COMMON STOCK,HK,2,2,up,0.0000,0.145,2017-08-21,0.213,HKD
9636.HK,JF Wealth Holdings Ltd,COMMON STOCK,HK,5,1,down,3.0208,28.8,2026-06-23,0.36,HKD
9677.HK,Weihai City Commercial Bank Co. Ltd,COMMON STOCK,HK,5,2,up,3.8079,3.02,2026-07-09,0.115,HKD
9696.HK,Tianqi Lithium Corporation,COMMON STOCK,HK,2,1,down,0.0000,28.5,2024-06-14,1.48238,HKD
9829.HK,iShares China Government Bond ETF,ETF,HK,9,1,down,1.9529,8.17,2026-06-08,0.06338,CNY
987.HK,China Renewable Energy Investment Ltd.,COMMON STOCK,HK,20,3,flat,0.0000,0.212,2024-06-07,0.005,HKD
9885.HK,YSB Inc,COMMON STOCK,HK,2,2,up,3.7202,3.36,2026-05-26,0.125,HKD
9893.HK,Pizu Group Holdings Limited,COMMON STOCK,HK,14,4,up,1.0345,1.45,2025-10-02,0.015,HKD
991.HK,DATANG INTERNATIONAL POWER GENERAT,COMMON STOCK,HK,30,3,up,9.4896,2.59,2026-09-09,0.07858,HKD
9918.HK,Wise Ally International Holdings Ltd,COMMON STOCK,HK,4,2,flat,0.0000,0.98,2023-06-06,0.05,HKD
9930.HK,Horizon Constr Dvlp Ltd,COMMON STOCK,HK,3,1,down,2.3881,0.67,2026-06-11,0.016,HKD
9968.HK,Huijing Holdings Co Ltd,COMMON STOCK,HK,3,1,down,0.0000,0.161,2022-06-29,0.0248,HKD
9960.HK,Kindstar Globalgene Tech Inc,COMMON STOCK,HK,3,2,up,10.3825,0.915,2026-06-09,0.095,HKD
9983.HK,Central China New Life Ltd,COMMON STOCK,HK,11,1,down,0.0000,0.275,2025-09-24,0.033,HKD
9989.HK,Shenzhen Hepalink Pharmaceutical,COMMON STOCK,HK,5,1,down,4.2520,3.905,2026-05-27,0.16604,HKD
BBBB.TO,Brompton Wellington Square Investment Grade CLO ETF,ETF,TO,12,2,up,6.8597,19.17,2026-09-29,0.108,CAD
AMAT.TO,Applied Materials CDR (CAD Hedged),COMMON STOCK,TO,8,2,up,0.5195,53.78,2026-11-19,0.05835,CAD
ASHR.TO,Mulvihill Split Capital Share ETF,ETF,TO,3,1,new,3.9349,19.06,2026-09-29,0.25,CAD
BFIN.TO,Brompton North American Financials Dividend ETF,ETF,TO,95,1,down,6.0021,27.99,2026-09-29,0.15,CAD
BLK.TO,BlackRock CDR (CAD Hedged),COMMON STOCK,TO,11,1,down,2.5898,27.15,2026-09-08,0.145,CAD
BNT.TO,Brookfield Wealth Solutions Ltd.,COMMON STOCK,TO,22,1,down,0.7313,51.14,2026-09-14,0.097,CAD
BEPC.TO,Brookfield Renewable Corp,COMMON STOCK,TO,25,1,down,5.4087,39.64,2026-08-31,0.545,CAD
ARIS.TO,Aris Mining Corporation,COMMON STOCK,TO,23,1,down,0.0000,24.8,2022-08-30,0.015,CAD
BANK.TO,Evolve Canadian Banks and Lifecos Enhanced Yield Index Fund,ETF,TO,56,1,down,13.2302,11.64,2026-09-29,0.152,CAD
CBAP.TO,CI Balanced+ Asset Allocation ETF Fund,ETF,TO,3,1,new,0.6768,21.13,2026-09-23,0.08,CAD
CALL-U.TO,Evolve US Banks Enhanced Yield Fund,ETF,TO,83,1,down,10.5263,15.96,2026-09-29,0.14,CAD
CBL.TO,Franklin Core ETF Portfolio Series ETF,ETF,TO,8,1,down,2.3522,24.94,2026-09-29,0.13833,CAD
CCBD.TO,CI U.S. Aggregate Bond Covered Call ETF,ETF,TO,25,1,down,6.3060,16.24,2026-09-23,0.0797,CAD
CBND.TO,Manulife Smart Corporate Bond ETF,ETF,TO,70,1,down,4.1682,9.02,2026-09-29,0.0294,CAD
BTCY-U.TO,Purpose Bitcoin Yield ETF,ETF,TO,60,1,down,33.5570,5.44,2026-09-28,0.041,CAD
CEGS.TO,Constellation Energy CDR (CAD Hedged),COMMON STOCK,TO,4,2,up,0.6419,17.76,2026-08-18,0.029,CAD
CFF.TO,Conifex Timber Inc,COMMON STOCK,TO,1,1,new,0.0000,0.1,2022-07-14,0.2,CAD
CDIV.TO,Manulife Smart Dividend ETF,ETF,TO,24,1,down,2.4306,22.08,2026-09-29,0.14368,CAD
CFRT.TO,CI Floating Rate Income Fund ETF CAD,ETF,TO,53,1,down,4.9587,20.59,2026-09-23,0.087,CAD
BHC.TO,Bausch Health Companies Inc,COMMON STOCK,TO,22,2,up,0.0000,8.2,2010-11-10,1,CAD
CEQP.TO,CI Equity+ Asset Allocation ETF Fund,ETF,TO,3,1,new,0.3025,22.15,2026-09-23,0.047,CAD
BESG.TO,Invesco ESG Canadian Core Plus Bond ETF,ETF,TO,169,1,down,4.2884,15.5,2026-09-29,0.0587,CAD
ALA.TO,AltaGas Ltd,COMMON STOCK,TO,244,1,down,2.4948,52.79,2026-09-16,0.334,CAD
CMCL.TO,Global X Enhanced All-in-one Commodity Producers Equity Covered Call ETF,ETF,TO,10,1,new,6.6248,17.51,2026-10-15,0.116,CAD
CMAG.TO,CI Munro Alternative Global Growth ETF Common Units,ETF,TO,1,1,new,0.0000,44.81,2025-06-24,0.088,CAD
BNE.TO,Bonterra Energy Corp,COMMON STOCK,TO,231,1,down,0.0000,5.91,2020-03-13,0.01,CAD
CMEY.TO,CI Marret Alternative Enhanced Yield Fund - ETF C$ Series,ETF,TO,72,1,down,4.4674,19.34,2026-09-23,0.072,CAD
CMEY-U.TO,CI Marret Alternative Enhanced Yield Fund - ETF US$ Hedged Series,ETF,TO,72,1,down,4.2878,20.15,2026-09-23,0.072,CAD
CHPS-U.TO,Global X Semiconductor Index ETF,ETF,TO,5,1,down,0.0063,63.03,2025-12-31,0.004,CAD
AAV.TO,Advantage Oil & Gas Ltd.,COMMON STOCK,TO,93,1,down,0.0000,9.93,2009-02-25,0.04,CAD
CCL-A.TO,CCL Industries Inc,COMMON STOCK,TO,122,1,down,1.4732,94.49,2026-09-15,0.358,CAD
CEU.TO,CES Energy Solutions Corp,COMMON STOCK,TO,171,1,down,1.1536,18.03,2026-09-29,0.055,CAD
COIL.TO,All-Canadian Oil & Gas ETF,ETF,TO,1,1,new,0.0000,,2026-09-29,0.1,CAD
CRHI.TO,Ninepoint CNR HighShares ETF,ETF,TO,16,2,up,8.6360,12.39,2026-10-15,0.05,CAD
CGR.TO,iShares Global Real Estate Common Class,ETF,TO,72,1,down,2.4363,31.57,2026-09-24,0.196,CAD
CPCC.TO,Global X Copper Producer Equity Covered Call ETF,ETF,TO,10,2,up,7.5410,24.4,2026-09-29,0.23,CAD
CQHI.TO,Ninepoint Canadian Natural Resources HighShares ETF,ETF,TO,16,2,up,13.3674,13.69,2026-10-15,0.08,CAD
CROC.TO,Purpose Credit Opportunities Class,COMMON STOCK,TO,8,1,new,3.1631,19.74,2026-09-28,0.0784,CAD
CTMC.TO,CI Target 2030 Investment Grade Bond Fund,ETF,TO,11,2,up,2.7409,19.95,2026-09-23,0.0482,CAD
CUTL.TO,CI Utilities Giants Covered Call ETF,ETF,TO,23,1,down,7.4771,19.45,2026-09-23,0.1218,CAD
CEF.TO,Sprott Physical Gold and Silver Trust,COMMON STOCK,TO,34,1,down,0.0000,58.88,2017-10-30,0.01289,CAD
CNQ.TO,Canadian Natural Resources Ltd,COMMON STOCK,TO,104,1,down,3.6554,67.38,2026-09-11,0.625,CAD
BMO.TO,Bank of Montreal,COMMON STOCK,TO,156,4,up,3.4575,242.66,2026-10-30,1.71,CAD
CGO.TO,Cogeco Inc.,COMMON STOCK,TO,150,1,down,8.0489,49.05,2026-07-29,0.987,CAD
CVX.TO,Chevron CDR (CAD Hedged),COMMON STOCK,TO,14,1,down,4.2509,26.48,2026-08-19,0.228,CAD
CMG.TO,Computer Modelling Group Ltd.,COMMON STOCK,TO,91,1,down,1.0076,3.97,2026-09-04,0.01,CAD
DCS.TO,Desjardins Canadian Short Term Bond Index ETF,ETF,TO,114,1,down,3.0261,18.8,2026-09-23,0.0537,CAD
DHI.TO,D.R. Horton CDR (CAD Hedged),COMMON STOCK,TO,1,1,new,0.3193,22.63,2026-08-06,0.07225,CAD
DEER.TO,Deere CDR (CAD Hedged),COMMON STOCK,TO,11,1,down,1.1890,35.04,2026-10-01,0.08219,CAD
CSH-UN.TO,Chartwell Retirement Residences,COMMON STOCK,TO,274,1,down,3.0313,20.42,2026-09-29,0.052,CAD
DLR-U.TO,Global X U.S. Dollar Currency ETF,ETF,TO,16,1,down,2.6267,10.165,2026-06-30,0.103,CAD
CWW.TO,iShares Global Water Index ETF Common Class,ETF,TO,77,1,down,1.3208,64.53,2026-09-24,0.214,CAD
CP.TO,Canadian Pacific Railway Ltd,COMMON STOCK,TO,101,1,down,0.8091,122.61,2026-09-25,0.268,CAD
DMEC.TO,Desjardins Canadian Equity Index ETF,ETF,TO,10,1,down,1.9546,33.05,2026-09-23,0.223,CAD
DBM.TO,Doman Building Materials Group Ltd,COMMON STOCK,TO,85,1,down,5.0269,11.14,2026-09-29,0.14,CAD
CNR.TO,Canadian National Railway Co,COMMON STOCK,TO,125,1,down,2.1170,171.61,2026-09-08,0.915,CAD
DIVS.TO,Evolve Active Canadian Preferred Share Fund,ETF,TO,118,1,down,5.5304,17.88,2026-09-29,0.076,CAD
DRFC.TO,Desjardins RI Canada Multifactor - Net-Zero Emissions Pathway ETF,ETF,TO,32,1,down,1.5327,45.99,2026-09-23,0.1654,CAD
DGS.TO,Dividend Growth Split Corp,COMMON STOCK,TO,191,1,down,15.1324,7.93,2026-09-29,0.1,CAD
DRFE.TO,Desjardins RI Emerging Markets Multifactor - Net-Zero Emissions Pathway ETF,ETF,TO,27,1,down,1.5398,34.55,2026-09-23,0.206,CAD
CCO.TO,Cameco Corp,COMMON STOCK,TO,114,8,up,0.1944,123.45,2025-12-01,0.24,CAD
DXIF.TO,Dynamic Active International ETF,ETF,TO,5,1,down,0.4972,33.99,2025-12-30,0.169,CAD
DRFU.TO,Desjardins RI USA Multifactor - Low CO2 ETF,ETF,TO,25,3,up,0.4731,48.23,2026-09-23,0.0587,CAD
DXCP.TO,Dynamic Short Term Credit PLUS Fund,ETF,TO,23,1,down,5.7809,19.72,2026-09-24,0.095,CAD
DCU.TO,Desjardins Canadian Universe Bond Index ETF,ETF,TO,114,1,down,3.4064,17.28,2026-09-23,0.0514,CAD
DXGE.TO,Dynamic Active Global Equity Income ETF,ETF,TO,36,1,down,2.0619,29.1,2026-09-24,0.05,CAD
DXMO.TO,Dynamic Active Mining Opportunities ETF,ETF,TO,2,1,down,0.1671,37.22,2025-12-30,0.0622,CAD
DFN.TO,Dividend 15 Split Corp,COMMON STOCK,TO,267,1,down,13.7300,8.74,2026-09-29,0.1,CAD
DXC.TO,Dynamic Active Canadian Dividend ETF,ETF,TO,115,1,down,2.0645,49.62,2026-09-24,0.082,CAD
DXU.TO,Dynamic Active U.S. Dividend ETF,ETF,TO,2,2,up,0.0000,83.36,2022-12-29,0.092,CAD
DXO.TO,Dynamic Active Crossover Bond ETF,ETF,TO,105,1,down,5.3520,18.89,2026-09-24,0.082,CAD
EBNK.TO,Evolve European Banks Enhanced Yield ETF Hedged CAD,ETF,TO,56,1,down,9.7973,17.76,2026-09-29,0.145,CAD
EDGE-U.TO,Evolve Innovation Index Fund,ETF,TO,24,2,up,0.5552,28.46,2026-09-29,0.033,CAD
CYH.TO,iShares Global Monthly Dividend (CAD Hedged) Common Class,ETF,TO,225,1,down,3.2677,26.9,2026-09-24,0.076,CAD
DII-B.TO,Dorel Industries Inc,COMMON STOCK,TO,51,2,up,0.0000,1.42,2022-02-02,15.217,CAD
EMAX.TO,Hamilton Energy YIELD MAXIMIZER ETF,ETF,TO,32,1,down,9.8207,17.565,2026-09-29,0.146,CAD
ESGF.TO,BMO ESG US Corporate Bond Hedged to CAD Index ETF,ETF,TO,27,1,down,4.5757,22.51,2026-09-29,0.255,CAD
EARN.TO,Evolve Active Global Fixed Income Fund,ETF,TO,99,1,down,4.2968,47.24,2026-09-29,0.14,CAD
ESPX.TO,Evolve S&P 500® Enhanced Yield Fund CAD Hedged,ETF,TO,45,1,down,10.3886,25.99,2026-09-29,0.225,CAD
ETHY-B.TO,Purpose Ether Yield ETF,ETF,TO,61,1,down,30.8760,2.42,2026-09-28,0.029,CAD
FCRC.TO,Franklin Canadian Core Equity Fund,ETF,TO,1,1,new,1.9101,27.57,2025-12-30,0.52662,CAD
FCII.TO,Franklin ClearBridge Sustainable Global Infrastructure Income Fund ETF,ETF,TO,57,1,down,3.3215,26.66,2026-09-29,0.0055,CAD
FGOV.TO,Franklin Canadian Government Bond Fund,ETF,TO,29,1,down,3.4593,20.11,2026-09-29,0.0741,CAD
ENCC.TO,Global X Canadian Oil and Gas Equity Covered Call ETF,ETF,TO,186,1,down,11.4924,12.53,2026-09-29,0.12,CAD
ETP.TO,First Trust Global Risk Managed Income Index ETF Common,ETF,TO,146,1,down,3.5676,18.5,2026-09-29,0.05,CAD
FTHI.TO,Fidelity Tactical High Income Fund,ETF,TO,35,1,down,2.8810,12.805,2026-09-29,0.04591,CAD
GEO.TO,Geodrill Limited,COMMON STOCK,TO,5,1,down,0.0000,2.69,2023-03-17,0.04,CAD
GDV.TO,Global Dividend Growth Split Corp Class A,COMMON STOCK,TO,101,1,down,9.9615,11.13,2026-09-29,0.1,CAD
GILD.TO,Gilead Sciences CDR (CAD Hedged),COMMON STOCK,TO,6,2,up,2.1465,30.66,2026-09-15,0.165,CAD
FGO.TO,CI Enhanced Government Bond ETF,ETF,TO,32,1,down,2.3458,9.63,2026-09-23,0.055,CAD
ELD.TO,Eldorado Gold Corp,COMMON STOCK,TO,15,4,up,0.5569,55.84,2026-09-01,0.104,CAD
GOLD.TO,GoldMining Inc,COMMON STOCK,TO,23,2,flat,0.0000,1.33,2024-11-29,0.1,CAD
FHH.TO,First Trust AlphaDEX US Health Care,ETF,TO,18,2,up,0.5184,50.15,2026-06-30,0.12,CAD
FHG.TO,FT AlphaDEX U.S. Industrials Sector Index ETF,ETF,TO,44,2,up,0.6627,61.11,2026-09-29,0.12,CAD
FLCP.TO,Franklin Canadian Core Plus Bond Fund ETF,ETF,TO,87,1,down,3.8948,17.38,2026-09-29,0.07091,CAD
CVG.TO,Clairvest Group Inc.,COMMON STOCK,TO,43,3,up,1.2075,80,2026-07-03,0.966,CAD
HBA.TO,Hamilton Australian Bank Equal-Weight Index ETF,ETF,TO,25,1,down,4.1347,29.99,2026-09-29,0.31,CAD
HBAL.TO,Global X Balanced Asset Allocation ETF,ETF,TO,42,1,down,2.3163,18.78,2026-09-29,0.04,CAD
HBIL.TO,Hamilton U.S. T-Bill YIELD MAXIMIZER ETF CAD Hedged Units,ETF,TO,25,1,down,5.5139,14.255,2026-09-29,0.053,CAD
CTC-A.TO,Canadian Tire Corporation Limited,COMMON STOCK,TO,186,1,down,3.7448,191.6,2026-07-31,1.8,CAD
HEQL.TO,Global X Enhanced All-Equity Asset Allocation ETF CAD,ETF,TO,36,1,down,1.7167,39.32,2026-09-29,0.065,CAD
HBGD-U.TO,Global X Big Data & Hardware Index ETF,ETF,TO,9,2,up,0.2518,53.3,2025-12-31,0.13423,CAD
HFG.TO,Hamilton Global Financials ETF,ETF,TO,60,1,down,2.4670,34.05,2026-09-29,0.07,CAD
HHIS.TO,Harvest Diversified High Income Shares ETF - Class A Units,ETF,TO,20,1,down,27.1429,11.9,2026-09-29,0.27,CAD
HYLD-U.TO,Hamilton Enhanced U.S. Covered Call ETF,ETF,TO,56,1,down,10.7829,17.5,2026-09-29,0.165,CAD
IIAE.TO,CI S&P International Developed Dividend Aristocrats ESG Index ETF,ETF,TO,43,1,down,2.7496,31.11,2026-09-29,0.0763,CAD
GVC.TO,Glacier Media Inc.,COMMON STOCK,TO,13,1,down,0.0000,0.36,2015-06-10,0.02,CAD
KGHI.TO,Ninepoint Kinross Gold HighShares ETF,ETF,TO,9,1,new,18.8552,5.94,2026-10-15,0.08,CAD
JAG.TO,Jaguar Mining Inc,COMMON STOCK,TO,9,1,down,0.0000,7.14,2022-08-22,0.04,CAD
HHL.TO,Harvest Healthcare Leaders Income ETF,ETF,TO,141,1,down,9.6774,7.44,2026-09-29,0.06,CAD
KILO-B.TO,Purpose Gold Bullion Fund,ETF,TO,1,1,new,0.0000,69.13,2020-12-24,0.2,CAD
HIG-U.TO,Brompton Global Healthcare Income & Growth ETF,ETF,TO,132,1,down,5.3055,8.24,2026-08-31,0.03967,CAD
HURA.TO,Global X Uranium Index ETF,ETF,TO,7,1,down,0.0964,46.69,2025-12-31,0.045,CAD
HAB.TO,Global X Active Corporate Bond ETF Common,ETF,TO,191,1,down,4.1285,9.98,2026-09-29,0.0337,CAD
FFH.TO,Fairfax Financial Holdings Ltd,COMMON STOCK,TO,25,1,down,0.9423,2209.0901,2026-01-15,20.817,CAD
INO-UN.TO,Inovalis Real Estate Investment Trust,COMMON STOCK,TO,128,1,down,6.7647,0.68,2025-12-31,0.046,CAD
LLYH-U.TO,Harvest Eli Lilly High Income Shares ETF,ETF,TO,25,1,down,17.3206,10.45,2026-09-29,0.14,CAD
JAPN-B.TO,CI WisdomTree Japan Equity Index ETF,ETF,TO,32,4,up,2.9690,52.26,2026-09-23,0.4834,CAD
JWEL.TO,Jamieson Wellness Inc,COMMON STOCK,TO,37,1,down,2.0682,45.45,2026-08-31,0.25,CAD
MCLV.TO,Mackenzie Canada Low Volatility ETF,ETF,TO,9,1,down,2.2440,30.8,2026-09-21,0.13897,CAD
MGAP.TO,Manulife Growth ETF Portfolio,ETF,TO,1,1,new,0.4381,10.5,2026-06-30,0.046,CAD
MGQE.TO,Mackenzie Global Equity ETF,ETF,TO,2,2,up,0.3097,33.9,2025-12-22,0.105,CAD
MHDC.TO,Mackenzie Canadian High Dividend Yield ETF,ETF,TO,12,2,up,4.3555,27.02,2026-10-01,0.10686,CAD
KLS.TO,Kelso Technologies Inc,COMMON STOCK,TO,2,2,up,0.0000,0.14,2015-04-13,0.038,CAD
MMMM.TO,3M CDR (CAD Hedged),COMMON STOCK,TO,8,1,down,1.8137,26.41,2026-08-24,0.121,CAD
MINT.TO,Manulife Multifactor Developed International Index ETF,ETF,TO,88,1,down,2.8391,48.36,2026-06-30,0.63,CAD
MSBP.TO,Middlefield Short Duration Bond Plus ETF,ETF,TO,8,1,new,2.3458,9.89,2026-09-29,0.029,CAD
LVMH.TO,LVMH CDR (CAD Hedged),COMMON STOCK,TO,3,2,up,3.4165,16.41,2026-12-02,0.16658,CAD
LMT.TO,Lockheed Martin CDR (CAD Hedged),ETF,TO,5,2,up,2.6805,29.36,2026-09-01,0.195,CAD
MSHE.TO,Harvest Microsoft Enhanced High Income Shares ETF - Class A Units,ETF,TO,25,1,down,18.6640,10.18,2026-09-29,0.14,CAD
NBLD.TO,NBI Balanced ETF Portfolio,ETF,TO,1,1,new,0.3511,9.97,2026-09-22,0.035,CAD
NGRW.TO,NBI Growth ETF Portfolio,ETF,TO,1,1,new,0.1986,10.07,2026-09-22,0.02,CAD
HPR.TO,Global X Active Preferred Share ETF,ETF,TO,190,1,down,4.9383,10.65,2026-09-29,0.04635,CAD
NGEX.TO,NGEx Minerals Ltd.,COMMON STOCK,TO,1,1,new,12.1852,24.62,2025-10-23,3,CAD
MSFT.TO,Microsoft CDR (CAD Hedged),COMMON STOCK,TO,21,6,up,0.9169,35.57,2026-11-19,0.06815,CAD
NINT.TO,NBI Active International Equity ETF,ETF,TO,5,5,up,1.1845,29.38,2025-12-30,0.348,CAD
NVDH-U.TO,Harvest Nvidia High Income Shares ETF,ETF,TO,25,1,down,15.8964,14.28,2026-09-29,0.19,CAD
OXY.TO,Occidental Petroleum CDR (CAD Hedged),COMMON STOCK,TO,7,1,down,1.8653,23.34,2026-09-10,0.116,CAD
MCON.TO,Mackenzie Conservative Allocation ETF,ETF,TO,27,1,down,3.8515,24.7,2026-09-21,0.15874,CAD
PAYL.TO,Global X Long-Term Government Bond Premium Yield ETF,ETF,TO,23,1,down,9.4270,16.23,2026-09-29,0.125,CAD
MREL.TO,Middlefield Real Estate Dividend ETF,ETF,TO,186,1,down,7.0866,12.7,2026-09-29,0.075,CAD
PBAL.TO,PIMCO Managed Balanced Portfolio,COMMON STOCK,TO,3,1,new,1.0431,21.09,2026-09-22,0.109,CAD
PACF.TO,Purpose Active Conservative Fund ETF,ETF,TO,14,1,down,4.3210,24.89,2026-09-28,0.216,CAD
PCOR.TO,PIMCO Managed Core Bond Pool ETF,ETF,TO,27,1,down,4.9367,17.38,2026-09-22,0.181,CAD
ONEQ.TO,CI ONE Global Equity ETF,ETF,TO,42,1,down,1.7496,59.1,2026-09-23,0.227,CAD
NXR-UN.TO,Nexus Real Estate Investment Trust,COMMON STOCK,TO,153,1,down,9.5626,7.25,2026-10-30,0.05333,CAD
NFI.TO,NFI Group Inc,COMMON STOCK,TO,80,1,down,0.0000,23.95,2022-09-28,0.053,CAD
PPL.TO,Pembina Pipeline Corp,COMMON STOCK,TO,325,1,down,4.5234,63.89,2026-09-15,0.735,CAD
PRM.TO,Big Pharma Split Corp Class A,COMMON STOCK,TO,108,1,down,8.1807,15.11,2026-09-29,0.1031,CAD
PRQ.TO,Petrus Resources Ltd,COMMON STOCK,TO,34,1,down,6.9767,1.72,2026-09-15,0.01,CAD
PHE.TO,Purpose Tactical Hedged Equity,ETF,TO,5,1,down,0.0000,41.82,2025-01-30,0.08,CAD
QASH.TO,Mackenzie Canadian Ultra Short Bond Index ETF,ETF,TO,34,1,down,3.7848,49.98,2026-10-01,0.13664,CAD
PHW.TO,Purpose International Tactical Hedged Equity,ETF,TO,54,9,up,6.4552,22.54,2026-09-28,0.145,CAD
MFI.TO,Maple Leaf Foods Inc.,COMMON STOCK,TO,131,1,down,11.3436,25.62,2026-09-08,0.21,CAD
QDX.TO,Mackenzie International Equity Index ETF,ETF,TO,35,1,down,2.3219,164.28,2026-09-21,0.88866,CAD
QQCE-F.TO,CI ESG NASDAQ 100 Index ETF,ETF,TO,20,1,down,0.2446,36.36,2026-09-29,0.0187,CAD
QQCC-U.TO,Global X NASDAQ-100 Covered Call ETF,ETF,TO,11,2,up,10.0702,10.26,2026-08-31,0.0938,CAD
QQQY.TO,Evolve NASDAQ Technology Enhanced Yield Index Fund,ETF,TO,36,1,down,12.4919,30.74,2026-09-29,0.32,CAD
PRU.TO,Perseus Mining Ltd,COMMON STOCK,TO,12,6,up,2.1788,6.32,2026-09-08,0.09,CAD
QSB.TO,Mackenzie Canadian Short-Term Bond Index ETF,ETF,TO,105,1,down,3.1312,98.46,2026-10-01,0.26321,CAD
PSK.TO,PrairieSky Royalty Ltd,COMMON STOCK,TO,156,1,down,3.1549,33.44,2026-09-29,0.265,CAD
RFA-PI.TO,RFA Financial Inc.,COMMON STOCK,TO,34,1,down,7.2783,24.02,2026-07-31,0.43706,CAD
PAAS.TO,Pan American Silver Corp,COMMON STOCK,TO,67,4,up,1.4539,64.86,2026-08-24,0.253,CAD
MPC.TO,Madison Pacific Properties Inc.,COMMON STOCK,TO,77,1,down,2.1946,4.83,2026-08-25,0.053,CAD
RIIN.TO,Russell Investments Global Infrastructure ETF,ETF,TO,80,1,down,6.9982,22.64,2026-09-22,0.082,CAD
RQU.TO,RBC Target 2032 Canadian Corporate Bond ETF,ETF,TO,5,1,new,1.8801,19.68,2026-09-22,0.07,CAD
RQR.TO,RBC Target 2029 Canadian Corporate Bond ETF,ETF,TO,47,1,down,4.1597,21.54,2026-09-22,0.072,CAD
RSI.TO,Rogers Sugar Inc.,COMMON STOCK,TO,172,1,down,5.3492,6.73,2026-10-02,0.09,CAD
RUD.TO,RBC Quant US Dividend Leaders,ETF,TO,152,1,down,1.2496,31.61,2026-09-22,0.025,CAD
RUQQ.TO,RBC Target 2028 U.S. Corporate Bond ETF,ETF,TO,29,1,down,3.3117,21.56,2026-09-22,0.06,CAD
RYHE.TO,Harvest Enhanced High Income RY-Linked Shares ETF,ETF,TO,13,2,up,9.2615,16.52,2026-09-29,0.14,CAD
RID-U.TO,RBC Quant EAFE Dividend Leaders ETF,ETF,TO,152,4,up,3.4756,28.87,2026-09-22,0.1584,CAD
SPAY-U.TO,Global X Short-Term U.S. Treasury Premium Yield ETF,ETF,TO,35,1,down,5.8969,18.23,2026-08-31,0.095,CAD
SPGI.TO,S&P Global CDR (CAD Hedged),COMMON STOCK,TO,7,2,up,5.9854,18.61,2026-08-26,0.046,CAD
STN.TO,Stantec Inc,COMMON STOCK,TO,60,1,down,0.9877,97.195,2026-09-29,0.245,CAD
SWIN.TO,HAMILTON CHAMPIONS Enhanced U.S. Dividend ETF CDN$ Hedged Units,ETF,TO,20,1,down,2.7705,16.82,2026-09-29,0.039,CAD
SXHI.TO,Ninepoint SpaceX HighShares ETF,ETF,TO,7,1,new,14.1667,6.6,2026-10-15,0.095,CAD
RUDH.TO,RBC Quant U.S. Dividend Leaders (CAD Hedged) ETF,ETF,TO,143,1,down,1.5783,30.54,2026-09-22,0.035,CAD
TBCH.TO,TD Target 2028 Investment Grade Bond ETF,ETF,TO,21,1,down,1.9504,25.6,2026-09-29,0.045,CAD
TBUG-U.TO,TD Target 2027 U.S. Investment Grade Bond ETF,ETF,TO,30,1,down,2.8200,26.17,2026-09-29,0.073,CAD
TCLV.TO,TD Q Canadian Low Volatility ETF,ETF,TO,25,1,down,1.9271,27.45,2026-09-29,0.145,CAD
SAM.TO,Starcore International Mines Ltd,COMMON STOCK,TO,1,1,new,0.0000,0.4,2014-08-27,0.07921,CAD
MATR.TO,Mattr Corp,COMMON STOCK,TO,89,1,down,0.0000,20.78,2020-03-13,0.15,CAD
TCW.TO,Trican Well Service Ltd.,COMMON STOCK,TO,34,1,down,3.5889,6.13,2026-09-15,0.055,CAD
TCSH.TO,TD Cash Management ETF,ETF,TO,31,1,down,2.5454,50.09,2026-09-29,0.114,CAD
TECI.TO,TD Global Technology Innovators Index ETF,ETF,TO,13,1,down,0.0641,17.15,2025-12-31,0.011,CAD
TDNA.TO,TD North American Dividend Fund,ETF,TO,3,1,new,0.3077,40.63,2026-09-29,0.045,CAD
PSD.TO,Pulse Seismic Inc,COMMON STOCK,TO,61,1,down,6.0000,2.9,2026-08-11,0.019,CAD
TLTX-F.TO,Global X 20+ Year U.S. Trs Bd Idx ETF H,ETF,TO,12,2,up,4.8893,43.38,2026-09-29,0.193,CAD
TGGR.TO,TD Active Global Equity Growth ETF,ETF,TO,22,1,down,0.4884,35.22,2026-09-29,0.03,CAD
TQCD.TO,TD Q Canadian Dividend ETF,ETF,TO,82,1,down,2.8444,29.11,2026-09-29,0.07,CAD
TRVI.TO,Harvest Travel & Leisure Income ETF - Class A Units,ETF,TO,41,1,down,11.2964,18.59,2026-09-29,0.18,CAD
TUSD-U.TO,TD U.S. Cash Management ETF,ETF,TO,21,1,down,3.9266,50.12,2026-09-29,0.183,CAD
TSHI.TO,Ninepoint Tesla HighShares ETF,ETF,TO,9,1,new,19.6468,8.21,2026-10-15,0.105,CAD
TTP.TO,TD Canadian Equity Index ETF,ETF,TO,42,1,down,1.8677,40.96,2026-09-29,0.2,CAD
TXG.TO,Torex Gold Resources Inc,COMMON STOCK,TO,4,2,up,0.9166,67.64,2026-08-21,0.16,CAD
UPS.TO,UPS CDR (CAD Hedged),COMMON STOCK,TO,15,1,down,6.9989,11.8,2026-08-17,0.205,CAD
UDIV-B.TO,Manulife Smart U.S. Dividend ETF,ETF,TO,23,1,down,1.8063,18.71,2026-09-29,0.07795,CAD
URCC.TO,Global X Uranium Covered Call ETF,ETF,TO,5,1,new,8.0185,14.03,2026-09-29,0.225,CAD
UTES.TO,Evolve Canadian Utilities Enhanced Yield Index Fund ETF,ETF,TO,25,1,down,20.8564,7.94,2026-09-29,0.138,CAD
USCL.TO,Global X Enhanced S&P 500 Covered Call ETF,ETF,TO,39,1,down,11.5844,25.12,2026-09-29,0.25,CAD
USSX-U.TO,Global X S&P 500 Index ETF,ETF,TO,8,1,down,0.7605,29.19,2026-06-30,0.075,CAD
VIGG.TO,Vanguard Developed ex-North America Dividend Appreciation Index ETF,ETF,TO,1,1,new,0.2367,26.62,2026-09-18,0.063,CAD
VCM.TO,Vecima Networks Inc.,COMMON STOCK,TO,54,1,down,2.1318,12.9,2026-10-16,0.055,CAD
VGV.TO,Vanguard Canadian Government Bond Index ETF,ETF,TO,116,1,down,3.5365,21.61,2026-10-01,0.05591,CAD
VLN.TO,Velan Inc.,COMMON STOCK,TO,70,4,up,0.5479,18.25,2025-11-13,0.1,CAD
S.TO,Sherritt International Corporation,COMMON STOCK,TO,48,1,down,0.0000,0.305,2015-06-26,0.01,CAD
VVO.TO,Vanguard Global Minimum Volatility ETF CAD,ETF,TO,10,2,up,1.9976,41.99,2025-12-30,0.8388,CAD
VXC.TO,Vanguard FTSE Global All Cap ex Canada Index ETF,ETF,TO,49,1,down,1.1461,85.61,2026-09-28,0.20072,CAD
XAGH.TO,iShares U.S. Aggregate Bond Index ETF (CAD-Hedged),ETF,TO,60,1,down,4.4770,30.91,2026-09-24,0.12,CAD
WPK.TO,Winpak Ltd.,COMMON STOCK,TO,153,1,down,0.5706,43.81,2026-10-01,0.05,CAD
WTE.TO,Westshore Terminals Investment Corp,COMMON STOCK,TO,115,1,down,3.5311,42.48,2026-09-29,0.375,CAD
XEH.TO,iShares MSCI Europe IMI Index ETF (CAD-Hedged),ETF,TO,25,1,down,2.6356,40.84,2026-06-25,0.772,CAD
XDU.TO,iShares Core MSCI US Quality Dividend Index ETF,ETF,TO,111,5,up,2.8981,37.16,2026-09-24,0.15,CAD
XETM.TO,iShares S&P/TSX Energy Transition Materials Index ETF,ETF,TO,5,1,down,0.2557,80.55,2026-06-25,0.206,CAD
TIH.TO,Toromont Industries Ltd.,COMMON STOCK,TO,150,1,down,0.9706,226.67,2026-09-04,0.56,CAD
VSC.TO,Vanguard Canadian Short-Term Corporate Bond,ETF,TO,167,1,down,4.1028,23.86,2026-10-01,0.07224,CAD
WMT.TO,Walmart CDR (CAD Hedged),COMMON STOCK,TO,20,5,up,1.1412,45.31,2026-12-11,0.10396,CAD
TFII.TO,TFI International Inc,COMMON STOCK,TO,156,1,down,1.5162,173.64,2026-09-29,0.6667,CAD
SAP.TO,Saputo Inc,COMMON STOCK,TO,116,1,down,1.9853,40.8,2026-09-15,0.21,CAD
XMA.TO,iShares S&P/TSX Capped Materials Index ETF,ETF,TO,68,2,up,0.4875,46.12,2026-09-24,0.064,CAD
XMC.TO,iShares S&P US Mid-Cap,ETF,TO,22,1,down,0.9393,39.44,2026-06-25,0.131,CAD
XIT.TO,iShares S&P/TSX Capped Information Technology Index ETF,ETF,TO,10,1,down,0.0000,78.77,2021-06-24,0.013,CAD
XMC-U.TO,iShares S&P U.S. Mid-Cap Index ETF,ETF,TO,14,1,down,0.9607,28.09,2026-06-25,0.094,CAD
XMD.TO,iShares S&P/TSX Completion Index ETF,ETF,TO,102,2,up,1.0057,58.75,2026-09-24,0.182,CAD
XMU-U.TO,iShares MSCI Min Vol USA Index ETF,ETF,TO,28,1,down,1.1018,66.21,2026-09-24,0.145,CAD
XPF.TO,iShares S&P/TSX North American Preferred Stock (CAD Hedged),ETF,TO,190,1,down,5.3033,15.33,2026-09-24,0.066,CAD
XQQU.TO,iShares NASDAQ 100 Index ETF,ETF,TO,6,1,down,0.2175,102.16,2026-06-25,0.098,CAD
RY.TO,Royal Bank of Canada,COMMON STOCK,TO,150,31,up,2.9256,285.07,2026-10-26,1.76,CAD
XMI.TO,iShares MSCI Min Vol EAFE Index ETF,ETF,TO,28,1,down,2.5346,49.92,2026-06-25,0.721,CAD
XSHU.TO,iShares 1-5 Year U.S. IG Corporate Bond Index ETF,ETF,TO,62,1,down,4.5562,42.7,2026-09-24,0.154,CAD
XSMH.TO,iShares S&P U.S. Small-Cap Index ETF (CAD-Hedged),ETF,TO,13,1,down,0.9869,32.83,2026-06-25,0.119,CAD
XSEA.TO,iShares ESG Aware MSCI EAFE Index ETF,ETF,TO,15,1,down,2.3093,35.26,2026-06-25,0.53,CAD
XSEM.TO,iShares ESG Aware MSCI Emerging Markets Index ETF,ETF,TO,15,1,down,1.4845,34.37,2026-06-25,0.243,CAD
XSP.TO,iShares Core S&P 500 (CAD Hedged),ETF,TO,39,1,down,1.1137,77.04,2026-06-25,0.302,CAD
XSPC.TO,iShares S&P 500 3% Capped Index ETF (CAD-Hedged),ETF,TO,4,1,down,1.1536,53.14,2026-06-25,0.349,CAD
XEN.TO,iShares Jantzi Social Index ETF,ETF,TO,77,1,down,1.5094,53.95,2026-09-24,0.209,CAD
WDO.TO,Wesdome Gold Mines Ltd.,COMMON STOCK,TO,10,6,up,0.0886,35,2026-09-15,0.031,CAD
XSC.TO,iShares Conservative Short Term Strategic Fixed Income ETF,ETF,TO,132,1,down,4.2494,17.11,2026-09-24,0.053,CAD
XSTH.TO,iShares 0-5 Year TIPS Bond Index ETF (CAD-Hedged),ETF,TO,52,1,down,5.1303,35.69,2026-08-26,0.262,CAD
XSTB.TO,iShares ESG Aware Canadian Short Term Bond Index ETF,ETF,TO,90,1,down,2.8945,19.52,2026-09-24,0.047,CAD
XSE.TO,iShares Conservative Strategic Fixed Income ETF,ETF,TO,132,1,down,4.6985,16.8,2026-09-24,0.053,CAD
XSTP.TO,iShares 0-5 Year TIPS Bond Index ETF,ETF,TO,52,1,down,5.0141,42.56,2026-08-26,0.301,CAD
XUSC.TO,iShares S&P 500 3% Capped Index ETF,ETF,TO,4,1,down,0.9184,57.38,2026-06-25,0.275,CAD
XUSF.TO,iShares S&P U.S. Financials Index ETF,ETF,TO,12,4,up,0.9841,82.54,2026-09-24,0.271,CAD
XUS-U.TO,iShares Core S&P 500 Index ETF,ETF,TO,14,1,down,1.1157,48.22,2026-06-25,0.179,CAD
WJX.TO,Wajax Corporation,COMMON STOCK,TO,177,1,down,4.0568,34.51,2026-09-15,0.35,CAD
XUSR.TO,iShares ESG Advanced MSCI USA Index ETF,ETF,TO,26,1,down,0.5754,123.91,2026-09-24,0.189,CAD
XSH.TO,iShares Core Canadian Short Term Corporate + Maple Bond,ETF,TO,180,1,down,3.9968,18.79,2026-09-24,0.063,CAD
ZBI.TO,BMO Canadian Bank Income Index ETF,ETF,TO,19,1,down,4.4539,30.67,2026-09-29,0.352,CAD
ZBAL-T.TO,BMO Balanced ETF (Target Cash Flow Units),ETF,TO,56,1,down,5.2025,11.36,2026-09-29,0.049,CAD
ZCS-L.TO,BMO Short Corporate Bond Index ETF,ETF,TO,1,1,new,0.0000,25.97,2019-12-27,0.55,CAD
ZBAL.TO,BMO Balanced ETF,ETF,TO,31,1,down,1.5554,16.009,2026-09-29,0.061,CAD
XSB.TO,iShares Canadian Short Term Bond,ETF,TO,224,1,down,3.1269,26.48,2026-09-24,0.068,CAD
ZEQT.TO,BMO All-Equity ETF,ETF,TO,19,1,down,1.2577,23.535,2026-09-29,0.075,CAD
ZDH.TO,BMO International Dividend Hedged to CAD ETF,ETF,TO,133,1,down,2.7397,35.77,2026-09-29,0.085,CAD
ZDB.TO,BMO Discount Bond Index ETF,ETF,TO,152,1,down,1.8421,14.82,2026-09-29,0.022,CAD
ZCM.TO,BMO Mid Corporate Bond Index ETF,ETF,TO,193,1,down,4.4241,15.28,2026-09-29,0.055,CAD
ZEF.TO,BMO Emerging Markets Bond (CAD Hedged),ETF,TO,191,1,down,4.3001,11.93,2026-09-29,0.045,CAD
ZCON.TO,BMO Conservative ETF,ETF,TO,31,1,down,1.7669,13.13,2026-09-29,0.055,CAD
ZAG.TO,BMO Aggregate Bond Index ETF,ETF,TO,193,1,down,3.4877,13.39,2026-09-29,0.038,CAD
XTR.TO,iShares Diversified Monthly Income ETF,ETF,TO,213,1,down,3.9409,12.18,2026-09-24,0.04,CAD
ZEQT-T.TO,BMO All-Equity ETF (Target Cash Flow Units),ETF,TO,7,1,new,3.1993,21.88,2026-09-29,0.1,CAD
ZEQL.TO,BMO MSCI USA Equal Weight Index ETF,ETF,TO,3,1,new,1.0322,33.23,2026-09-29,0.112,CAD
ZCN.TO,BMO S&P/TSX Capped Composite,ETF,TO,69,1,down,2.0214,47.69,2026-09-29,0.244,CAD
XTC.TO,Exco Technologies Limited,COMMON STOCK,TO,95,1,down,5.0725,8.28,2026-09-15,0.105,CAD
ZEQ.TO,BMO MSCI Europe High Quality CAD Hedged,ETF,TO,52,1,down,1.6263,32.22,2026-09-29,0.132,CAD
ZESG.TO,BMO Balanced ESG ETF,ETF,TO,27,1,down,1.8315,15.07,2026-09-29,0.077,CAD
ZFC.TO,BMO SIA Focused Canadian Equity Fund ETF Series,ETF,TO,8,2,up,0.1382,57.87,2025-12-30,0.08,CAD
ZFH.TO,BMO Floating Rate High Yield,ETF,TO,152,1,down,4.9370,15.07,2026-09-29,0.055,CAD
ZFM.TO,BMO Mid Federal Bond,ETF,TO,195,1,down,2.7336,14.34,2026-09-29,0.035,CAD
ZFL.TO,BMO Long Federal Bond Index ETF,ETF,TO,191,1,down,2.9682,11.32,2026-09-29,0.027,CAD
ZEB.TO,BMO S&P/TSX Equal Weight Banks,ETF,TO,194,1,down,2.3429,74.95,2026-09-29,0.15,CAD
ZCS.TO,BMO Short Corporate Bond Index ETF,ETF,TO,194,1,down,4.0435,13.8,2026-09-29,0.047,CAD
ZEM.TO,BMO MSCI Emerging Markets Index ETF,ETF,TO,19,4,up,1.7457,34.37,2025-12-30,0.6,CAD
ZFN.TO,BMO SIA Focused North American Equity Fund ETF Series,ETF,TO,8,1,down,0.5336,58.1,2025-12-30,0.31,CAD
ZDI.TO,BMO International Dividend ETF,ETF,TO,143,1,down,2.9787,32.9,2026-09-29,0.085,CAD
ZDY-U.TO,BMO US Dividend ETF,ETF,TO,161,1,down,1.6205,42.95,2026-08-28,0.1176,CAD
ZGB.TO,BMO Government Bond Index ETF,ETF,TO,40,1,down,2.7062,44.38,2026-09-29,0.111,CAD
ZGI.TO,BMO Global Infrastructure Index ETF,ETF,TO,68,1,down,2.4437,54.63,2026-09-29,0.338,CAD
ZHY.TO,BMO High Yield US Corporate Bond Hedged to CAD Index ETF,ETF,TO,194,1,down,6.7457,10.54,2026-09-29,0.06,CAD
ZGRO-T.TO,BMO Growth ETF,ETF,TO,44,1,down,4.9752,14.11,2026-09-29,0.058,CAD
ZHP.TO,BMO US Preferred Share Hedged to CAD Index ETF,ETF,TO,116,1,down,6.2298,15.49,2026-09-29,0.08,CAD
ZGQ.TO,BMO MSCI All Country World High Quality Index ETF,ETF,TO,49,1,down,0.4755,92.11,2026-09-29,0.113,CAD
ZFS-L.TO,BMO Short Federal Bond Index ETF (Accumulating Units),ETF,TO,14,1,down,2.5055,22.75,2026-06-29,0.19,CAD
ZIU.TO,BMO S&P/TSX 60 Index ETF,ETF,TO,12,1,down,2.0524,80.88,2026-09-29,0.422,CAD
ZJK-U.TO,BMO High Yield US Corporate Bond Index ETF (USD Units),ETF,TO,71,1,down,6.4845,17.11,2026-08-28,0.096,CAD
ZJK.TO,BMO High Yield US Corporate Bond Index ETF,ETF,TO,105,1,down,6.4728,18.74,2026-09-29,0.103,CAD
ZJPN-F.TO,BMO Japan Index ETF (Hedged Units),ETF,TO,19,1,down,1.0949,72.79,2026-09-29,0.204,CAD
ZLU.TO,BMO Low Volatility US Equity ETF,ETF,TO,55,1,down,1.7355,62.23,2026-09-29,0.27,CAD
ZLB.TO,BMO Low Volatility Canadian Equity,ETF,TO,61,1,down,1.8830,59.48,2026-09-29,0.28,CAD
ZJPN.TO,BMO Japan Index ETF,ETF,TO,19,1,down,1.0939,52.2,2026-09-29,0.145,CAD
ZMI-U.TO,BMO Monthly Income ETF (USD Units),ETF,TO,56,1,down,3.9648,10.24,2026-08-28,0.034,CAD
ZID.TO,BMO MSCI India Selection Equity Index ETF,ETF,TO,17,2,up,0.8252,41.2,2025-12-30,0.34,CAD
ZFS.TO,BMO Short Federal Bond Index ETF,ETF,TO,194,1,down,2.5547,13.7,2026-09-29,0.028,CAD
ZLSU.TO,BMO Long Short US Equity ETF,ETF,TO,12,1,down,0.6977,48.73,2026-09-29,0.085,CAD
ZGD.TO,BMO Equal Weight Global Gold Index ETF,ETF,TO,13,6,flat,0.1937,30.97,2025-12-30,0.06,CAD
ZMID-F.TO,BMO S&P US Mid Cap Index ETF,ETF,TO,27,1,down,0.9682,46.89,2026-09-29,0.113,CAD
ZMID.TO,BMO S&P US Mid Cap Index ETF,ETF,TO,27,1,down,0.9315,55.18,2026-09-29,0.131,CAD
ZMMK.TO,BMO Money Market Fund ETF Series,ETF,TO,60,1,down,2.3896,49.925,2026-09-29,0.1,CAD
ZMID-U.TO,BMO S&P US Mid Cap Index ETF (USD Units),ETF,TO,26,1,down,0.6963,53.71,2026-06-29,0.123,CAD
ZMT.TO,BMO S&P/TSX Equal Weight Global Base Metals (CAD Hedged),ETF,TO,17,2,flat,0.1745,125.5,2025-12-30,0.219,CAD
ZPAY.TO,BMO Premium Yield ETF,ETF,TO,80,1,down,6.9505,34.53,2026-09-29,0.2,CAD
ZNQ.TO,BMO NASDAQ 100 Equity Index ETF,ETF,TO,7,1,down,0.2018,138.78,2025-12-30,0.28,CAD
ZPAY-U.TO,BMO Premium Yield ETF (USD Units),ETF,TO,79,1,down,6.2500,31.68,2026-08-28,0.18,CAD
ZLE.TO,BMO Low Volatility Emerging Markets Equity ETF,ETF,TO,10,1,down,2.3121,29.41,2025-12-30,0.68,CAD
ZPL.TO,BMO Long Provincial Bond,ETF,TO,162,1,down,3.7313,11.39,2026-09-29,0.034,CAD
ZMI.TO,BMO Monthly Income,ETF,TO,188,1,down,3.5247,19.86,2026-09-29,0.049,CAD
ZPR.TO,BMO Laddered Preferred Share Index ETF,ETF,TO,166,1,down,5.2333,12.86,2026-09-29,0.06,CAD
ZPR-U.TO,BMO Laddered Preferred Share Index ETF (USD Units),ETF,TO,57,1,down,5.0738,20.2,2026-08-28,0.091,CAD
ZPS-L.TO,BMO Short Provincial Bond Index ETF (Accumulating Units),ETF,TO,14,1,down,2.0382,23.55,2026-06-29,0.16,CAD
ZPW-U.TO,BMO US Put Write ETF (USD Units),ETF,TO,133,1,down,6.8141,15.6,2026-08-28,0.125,CAD
ZLC.TO,BMO Long Corporate Bond Index ETF,ETF,TO,193,1,down,4.7357,14.38,2026-09-29,0.053,CAD
ZPS.TO,BMO Short Provincial Bond,ETF,TO,195,1,down,2.5920,12.23,2026-09-29,0.024,CAD
ZPW.TO,BMO US Put Write ETF,ETF,TO,133,1,down,9.0744,16.53,2026-09-29,0.125,CAD
ZQQ.TO,BMO NASDAQ 100 Equity (CAD Hedged),ETF,TO,20,1,down,0.2253,204.14,2025-12-30,0.46,CAD
ZMU.TO,BMO Mid-Term US IG Corporate Bond Hedged to CAD Index ETF,ETF,TO,162,1,down,4.8398,11.86,2026-09-29,0.049,CAD
ZRE.TO,BMO Equal Weight REITs Index ETF,ETF,TO,191,1,down,4.6465,22.49,2026-09-29,0.09,CAD
ZSP.TO,BMO S&P 500 Index ETF,ETF,TO,57,1,down,0.7642,119.47,2026-09-29,0.237,CAD
ZQB.TO,BMO High Quality Corporate Bond Index ETF,ETF,TO,27,1,down,4.0216,28.72,2026-09-29,0.29,CAD
ZSU.TO,BMO Short-Term US IG Corporate Bond Hedged to CAD Index ETF,ETF,TO,152,1,down,4.5043,12.81,2026-09-29,0.05,CAD
ZSML-U.TO,BMO S&P US Small Cap Index ETF (USD Units),ETF,TO,26,1,down,0.7883,49.73,2026-06-29,0.131,CAD
ZTIP-F.TO,BMO Short-Term US TIPS Index ETF (Hedged Units),ETF,TO,23,1,down,4.1176,27.88,2026-09-29,0.304,CAD
ZTIP-U.TO,BMO Short-Term US TIPS Index ETF (USD Units),ETF,TO,22,1,down,2.9878,29.42,2026-06-29,0.354,CAD
ZUH.TO,BMO Equal Weight US Health Care Hedged to CAD Index ETF,ETF,TO,16,1,down,0.4802,79.13,2025-12-30,0.38,CAD
ZUE.TO,BMO S&P 500 (CAD Hedged),ETF,TO,69,1,down,0.8057,102.65,2026-09-29,0.209,CAD
ZUD.TO,BMO US Dividend Hedged to CAD ETF,ETF,TO,162,1,down,1.5514,38.03,2026-09-29,0.055,CAD
ZUP.TO,BMO US Preferred Share Index ETF,ETF,TO,116,1,down,6.0810,19.01,2026-09-29,0.096,CAD
ZUQ-F.TO,BMO MSCI USA High Quality Index ETF (Hedged Units),ETF,TO,25,1,down,0.4627,65.49,2026-09-29,0.079,CAD
ZUQ.TO,BMO MSCI USA High Quality Index ETF,ETF,TO,48,1,down,0.4401,113.62,2026-09-29,0.133,CAD
ZUP-U.TO,BMO US Preferred Share Index ETF (USD Units),ETF,TO,114,1,down,5.4428,17.21,2026-08-28,0.1529,CAD
ZVC.TO,BMO MSCI Canada Value Index ETF,ETF,TO,35,1,down,1.8932,45.11,2026-09-29,0.213,CAD
ZUS-U.TO,BMO Ultra Short-Term US Bond ETF (USD Units),ETF,TO,92,1,down,4.1419,46.79,2026-09-29,0.166,CAD
ZUQ-U.TO,BMO MSCI USA High Quality Index ETF (USD Units),ETF,TO,24,1,down,0.3386,70.87,2026-06-29,0.083,CAD
ZWC.TO,BMO Canadian High Dividend Covered Call,ETF,TO,116,1,down,5.9625,22.39,2026-09-29,0.12,CAD
ZWB-T.TO,BMO Covered Call Canadian Banks ETF CAD,ETF,TO,7,1,new,6.6266,51.55,2026-09-29,0.488,CAD
ZWE.TO,BMO Europe High Dividend Covered Call Hedged to CAD ETF,ETF,TO,133,1,down,6.6146,21.77,2026-09-29,0.12,CAD
ZWEN.TO,BMO Covered Call Energy ETF,ETF,TO,44,1,down,7.0101,37.66,2026-09-29,0.22,CAD
ZWG.TO,BMO Global High Dividend Covered Call ETF,ETF,TO,80,1,down,5.8562,37.14,2026-09-29,0.19,CAD
ZWGD.TO,BMO Covered Call Spread Gold Bullion ETF,ETF,TO,16,2,up,5.6167,34.54,2026-09-29,0.17,CAD
ZWHC.TO,BMO Covered Call Health Care ETF,ETF,TO,44,1,down,6.7250,28.55,2026-09-29,0.16,CAD
ZWK.TO,BMO Covered Call US Banks ETF,ETF,TO,92,1,down,6.4791,27.55,2026-09-29,0.16,CAD
ZWT.TO,BMO Covered Call Technology ETF,ETF,TO,68,4,up,4.9408,70.13,2026-09-29,0.35,CAD
ZWU-T.TO,BMO Covered Call Utilities ETF CAD,ETF,TO,7,1,new,9.6154,45.5,2026-09-29,0.625,CAD
ZWB-U.TO,BMO Covered Call Canadian Banks ETF (USD Units),ETF,TO,56,1,down,4.8069,37.03,2026-08-28,0.21,CAD
ZXCP.TO,BMO Target 2028 Canadian Corporate Bond ETF,ETF,TO,6,2,up,4.0808,9.9,2026-09-29,0.101,CAD
ZXCO.TO,BMO Target 2027 Canadian Corporate Bond ETF,ETF,TO,6,2,up,3.7725,10.02,2026-09-29,0.094,CAD
ZXCQ.TO,BMO Target 2029 Canadian Corporate Bond ETF,ETF,TO,6,2,up,4.1271,9.91,2026-09-29,0.102,CAD
ZXLB.TO,BMO SPDR Materials Select Sector Index ETF,ETF,TO,1,1,new,1.3670,32.92,2025-12-30,0.45,CAD
ZWH-U.TO,BMO US High Dividend Covered Call ETF (USD Units),ETF,TO,139,1,down,5.1325,26.12,2026-08-28,0.2407,CAD
ZXLB-F.TO,BMO SPDR Materials Select Sector Index ETF (Hedged Units),ETF,TO,1,1,new,1.4413,32.61,2025-12-30,0.47,CAD
ZXLC-F.TO,BMO SPDR Communication Services Select Sector Index ETF (Hedged Units),ETF,TO,1,1,new,0.8720,32.11,2025-12-30,0.28,CAD
ZXLE-F.TO,BMO SPDR Energy Select Sector Index ETF (Hedged Units),ETF,TO,1,1,new,1.6651,42.04,2025-12-30,0.7,CAD
ZXLC.TO,BMO SPDR Communication Services Select Sector Index ETF,ETF,TO,1,1,new,1.0546,32.24,2025-12-30,0.34,CAD
ZXLE.TO,BMO SPDR Energy Select Sector Index ETF,ETF,TO,1,1,new,2.3413,41.43,2025-12-30,0.97,CAD
ZXLF.TO,BMO SPDR Financials Select Sector Index ETF,ETF,TO,1,1,new,0.8296,31.34,2025-12-30,0.26,CAD
ZXLI.TO,BMO SPDR Industrials Select Sector Index ETF,ETF,TO,1,1,new,1.8364,35.94,2025-12-30,0.66,CAD
ZXLF-F.TO,BMO SPDR Financials Select Sector Index ETF (Hedged Units),ETF,TO,1,1,new,0.9965,31.11,2025-12-30,0.31,CAD
ZXLI-F.TO,BMO SPDR Industrials Select Sector Index ETF (Hedged Units),ETF,TO,1,1,new,0.7525,35.88,2025-12-30,0.27,CAD
ZXLK.TO,BMO SPDR Technology Select Sector Index ETF,ETF,TO,1,1,new,0.2200,49.99,2025-12-30,0.11,CAD
ZXLK-F.TO,BMO SPDR Technology Select Sector Index ETF (Hedged Units),ETF,TO,1,1,new,0.2812,49.79,2025-12-30,0.14,CAD
ZXLP-F.TO,BMO SPDR Consumer Staples Select Sector Index ETF (Hedged Units),ETF,TO,1,1,new,2.0261,30.6,2025-12-30,0.62,CAD
ZWH.TO,BMO US High Dividend Covered Call ETF,ETF,TO,152,1,down,6.0119,26.78,2026-09-29,0.14,CAD
ZXLP.TO,BMO SPDR Consumer Staples Select Sector Index ETF,ETF,TO,1,1,new,0.8989,31.15,2025-12-30,0.28,CAD
ZXLR.TO,BMO SPDR Real Estate Select Sector Index ETF,ETF,TO,1,1,new,3.2704,29.66,2025-12-30,0.97,CAD
ZXLR-F.TO,BMO SPDR Real Estate Select Sector Index ETFH,ETF,TO,1,1,new,4.6934,29.19,2025-12-30,1.37,CAD
ZXLU-F.TO,BMO SPDR Utilities Select Sector Index ETFH,ETF,TO,1,1,new,1.2983,30.04,2025-12-30,0.39,CAD
ZXLY-F.TO,BMO SPDR Consumer Discretionary Select Sector Index ETF (Hedged Units),ETF,TO,1,1,new,0.5760,27.78,2025-12-30,0.16,CAD
ZXLU.TO,BMO SPDR Utilities Select Sector Index ETF,ETF,TO,1,1,new,1.1597,30.18,2025-12-30,0.35,CAD
ZXLV-F.TO,BMO SPDR Health Care Select Sector Index ETF (Hedged Units),ETF,TO,1,1,new,2.0059,33.9,2025-12-30,0.68,CAD
ZXLV.TO,BMO SPDR Health Care Select Sector Index ETF,ETF,TO,1,1,new,0.4342,34.55,2025-12-30,0.15,CAD
ZXLY.TO,BMO SPDR Consumer Discretionary Select Sector Index ETF,ETF,TO,1,1,new,0.6774,28.05,2025-12-30,0.19,CAD
ZWU.TO,BMO Covered Call Utilities ETF,ETF,TO,179,1,down,7.7491,10.84,2026-09-29,0.07,CAD
ZXM-B.TO,CI Morningstar International Momentum Index ETF,ETF,TO,48,1,down,1.8904,62.76,2026-09-23,0.1958,CAD
ZYNS.TO,Philip Morris CDR (CAD Hedged),COMMON STOCK,TO,4,2,up,3.1131,26.58,2026-10-02,0.21845,CAD
ZZZD.TO,BMO Tactical Dividend ETF Series ETF,ETF,TO,31,1,down,3.7372,32.11,2026-09-29,0.3,CAD
ZXM.TO,First Asset Morningstar International Momentum CAD Hedged Common,ETF,TO,48,1,down,1.8136,65.44,2026-09-23,0.1958,CAD
BBIG11.SA,Bb Premium Malls Fundo De Investimento Imobiliário De Responsabilidade Limitada,COMMON STOCK,SA,28,1,down,14.6947,5.24,2026-09-01,0.03,BRL
BIXC39.SA,BIXC39,COMMON STOCK,SA,7,1,down,1.9624,75.04,2026-06-15,0.65102,BRL
BFNX39.SA,BFNX39,COMMON STOCK,SA,9,1,down,0.6395,26.43,2026-06-29,0.04041,BRL
BMYB34.SA,Bristol-Myers Squibb Company,COMMON STOCK,SA,51,1,down,2.7220,317.76,2026-07-01,2.11392,USD
BITB39.SA,BITB39,COMMON STOCK,SA,15,1,down,0.7798,77.44,2026-09-15,0.14647,BRL
BIYW39.SA,Ishares US Technology ETF,ETF,SA,24,1,down,0.0511,39.41,2026-06-12,0.00713,BRL
A1MP34.SA,Ameriprise Financial Inc.,COMMON STOCK,SA,37,1,down,9.2702,62.43,2026-07-30,1.48069,USD
AMAR3.SA,Marisa Lojas S.A,COMMON STOCK,SA,19,1,down,0.0000,0.83,2015-04-29,0.32695,BRL
BCHI39.SA,Ishares Msci China Etf,ETF,SA,14,1,down,1.4596,34.32,2026-06-12,0.15691,BRL
BIYK39.SA,BIYK39,COMMON STOCK,SA,18,1,down,1.7175,20.64,2026-09-15,0.05197,BRL
BCWV39.SA,iShares Inc. - iShares MSCI Global Min Vol Factor ETF,ETF,SA,12,1,down,1.3265,64.68,2026-06-12,0.37218,USD
BIEM39.SA,Ishares Core Msci Emerging Markets ETF,ETF,SA,14,1,down,1.5397,70.93,2026-06-12,0.38129,BRL
BIYF39.SA,Ishares Us Financials Etf,ETF,SA,24,1,down,0.8284,44.32,2026-06-12,0.08811,BRL
BEEF3.SA,Minerva S.A,COMMON STOCK,SA,14,1,down,4.8803,4.01,2026-04-28,0.03115,BRL
BROF11.SA,Brpr Corporate Offices Fundo De Investimento Imobiliario,COMMON STOCK,SA,41,1,down,11.1297,59.75,2026-09-18,0.56,BRL
BRBI11.SA,BR Advisory Partners,COMMON STOCK,SA,18,1,down,9.5172,14.5,2026-08-14,0.18,BRL
BEWT39.SA,Ishares Msci Taiwan ETF,ETF,SA,7,2,up,2.2599,99.1,2025-12-15,2.23953,BRL
BQYL39.SA,BQYL39,COMMON STOCK,SA,52,1,down,7.6195,32.19,2026-09-21,0.08071,BRL
BQUA39.SA,iShares Trust - iShares MSCI USA Quality Factor ETF,ETF,SA,24,1,down,0.4380,77.61,2026-06-12,0.08811,BRL
BRAP3.SA,Bradespar S.A,COMMON STOCK,SA,58,2,up,12.0248,17.82,2025-12-15,1.40227,BRL
BRAV3.SA,3R Petroleum Oleo E Gas SA Ordinary Shares,COMMON STOCK,SA,2,1,down,0.6882,17.96,2026-04-22,0.1236,BRL
BRKM3.SA,Braskem S.A.,COMMON STOCK,SA,46,1,down,0.0000,3.85,2022-04-19,1.69635,BRL
BREZ39.SA,BREZ39,COMMON STOCK,SA,17,1,down,1.7836,57.49,2026-06-15,0.22813,BRL
BSDV39.SA,BSDV39,COMMON STOCK,SA,53,1,down,6.1545,61.55,2026-09-03,0.32565,BRL
BRSR3.SA,Banco do Estado do Rio Grande do Sul S.A,COMMON STOCK,SA,132,1,down,7.0964,18.57,2026-06-12,0.22006,BRL
BRST3.SA,BRISANET ON NM,COMMON STOCK,SA,2,1,new,1.4421,2.85,2025-12-22,0.0411,BRL
BSIL39.SA,BSIL39,COMMON STOCK,SA,9,1,down,0.8460,45.07,2026-06-29,0.03897,BRL
BTHI11.SA,Btg Pactual Hoteis Fundo De Investimento Imobiliario,COMMON STOCK,SA,35,1,down,11.2890,43.5,2026-09-04,0.45,BRL
BTIP39.SA,BTIP39,COMMON STOCK,SA,14,2,up,4.0027,54.25,2026-09-01,0.20142,BRL
BTML11.SA,Barra Malls Fundo De Investimento Imobiliario,COMMON STOCK,SA,38,1,down,11.0532,111.28,2026-09-01,1.1,BRL
BTYU11.SA,BTG Pactual You Inc. Desenvolvimento Imobiliario - Fundo De Investimento Imobiliario Resp Limitada,COMMON STOCK,SA,27,1,down,15.8834,647,2026-09-15,5,BRL
BURA39.SA,BURA39,COMMON STOCK,SA,7,1,down,5.0860,34.72,2026-06-29,0.45629,BRL
BURT39.SA,BURT39,COMMON STOCK,SA,13,1,down,0.9856,71.89,2026-06-15,0.32228,BRL
BUSM39.SA,Ishares Msci Usa Min Vol Factor ETF,ETF,SA,23,1,down,0.7604,63.95,2026-06-12,0.13018,BRL
BVLU39.SA,iShares Trust - iShares MSCI USA Value Factor ETF,ETF,SA,22,1,down,0.7412,103.56,2026-06-12,0.2393,BRL
BUSR39.SA,iShares Trust - iShares Core U.S. REIT ETF,ETF,SA,22,1,down,1.4426,54.26,2026-06-12,0.21758,BRL
BVEG39.SA,BVEG39,COMMON STOCK,SA,7,1,down,0.7929,60.72,2025-12-16,0.48143,BRL
C1AB34.SA,Cable One Inc.,COMMON STOCK,SA,27,1,down,0.0000,0.34,2025-02-14,0.05779,USD
C1PB34.SA,The Campbell's Company,COMMON STOCK,SA,25,1,down,5.4563,103.28,2026-07-01,1.39532,USD
C1CL34.SA,Carnival Corporation & plc,COMMON STOCK,SA,5,1,down,1.9169,116.16,2026-08-05,0.744,USD
BSLI3.SA,BRB Banco de Brasilia SA,COMMON STOCK,SA,38,3,up,0.0000,2.24,2025-09-03,0.29115,BRL
CEBR3.SA,Companhia Energética de Brasília - CEB,COMMON STOCK,SA,25,1,down,13.9903,23.41,2026-07-20,1,BRL
BUTL39.SA,BUTL39,COMMON STOCK,SA,19,1,down,2.0334,65.24,2026-09-15,0.16556,BRL
COCE3.SA,Companhia Energética do Ceará - Coelce,COMMON STOCK,SA,23,3,up,0.0000,32.5,2025-04-29,1.35156,BRL
CRIP34.SA,Trip.com Group Limited,COMMON STOCK,SA,1,1,new,0.0000,201.2,2025-03-13,1.59286,SGD
D1VN34.SA,Devon Energy Corporation,COMMON STOCK,SA,27,1,down,1.1069,257,2026-06-11,1.12435,USD
EQMA3B.SA,Equatorial MaranhÃ£o Distribuidora de Energia S.A.,COMMON STOCK,SA,16,1,down,0.0000,29.44,2022-04-29,2.03,BRL
E1VR34.SA,"Evergy, Inc.",COMMON STOCK,SA,25,1,down,2.3462,217.92,2026-08-17,1.24099,USD
G1PC34.SA,Genuine Parts Company,COMMON STOCK,SA,24,1,down,2.3788,323.07,2026-09-03,1.90716,USD
G2EV34.SA,GE Vernova Inc.,COMMON STOCK,SA,7,3,up,0.1267,247.99,2026-06-15,0.08876,USD
GOAU3.SA,Metalurgica Gerdau S.A,COMMON STOCK,SA,101,1,down,3.1873,10.04,2026-05-13,0.08,BRL
H1UM34.SA,Humana Inc.,COMMON STOCK,SA,26,1,down,0.4626,45.68,2026-06-25,0.06982,USD
HALI34.SA,Halliburton Company,COMMON STOCK,SA,57,1,down,1.4935,168.3,2026-09-01,0.61434,USD
H1RB34.SA,"H&R Block, Inc.",COMMON STOCK,SA,26,1,down,2.4064,260.49,2026-09-02,1.65138,USD
JALL3.SA,Jalles Machado S/A,COMMON STOCK,SA,6,1,down,0.3423,2.34,2026-07-23,0.00801,BRL
N1DA34.SA,Nasdaq Inc.,COMMON STOCK,SA,35,1,down,0.6294,242.16,2026-06-10,0.54216,USD
N1IS34.SA,NiSource Inc.,COMMON STOCK,SA,25,1,down,2.1063,203.01,2026-07-30,1.084,USD
MNPR3.SA,Minupar Participações S.A,COMMON STOCK,SA,1,1,new,3.4195,3.8,2026-04-14,0.12994,BRL
P1PG34.SA,"PPG Industries, Inc.",COMMON STOCK,SA,22,1,down,1.9516,268.38,2026-08-07,1.33883,USD
NEXT34.SA,NextEra Energy Inc.,COMMON STOCK,SA,41,1,down,2.1436,98.61,2026-06-02,0.52774,USD
PGCO34.SA,The Procter & Gamble Company,COMMON STOCK,SA,62,1,down,1.9420,55.44,2026-07-22,0.27367,USD
PNVL3.SA,Dimed S.A. Distribuidora de Medicamentos,COMMON STOCK,SA,79,2,up,3.1900,12.2,2026-06-26,0.12056,BRL
PRXB31.SA,PROSUS N.V. DR1,ETF,SA,1,1,new,0.4831,21.7,2025-11-06,0.10484,EUR
Q1UE34.SA,Quest Diagnostics Incorporated,COMMON STOCK,SA,22,1,down,1.0328,579.6,2026-07-07,1.52947,USD
R1HI34.SA,Robert Half Inc.,COMMON STOCK,SA,24,1,down,4.5434,190.38,2026-08-24,2.12777,USD
RAIZ4.SA,Raízen S.A.,COMMON STOCK,SA,11,1,down,0.0000,0.29,2024-08-02,0.01001,BRL
RSID3.SA,Rossi Residencial S.A,COMMON STOCK,SA,19,1,down,0.0000,1.6,2012-04-30,7.5699,BRL
RDOR3.SA,Rede D'Or São Luiz S.A.,COMMON STOCK,SA,21,1,down,10.7382,37.47,2026-06-25,0.18335,BRL
RZAT11.SA,Riza Arctium Real Estate Fundo De Investimento Imobiliario,ETF,SA,23,1,down,15.1410,86.19,2026-08-14,1.05,BRL
T1CH34.SA,Bio-Techne Corporation,COMMON STOCK,SA,31,1,down,0.2997,12.48,2026-08-13,0.00931,USD
SSFO34.SA,salesforce.com inc,COMMON STOCK,SA,10,1,down,0.3677,56.13,2026-06-09,0.06996,USD
SMTO3.SA,São Martinho S.A,COMMON STOCK,SA,34,1,down,1.2433,17.42,2026-07-03,0.21659,BRL
STZB34.SA,Constellation Brands Inc.,COMMON STOCK,SA,40,1,down,7.3596,49.01,2026-07-28,0.90974,USD
SPYI11.SA,Buena Vista Us High Income Etf Fundo De Indice Neos U.S Equity High Income Index,ETF,SA,32,1,down,11.8729,109.78,2026-09-16,1.0811,BRL
SNEC34.SA,Sony Group Corporation,COMMON STOCK,SA,19,2,up,0.2318,122.4,2026-03-26,0.28374,JPY
T1SS34.SA,Tenaris S.A.,COMMON STOCK,SA,12,1,down,3.1262,146.16,2026-05-18,3.03378,EUR
TIMS3.SA,TIM S.A.,COMMON STOCK,SA,46,1,down,7.9673,18.48,2026-09-23,0.21668,BRL
TJXC34.SA,The TJX Companies Inc.,COMMON STOCK,SA,35,1,down,14.0687,45.47,2026-08-11,1.67838,USD
TSNF34.SA,Tyson Foods Inc.,COMMON STOCK,SA,40,1,down,10.3645,52.74,2026-05-28,1.75157,USD
TIRB11.SA,Btg Pactual Teva Dividendos Ativos Reais Listados Fundo De Indice - Responsabilidade Limitada,ETF,SA,4,1,new,0.0000,13.54,2025-09-12,0.09454,BRL
USBC34.SA,U.S. Bancorp,COMMON STOCK,SA,49,1,down,1.5891,83.58,2026-06-29,0.43534,USD
TRAD3.SA,TC Traders Club Ltda,COMMON STOCK,SA,1,1,new,0.0000,1.12,2022-04-29,0.00143,BRL
UTLL11.SA,Investo B3 Utilidade Pública Fundo De Índice,ETF,SA,6,2,up,1.0688,122.54,2026-05-05,0.18505,BRL
VRSN34.SA,"VeriSign, Inc.",COMMON STOCK,SA,6,1,down,0.7804,373.33,2026-08-18,0.73706,USD
VERZ34.SA,Verizon Communications Inc,COMMON STOCK,SA,58,1,down,4.9946,40.54,2026-07-08,0.80423,USD
VULC3.SA,Vulcabras Azaleia S.A,COMMON STOCK,SA,37,4,up,24.0672,13.4,2025-12-22,0.65,BRL
VVEO3.SA,CM Hospitalar SA,COMMON STOCK,SA,4,1,down,0.0000,0.76,2024-04-30,0.13652,BRL
VTRU3.SA,"Vitru Brasil Empreendimentos, Participações e Comércio S.A.",COMMON STOCK,SA,2,2,up,0.1677,14.98,2026-05-04,0.02512,BRL
WALM34.SA,Walmart Inc,COMMON STOCK,SA,60,1,down,0.6129,35.09,2026-08-19,0.05468,USD
WUNI34.SA,The Western Union Company,COMMON STOCK,SA,57,1,down,7.8197,32.1,2026-06-12,0.8257,USD
Z1BH34.SA,"Zimmer Biomet Holdings, Inc.",COMMON STOCK,SA,25,1,down,0.5536,116,2026-06-24,0.21318,USD
W1MB34.SA,"The Williams Companies, Inc.",COMMON STOCK,SA,27,1,down,2.1163,360.36,2026-09-10,1.88076,USD
AL2SI.PA,2CRSI S.A.,COMMON STOCK,PA,2,1,new,0.0000,28.88,2023-12-05,0.2,EUR
ALMGI.PA,Mg Internation,COMMON STOCK,PA,3,2,flat,0.0000,2.58,2024-08-08,0.34,EUR
ALBFR.PA,Sidetrade,COMMON STOCK,PA,6,1,down,0.0000,194.2,2016-06-30,0.55,EUR
ABTC.PA,21Shares Bitcoin ETP EUR,ETF,PA,1,1,new,0.0000,24.0333,2022-03-15,0.285,CHF
ALREA.PA,Realites,COMMON STOCK,PA,8,1,down,0.0000,0.4,2023-05-22,0.99,EUR
ACAN.PA,Acanthe Développement,COMMON STOCK,PA,33,1,down,5.0000,0.2,2026-09-28,0.01,EUR
ALCAF.PA,CAFOM SA,COMMON STOCK,PA,7,2,up,0.0000,12.6,2024-06-25,0.21,EUR
ALLDL.PA,Groupe LDLC SA,COMMON STOCK,PA,17,1,down,0.0000,12.2,2024-10-02,0.4,EUR
ALVDM.PA,Voyageurs du Monde SA,COMMON STOCK,PA,16,16,up,3.7326,179.5,2026-06-15,6.7,EUR
ALLLN.PA,LleidaNetworks Serveis Telemàtics SA,COMMON STOCK,PA,3,3,flat,0.0000,1.01,2022-06-23,0.0125,EUR
ALNSC.PA,NSC Groupe SA,COMMON STOCK,PA,30,2,flat,2.0000,62.5,2026-06-02,1.25,EUR
ALITL.PA,IT Link,COMMON STOCK,PA,10,6,flat,3.8911,12.85,2026-07-06,0.5,EUR
ALPDX.PA,Piscines Desjoyaux SA,COMMON STOCK,PA,20,1,down,5.9193,11.15,2026-03-11,0.66,EUR
ALODC.PA,Omer-Decugis & Cie,COMMON STOCK,PA,5,5,up,2.3377,7.7,2026-04-13,0.18,EUR
ASY.PA,Assystem S.A.,COMMON STOCK,PA,24,2,flat,2.5381,39.4,2026-07-07,1,EUR
BNP.PA,BNP Paribas SA,COMMON STOCK,PA,38,1,down,5.9027,98.26,2026-09-24,3.23,EUR
BLC.PA,Bastide Le Confort Médical SA,COMMON STOCK,PA,24,12,flat,0.0000,19.7,2022-01-07,0.27,EUR
AUGR.PA,Augros Cosmetic Packaging SA,COMMON STOCK,PA,2,2,up,0.0000,4.56,1999-07-09,0.3,EUR
BOL.PA,Bollore SA,COMMON STOCK,PA,47,14,up,42.6929,3.654,2026-06-23,1.56,EUR
C50.PA,Amundi Index Solutions - Amundi EURO STOXX 50 UCITS ETF-C EUR,ETF,PA,5,5,up,1.3687,169.5,2025-12-09,2.32,EUR
BOI.PA,Boiron SA,COMMON STOCK,PA,38,2,up,6.7669,19.95,2026-06-03,1.35,EUR
CLARI.PA,Clariane SE,COMMON STOCK,PA,18,1,down,0.0000,3.766,2023-06-21,0.15591,EUR
CEC.PA,Multi Units Luxembourg - Lyxor MSCI Eastern Europe Ex Russia UCITS ETF,ETF,PA,3,1,down,0.0000,48.325,2009-09-14,0.54,EUR
CNY.PA,HSBC MSCI China UCITS ETF,ETF,PA,32,1,down,1.8536,6.354,2026-08-06,0.0658,EUR
COFA.PA,Coface SA,COMMON STOCK,PA,11,1,down,7.5574,16.54,2026-05-26,1.25,EUR
COVH.PA,Covivio Hotels,COMMON STOCK,PA,38,6,flat,7.1429,21,2026-04-17,1.5,EUR
GJAJ.PA,Groupe JAJ,COMMON STOCK,PA,1,1,new,0.0000,1.25,2005-11-15,0.1,EUR
EKUS.PA,BNP Paribas Easy MSCI USA SRI S-Series PAB 5% Capped UCITS ETF EUR Distribution,ETF,PA,9,1,down,1.0123,22.7201,2026-04-24,0.23,EUR
GRE.PA,Multi Units France - Lyxor MSCI Greece UCITS ETF,ETF,PA,18,6,up,2.3015,3.0415,2025-12-09,0.07,EUR
IPS.PA,Ipsos SA,COMMON STOCK,PA,27,7,up,5.6754,35.24,2026-07-01,2,EUR
LTA.PA,Altamir SCA,COMMON STOCK,PA,18,1,down,0.0000,23.2,2025-09-26,1.06,EUR
IPN.PA,Ipsen SA,COMMON STOCK,PA,21,21,up,1.1150,143.5,2026-06-03,1.6,EUR
IAM.PA,Itissalat Al-Maghrib,COMMON STOCK,PA,28,2,up,4.0837,9,2026-09-04,0.36753,MAD
CRLO.PA,Caisse Regionale de Credit Agricole Mutuel Loire HauteLoire,COMMON STOCK,PA,24,2,up,0.0000,95,2022-06-01,3,EUR
AI.PA,Air Liquide SA,COMMON STOCK,PA,43,18,up,2.1995,168.22,2026-05-18,3.7,EUR
MALT.PA,Malteries Franco-Belges Société Anonyme,COMMON STOCK,PA,25,2,up,0.4793,820,2026-01-05,3.93,EUR
MGT.PA,Amundi DJ Global Titans 50 UCITS ETF Dist,ETF,PA,33,1,down,0.5588,110.95,2025-12-09,0.62,EUR
AUB.PA,Aubay Société Anonyme,COMMON STOCK,PA,39,1,down,2.7559,50.8,2026-05-15,0.8,EUR
MERY.PA,Mercialys SA,COMMON STOCK,PA,34,6,flat,10.1010,9.9,2026-05-04,1,EUR
MHM.PA,MyHotelMatch S.A.,COMMON STOCK,PA,2,2,up,0.0000,0.0128,2008-06-05,9.6052,EUR
MLGAI.PA,Grande Armee Investissement SA,COMMON STOCK,PA,19,6,flat,0.0000,134,2018-01-03,2,EUR
MLCMB.PA,Compagnie Du Mont-Blanc,COMMON STOCK,PA,35,5,up,3.3203,256,2025-12-10,8.5,EUR
MLGRC.PA,Groupe Carnivor SA,COMMON STOCK,PA,19,7,flat,0.0000,27,2023-02-07,0.8,EUR
MLHYE.PA,Hydro Exploitations SA,COMMON STOCK,PA,15,3,up,0.0000,110,2014-06-11,1.6,EUR
INS.PA,Lyxor Index Fund - Lyxor STOXX Europe 600 Insurance UCITS ETF,ETF,PA,5,3,up,0.0000,95.34,2011-07-06,0.53,EUR
MLIMP.PA,Imprimerie Chirat Société Anonyme,COMMON STOCK,PA,25,1,down,0.0000,3.6,2025-03-10,0.12,EUR
MLTRO.PA,TROC DE L'ILE SA,COMMON STOCK,PA,8,5,up,0.0000,2.48,2009-03-31,2.5,EUR
MLPLC.PA,Placoplatre SA,COMMON STOCK,PA,28,4,up,6.0781,640,2026-05-20,38.9,EUR
CAC.PA,Amundi CAC 40 UCITS ETF Dist,ETF,PA,37,6,up,2.8372,81.77,2025-12-09,2.32,EUR
AURE.PA,Aurea SA,COMMON STOCK,PA,19,3,flat,2.5000,6,2025-11-04,0.15,EUR
NRG.PA,NRJ Group,COMMON STOCK,PA,19,1,down,3.8721,5.94,2026-06-02,0.23,EUR
ORIA.PA,Fiducial Real Estate SA,COMMON STOCK,PA,35,24,up,2.3313,163,2026-05-11,3.8,EUR
NRJ.PA,Multi Units France - Lyxor New Energy (DR) UCITS ETF,ETF,PA,17,1,down,0.3500,40,2025-12-09,0.14,EUR
RCO.PA,Remy Cointreau,COMMON STOCK,PA,37,2,flat,2.3408,42.72,2026-07-28,0.25,EUR
SEL.PA,Lyxor UCITS Stoxx Europe Select Dividend 30,ETF,PA,31,3,up,5.3317,24.945,2025-12-09,1.33,EUR
MLARD.PA,Ardoin ST Amand A,COMMON STOCK,PA,5,3,flat,0.0000,210,1997-09-15,3.6,EUR
MJP.PA,HSBC MSCI Japan UCITS ETF,ETF,PA,25,1,down,1.3957,50.97,2026-07-30,0.37928,EUR
SEUC.PA,SSgA SPDR ETFs Europe I plc - SPDR Barclays 0-3 Year Euro Corporate Bond UCITS ETF,ETF,PA,21,4,up,0.0000,30.193,2025-08-04,0.4568,EUR
SFCA.PA,Soc Franc Casinos,COMMON STOCK,PA,1,1,new,0.0000,6,2003-07-17,2.25,EUR
SPY5.PA,SPDR S&P 500 UCITS ETF,ETF,PA,48,1,down,0.8794,674.3,2026-09-21,1.45681,EUR
SRIC3.PA,BNP Paribas Easy € Corp Bond SRI PAB 1-3Y UCITS ETF Inc,ETF,PA,6,1,down,1.9872,9.5614,2026-04-24,0.19,EUR
STLAP.PA,Stellantis NV,COMMON STOCK,PA,11,1,down,0.0000,4.0445,2025-04-22,0.68,EUR
TEP.PA,Teleperformance SE,COMMON STOCK,PA,38,17,up,6.3434,70.94,2026-05-26,4.5,EUR
TNO.PA,Multi Units Luxembourg - Amundi STOXX Europe 600 Technology UCITS ETF Acc EUR,ETF,PA,6,4,up,0.0000,117.36,2012-01-06,3.71,EUR
TTE.PA,TotalEnergies SE,COMMON STOCK,PA,95,1,down,6.5000,80,2026-12-31,0.9,EUR
TFF.PA,Tonnellerie Francois Freres SA,COMMON STOCK,PA,27,1,down,3.6443,13.72,2025-11-04,0.5,EUR
VK.PA,Vallourec,COMMON STOCK,PA,29,2,up,10.7162,19.13,2026-08-03,2.05,EUR
VLED.PA,BNP Paribas Easy ESG Equity Low Vol Europe UCITS ETF Dis,ETF,PA,9,1,down,2.5860,168.6,2026-04-24,4.36,EUR
WAT.PA,Multi Units France - Lyxor World Water UCITS ETF,ETF,PA,20,4,up,1.0519,68.45,2025-12-09,0.72,EUR
PAT.PA,Patrimoine et Commerce SA,COMMON STOCK,PA,17,2,up,5.4310,23.2,2026-07-29,1.26,EUR
US10.PA,Lyxor US Treasury 10+Y (DR) UCITS ETF Dist,ETF,PA,17,1,down,3.7210,94.33,2025-12-09,3.51,USD
VRLA.PA,Verallia,COMMON STOCK,PA,7,1,down,5.6657,17.65,2026-05-04,1,EUR
SGO.PA,Compagnie de Saint-Gobain S.A.,COMMON STOCK,PA,38,12,up,3.2624,70.5,2026-06-08,2.3,EUR
RMS.PA,Hermes International SCA,COMMON STOCK,PA,49,1,down,1.3029,1381.5,2026-04-21,13,EUR
0023.KLSE,IFCA MSC Bhd,COMMON STOCK,KLSE,15,1,down,0.0000,0.205,2025-06-11,0.01,MYR
0029.KLSE,Digistar Corporation Bhd,COMMON STOCK,KLSE,4,2,up,0.0000,0.04,2010-04-19,0.02584,MYR
0056.KLSE,NCT Alliance Bhd,COMMON STOCK,KLSE,10,1,down,0.0000,0.57,2019-07-04,0.00484,MYR
0104.KLSE,Genetec Technology Bhd,COMMON STOCK,KLSE,8,3,up,0.0000,0.305,2024-09-12,0.02,MYR
0100.KLSE,ES Ceramics Technology Bhd,COMMON STOCK,KLSE,9,2,flat,2.7778,0.18,2026-05-28,0.005,MYR
0112.KLSE,Mikro MSC Bhd,COMMON STOCK,KLSE,29,4,flat,0.0000,0.64,2023-12-21,0.0005,MYR
0106.KLSE,Rexit Bhd,COMMON STOCK,KLSE,25,1,down,0.0000,0.49,2025-06-09,0.02,MYR
0065.KLSE,Excel Force MSC Bhd,COMMON STOCK,KLSE,38,1,down,2.3810,0.21,2025-12-22,0.005,MYR
0048.KLSE,Ancom Logistics Bhd,COMMON STOCK,KLSE,8,2,up,0.0000,0.095,2014-05-28,0.04,MYR
0008.KLSE,Willowglen MSC Bhd,COMMON STOCK,KLSE,20,15,flat,5.0847,0.295,2026-04-29,0.015,MYR
0039.KLSE,GFM Services Bhd,COMMON STOCK,KLSE,16,1,down,2.0513,0.195,2026-06-23,0.002,MYR
0120.KLSE,VisDynamics Holdings Bhd,COMMON STOCK,KLSE,10,2,flat,1.1905,0.42,2026-05-14,0.005,MYR
0070.KLSE,MQ Technology Bhd,COMMON STOCK,KLSE,4,3,up,0.0000,0.055,2007-07-13,0.105,MYR
0136.KLSE,Greenyield Bhd,COMMON STOCK,KLSE,13,2,up,0.0000,0.15,2022-06-22,0.003,MYR
0075.KLSE,Lyc Healthcare Bhd,COMMON STOCK,KLSE,1,1,new,0.0000,0.015,2007-06-22,0.003,MYR
0024.KLSE,JAG Bhd,COMMON STOCK,KLSE,7,4,up,1.0811,0.37,2026-09-10,0.002,MYR
0171.KLSE,PeterLabs Holdings Bhd,COMMON STOCK,KLSE,10,1,down,0.0000,0.22,2024-03-21,0.004,MYR
0183.KLSE,Salutica Bhd,COMMON STOCK,KLSE,16,1,down,0.0000,0.115,2020-03-09,0.006,MYR
0174.KLSE,iDimension Consolidated Bhd,COMMON STOCK,KLSE,1,1,new,0.0000,0.035,2011-11-25,0.03405,MYR
0191.KLSE,Cabnet Holdings Bhd,COMMON STOCK,KLSE,3,3,up,0.0000,0.235,2019-05-08,0.008,MYR
0206.KLSE,Gagasan Nadi Cergas Berhad,COMMON STOCK,KLSE,4,4,up,6.5574,0.305,2026-04-14,0.02,MYR
0218.KLSE,Aco Group Bhd,COMMON STOCK,KLSE,6,5,flat,1.3333,0.15,2026-07-21,0.002,MYR
0228.KLSE,HPP Holdings Bhd,COMMON STOCK,KLSE,10,2,flat,3.3898,0.295,2026-05-07,0.005,MYR
0225.KLSE,Southern Cable Group Bhd,COMMON STOCK,KLSE,9,5,up,1.0978,2.76,2026-09-18,0.012,MYR
0250.KLSE,YX Precious Metals Bhd,COMMON STOCK,KLSE,4,1,down,0.0000,0.215,2025-05-23,0.003,MYR
0259.KLSE,SNS,COMMON STOCK,KLSE,13,1,down,1.3514,0.555,2026-05-04,0.0025,MYR
0236.KLSE,Ramssol Group Bhd,COMMON STOCK,KLSE,1,1,new,0.0000,0.765,2025-03-14,0.0028,MYR
0207.KLSE,Mestron Holdings,COMMON STOCK,KLSE,4,2,up,0.0000,0.08,2023-04-06,0.0015,MYR
0276.KLSE,Autocount Dotcom Berhad,COMMON STOCK,KLSE,7,1,down,5.5556,0.45,2026-06-11,0.015,MYR
0260.KLSE,PTRB,COMMON STOCK,KLSE,3,2,up,0.0000,0.25,2024-10-15,0.0099,MYR
0281.KLSE,DAYTHREE DIGITAL BERHAD,COMMON STOCK,KLSE,3,2,up,4.5600,0.125,2026-09-09,0.0057,MYR
0295.KLSE,Master Tec Group Berhad,COMMON STOCK,KLSE,6,2,up,2.0410,0.975,2026-08-21,0.01,MYR
0297.KLSE,TSA,COMMON STOCK,KLSE,8,1,down,4.6196,0.92,2026-09-04,0.0125,MYR
0299.KLSE,AGX Group Berhad,COMMON STOCK,KLSE,3,2,up,5.3659,0.41,2026-07-15,0.022,MYR
0313.KLSE,BWYS Group Berhad,COMMON STOCK,KLSE,1,1,new,0.3125,0.16,2025-12-02,0.0005,MYR
03060.KLSE,Hydropipes Industries Sdn. Bhd.,COMMON STOCK,KLSE,1,1,new,0.3125,0.32,2025-11-14,0.001,MYR
0284.KLSE,Glostrext Berhad,COMMON STOCK,KLSE,5,1,down,5.1282,0.195,2026-08-13,0.005,MYR
0317.KLSE,EPB Group Berhad,COMMON STOCK,KLSE,1,1,new,4.6512,0.215,2025-11-05,0.01,MYR
0319.KLSE,VETECE Holdings Berhad,COMMON STOCK,KLSE,1,1,new,4.0476,0.21,2025-12-24,0.0085,MYR
0349.KLSE,Sumisaujana Group Berhad,COMMON STOCK,KLSE,1,1,new,2.2222,0.09,2026-06-15,0.002,MYR
0339.KLSE,CBH Engineering Holding Berhad,COMMON STOCK,KLSE,2,1,new,0.5000,1.08,2026-09-10,0.0027,MYR
1015.KLSE,AMMB Holdings Bhd,COMMON STOCK,KLSE,46,1,down,5.3030,6.6,2026-06-15,0.225,MYR
0365.KLSE,A1 A.K. Koh Group Berhad,COMMON STOCK,KLSE,1,1,new,1.2414,0.145,2025-12-09,0.0018,MYR
0372.KLSE,Cheeding Holdings Berhad,COMMON STOCK,KLSE,2,1,new,2.4237,0.59,2026-09-08,0.003,MYR
0385.KLSE,BMS,COMMON STOCK,KLSE,2,1,new,2.5185,0.135,2026-09-09,0.0014,MYR
0820EA.KLSE,FTSE Bursa Malaysia KLCI ETF,ETF,KLSE,38,1,down,2.3388,1.83,2026-08-26,0.034,MYR
1058.KLSE,Manulife Holdings Bhd,COMMON STOCK,KLSE,34,8,up,3.6290,2.48,2026-06-26,0.09,MYR
1481.KLSE,Advance Synergy Bhd,COMMON STOCK,KLSE,17,3,flat,0.7692,0.065,2026-07-23,0.0005,MYR
2445.KLSE,Kuala Lumpur Kepong Bhd,COMMON STOCK,KLSE,62,3,flat,2.6549,22.6,2026-07-09,0.2,MYR
2259.KLSE,Talam Transform Bhd,COMMON STOCK,KLSE,13,6,up,0.0000,0.085,2004-09-28,0.08333,MYR
2542.KLSE,Riverview Rubber Estates Bhd,COMMON STOCK,KLSE,60,3,flat,3.4483,2.9,2026-09-24,0.05,MYR
3174.KLSE,Land General Bhd,COMMON STOCK,KLSE,19,1,down,4.5455,0.22,2026-04-09,0.002,MYR
0829EA.KLSE,TradePlus S&P New China Tracker ETF,ETF,KLSE,1,1,new,0.0000,4.3,2020-11-13,0.20212,MYR
3514.KLSE,Marco Holdings Bhd,COMMON STOCK,KLSE,26,1,down,0.0000,0.105,2024-06-27,0.02,MYR
3565.KLSE,WCE Holdings Bhd,COMMON STOCK,KLSE,8,3,flat,0.0000,0.69,2004-09-29,0.02791,MYR
3867.KLSE,Malaysian Pacific Industries,COMMON STOCK,KLSE,65,1,down,0.9479,42.2,2026-05-19,0.3,MYR
1147.KLSE,Global Oriental Bhd,COMMON STOCK,KLSE,2,1,down,0.0000,0.085,2016-09-07,0.005,MYR
4723.KLSE,JAKS Resources Bhd,COMMON STOCK,KLSE,1,1,new,0.0000,0.185,2025-01-31,0.005,MYR
4243.KLSE,WTK Holdings Bhd,COMMON STOCK,KLSE,37,2,up,1.5957,0.94,2026-07-14,0.015,MYR
5007.KLSE,Chin Well Holdings Bhd,COMMON STOCK,KLSE,40,1,down,1.4189,0.74,2025-10-23,0.0105,MYR
5025.KLSE,NWP Holdings Bhd,COMMON STOCK,KLSE,2,2,up,0.0000,0.13,2003-01-16,0.025,MYR
5038.KLSE,KSL Holdings Bhd,COMMON STOCK,KLSE,15,2,up,3.8760,2.58,2026-08-06,0.1,MYR
5032.KLSE,Bintulu Port Holdings Bhd,COMMON STOCK,KLSE,93,1,down,2.9070,5.16,2026-09-23,0.03,MYR
5042.KLSE,TSR Capital Bhd,COMMON STOCK,KLSE,10,2,flat,0.0000,0.24,2015-08-19,0.00893,MYR
1818.KLSE,Bursa Malaysia Bhd,COMMON STOCK,KLSE,46,2,up,3.7423,8.15,2026-08-18,0.165,MYR
5071.KLSE,Coastal Contracts Bhd,COMMON STOCK,KLSE,24,3,up,3.7736,1.59,2026-09-28,0.03,MYR
4057.KLSE,Asian Pac Holdings Bhd,COMMON STOCK,KLSE,2,2,up,0.0000,0.13,2015-10-15,0.003,MYR
2739.KLSE,Sino Hua-An International Bhd,COMMON STOCK,KLSE,11,1,down,0.0000,0.025,2011-05-19,0.0356,MYR
5109.KLSE,YTL Hospitality REIT,COMMON STOCK,KLSE,57,2,up,8.0392,0.995,2026-08-12,0.04919,MYR
5099.KLSE,Capital A Berhad,COMMON STOCK,KLSE,13,5,up,0.0000,0.245,2019-07-29,0.26208,MYR
5113.KLSE,Rimbunan Sawit Bhd,COMMON STOCK,KLSE,7,1,down,0.0000,0.165,2013-07-29,0.01,MYR
5134.KLSE,Southern Acids (M) Bhd,COMMON STOCK,KLSE,34,13,flat,1.6129,3.1,2025-10-16,0.05,MYR
5131.KLSE,Zhulian Corporation Bhd,COMMON STOCK,KLSE,77,2,up,17.3913,0.69,2026-08-11,0.1,MYR
5138.KLSE,Hap Seng Plantations Holdings Bhd,COMMON STOCK,KLSE,39,1,down,3.3061,2.45,2026-09-09,0.02,MYR
5111.KLSE,Tower Real Estate Investment Trust,COMMON STOCK,KLSE,40,4,up,6.3333,0.3,2026-08-17,0.006,MYR
5081.KLSE,Esthetics International Group,COMMON STOCK,KLSE,34,3,flat,0.0000,0.18,2024-10-18,0.005,MYR
5140.KLSE,Tasco Bhd,COMMON STOCK,KLSE,26,2,up,4.8611,0.36,2026-05-14,0.0175,MYR
5143.KLSE,Luxchem Corporation Bhd,COMMON STOCK,KLSE,37,4,up,4.6512,0.43,2026-08-06,0.01,MYR
5157.KLSE,Saudee Group Bhd,COMMON STOCK,KLSE,2,2,flat,0.0000,0.075,2011-12-06,0.08101,MYR
5167.KLSE,Turbo Mech Bhd,COMMON STOCK,KLSE,16,2,flat,1.5152,0.33,2026-06-11,0.005,MYR
5169.KLSE,Ho Hup Construction Company,COMMON STOCK,KLSE,4,1,down,0.0000,0.035,2001-09-05,0.02329,MYR
5207.KLSE,SBC Corp Bhd,COMMON STOCK,KLSE,23,2,up,0.0000,0.23,2019-10-16,0.01,MYR
5188.KLSE,China Ouhua Winery Holdings,COMMON STOCK,KLSE,2,1,new,0.0000,0.05,2011-07-27,0.0072,CNY
5191.KLSE,Tambun Indah Land Bhd,COMMON STOCK,KLSE,25,2,up,5.2482,0.705,2026-08-26,0.037,MYR
5209.KLSE,Gas Malaysia Bhd,COMMON STOCK,KLSE,40,1,down,4.7600,5,2026-06-11,0.093,MYR
5216.KLSE,NexG Bhd,COMMON STOCK,KLSE,42,1,down,0.0317,0.315,2026-06-24,0.0001,MYR
5223.KLSE,Mentiga Corporation Bhd,COMMON STOCK,KLSE,9,2,flat,0.0000,0.58,2017-05-26,0.01,MYR
5085.KLSE,Mudajaya Group Bhd,COMMON STOCK,KLSE,31,2,up,0.0000,0.305,2014-08-06,0.15,MYR
5228.KLSE,ELK-Desa Resources Bhd,COMMON STOCK,KLSE,25,1,down,4.5918,0.98,2026-06-11,0.025,MYR
5231.KLSE,Pelikan International Corp,COMMON STOCK,KLSE,30,1,down,2.0000,0.1,2026-09-08,0.002,MYR
5235SS.KLSE,KLCC Property Holdings Bhd,COMMON STOCK,KLSE,75,1,down,5.6527,8.35,2026-09-09,0.093,MYR
4707.KLSE,Nestle (Malaysia) Bhd,COMMON STOCK,KLSE,77,1,down,2.5544,90.04,2026-09-02,0.8,MYR
4235.KLSE,Lion Industries Corporation Bhd,COMMON STOCK,KLSE,20,8,flat,0.0000,0.115,2013-12-27,0.01,MYR
5250.KLSE,7 Eleven Malaysia Holdings Bhd,COMMON STOCK,KLSE,12,1,down,0.6750,2,2026-04-30,0.0135,MYR
5272.KLSE,Ranhill Holdings Ltd,COMMON STOCK,KLSE,28,2,up,0.0000,3.19,2023-06-13,0.01493,MYR
5259.KLSE,EA Technique M Bhd,COMMON STOCK,KLSE,3,1,down,0.0000,0.295,2016-06-13,0.01,MYR
5292.KLSE,Uwc Bhd,COMMON STOCK,KLSE,4,2,up,0.0000,6.76,2022-09-20,0.0291,MYR
5335.KLSE,HI Mobility Berhad,COMMON STOCK,KLSE,5,2,up,2.1739,1.84,2026-07-14,0.01,MYR
5310.KLSE,Kumpulan Kitacon Berhad,COMMON STOCK,KLSE,10,4,flat,6.1538,0.65,2026-09-04,0.01,MYR
5326.KLSE,99 Speed Mart Retail Holdings Berhad,COMMON STOCK,KLSE,3,1,down,1.4062,3.2,2026-06-04,0.0225,MYR
5246.KLSE,Westports Holdings Bhd,COMMON STOCK,KLSE,26,4,up,3.9911,6.74,2026-08-13,0.1498,MYR
5348.KLSE,Orkim Berhad,COMMON STOCK,KLSE,2,1,down,4.5000,0.8,2026-07-08,0.016,MYR
5827.KLSE,Oriental Interest Bhd,COMMON STOCK,KLSE,31,1,down,4.8780,1.23,2026-03-17,0.06,MYR
5341.KLSE,LACMED,COMMON STOCK,KLSE,1,1,new,0.9155,0.71,2026-05-26,0.0065,MYR
5649.KLSE,Golden Pharos Bhd,COMMON STOCK,KLSE,8,1,down,0.0000,0.19,2024-01-10,0.0175,MYR
5337.KLSE,Eco-Shop Marketing Berhad,COMMON STOCK,KLSE,5,2,up,1.4626,1.47,2026-08-13,0.006,MYR
5257.KLSE,Carimin Petroleum Bhd,COMMON STOCK,KLSE,13,1,down,8.9000,0.4,2026-06-08,0.01,MYR
7091.KLSE,Unimech Group Bhd,COMMON STOCK,KLSE,34,1,down,3.6957,1.38,2026-07-15,0.031,MYR
6432.KLSE,Apollo Food Holdings Bhd,COMMON STOCK,KLSE,39,1,down,7.7720,5.79,2026-07-10,0.3,MYR
6378.KLSE,WMG Holdings Bhd,COMMON STOCK,KLSE,16,1,down,0.0000,0.525,2011-10-14,0.01504,MYR
5908.KLSE,DKSH Holdings Malaysia Berhad,COMMON STOCK,KLSE,30,2,up,0.0000,5.94,2025-07-02,0.19,MYR
6556.KLSE,Ann Joo Resources Bhd,COMMON STOCK,KLSE,33,3,flat,0.0000,0.515,2022-04-28,0.05816,MYR
6998.KLSE,Bintai Kinden Corporation Bhd,COMMON STOCK,KLSE,7,2,up,0.0000,0.075,2004-09-15,0.01195,MYR
7016.KLSE,Chuan Huat Resources Bhd,COMMON STOCK,KLSE,26,3,up,0.0000,0.345,2021-12-15,0.01815,MYR
7033.KLSE,Kumpulan H & L High-Tech Bhd,COMMON STOCK,KLSE,43,2,flat,3.2520,0.615,2026-03-03,0.01,MYR
7036.KLSE,Borneo Oil Bhd,COMMON STOCK,KLSE,1,1,new,0.0000,0.005,1998-09-02,0.01905,MYR
7055.KLSE,PLB Engineering Bhd,COMMON STOCK,KLSE,18,1,down,0.0000,0.86,2017-02-23,0.008,MYR
7054.KLSE,Astral Asia Bhd,COMMON STOCK,KLSE,13,2,flat,0.0000,0.1,2014-08-21,0.00364,MYR
7066.KLSE,Yong Tai Bhd,COMMON STOCK,KLSE,4,1,down,0.0000,0.11,2003-02-14,0.08583,MYR
7070.KLSE,Vizione Holdings Bhd,COMMON STOCK,KLSE,9,1,down,0.0000,0.12,2003-05-21,1.19769,MYR
7082.KLSE,M & A EQUITY HOLDINGS BERHAD,COMMON STOCK,KLSE,10,3,up,0.0000,0.185,2023-05-23,0.11,MYR
6012.KLSE,Maxis Bhd,COMMON STOCK,KLSE,72,1,down,4.9435,3.54,2026-09-08,0.04,MYR
7113.KLSE,Top Glove Corporation Bhd,COMMON STOCK,KLSE,45,1,down,0.6575,0.73,2025-11-24,0.0048,MYR
7129.KLSE,Asia File Corporation Bhd,COMMON STOCK,KLSE,52,1,down,1.4925,1.34,2025-10-02,0.02,MYR
7160.KLSE,Pentamaster Corporation Bhd,COMMON STOCK,KLSE,10,10,flat,0.0000,5.2,2024-07-11,0.02,MYR
7173.KLSE,Toyo Ventures Holdings Bhd,COMMON STOCK,KLSE,12,3,up,0.0000,0.195,2024-02-08,0.018,MYR
7199.KLSE,Kein Hing International Bhd,COMMON STOCK,KLSE,20,7,flat,2.3148,1.08,2025-11-05,0.025,MYR
7186.KLSE,SWS Capital Bhd,COMMON STOCK,KLSE,4,2,flat,0.0000,0.11,2016-06-28,0.008,MYR
7176.KLSE,TPC Plus Bhd,COMMON STOCK,KLSE,4,2,flat,1.8868,0.265,2026-06-16,0.005,MYR
7198.KLSE,DPS Resources Bhd,COMMON STOCK,KLSE,3,1,down,0.0000,0.52,2008-07-08,0.04942,MYR
7191.KLSE,Adventa Bhd,COMMON STOCK,KLSE,10,1,down,0.0000,0.135,2020-01-14,0.06,MYR
7232.KLSE,Resintech Bhd,COMMON STOCK,KLSE,12,3,up,4.3478,0.46,2026-06-18,0.02,MYR
7223.KLSE,Jadi Imaging Holdings Bhd,COMMON STOCK,KLSE,7,1,down,0.0000,0.025,2012-04-16,0.0015,MYR
7117.KLSE,CJ Century Logistics Holdings Bhd,COMMON STOCK,KLSE,35,3,up,0.0000,0.195,2023-03-14,0.01,MYR
7239.KLSE,Scanwolf Corporation Bhd,COMMON STOCK,KLSE,7,1,down,0.0000,0.42,2011-09-07,0.02,MYR
7243.KLSE,Impiana Hotels Bhd,COMMON STOCK,KLSE,1,1,new,0.0000,0.29,2009-02-17,0.5,MYR
7219.KLSE,Minetech Resources Bhd,COMMON STOCK,KLSE,3,2,flat,0.0000,0.035,2007-09-04,0.00387,MYR
7595.KLSE,MGB Bhd,COMMON STOCK,KLSE,11,1,down,6.7632,0.38,2026-07-14,0.0131,MYR
7250.KLSE,Uzma Bhd,COMMON STOCK,KLSE,4,1,down,0.0000,0.375,2024-11-27,0.015,MYR
7757.KLSE,UPA Corporation Bhd,COMMON STOCK,KLSE,30,2,flat,3.0303,0.66,2026-03-13,0.02,MYR
7765.KLSE,Rapid Synergy Bhd,COMMON STOCK,KLSE,11,9,flat,0.0000,0.77,2008-06-04,0.02,MYR
7943.KLSE,Sand Nisko Capital Bhd,COMMON STOCK,KLSE,2,1,down,0.0000,0.195,1999-07-02,0.02585,MYR
8893.KLSE,M K Land Holdings Bhd,COMMON STOCK,KLSE,20,1,down,0.0000,0.17,2020-05-28,0.01,MYR
8273.KLSE,Public Packages Holdings Bhd,COMMON STOCK,KLSE,12,6,up,1.0870,0.69,2026-03-13,0.0075,MYR
8591.KLSE,Crest Builder Holdings Bhd,COMMON STOCK,KLSE,20,1,down,4.3011,0.465,2026-08-05,0.02,MYR
8532.KLSE,Pertama Digital Berhad,COMMON STOCK,KLSE,6,1,down,0.0000,0.095,2017-03-28,0.0151,MYR
7234.KLSE,MESB Bhd,COMMON STOCK,KLSE,6,1,down,0.0000,0.27,2002-05-29,0.01333,MYR
8877.KLSE,Ekovest Bhd,COMMON STOCK,KLSE,28,1,down,0.0000,0.18,2020-11-27,0.005,MYR
8923.KLSE,Jiankun International Bhd,COMMON STOCK,KLSE,4,4,flat,0.0000,0.045,1997-10-01,0.19066,MYR
9393.KLSE,Industronics Bhd,COMMON STOCK,KLSE,12,12,flat,0.0000,0.035,2007-07-03,0.026,MYR
9598.KLSE,Pintaras Jaya Bhd,COMMON STOCK,KLSE,43,3,up,4.8387,1.24,2025-12-30,0.06,MYR
9288.KLSE,Bonia Corporation Bhd,COMMON STOCK,KLSE,45,2,up,5.0000,0.8,2026-09-14,0.02,MYR
9997.KLSE,Pensonic Holdings Bhd,COMMON STOCK,KLSE,27,1,down,0.0000,0.475,2022-11-29,0.0125,MYR
8362.KLSE,KYM Holdings Bhd,COMMON STOCK,KLSE,3,3,flat,0.0000,0.275,1997-04-15,0.05,MYR
8079.KLSE,Lee Swee Kiat Group Bhd,COMMON STOCK,KLSE,13,1,down,5.3571,0.28,2026-03-17,0.015,MYR
AINN.HM,AMERICAN INTL GROUP,COMMON STOCK,HM,53,1,down,2.5903,64.54,2026-09-16,0.43995,EUR
BNP.HM,BNP Paribas SA,COMMON STOCK,HM,22,1,down,5.8853,98.55,2026-09-24,3.23,EUR
AP2.HM,Applied Materials Inc,COMMON STOCK,HM,53,1,down,0.4180,416.75,2026-08-20,0.46635,EUR
AXA.HM,AXA SA,COMMON STOCK,HM,15,6,up,5.2739,43.99,2026-05-11,2.32,EUR
BOY.HM,Banco Bilbao Vizcaya Argentaria SA,COMMON STOCK,HM,67,1,down,3.6465,25.23,2026-04-08,0.6,EUR
8TI.HM,Stellantis N.V.,COMMON STOCK,HM,13,1,down,0.0000,4.0535,2025-04-22,0.68,EUR
BAC.HM,Verizon Communications Inc.,COMMON STOCK,HM,64,1,down,6.0042,40.955,2026-07-10,0.62246,EUR
AR4.HM,AURELIUS Equity Opportunities SE & Co. KGaA,COMMON STOCK,HM,8,1,down,0.0000,580,2025-09-29,1.86,GBP
AUS.HM,AT & S Austria Technologie & Systemtechnik Aktiengesellschaft,COMMON STOCK,HM,11,1,down,0.0000,198.4,2023-07-25,0.4,EUR
AD2.HM,AIR CHINA -H-,COMMON STOCK,HM,9,2,up,0.0000,0.3991,2020-06-04,0.04442,EUR
8GM.HM,GENERAL MOTORS,COMMON STOCK,HM,41,1,down,0.8493,71.49,2026-09-04,0.15838,EUR
BTL.HM,BAXTER INTERNATIONA,COMMON STOCK,HM,64,1,down,0.1707,20.62,2026-08-28,0.0088,EUR
BGR.HM,CH HS TRANSMIS EQUI,COMMON STOCK,HM,6,2,up,0.0000,0.112,2020-05-26,0.02243,EUR
GIB.HM,GSW Immobilien AG,COMMON STOCK,HM,11,8,flat,2.2764,61.5,2026-05-21,1.4,EUR
CGM.HM,Capgemini SE,COMMON STOCK,HM,14,7,flat,3.3042,102.9,2026-06-02,3.4,EUR
CON.HM,Continental Aktiengesellschaft,COMMON STOCK,HM,20,4,up,3.9301,68.7,2026-05-04,2.7,EUR
EBA.HM,eBay Inc,COMMON STOCK,HM,31,1,down,1.1288,95.12,2026-08-28,0.27283,EUR
EL4D.HM,Deka STOXX Europe Strong Value 20 UCITS ETF,ETF,HM,1,1,new,0.0000,33.585,2022-03-15,0.285,EUR
EBZ.HM,China Gas Holdings Ltd,COMMON STOCK,HM,28,1,down,6.7672,0.58,2026-08-25,0.02243,EUR
FEV.HM,FORTEC ELEKTRONIK,COMMON STOCK,HM,16,1,down,3.6364,11,2026-02-12,0.4,EUR
FPE3.HM,Fuchs Petrolub SE,COMMON STOCK,HM,14,14,up,2.9328,41.94,2026-05-07,1.23,EUR
EUK2.HM,EUROKAI GmbH & Co. KGaA,COMMON STOCK,HM,14,6,up,3.6667,60,2026-06-10,2.2,EUR
HOC.HM,HolidayCheck Group AG,COMMON STOCK,HM,8,4,flat,5.3398,4.12,2026-06-18,0.22,EUR
HJUA.HM,DWS Top Dividende,ETF,HM,6,1,down,0.0000,174.074,2018-01-02,0.13,EUR
HAW.HM,HAWESKO HOLDING,COMMON STOCK,HM,18,1,down,6.5147,15.35,2026-06-11,1,EUR
HVB.HM,UESTRA,COMMON STOCK,HM,17,12,flat,0.7907,6.45,2026-05-05,0.051,EUR
ALV.HM,Allianz SE,COMMON STOCK,HM,19,18,up,4.0321,424.1,2026-05-08,17.1,EUR
HY9H.HM,SK HYNIX GDR 144A/REGS 1,COMMON STOCK,HM,3,2,up,0.1375,1130,2026-05-28,0.21275,EUR
IHCB.HM,SBM OFFSHORE,COMMON STOCK,HM,12,3,up,2.7181,37.1,2026-08-10,0.5075,EUR
JAF.HM,JAFCO Group Co. Ltd,COMMON STOCK,HM,17,3,up,5.9821,12.43,2026-09-29,0.37179,EUR
MDO.HM,MCDONALD'S,COMMON STOCK,HM,66,1,down,3.1775,206,2026-09-01,1.63643,EUR
LEI.HM,LEIFHEIT AG,COMMON STOCK,HM,15,4,flat,9.6774,12.4,2026-06-04,1.2,EUR
NCB.HM,Bank of America Corporation,COMMON STOCK,HM,65,1,down,2.0772,49.165,2026-09-04,0.28173,EUR
NESR.HM,NESTLE N,COMMON STOCK,HM,19,19,up,4.0434,81,2026-04-20,3.27515,EUR
MPCK.HM,MPC CAPITAL,COMMON STOCK,HM,5,5,flat,5.2529,5.14,2026-08-31,0.27,EUR
NSE.HM,Nomura Holdings Inc,COMMON STOCK,HM,29,1,down,1.5292,8.778,2026-03-30,0.13423,EUR
NNGF.HM,National Grid PLC,COMMON STOCK,HM,2,2,up,4.3664,12.94,2026-05-28,0.3745,EUR
PD1A.HM,Ansell Limited,COMMON STOCK,HM,21,3,up,2.1610,27.2,2026-08-31,0.35602,EUR
BCO.HM,The Boeing Company,COMMON STOCK,HM,39,1,down,0.0000,165.52,2020-02-13,1.80861,EUR
PEP.HM,PepsiCo Inc,COMMON STOCK,HM,68,1,down,4.5538,112.18,2026-09-04,1.3024,EUR
PFE.HM,Pfizer Inc,COMMON STOCK,HM,65,1,down,6.0174,25.145,2026-07-24,0.37827,EUR
PPX.HM,Kering SA,COMMON STOCK,HM,29,1,down,1.7613,227.1,2026-06-02,2.75,EUR
ORC.HM,Oracle Corporation,COMMON STOCK,HM,55,1,down,1.5173,115.98,2026-07-10,0.43995,EUR
QIN.HM,QINGLING MOTORS -H-,COMMON STOCK,HM,10,2,up,0.0000,0.0502,2022-06-07,0.01449,EUR
RSO.HM,Ross Stores Inc,COMMON STOCK,HM,50,1,down,0.7434,205.9,2026-09-08,0.39147,EUR
S92.HM,SMA SOLAR TECH,COMMON STOCK,HM,7,3,flat,0.0000,56.8,2025-05-28,0.5,EUR
SRB.HM,STARBUCKS,COMMON STOCK,HM,67,1,down,2.6171,83.4,2026-08-14,0.54566,EUR
SZG.HM,Salzgitter AG,COMMON STOCK,HM,13,2,flat,0.3828,52.25,2026-06-04,0.2,EUR
TGT.HM,11880 Solutions AG,COMMON STOCK,HM,2,1,down,0.0000,1.95,2014-06-26,1.97472,EUR
KSB3.HM,KSB SE & Co. KGaA vz. (Pref Shares),COMMON STOCK,HM,14,6,flat,3.2956,812,2026-05-08,26.76,EUR
TKA.HM,thyssenkrupp AG,COMMON STOCK,HM,9,9,flat,0.9674,15.505,2026-02-02,0.15,EUR
UBK.HM,UMWELTBANK,COMMON STOCK,HM,12,1,down,1.4205,3.52,2026-07-31,0.05,EUR
V3V.HM,VITA 34 N,COMMON STOCK,HM,5,5,flat,0.0000,2.89,2019-06-05,0.16,EUR
VH2.HM,Friedrich Vorwerk Group SE,COMMON STOCK,HM,5,4,up,1.7094,64.35,2026-06-02,1.1,EUR
VQT.HM,Envirotainer AG,COMMON STOCK,HM,2,2,flat,4.2963,27,2026-06-18,1.16,EUR
ZEG.HM,ASTRAZENECA,COMMON STOCK,HM,29,1,down,1.9089,145.8,2026-08-06,0.92578,EUR
ZIL2.HM,ELRINGKLINGER N,COMMON STOCK,HM,10,5,flat,2.9880,5.02,2026-05-13,0.15,EUR
RWE.HM,RWE AG,COMMON STOCK,HM,15,6,up,2.0027,59.92,2026-05-04,1.2,EUR
PHM7.HM,Altria Group Inc,COMMON STOCK,HM,56,1,down,6.2167,60.72,2026-09-15,0.97669,EUR
API.VN,Asia Pacific Investment JSC,COMMON STOCK,VN,2,2,flat,0.0000,4500,2021-10-05,136.3635,VND
BTP.VN,Ba Ria Thermal Power JSC,COMMON STOCK,VN,19,1,down,4.4898,7350,2025-11-24,330,VND
BFC.VN,Binh Dien Fertilizer JSC,COMMON STOCK,VN,19,8,up,6.9307,50500,2026-08-11,3500,VND
ACC.VN,ACC Binh Duong Investment and Construction JSC,COMMON STOCK,VN,12,3,up,0.0000,4250,2022-09-23,800,VND
BRC.VN,Ben Thanh Rubber JSC,COMMON STOCK,VN,16,1,down,10.0000,11000,2026-08-21,1100,VND
AMC.VN,Asia Mineral,COMMON STOCK,VN,16,3,up,7.0866,12700,2026-07-02,900,VND
BTS.VN,But Son Cement JSC,COMMON STOCK,VN,5,1,down,0.0000,4500,2023-09-06,300,VND
CEO.VN,CEO Group JSC,COMMON STOCK,VN,6,6,up,0.0000,11000,2019-07-04,645.86815,VND
CIA.VN,Cam Ranh International Airport Services JSC,COMMON STOCK,VN,4,1,down,0.0000,9000,2021-02-22,1000,VND
CDN.VN,Danang Port JSC,COMMON STOCK,VN,13,1,down,3.1746,25200,2026-06-19,800,VND
ADP.VN,A Dong Paint JSC,COMMON STOCK,VN,13,1,down,13.0612,24500,2026-07-09,700,VND
C32.VN,CIC39 Corp,COMMON STOCK,VN,22,1,down,2.0000,15000,2026-07-14,300,VND
CAG.VN,Angiang Port JSC,COMMON STOCK,VN,7,1,down,0.0000,6100,2024-06-20,168,VND
CTD.VN,Cotec Construction JSC,COMMON STOCK,VN,17,3,flat,1.5193,59700,2025-12-01,907.0296,VND
CII.VN,Ho Chi Minh City Infrastructure Investment JSC,COMMON STOCK,VN,21,1,down,0.0000,12450,2025-09-12,500,VND
CKG.VN,Kien Giang Construction Investment Consultancy Group,COMMON STOCK,VN,2,2,up,0.0000,5550,2021-07-19,629.91495,VND
BVH.VN,BaoViet Holdings,COMMON STOCK,VN,16,3,up,1.4239,74100,2025-11-14,1055.09998,VND
CHP.VN,Central Hydropower JSC,COMMON STOCK,VN,17,3,up,10.5660,26500,2026-08-24,1800,VND
CLH.VN,La Hien Cement JSC,COMMON STOCK,VN,16,3,up,12.2549,20400,2026-05-20,2500,VND
CRC.VN,Create Capital Vietnam Limited JSC,COMMON STOCK,VN,3,3,up,0.0000,5110,2021-09-27,438.59649,VND
CNG.VN,CNG Vietnam JSC,COMMON STOCK,VN,22,2,flat,0.0000,20950,2025-09-17,1200,VND
D11.VN,Real Estate 11,COMMON STOCK,VN,11,1,down,3.4783,11500,2026-08-21,400,VND
DAH.VN,Dong A Hotel Group JSC,COMMON STOCK,VN,2,1,down,0.0000,2030,2018-10-25,600,VND
CTB.VN,Hai Duong Pump Manufacturing JSC,COMMON STOCK,VN,27,7,up,9.0909,16500,2026-08-05,1500,VND
D2D.VN,Industrial Urban Development JSC No 2,COMMON STOCK,VN,27,1,down,0.0000,29600,2025-05-22,8400,VND
DAD.VN,Danang Education Investment And Development JSC,COMMON STOCK,VN,22,1,down,10.7914,13900,2026-01-22,1500,VND
DBC.VN,Dabaco,COMMON STOCK,VN,4,1,down,1.9355,15500,2026-06-05,300,VND
DBD.VN,Binh Dinh Pharmaceutical and Medical Equipment JSC,COMMON STOCK,VN,6,6,flat,4.3290,46200,2026-08-27,2000,VND
DBT.VN,Ben Tre Pharmaceutical JSC,COMMON STOCK,VN,1,1,new,0.0000,13000,2021-02-19,521.69487,VND
CLC.VN,Cat Loi JSC,COMMON STOCK,VN,35,5,flat,7.3937,54100,2026-07-06,2500,VND
DHC.VN,Dong Hai JSC of Bentre,COMMON STOCK,VN,22,1,down,4.7847,39900,2026-06-19,1000,VND
CTS.VN,VietinBank Securities JSC,COMMON STOCK,VN,5,5,up,0.0000,20750,2019-09-13,402.46638,VND
DHG.VN,DHG Pharmaceutical JSC,COMMON STOCK,VN,34,2,up,11.1483,89700,2026-09-14,5000,VND
DPM.VN,PetroVietnam Fertilizer and Chemicals Corp,COMMON STOCK,VN,35,2,up,6.5217,23000,2026-08-03,1500,VND
DRL.VN,Hydro Power JSC Power No3,COMMON STOCK,VN,38,1,down,6.3380,42600,2026-07-22,1500,VND
DQC.VN,Dien Quang JSC,COMMON STOCK,VN,24,3,flat,5.2632,9500,2026-08-14,500,VND
DHP.VN,Hai Phong Elec,COMMON STOCK,VN,24,2,up,9.7087,10300,2026-05-29,500,VND
DHM.VN,Duong Hieu Trading and Mining JSC,COMMON STOCK,VN,2,1,down,6.7771,6640,2026-05-28,450,VND
DPR.VN,Dong Phu Rubber JSC,COMMON STOCK,VN,35,4,up,0.0000,38750,2025-08-20,2000,VND
DRC.VN,Danang Rubber JSC,COMMON STOCK,VN,27,2,up,5.1177,9770,2026-06-03,500,VND
DS3.VN,Riverway Management JSC No3,COMMON STOCK,VN,4,4,flat,0.0000,4800,2021-07-21,300,VND
HTG.VN,Hoa Tho Textile - Garment Joint Stock Corp,COMMON STOCK,VN,6,1,down,7.9243,32600,2026-07-16,500,VND
DSN.VN,Dam Sen Water Park Corp,COMMON STOCK,VN,32,2,up,10.9890,36400,2026-05-18,1600,VND
DST.VN,Sao Thang Long Investment JSC,COMMON STOCK,VN,4,2,flat,0.0000,7100,2012-03-22,163.88286,VND
DIG.VN,Development Investment Construction JSC,COMMON STOCK,VN,7,2,up,0.0000,9230,2019-03-07,346.34918,VND
DTK.VN,Vinacomin Power Holding Corp,COMMON STOCK,VN,6,3,up,5.6075,10700,2026-05-28,600,VND
DTD.VN,Thanh Dat Investment Development JSC,COMMON STOCK,VN,4,2,up,4.9020,10200,2026-06-22,500,VND
DXV.VN,Da Nang Construction Building Materials Vicem JSC,COMMON STOCK,VN,4,1,down,0.0000,3150,2012-12-12,650,VND
FPT.VN,FPT Corp,COMMON STOCK,VN,35,1,down,2.8543,63700,2026-05-28,909.091,VND
GMD.VN,Gemadept Corp,COMMON STOCK,VN,16,7,up,2.8461,77300,2026-05-21,2200,VND
HAD.VN,HAD,COMMON STOCK,VN,27,7,flat,9.0226,13300,2026-09-08,1200,VND
GTA.VN,Thuan An Wood Processing JSC,COMMON STOCK,VN,18,1,down,4.4586,7850,2026-09-14,350,VND
GVR.VN,Vietnam Rubber Group Ltd,COMMON STOCK,VN,6,2,up,1.2012,33300,2025-11-13,400,VND
MDC.VN,Vinacomin Mong Duong Coal JSC,COMMON STOCK,VN,16,1,down,7.5000,8000,2026-07-30,600,VND
PDB.VN,Din Capital Investment Group JSC,COMMON STOCK,VN,11,3,up,22.9167,24000,2026-09-25,1500,VND
DTA.VN,De Tam JSC,COMMON STOCK,VN,2,2,up,0.0000,3270,2011-03-23,881.83343,VND
PLX.VN,Vietnam National Petroleum Group,COMMON STOCK,VN,11,2,flat,3.3708,35600,2026-08-04,1200,VND
SGR.VN,Saigon Real Estate JSC,COMMON STOCK,VN,6,2,up,0.0000,10700,2023-12-26,833.33301,VND
HGM.VN,HGM,COMMON STOCK,VN,36,1,down,20.5341,108600,2026-08-13,5000,VND
STC.VN,Book And Educational Equipment JSC,COMMON STOCK,VN,19,12,flat,11.9658,11700,2026-03-03,1400,VND
SPM.VN,SPM Corp,COMMON STOCK,VN,7,2,flat,5.8824,8500,2025-12-02,500,VND
VHM.VN,Vinhomes JSC,COMMON STOCK,VN,4,4,up,4.3165,69500,2026-06-29,3000,VND
TMB.VN,Vinacomin Northern Coal Trading JSC,COMMON STOCK,VN,10,10,up,6.7667,42000,2026-05-28,2842,VND
TRA.VN,Traphaco JSC,COMMON STOCK,VN,31,1,down,8.1522,36800,2026-07-21,2000,VND
TVD.VN,TVD,COMMON STOCK,VN,16,1,down,7.9545,8800,2026-06-09,700,VND
VC9.VN,Construction JSC No 9,COMMON STOCK,VN,11,1,down,0.0000,4200,2019-08-15,900,VND
TVT.VN,Viet Thang Corp,COMMON STOCK,VN,11,1,down,9.6774,15500,2026-07-08,1000,VND
VCA.VN,Vnsteel Vicasa JSC,COMMON STOCK,VN,2,2,up,0.0000,6300,2022-06-17,3000,VND
VCB.VN,Joint Stock Commercial Bank for Foreign Trade of Vietnam,COMMON STOCK,VN,13,2,flat,1.5437,58300,2026-07-23,450,VND
VCF.VN,Vinacafe Bien Hoa JSC,COMMON STOCK,VN,13,5,up,16.7247,287000,2025-09-30,48000,VND
VGP.VN,Vegetexco Port JSC,COMMON STOCK,VN,23,1,down,1.4134,28300,2025-12-03,400,VND
VIC.VN,Vingroup JSC,COMMON STOCK,VN,3,3,up,0.0000,231900,2014-08-06,310.32575,VND
VOS.VN,Vietnam Ocean Shipping JSC,COMMON STOCK,VN,2,2,up,0.0000,13100,2025-09-18,1100,VND
VTO.VN,Vietnam Tanker JSC,COMMON STOCK,VN,19,6,up,9.9548,11050,2026-06-09,1100,VND
VC7.VN,BGI Group JSC,COMMON STOCK,VN,11,2,up,7.6923,6500,2026-01-23,500,VND
VCS.VN,Vicostone JSC,COMMON STOCK,VN,30,1,down,12.3779,30700,2026-06-22,2000,VND
VPI.VN,Van Phu - Invest Investment JSC,COMMON STOCK,VN,3,1,down,0.0000,60600,2023-02-16,757.57554,VND
VTV.VN,Vicem Energy and Environment JSC,COMMON STOCK,VN,18,1,down,0.0000,14400,2024-09-19,100,VND
CLH.JSE,City Lodge Hotels Ltd,COMMON STOCK,JSE,50,1,down,0.0000,440,2023-03-15,5,ZAC
FNB500.JSE,FNB S&P 500 Feeder ETF A,ETF,JSE,7,1,down,0.5400,12266,2026-05-27,23.7843,ZAC
CPIP.JSE,Capitec Bank Holdings Limited,COMMON STOCK,JSE,33,1,down,0.0000,12500,2023-03-15,4.1745,ZAC
CAA.JSE,CA Sales Holdings Ltd.,COMMON STOCK,JSE,4,4,up,2.0640,1390,2026-04-15,28.69,ZAC
AVI.JSE,Avi Ltd,COMMON STOCK,JSE,50,1,down,0.0000,8452,2023-04-12,172,ZAC
ANH.JSE,Anheuser Busch Inbev SA NV,COMMON STOCK,JSE,26,1,down,1.2274,126812,2026-05-06,1348.10324,ZAC
GFI.JSE,Gold Fields Ltd,COMMON STOCK,JSE,59,3,up,3.5875,57840,2026-09-09,1625,ZAC
BHETNC.JSE,BHETNC,ETF,JSE,1,1,new,0.0000,2413,2022-03-15,0.285,ZAC
ADETNC.JSE,ADETNC,ETF,JSE,1,1,new,0.0000,465,2022-03-15,0.285,ZAC
APN.JSE,Aspen Pharmacare Holdings Ltd,COMMON STOCK,JSE,22,1,down,1.3251,15923,2025-10-01,210.99999,ZAC
EXX.JSE,Exxaro Resources Ltd,COMMON STOCK,JSE,48,1,down,10.3931,17733,2026-05-06,1000,ZAC
ADETNQ.JSE,FNB ETN ADOBEQ NOV25,ETF,JSE,1,1,new,0.0000,467,2022-03-15,0.285,ZAC
ETFBND.JSE,Standard Bank Oil ETN,ETF,JSE,16,1,down,0.0000,11820,2023-07-19,2.6227,ZAC
BRN.JSE,Brimstone Investment Corporation Limited,COMMON STOCK,JSE,19,2,up,0.0000,574,2023-04-19,33,ZAC
FGL.JSE,Finbond Group Ltd,COMMON STOCK,JSE,7,1,down,0.0000,77,2019-07-31,1.55,ZAC
GRT.JSE,Growthpoint Properties Ltd,COMMON STOCK,JSE,64,1,down,8.0635,1606,2026-04-15,66.2,ZAC
GML.JSE,Gemfields Group Ltd,COMMON STOCK,JSE,4,1,down,0.0000,69,2024-06-05,15.7462,ZAC
JSE.JSE,JSE Limited,COMMON STOCK,JSE,21,12,up,0.0000,15300,2023-03-29,769.00001,ZAC
JPETNC.JSE,FirstRand Bank Limited,ETF,JSE,1,1,new,0.0000,3676,2022-03-15,0.285,ZAC
QLT.JSE,Quilter PLC,COMMON STOCK,JSE,20,1,down,3.6104,3903,2026-08-26,46.2424,ZAC
ISA.JSE,ISA Holdings Ltd,COMMON STOCK,JSE,21,1,down,0.0000,219,2023-07-19,8,ZAC
NCS.JSE,Nictus,COMMON STOCK,JSE,22,5,up,7.4380,242,2026-07-15,18,ZAC
HAR.JSE,Harmony Gold Mining Co. Ltd.,COMMON STOCK,JSE,31,5,up,2.3681,28926,2026-04-22,530.00002,ZAC
MHB.JSE,Mahube Infrastructure Ltd,COMMON STOCK,JSE,16,1,down,0.0000,511,2025-07-23,15,ZAC
PPETNQ.JSE,FNB ETN PAYPALQ NOV25,ETF,JSE,1,1,new,0.0000,269,2022-03-15,0.285,ZAC
PMV.JSE,Primeserv Group Ltd,COMMON STOCK,JSE,32,2,up,8.6806,288,2026-09-22,21.5,ZAC
OMN.JSE,Omnia Holdings Limited,COMMON STOCK,JSE,41,2,up,0.0000,12300,2023-08-08,375,ZAC
NTU.JSE,Nutun Limited,COMMON STOCK,JSE,20,2,up,0.0000,90,2022-11-30,37,ZAC
PRX.JSE,Prosus N.V.,COMMON STOCK,JSE,7,4,up,0.5539,67392,2025-10-30,373.2834,ZAC
REM.JSE,Remgro Ltd,COMMON STOCK,JSE,51,1,down,1.8178,20519,2026-04-22,173,ZAC
RES.JSE,Resilient Property Income Fund Ltd,COMMON STOCK,JSE,40,1,down,0.0000,7698,2023-04-19,203.97999,ZAC
RNI.JSE,Reinet Investments SCA,COMMON STOCK,JSE,9,9,up,1.8778,43240,2026-08-26,811.9493,ZAC
SBK.JSE,Standard Bank Group Ltd,COMMON STOCK,JSE,37,7,up,5.9060,30139,2026-09-09,902.00006,ZAC
RWINC.JSE,RWINC,ETF,JSE,6,2,up,4.5166,931,2026-07-15,0.5367,ZAC
SOLBE1.JSE,Sasol Ltd Bee,ETF,JSE,19,1,down,0.0000,7500,2023-03-08,700,ZAC
SSK.JSE,Stefstock,COMMON STOCK,JSE,7,1,down,0.0000,600,2012-07-02,12,ZAC
STXGLP.JSE,STXGLP,ETF,JSE,3,1,new,2.6046,3743,2026-08-26,31.8,ZAC
STXNAM.JSE,NewFunds S&P Namibia Bond ETF,ETF,JSE,25,2,up,8.4175,2534,2026-07-22,72.89,ZAC
STXWIS.JSE,STXWIS,ETF,JSE,4,1,down,0.8626,5737,2026-07-22,26.9,ZAC
STXNDQ.JSE,Satrix Nasdaq 100 ETF,ETF,JSE,6,2,up,0.0364,28341,2026-07-22,10.2,ZAC
SUR.JSE,Spurcorp,COMMON STOCK,JSE,56,6,up,7.5814,4300,2026-09-09,206,ZAC
TGA.JSE,Thungela Resources Limited,COMMON STOCK,JSE,10,1,down,6.2464,12007,2026-09-16,550,ZAC
TMT.JSE,Trematon Capital Investments,COMMON STOCK,JSE,14,5,up,0.0000,125,2022-12-13,40,ZAC
TRU.JSE,Truworths International Ltd,COMMON STOCK,JSE,50,1,down,0.0000,4234,2023-03-15,320.00001,ZAC
TSETNQ.JSE,FNB ETN on TESLAQ SEP25,ETF,JSE,1,1,new,0.0000,2583,2022-03-15,0.285,ZAC
STXLVL.JSE,Satrix Low Volatility ETF,ETF,JSE,33,1,down,0.0168,1458,2026-07-22,0.0014,ZAC
WTOP20.JSE,10X Wealth Top20 Capped ETF,ETF,JSE,13,1,down,0.0227,1462,2026-07-15,0.1,ZAC
ZZD.JSE,Zeda Ltd.,COMMON STOCK,JSE,5,3,up,13.6424,1510,2026-06-17,80,ZAC
YYLBEE.JSE,YeboYethu Ltd,ETF,JSE,12,1,down,0.0000,6100,2022-12-13,70,ZAC
ZED.JSE,Zeder Investments Ltd,COMMON STOCK,JSE,17,2,up,0.0000,104,2022-11-09,10,ZAC
TSETNC.JSE,FNB ETN on TESLAC SEP25,ETF,JSE,1,1,new,0.0000,2387,2022-03-15,0.285,ZAC
TPC.JSE,Transpaco Ltd,COMMON STOCK,JSE,43,1,down,0.0000,4200,2023-03-15,85,ZAC
VKE.JSE,Vukile Property Fund Ltd,COMMON STOCK,JSE,38,1,down,0.0000,2426,2023-06-28,65.1123,ZAC
MAB.PSE,Manila Mining Corp b,COMMON STOCK,PSE,2,2,flat,0.0000,0.0093,1995-05-11,0.0002,PHP
LFM.PSE,Liberty Flour Mills Inc,COMMON STOCK,PSE,47,1,down,15.4545,22,2026-01-14,0.6,PHP
BLOOM.PSE,Bloomberry Resorts Corp,COMMON STOCK,PSE,5,1,down,0.0000,1.99,2025-03-24,0.0847,PHP
GLO.PSE,Globe Telecom Inc,COMMON STOCK,PSE,73,1,down,6.3694,1570,2026-08-17,25,PHP
FB.PSE,San Miguel Pure Foods Company Inc,COMMON STOCK,PSE,34,1,down,7.5973,43.7,2026-08-18,1.27,PHP
ACEN.PSE,AC Energy Philippines Inc,COMMON STOCK,PSE,23,4,flat,1.9084,2.62,2026-05-26,0.05,PHP
GMA7.PSE,GMA Network Inc,COMMON STOCK,PSE,21,1,down,12.0846,3.31,2026-04-17,0.4,PHP
APVI.PSE,Altus Property Ventures Inc,COMMON STOCK,PSE,1,1,new,11.7541,11.06,2026-05-25,1.3,PHP
CNVRG.PSE,Converge Information & Communications Technology Solutions Inc,COMMON STOCK,PSE,3,3,up,5.3846,9.1,2026-03-19,0.49,PHP
FOOD.PSE,Alliance Select Foods International Inc,COMMON STOCK,PSE,2,2,flat,0.0000,0.435,2010-01-05,0.01532,PHP
ALCPF.PSE,Arthaland Corporation Series F Preferred Shares,COMMON STOCK,PSE,7,1,down,7.4300,493,2026-07-20,9.1575,PHP
CLIA1.PSE,CLIA1,COMMON STOCK,PSE,3,1,new,0.0000,990,2024-12-27,18.962,PHP
LC.PSE,Lepanto Consolidated Mining Co,COMMON STOCK,PSE,2,2,flat,0.0000,0.223,1999-02-23,0.00256,PHP
GTPPB.PSE,GT Capital Holdings Inc Pref B,COMMON STOCK,PSE,39,1,down,5.0949,1000,2026-07-03,12.73725,PHP
MONDE.PSE,Monde Nissin Corp,COMMON STOCK,PSE,7,1,down,6.5898,6.07,2026-04-23,0.24,PHP
MFC.PSE,Manulife Financial Corp,COMMON STOCK,PSE,107,1,down,3.1596,2600,2026-08-20,21.70112,PHP
SGI.PSE,Solid Group Inc,COMMON STOCK,PSE,14,7,flat,8.4034,1.19,2026-07-14,0.1,PHP
MAXS.PSE,Max’s Group Inc,COMMON STOCK,PSE,27,1,down,6.0945,2.01,2026-04-08,0.1225,PHP
MVC.PSE,Mabuhay Vinyl Corp,COMMON STOCK,PSE,22,16,flat,1.9608,5.1,2026-05-25,0.1,PHP
SM.PSE,SM Investments Corp,COMMON STOCK,PSE,22,2,up,3.4027,499.6,2026-05-13,17,PHP
V.PSE,Vantage Equities Inc,COMMON STOCK,PSE,2,1,new,5.7971,1.38,2025-12-19,0.08,PHP
AEV.PSE,Aboitiz Equity Ventures Inc,COMMON STOCK,PSE,28,1,down,2.9024,37.9,2026-03-18,1.1,PHP
ADGO.BA,Adecoagro S.A.,COMMON STOCK,BA,9,1,down,2.7746,16270,2026-05-04,184.87306,EUR
ACN.BA,ACCENTURE PLC CEDEAR EACH 75 RE,COMMON STOCK,BA,10,1,down,3.3575,3752.5,2026-07-08,32.42998,EUR
CVH.BA,Cablevision Holding SA,COMMON STOCK,BA,1,1,new,0.0000,9300,2020-05-11,4.43388,ARS
NVDA.BA,NVIDIA Corporation,COMMON STOCK,BA,21,5,up,0.2144,15410,2026-09-10,15.88072,ARS
LEDE.BA,Ledesma SAAI,COMMON STOCK,BA,46,4,up,0.0000,760,2023-05-16,9.09682,ARS
ROSE.BA,Instituto Rosenbusch S.A.,COMMON STOCK,BA,4,1,down,0.0000,148,2007-05-18,0.01828,ARS
SEMI.BA,Molinos Juan Semino SA,COMMON STOCK,BA,7,3,up,0.0000,14.15,2023-08-17,1.58856,ARS
HD.BA,Home Depot Inc. CEDEAR,COMMON STOCK,BA,20,5,up,0.0000,14680,2019-12-04,0.34,USD
BHIP.BA,Banco Hipotecario SA,COMMON STOCK,BA,6,4,up,0.0000,268,2019-04-16,0.16667,ARS
GRIM.BA,Grimoldi SA,COMMON STOCK,BA,25,2,up,0.0000,2235,2023-05-03,12.17324,ARS
PAMP.BA,Pampa Energia SA,COMMON STOCK,BA,7,1,down,0.0000,4967.5,2012-01-02,0.01299,ARS
PBR.BA,Petróleo Brasileiro S.A. - Petrobras,COMMON STOCK,BA,7,2,up,6.2961,33580,2026-08-25,807.764,BRL
BABA.BA,Alibaba Group Holding Limited,COMMON STOCK,BA,4,1,down,0.9084,19580,2026-06-11,177.85884,CNY
T.BA,AT&T Inc.,COMMON STOCK,BA,47,1,down,4.2032,13420,2026-07-10,141.01625,USD
TSM.BA,Taiwan Semiconductor Manufacturing Company Limited,COMMON STOCK,BA,39,1,down,0.7856,81525,2026-09-16,187.58972,TWD
VALO.BA,Banco de Valores SA,COMMON STOCK,BA,35,2,up,2.4880,534,2026-08-03,3.24914,ARS
TXAR.BA,Ternium Argentina SA,COMMON STOCK,BA,21,5,up,4.2843,640.5,2026-04-07,27.44087,ARS
BPAT.BA,Banco Patagonia,COMMON STOCK,BA,20,6,up,0.0000,1770,2023-07-26,4.6094,ARS
PFE.BA,Pfizer Inc,COMMON STOCK,BA,46,5,up,0.0000,11640,2019-11-07,0.18,USD
IARV.RO,IAR SA,COMMON STOCK,RO,9,2,up,4.7929,28,2026-06-25,1.342,RON
PREB.RO,Prebet Aiud SA,COMMON STOCK,RO,4,3,up,0.0000,2.15,2021-05-24,0.044,RON
ONE.RO,One United Properties SA,COMMON STOCK,RO,10,1,down,2.6016,30.75,2026-05-19,0.44,RON
SFG.RO,Sphera Franchise Group SA MiFID Eligible Security,COMMON STOCK,RO,12,1,down,6.7742,31,2026-05-18,1.06,RON
BUCV.RO,Bucur SA,COMMON STOCK,RO,2,2,up,0.0000,1.28,2023-09-25,0.036,RON
DIGI.RO,Digi Communications NV,COMMON STOCK,RO,9,9,up,0.9579,52.2,2026-07-07,0.5,RON
BRNA.RO,ROMNAV SA BRAILA,COMMON STOCK,RO,10,3,up,0.0000,19.2,2024-03-26,5.7808,RON
EFO.RO,Turism Hotelur,COMMON STOCK,RO,11,3,up,8.0000,0.875,2026-07-13,0.07,RON
EMAI.RO,Emailul SA,COMMON STOCK,RO,10,1,down,19.8411,5.6,2026-05-25,1.1111,RON
LION.RO,Lion Capital S.A.,COMMON STOCK,RO,9,2,up,10.1288,4.58,2026-05-18,0.4639,RON
MECF.RO,Mecanica Sa Ce,COMMON STOCK,RO,6,2,up,0.0000,0.108,2020-06-25,0.2011,RON
ATB.RO,Antibiotice Ia,COMMON STOCK,RO,14,1,down,0.0000,1.84,2025-09-25,0.02056,RON
CC.RO,CONNECTIONS CONSULT S.A.,COMMON STOCK,RO,4,1,down,1.7241,13.3,2026-05-18,0.2293,RON
AST.RO,ARCTIC STREAM,COMMON STOCK,RO,5,1,down,1.2987,23.1,2026-05-28,0.3,RON
BVB.RO,Bursa De Valori Bucuresti SA,COMMON STOCK,RO,15,3,up,0.0000,70.4,2024-08-19,1.077,RON
SNN.RO,S N Nuclearele,COMMON STOCK,RO,16,2,up,15.4267,50.7,2026-06-22,3.91068,RON
SNO.RO,Santierul Naval Orsova SA,COMMON STOCK,RO,10,2,up,2.5769,26,2026-05-19,0.67,RON
ATGR.ZSE,Atlantic Grupa d.d.,COMMON STOCK,ZSE,17,7,up,3.3981,51.5,2026-06-25,1.75,EUR
HT.ZSE,Hrvatski Telekom d.d.,COMMON STOCK,ZSE,21,5,up,4.3333,39,2026-06-03,1.69,EUR
CEZ.PR,Cez A.S.,COMMON STOCK,PR,22,1,down,3.1134,1349,2026-06-04,42,CZK
TOMA.PR,Toma as,COMMON STOCK,PR,6,6,up,2.7206,1360,2026-06-23,37,CZKCLMB.US,Climb Global Solutions,COMMON STOCK,NASDAQ,91,19,flat,0.0000,,2025-11-10,0.0425,USD
ASRV.US,AmeriServ Financial Inc,COMMON STOCK,NASDAQ,114,1,down,2.6087,4.6,2026-08-03,0.03,USD
BSJS.US,Invesco BulletShares 2028 High Yield Corporate Bond ETF,ETF,NASDAQ,71,1,down,6.1378,21.46,2026-09-21,0.10461,USD
AMSF.US,AMERISAFE Inc,COMMON STOCK,NASDAQ,58,1,down,11.0269,23.76,2026-09-11,0.41,USD
AAON.US,AAON Inc,COMMON STOCK,NASDAQ,49,1,down,0.4687,85.34,2026-09-04,0.1,USD
CETX.US,Cemtrex Inc,COMMON STOCK,NASDAQ,1,1,new,0.0000,2.03,2017-03-29,99999.99999,USD
AUMI.US,Themes Gold Miners ETF,ETF,NASDAQ,2,2,up,0.8660,91.806,2025-12-18,0.795,USD
ALM.US,Almonty Industries Inc. Common Shares,COMMON STOCK,NASDAQ,1,1,new,0.0000,13.21,2014-08-25,0.0375,USD
BAFN.US,Bayfirst Financial Corp,COMMON STOCK,NASDAQ,23,1,down,0.0000,6.44,2025-05-30,0.08,USD
CFO.US,VictoryShares US 500 Enhanced Volatility Wtd ETF,ETF,NASDAQ,128,1,down,1.2708,78.167,2026-09-09,0.12852,USD
BSMY.US,Invesco BulletShares 2034 Municipal Bond ETF,ETF,NASDAQ,24,1,down,3.9247,22.6769,2026-09-21,0.074,USD
BOTJ.US,Bank of the James Financial Group,COMMON STOCK,NASDAQ,51,1,down,1.4700,27.21,2026-08-21,0.1,USD
AQWA.US,Global X Clean Water ETF,ETF,NASDAQ,11,1,down,1.6538,18.08,2026-06-29,0.127,USD
CLOD.US,Themes Cloud Computing ETF,ETF,NASDAQ,1,1,new,1.3686,34.854,2025-12-18,0.477,USD
BSCT.US,Invesco BulletShares 2029 Corporate Bond ETF,ETF,NASDAQ,84,1,down,4.5931,18.175,2026-09-21,0.06876,USD
CSB.US,VictoryShares US Small Cap High Div Volatility Wtd ETF,ETF,NASDAQ,131,1,down,3.3821,62.05,2026-09-09,0.28819,USD
CNQQ.US,Rayliant-ChinaAMC Transformative China Tech ETF,ETF,NASDAQ,5,2,up,0.4286,21.7,2026-07-30,0.006,USD
DWAW.US,AdvisorShares Dorsey Wright FSM All Cap World ETF,ETF,NASDAQ,5,1,down,0.6761,49.845,2025-12-22,0.337,USD
EDUC.US,Educational Development Corporation,COMMON STOCK,NASDAQ,59,1,down,0.0000,1.3,2022-02-18,0.1,USD
DMXF.US,iShares ESG Advanced MSCI EAFE Index ETF,ETF,NASDAQ,13,1,down,4.1499,85.23,2026-06-15,1.033,USD
ETEC.US,iShares Breakthrough Environmental Solutions ETF,ETF,NASDAQ,7,2,up,1.0753,24.18,2026-06-15,0.096,USD
FJP.US,First Trust Japan AlphaDEX® Fund,ETF,NASDAQ,36,1,down,2.4868,77.81,2026-06-25,0.485,USD
FLN.US,First Trust Latin America AlphaDEX® Fund,ETF,NASDAQ,54,1,down,3.7494,25.2838,2026-09-24,0.151,USD
FFIN.US,First Financial Bankshares Inc,COMMON STOCK,NASDAQ,132,1,down,2.5585,32.05,2026-09-14,0.22,USD
ESLT.US,Elbit Systems Ltd,COMMON STOCK,NASDAQ,136,3,up,0.6390,704.27,2026-10-13,1,USD
FRAF.US,Franklin Financial Services Corp,COMMON STOCK,NASDAQ,133,1,down,4.2709,62.75,2026-08-07,0.34,USD
FDCF.US,Fidelity Disruptive Communications ETF,ETF,NASDAQ,2,1,down,0.0000,51.236,2025-06-20,0.016,USD
EMXC.US,iShares MSCI Emerging Markets ex China,ETF,NASDAQ,20,1,down,1.9292,99.73,2026-06-15,0.588,USD
ELIL.US,Direxion Daily LLY Bull 2X Shares,ETF,NASDAQ,7,1,down,10.9252,28.933,2026-09-22,0.088,USD
GIGM.US,Giga Media Ltd,COMMON STOCK,NASDAQ,1,1,new,0.0000,1.44,2002-04-01,10,USD
INO.US,Inovio Pharmaceuticals Inc,COMMON STOCK,NASDAQ,4,1,new,0.0000,1.17,2017-09-28,0.069,USD
IEUS.US,iShares MSCI Europe Small-Cap ETF,ETF,NASDAQ,39,1,down,3.1716,71.1,2026-06-15,1.443,USD
HIHO.US,Highway Holdings Limited,COMMON STOCK,NASDAQ,55,1,down,5.5779,0.8964,2026-08-10,0.05,USD
HERZ.US,"Herzfeld Credit Income Fund, Inc",ETF,NASDAQ,51,1,down,99.1558,15.4,2026-12-17,0.17,USD
HTHT.US,Huazhu Group Ltd,COMMON STOCK,NASDAQ,11,3,up,5.0127,43.29,2026-09-08,0.87,USD
GTR.US,WisdomTree Target Range Fund,ETF,NASDAQ,16,1,down,5.3027,27.42,2026-09-25,0.15,USD
HCOW.US,Amplify Cash Flow High Income ETF,ETF,NASDAQ,35,1,down,10.9733,23.883,2026-08-28,0.21833,USD
HOFT.US,Hooker Furniture Corporation,COMMON STOCK,NASDAQ,103,1,down,3.5088,13.11,2026-09-15,0.115,USD
HUBG.US,Hub Group Inc,COMMON STOCK,NASDAQ,11,1,down,1.6545,30.22,2026-09-21,0.125,USD
IUSB.US,iShares Core Total USD Bond Market ETF,ETF,NASDAQ,146,1,down,4.4235,44.17,2026-09-01,0.16797,USD
IJT.US,iShares S&P Small-Cap 600 Growth ETF,ETF,NASDAQ,105,1,down,0.7776,161.78,2026-09-15,0.36,USD
IBGL.US,iShares iBonds Dec 2055 Term Treasury ETF,ETF,NASDAQ,17,1,down,5.1024,21.872,2026-09-01,0.096,USD
IMMR.US,Immersion Corporation,COMMON STOCK,NASDAQ,16,1,down,4.7586,7.25,2026-10-16,0.075,USD
DVOL.US,First Trust Dorsey Wright Momentum & Low Volatility ETF,ETF,NASDAQ,32,1,down,0.8317,35.4691,2026-09-24,0.066,USD
KEAT.US,Keating Active ETF,ETF,NASDAQ,10,1,down,2.7756,33.074,2026-09-28,0.217,USD
KNGZ.US,First Trust Exchange-Traded Fund VI - First Trust S&P 500 Diversified Dividend Aristocrats ETF,ETF,NASDAQ,37,1,down,2.6126,40.687,2026-09-24,0.262,USD
LEXI.US,Alexis Practical Tactical ETF,ETF,NASDAQ,5,1,down,0.8316,40.405,2025-12-31,0.336,USD
KFFB.US,Kentucky First Federal Bancorp,COMMON STOCK,NASDAQ,76,1,down,0.8870,5.6367,2026-08-31,0.05,USD
KLAC.US,KLA Corporation,COMMON STOCK,NASDAQ,87,1,down,0.4440,189.17,2026-08-17,0.23,USD
LBTYB.US,Liberty Global PLC Class B,COMMON STOCK,NASDAQ,2,2,up,0.0000,12.05,2005-09-07,11.27842,USD
KOID.US,KraneShares Global Humanoid and Embodied Intelligence Index ETF,ETF,NASDAQ,1,1,new,0.7497,35.88,2025-12-22,0.269,USD
LRND.US,IQ U.S. Large Cap R&D Leaders ETF,ETF,NASDAQ,18,1,down,0.3922,47.676,2026-06-30,0.046,USD
META.US,Meta Platforms Inc.,COMMON STOCK,NASDAQ,11,1,down,0.2935,715.62,2026-09-21,0.525,USD
MGPI.US,MGP Ingredients Inc,COMMON STOCK,NASDAQ,85,1,down,3.7559,12.78,2026-08-14,0.12,USD
MBWM.US,Mercantile Bank Corporation,COMMON STOCK,NASDAQ,154,1,down,2.6271,59.38,2026-09-04,0.4,USD
ONB.US,Old National Bancorp,COMMON STOCK,NASDAQ,178,17,up,2.8560,25.21,2026-09-04,0.145,USD
MGEE.US,MGE Energy Inc,COMMON STOCK,NASDAQ,160,1,down,2.8043,68.93,2026-09-01,0.508,USD
JPEF.US,JPMorgan Equity Focus ETF,ETF,NASDAQ,4,3,up,0.6417,81.508,2025-12-16,0.523,USD
QB.US,ProShares Nasdaq-100 Dynamic Buffer ETF,ETF,NASDAQ,5,2,up,0.7566,49.3,2026-09-23,0.043,USD
QTUM.US,Defiance Quantum ETF,ETF,NASDAQ,32,1,down,0.9276,151.36,2026-09-23,0.465,USD
RILY.US,"BRC Group Holdings, Inc.",COMMON STOCK,NASDAQ,37,1,down,0.0000,5.49,2024-05-23,0.5,USD
QNXT.US,iShares Nasdaq-100 ex Top 30 ETF,ETF,NASDAQ,8,1,down,0.7007,30.826,2026-09-15,0.05,USD
PEP.US,PepsiCo Inc,COMMON STOCK,NASDAQ,219,1,down,4.5183,128.5,2026-09-04,1.48,USD
PTIR.US,GraniteShares 2x Long PLTR Daily ETF,ETF,NASDAQ,1,1,new,7.3428,21.15,2025-12-29,1.553,USD
RICK.US,RCI Hospitality Holdings Inc,COMMON STOCK,NASDAQ,43,1,down,2.2488,27.57,2026-09-15,0.08,USD
QQQM.US,Invesco NASDAQ 100 ETF,ETF,NASDAQ,24,1,down,0.4339,303.29,2026-09-21,0.313,USD
RGS.US,Regis Corporation Common Stock,COMMON STOCK,NASDAQ,77,1,down,0.0000,28.05,2014-03-28,0.26,USD
RCMT.US,RCM Technologies Inc,COMMON STOCK,NASDAQ,4,2,flat,0.0000,40.67,2017-12-21,1,USD
RAA.US,SMI 3Fourteen REAL Asset Allocation ETF,ETF,NASDAQ,6,1,down,4.1621,29.985,2026-09-16,0.125,USD
PLTD.US,Direxion Daily PLTR Bear 1X Shares,ETF,NASDAQ,7,1,down,3.8784,4.77,2026-09-22,0.041,USD
REG.US,Regency Centers Corporation,COMMON STOCK,NASDAQ,131,1,down,4.1184,73.33,2026-09-11,0.755,USD
QCMU.US,Direxion Daily QCOM Bull 2X ETF,ETF,NASDAQ,5,1,down,2.5288,23.45,2026-09-22,0.141,USD
SAIC.US,Science Applications International Corporation Common Stock,COMMON STOCK,NASDAQ,53,14,flat,1.4130,130.93,2026-10-09,0.37,USD
SUSB.US,iShares ESG 1-5 Year USD Corporate Bond ETF,ETF,NASDAQ,109,1,down,4.6188,24.4,2026-09-01,0.09568,USD
SSRM.US,SSR Mining Inc,COMMON STOCK,NASDAQ,13,1,down,0.0887,33.84,2026-08-14,0.03,USD
TEKX.US,SPDR Galaxy Transformative Tech Accelerators ETF,ETF,NASDAQ,2,1,down,0.2185,64.53,2025-12-29,0.141,USD
TXRH.US,Texas Roadhouse Inc,COMMON STOCK,NASDAQ,60,1,down,1.8492,158.45,2026-09-01,0.75,USD
VXUS.US,Vanguard Total International Stock Index Fund ETF Shares,ETF,NASDAQ,58,1,down,2.3149,85.75,2026-09-18,0.156,USD
USOI.US,Credit Suisse X-Links Crude Oil Shares Covered Call ETN,ETF,NASDAQ,113,2,up,53.4143,44.9,2026-09-22,1.7,USD
SVC.US,Service Properties Trust,COMMON STOCK,NASDAQ,123,1,down,6.0883,6.57,2026-07-20,0.05,USD
VPLS.US,Vanguard Core Plus Bond ETF,ETF,NASDAQ,33,1,down,4.9534,74.131,2026-09-01,0.3,USD
USCB.US,US Century Bank,COMMON STOCK,NASDAQ,11,1,down,4.1943,22.65,2026-08-17,0.125,USD
TDOT.US,21shares Polkadot ETF Shares of Beneficial Interest,ETF,NASDAQ,2,1,new,1.0467,14.03,2026-06-29,0.056,USD
TRIB.US,Trinity Biotech plc,COMMON STOCK,NASDAQ,5,5,flat,0.0000,6.72,2015-06-05,33,USD
WEN.US,The Wendy’s Co,COMMON STOCK,NASDAQ,97,1,down,7.6682,6.39,2026-09-01,0.07,USD
PCB.US,PCB Bancorp,COMMON STOCK,NASDAQ,47,1,down,3.1171,27.59,2026-08-07,0.22,USD
WFCF.US,Where Food Comes From Inc,COMMON STOCK,NASDAQ,1,1,new,0.0000,11.58,2021-07-26,0.15,USD
WGMI.US,Valkyrie Bitcoin Miners ETF,ETF,NASDAQ,2,1,down,0.0000,46.26,2024-12-24,0.049,USD
WWD.US,Woodward Inc,COMMON STOCK,NASDAQ,126,7,up,0.9572,325.94,2026-11-19,0.32,USD
ROST.US,Ross Stores Inc,COMMON STOCK,NASDAQ,133,1,down,0.7339,237.09,2026-09-08,0.445,USD
XRAY.US,Dentsply Sirona Inc,COMMON STOCK,NASDAQ,131,29,flat,1.7241,9.28,2025-12-26,0.16,USD
013A.STU,JD.com Inc Adr,COMMON STOCK,STU,5,4,flat,3.7909,23.2,2026-04-09,0.8795,EUR
2MK.STU,Klingelnberg AG,COMMON STOCK,STU,4,3,flat,0.0000,10.85,2025-08-25,0.52815,EUR
4RE.STU,Renta 4 Banco SA,COMMON STOCK,STU,11,1,down,3.6176,19.35,2026-04-01,0.25,EUR
4FAP.STU,Star Bulk Carriers Corp,COMMON STOCK,STU,33,2,up,6.4096,25.72,2026-08-21,0.79173,EUR
1T1.STU,TechnipFMC plc,COMMON STOCK,STU,32,1,down,0.2824,62,2026-08-18,0.044,EUR
0YU.STU,Yum China Holdings Inc,COMMON STOCK,STU,34,1,down,2.7593,35.4,2026-08-27,0.2552,EUR
3SD.STU,SINO-OCEAN GP (3SD.SG),COMMON STOCK,STU,21,1,down,0.0000,0.001,2022-05-24,0.00359,EUR
1MTA.STU,MATAS (1MTA.SG),COMMON STOCK,STU,11,6,flat,2.3615,11.32,2026-06-17,0.26732,EUR
3V64.STU,VISA-A (3V64.SG),COMMON STOCK,STU,65,1,down,0.7319,322.1,2026-08-11,0.5894,EUR
3GD.STU,BENETEAU (3GD.SG),COMMON STOCK,STU,16,1,down,3.8760,5.16,2026-06-17,0.2,EUR
4SM.STU,SEVAN MARINE (4SM.SG),COMMON STOCK,STU,13,1,down,0.0000,1.946,2025-07-22,0.01684,EUR
2KD.STU,Kinder Morgan Inc,COMMON STOCK,STU,50,1,down,3.8513,26.95,2026-08-03,0.26168,EUR
54E.STU,ARCHROCK (54E.SG),COMMON STOCK,STU,45,1,down,2.8721,26.8,2026-08-04,0.20238,EUR
41L.STU,Laboratorios Farmaceuticos Rovi S.A,COMMON STOCK,STU,12,2,up,1.5937,60.2,2026-07-13,0.9594,EUR
8CN.STU,China New Higher Education Group Limited,COMMON STOCK,STU,12,1,down,0.0000,0.046,2024-08-23,0.00915,CNY
9BM.STU,BBMG Corp,COMMON STOCK,STU,13,3,up,11.6364,0.055,2026-06-17,0.0064,EUR
0CI.STU,China Cinda Asset Management Co Ltd,COMMON STOCK,STU,13,2,up,3.9451,0.091,2026-07-03,0.00359,EUR
6AA0.STU,AAK AB,COMMON STOCK,STU,10,6,up,5.0935,16.11,2026-05-11,0.82056,EUR
5VB.STU,Vaccibody AS,COMMON STOCK,STU,1,1,new,0.0000,0.3145,2025-05-27,0.09219,EUR
6FJ.STU,James Fisher and Sons plc,COMMON STOCK,STU,17,1,down,0.0000,4.82,2020-10-01,0.09318,GBP
65C.STU,Coface SA,COMMON STOCK,STU,8,1,down,7.5075,16.65,2026-05-26,1.25,EUR
5M8.STU,Mammoth Energy Services Inc,COMMON STOCK,STU,4,2,flat,0.0000,2.6,2019-05-09,0.10999,EUR
6P8.STU,Pets at Home Group PLC,COMMON STOCK,STU,19,1,down,3.5012,2.462,2026-06-04,0.03145,EUR
71N.STU,Nippon Suisan Kaisha Ltd,COMMON STOCK,STU,17,9,up,2.9688,6.4,2026-09-29,0.08941,JPY
6PG.STU,PGE POL GR ENERG (6PG.SG),COMMON STOCK,STU,3,1,down,0.0000,3.003,2016-09-22,0.05712,EUR
7CH.STU,Chorus Limited,COMMON STOCK,STU,24,12,up,7.3916,4.04,2026-09-14,0.17917,NZD
6WX.STU,CN LONGYUAN POWER-H (6WX.SG),COMMON STOCK,STU,18,1,down,3.5613,0.5658,2026-05-04,0.00794,EUR
9DB.STU,Dave & Buster's Entertainment Inc,COMMON STOCK,STU,6,1,down,0.0000,5.8,2020-01-09,0.14078,EUR
9Z1.STU,Value Partners Group Ltd,COMMON STOCK,STU,13,2,up,3.0245,0.204,2026-05-14,0.00617,EUR
A1B.STU,Ashmore Group PLC,COMMON STOCK,STU,23,1,down,7.8446,2.51,2026-02-26,0.05592,EUR
7PZ.STU,PZU (7PZ.SG),COMMON STOCK,STU,12,5,up,6.6553,16.48,2026-09-16,1.0968,EUR
ABJA.STU,ABB Ltd,COMMON STOCK,STU,14,8,up,1.2459,84.2,2026-03-24,1.04901,EUR
ACE1.STU,ACERINOX (ACE1.SG),COMMON STOCK,STU,24,6,flat,3.5449,17.49,2026-07-15,0.31,EUR
A7L.STU,AMUR MINERALS (A7L.SG),COMMON STOCK,STU,1,1,new,0.0000,2.24,2023-06-01,3.35434,EUR
ADC.STU,AdCapital AG,COMMON STOCK,STU,9,1,down,0.0000,0.006,2017-05-19,0.25,EUR
AEO.STU,Atmos Energy Corp,COMMON STOCK,STU,33,1,down,2.5541,137.8,2026-08-24,0.8799,EUR
AJ5.STU,CENTRAL CHINA REAL (AJ5.SG),COMMON STOCK,STU,15,1,down,0.0000,0.0005,2022-06-06,0.00303,EUR
AND.STU,A-Mark Precious Metals Inc.,COMMON STOCK,STU,24,3,up,4.1085,38.55,2026-09-16,1.05588,USD
AMNA.STU,Ambev S.A.,COMMON STOCK,STU,13,1,down,4.6917,2.54,2026-09-23,0.01229,EUR
ALG.STU,ALBIS LEASING AG (ALG.SG),COMMON STOCK,STU,9,6,up,3.0120,3.32,2026-07-03,0.1,EUR
ANL.STU,Analog Devices Inc,COMMON STOCK,STU,65,1,down,1.0919,345.7,2026-09-01,0.96789,EUR
AP6.STU,CAPMAN -B- (AP6.SG),COMMON STOCK,STU,20,1,down,7.0340,1.706,2026-09-09,0.06,EUR
A58.STU,Elevance Health Inc,COMMON STOCK,STU,50,1,down,1.7415,347.1,2026-09-10,1.51343,EUR
AQ8.STU,Acuity Brands Inc,COMMON STOCK,STU,47,1,down,0.2437,278,2026-07-17,0.17598,EUR
ABW.STU,ASAHI GROUP HD (ABW.SG),COMMON STOCK,STU,28,1,down,3.2366,8.978,2026-06-29,0.14529,EUR
ASX.STU,PT Astra Agro Lestari Tbk,COMMON STOCK,STU,23,3,up,6.0879,0.364,2026-04-24,0.01618,EUR
AWM.STU,SKYWORKS SOLUTIONS (AWM.SG),COMMON STOCK,STU,48,1,down,2.3945,78.28,2026-05-26,0.6248,EUR
AXNA.STU,Amplifon SpA,COMMON STOCK,STU,17,7,flat,2.3908,12.13,2026-05-18,0.29,EUR
AZG2.STU,ACACIA RES-AC TECHS (AZG2.SG),COMMON STOCK,STU,8,2,flat,0.0000,3.68,2015-11-04,0.10999,EUR
B4M1.STU,SpareBank 1 SR Bank ASA,COMMON STOCK,STU,10,5,up,5.1794,21.35,2026-04-24,1.1058,EUR
BAC.STU,Verizon Communications Inc.,COMMON STOCK,STU,64,1,down,5.9471,41.335,2026-07-10,0.62225,EUR
BC51.STU,BOLSA MEXICANA-A (BC51.SG),COMMON STOCK,STU,19,2,flat,5.2591,1.8855,2026-05-08,0.09916,MXN
BD6.STU,Bourse Direct SA,COMMON STOCK,STU,10,8,up,4.5627,5.26,2026-05-20,0.24,EUR
BDJ.STU,Bendigo and Adelaide Bank Ltd,COMMON STOCK,STU,25,5,flat,6.1730,6.3,2026-09-01,0.20371,EUR
BDO.STU,Clarus Corporation,COMMON STOCK,STU,26,1,down,2.8205,3.12,2026-08-17,0.022,EUR
BDU.STU,BONDUELLE (BDU.SG),COMMON STOCK,STU,16,2,up,3.0713,8.14,2026-01-06,0.25,EUR
BED.STU,Marie Brizard Wine & Spirits SA,COMMON STOCK,STU,1,1,new,0.0000,2.59,2008-09-12,0.02383,EUR
BJ3.STU,BJNS -H- (BJ3.SG),COMMON STOCK,STU,10,2,up,0.0000,0.071,2024-05-20,0.00245,EUR
BJEB.STU,BEIJING ENTERPRISES (BJEB.SG),COMMON STOCK,STU,38,3,flat,5.5058,3.3,2026-09-10,0.09533,EUR
B9W.STU,BKW AG,COMMON STOCK,STU,12,3,up,3.2746,126,2026-04-30,4.12604,EUR
AV3.STU,Avery Dennison Corporation,COMMON STOCK,STU,51,1,down,2.2496,150.9,2026-09-02,0.8799,EUR
BOZA.STU,BK MAYBANK INDO -A- (BOZA.SG),COMMON STOCK,STU,10,2,up,4.6250,0.008,2026-04-28,0.00037,EUR
BKE1.STU,BK NEGARA INDO -B- (BKE1.SG),COMMON STOCK,STU,13,1,down,11.1569,0.153,2026-03-25,0.01707,EUR
BLZ.STU,Bure Equity,COMMON STOCK,STU,16,7,flat,0.8930,27.76,2026-05-13,0.24789,EUR
BNR.STU,Brenntag SE,COMMON STOCK,STU,16,1,down,3.1954,59.46,2026-05-21,1.9,EUR
BON.STU,BOIRON (BON.SG),COMMON STOCK,STU,14,2,up,6.9948,19.3,2026-06-03,1.35,EUR
BOW.STU,BORYSZEW (BOW.SG),COMMON STOCK,STU,5,1,down,0.0000,1.012,2025-05-27,0.07998,EUR
BSND.STU,Danone SA,COMMON STOCK,STU,13,4,up,3.9303,11.8,2026-05-04,0.46377,EUR
BYNN.STU,Rubis SCA,COMMON STOCK,STU,15,2,up,5.9551,34.76,2026-06-16,2.07,EUR
BYW6.STU,BayWa AktienGesellschaft Vink.N,COMMON STOCK,STU,15,4,up,0.0000,2.585,2024-06-12,1.1,EUR
BZ6.STU,KAPSCH (BZ6.SG),COMMON STOCK,STU,11,1,down,0.0000,4.07,2020-09-11,0.25,EUR
BZB.STU,Contact Energy Ltd,COMMON STOCK,STU,21,4,up,4.9005,4.06,2026-08-17,0.11938,EUR
CC6.STU,Comtech Telecommunications Corp,COMMON STOCK,STU,22,1,down,0.0000,1.21,2023-01-17,0.088,EUR
BSI.STU,BE Semiconductor Industries NV,COMMON STOCK,STU,16,1,down,0.8398,188.15,2026-04-27,1.58,EUR
CEZ.STU,CEZ a. s,COMMON STOCK,STU,20,1,down,3.1199,55.15,2026-06-04,1.72061,EUR
CPF.STU,CITIC (CPF.SG),COMMON STOCK,STU,40,2,up,5.3438,1.4385,2026-09-14,0.02722,EUR
CFI.STU,CIE FIN TRADITION (CFI.SG),COMMON STOCK,STU,11,11,up,3.0795,264,2026-05-26,8.13,EUR
CGN.STU,Cigna Corporation,COMMON STOCK,STU,30,1,down,2.2813,238.8,2026-09-08,1.37296,EUR
CLIQ.STU,Cliq Digital AG,COMMON STOCK,STU,9,1,down,0.2043,19.58,2026-08-28,0.04,EUR
CK0.STU,Coca-Cola Europacific Partners PLC,COMMON STOCK,STU,17,1,down,2.3232,89.1,2026-05-14,0.82,EUR
CLH.STU,CARDINAL HEALTH (CLH.SG),COMMON STOCK,STU,47,1,down,0.9334,193.05,2026-07-01,0.45385,EUR
CIH.STU,FINNING INTL (CIH.SG),COMMON STOCK,STU,55,1,down,1.1883,65.5,2026-08-20,0.20156,EUR
CLRN.STU,CLARIANT N (CLRN.SG),COMMON STOCK,STU,15,5,flat,3.9088,11.35,2026-06-02,0.44365,EUR
CMS.STU,Commercial Metals Co,COMMON STOCK,STU,36,1,down,1.1631,57.5,2026-07-06,0.176,EUR
COA1.STU,Comba Telecom Systems Holdings,COMMON STOCK,STU,17,1,down,0.2685,0.108,2026-09-03,0.00029,EUR
COUD.STU,Computacenter plc,COMMON STOCK,STU,18,4,up,1.4614,62.5,2026-09-24,0.31561,EUR
CL4A.STU,H World Group Ltd,COMMON STOCK,STU,11,3,up,5.2175,36.6,2026-09-08,0.7656,EUR
CS6.STU,Cascades Inc,COMMON STOCK,STU,49,1,down,2.6340,11.3,2026-08-20,0.07441,EUR
CSA.STU,Accenture plc,COMMON STOCK,STU,46,1,down,3.7196,154.2,2026-07-09,1.43391,EUR
CTP2.STU,Comcast Corporation,COMMON STOCK,STU,48,1,down,6.0278,19.262,2026-07-01,0.29027,EUR
CVA.STU,CLIFFS NATURAL RES (CVA.SG),COMMON STOCK,STU,23,1,down,0.0000,10.695,2020-04-02,0.05279,EUR
DEVL.STU,DBS GROUP HLDGS (DEVL.SG),COMMON STOCK,STU,47,1,down,4.0870,53.55,2026-08-14,0.55747,EUR
DDN.STU,Darden Restaurants Inc,COMMON STOCK,STU,29,1,down,3.0833,174.65,2026-07-10,1.42544,EUR
DB7.STU,Digital Bros SpA,COMMON STOCK,STU,4,4,flat,0.0000,12.98,2022-12-05,0.18,EUR
DP4A.STU,A. P. Moller Maersk A/S,COMMON STOCK,STU,12,1,down,2.1271,3016,2026-03-26,64.152,EUR
CRS1.STU,ERCROS (CRS1.SG),COMMON STOCK,STU,7,1,down,0.0000,3.47,2024-07-08,0.096,EUR
DUBA.STU,DRDGold Ltd,COMMON STOCK,STU,27,3,up,4.2743,21.2,2026-09-11,0.64804,EUR
DWNI.STU,Deutsche Wohnen SE,COMMON STOCK,STU,16,5,flat,0.2525,15.84,2026-05-20,0.04,EUR
DWB.STU,Dinkelacker AG,COMMON STOCK,STU,14,7,flat,3.0476,1050,2026-04-23,32,EUR
DAO.STU,SCREEN HLDG (DAO.SG),COMMON STOCK,STU,20,1,down,1.0228,77.72,2026-09-29,0.33529,EUR
DNE.STU,Downer EDI Ltd,COMMON STOCK,STU,18,4,up,4.4868,4.02,2026-09-02,0.10069,EUR
DY2.STU,DENTSPLY SIRONA (DY2.SG),COMMON STOCK,STU,45,9,flat,1.7231,8.17,2025-12-29,0.14078,EUR
E3E.STU,ELEMENTIS (E3E.SG),COMMON STOCK,STU,19,3,up,1.9198,2.02,2026-08-13,0.01281,EUR
E5M.STU,Eagle Materials Inc,COMMON STOCK,STU,33,1,down,0.5606,157,2026-09-14,0.22003,EUR
E7V.STU,Rexel SA,COMMON STOCK,STU,14,3,flat,3.3021,36.34,2026-05-11,1.2,EUR
EAO.STU,Credito Emiliano,COMMON STOCK,STU,12,2,flat,3.4981,21.44,2026-05-18,0.75,EUR
EBK.STU,ENBW ENERGIE B-W (EBK.SG),COMMON STOCK,STU,14,9,up,2.5148,67.6,2026-05-08,1.7,EUR
EFX.STU,Equifax Inc,COMMON STOCK,STU,65,1,down,1.4837,129.3,2026-08-31,0.4928,EUR
ELAA.STU,ESTEE LAUDER-A (ELAA.SG),COMMON STOCK,STU,56,1,down,1.4592,83.9,2026-08-31,0.308,EUR
E6U.STU,COFFEE HOLDING (E6U.SG),COMMON STOCK,STU,2,2,up,2.0117,3.5,2026-02-10,0.07041,EUR
ELO1.STU,Eldorado Gold Corp,COMMON STOCK,STU,9,4,up,0.5700,34.56,2026-09-01,0.06598,EUR
EM7A.STU,EMPEROR ENT HOTEL (EM7A.SG),COMMON STOCK,STU,27,1,down,0.0000,0.014,2024-08-23,0.00167,EUR
EMF.STU,Templeton Emerging Markets Fund,COMMON STOCK,STU,11,1,down,6.5934,19.166,2026-06-23,0.21118,EUR
EMY.STU,Embraer S.A. Reg. Shs,COMMON STOCK,STU,45,3,up,1.7171,67,2026-09-23,0.14522,EUR
EPCC.STU,Cementos Pacasmayo SAA,COMMON STOCK,STU,13,3,up,5.1472,10.4,2025-11-21,0.53531,EUR
EJ7.STU,ENERGY RES AUST -A- (EJ7.SG),COMMON STOCK,STU,1,1,new,0.0000,0.0015,2010-08-09,0.00331,EUR
EQR.STU,Equity Residential,COMMON STOCK,STU,36,1,down,3.4232,53.92,2026-06-29,0.6182,EUR
ENI.STU,Eni S.p.A.,COMMON STOCK,STU,34,1,down,4.4213,23.975,2026-09-21,0.27,EUR
EBO.STU,Erste Group Bank AG,COMMON STOCK,STU,18,1,down,0.6093,123.1,2026-04-22,0.75,EUR
F1P2.STU,TTW PCL,COMMON STOCK,STU,26,11,flat,6.0154,0.26,2026-09-09,0.00782,THB
F6O1.STU,FLSmidth & Co. A/S,COMMON STOCK,STU,14,1,down,0.6837,78.2,2026-03-25,0.53464,EUR
F5J.STU,MINERAL RES (F5J.SG),COMMON STOCK,STU,24,2,up,1.6054,31.9,2026-09-08,0.51211,EUR
EWC.STU,Chaowei Power Holdings Limited,COMMON STOCK,STU,6,2,up,5.4138,0.116,2026-06-05,0.00628,CNY
FAS.STU,FASTENAL (FAS.SG),COMMON STOCK,STU,67,1,down,1.9068,44.28,2026-07-28,0.22867,EUR
FDX.STU,FEDEX (FDX.SG),COMMON STOCK,STU,63,1,down,1.8705,251.2,2026-09-14,1.07348,EUR
FFP.STU,Peugeot Invest Société anonyme,COMMON STOCK,STU,13,8,flat,6.1670,52.7,2026-05-25,3.25,EUR
F1P.STU,TTW PCL,COMMON STOCK,STU,26,10,flat,5.9695,0.262,2026-09-09,0.00782,THB
F03.STU,Fortive Corporation,COMMON STOCK,STU,36,1,down,0.4471,48.94,2026-09-04,0.0616,EUR
FNI.STU,FOSUN INTERNATIONAL (FNI.SG),COMMON STOCK,STU,13,1,down,0.0000,0.5405,2025-06-11,0.00224,EUR
FUK.STU,FUJIKON INDL (FUK.SG),COMMON STOCK,STU,29,1,down,5.7436,0.039,2026-08-18,0.00112,EUR
FBLM.STU,FIH Group PLC,COMMON STOCK,STU,29,1,down,4.5709,1.72,2026-09-24,0.06406,EUR
FWQ.STU,MOUNT GIBSON IRON (FWQ.SG),COMMON STOCK,STU,11,1,down,0.0000,0.2,2021-09-01,0.01236,EUR
G03.STU,GungHo Online Entertainment Inc,COMMON STOCK,STU,6,4,up,3.6305,13.4,2025-12-29,0.48649,EUR
G02.STU,Garrett Motion Inc,COMMON STOCK,STU,7,1,down,1.2916,21.8,2026-09-01,0.07039,EUR
G14.STU,Signify NV,COMMON STOCK,STU,9,5,up,10.0900,15.56,2026-04-30,1.57,EUR
G7N.STU,GOLDPLAT (G7N.SG),COMMON STOCK,STU,7,3,up,3.3957,0.23,2026-08-27,0.00271,EUR
G9N.STU,Grupo Aeroportuario del Pacifico SAB de CV,COMMON STOCK,STU,30,2,up,0.0000,188,2025-08-13,3.94324,EUR
GAP.STU,The Gap Inc,COMMON STOCK,STU,62,1,down,3.1334,19.095,2026-07-08,0.15398,EUR
FTP.STU,FIRST TRACTOR -H- (FTP.SG),COMMON STOCK,STU,16,1,down,2.6484,0.95,2026-06-04,0.02516,EUR
GBH.STU,Goodbaby International Holdings Ltd,COMMON STOCK,STU,4,3,up,24.8142,0.113,2026-09-11,0.02243,EUR
G2M.STU,Beijing Jingkelong Co Ltd,COMMON STOCK,STU,8,1,down,0.0000,0.026,2022-05-19,0.00657,EUR
GDW.STU,Goodwin PLC,COMMON STOCK,STU,20,1,down,6.8661,170,2026-09-16,3.84417,GBP
GEH.STU,Cembra Money Bank AG,COMMON STOCK,STU,11,10,up,6.6369,91.6,2026-04-28,6.07936,EUR
GIL.STU,DMG MORI (GIL.SG),COMMON STOCK,STU,13,6,flat,2.4684,47.4,2026-05-14,1.17,EUR
GF4.STU,Grupo Financiero Galicia SA,COMMON STOCK,STU,37,2,up,4.6781,32.4,2026-09-28,0.04211,EUR
G3V.STU,GREEN PLAINS (G3V.SG),COMMON STOCK,STU,21,1,down,0.0000,13.1,2019-05-23,0.10559,EUR
GOS.STU,GOLDMAN SACHS GROUP (GOS.SG),COMMON STOCK,STU,51,13,flat,1.9329,819.4,2026-09-01,4.3995,EUR
GUJB.STU,GUANGNAN (HLDGS) (GUJB.SG),COMMON STOCK,STU,32,1,down,6.2576,0.066,2026-06-29,0.00134,EUR
GBQ.STU,GBK Beteiligungen AG,COMMON STOCK,STU,11,5,flat,4.8000,6.25,2026-05-29,0.3,EUR
GWW.STU,W.W. Grainger Inc,COMMON STOCK,STU,48,1,down,0.7677,1089,2026-08-10,2.1912,EUR
GXD.STU,LUNDIN MINING (GXD.SG),COMMON STOCK,STU,39,1,down,0.3142,21.72,2026-09-04,0.01706,EUR
H2X3.STU,Hiscox Ltd,COMMON STOCK,STU,21,6,up,2.1332,21.74,2026-08-13,0.14784,EUR
HAA1.STU,Hana Microelectronics PCL,COMMON STOCK,STU,25,1,down,2.0038,1.3,2026-03-16,0.01954,EUR
HNR1.STU,Hannover Rück SE,COMMON STOCK,STU,17,6,up,4.8487,257.8,2026-05-07,12.5,EUR
HAM.STU,Harmony Gold Mining Co Ltd,COMMON STOCK,STU,18,5,up,2.1586,16.6,2026-04-24,0.28027,EUR
GOU.STU,Centerra Gold Inc,COMMON STOCK,STU,49,1,down,0.9060,19.075,2026-08-19,0.04341,EUR
HBC1.STU,HSBC HLDG (HBC1.SG),COMMON STOCK,STU,44,1,down,3.6970,17.768,2026-08-13,0.08793,EUR
HC5.STU,Healthpeak Properties Inc,COMMON STOCK,STU,48,1,down,6.0446,17.76,2026-09-14,0.08946,EUR
HBC2.STU,HSBC Holdings PLC,COMMON STOCK,STU,44,1,down,3.7284,88.5,2026-08-14,0.43995,EUR
HCM.STU,HITACHI CONST MACH (HCM.SG),COMMON STOCK,STU,29,3,up,3.3190,32,2026-09-29,0.50309,EUR
HDM.STU,HONDA MOTOR (HDM.SG),COMMON STOCK,STU,45,2,up,4.0592,9.486,2026-09-29,0.19584,EUR
HEE.STU,Hellenic Exchanges - Athens Stock Exchange SA,COMMON STOCK,STU,23,1,down,1.0413,11.02,2026-06-23,0.11475,EUR
HTR.STU,HUNTSMAN (HTR.SG),COMMON STOCK,STU,63,1,down,3.9442,7.81,2026-09-15,0.07701,EUR
I41.STU,PT Indika Energy Tbk,COMMON STOCK,STU,14,1,down,0.4083,0.12,2026-06-03,0.00049,EUR
HETA.STU,KHD HUM WED IND N (HETA.SG),COMMON STOCK,STU,8,5,flat,5.9649,5.7,2026-05-21,0.34,EUR
HGR.STU,Ecora Resources PLC,COMMON STOCK,STU,60,1,down,0.8843,1.97,2026-07-02,0.01221,EUR
HKR.STU,HKR International Ltd,COMMON STOCK,STU,17,1,down,0.0000,0.089,2023-08-28,0.00111,EUR
HNL.STU,Dr. Hönle AG,COMMON STOCK,STU,9,1,down,0.0000,7.52,2022-03-25,0.2,EUR
HOF.STU,Essentra PLC,COMMON STOCK,STU,25,1,down,1.9568,1.25,2026-09-17,0.01048,EUR
HPE.STU,Hokuetsu Corporation,COMMON STOCK,STU,15,4,up,2.8780,5.05,2026-09-29,0.07267,EUR
HRB.STU,H&R.BLOCK (HRB.SG),COMMON STOCK,STU,65,1,down,4.2558,35.38,2026-09-03,0.40485,EUR
HSY.STU,The Hershey Co,COMMON STOCK,STU,30,1,down,3.4556,145.8,2026-08-14,1.27761,EUR
HX9.STU,BANK DANAMON -A- (HX9.SG),COMMON STOCK,STU,14,2,up,3.3689,0.206,2026-04-10,0.00694,EUR
HVE.STU,Innoviva Inc,COMMON STOCK,STU,5,2,up,0.0000,18.2,2015-09-08,0.22003,EUR
I7B.STU,Idemitsu Kosan Co Ltd,COMMON STOCK,STU,19,4,flat,2.1639,9.3,2026-09-29,0.10062,EUR
HCL.STU,HECLA MINING (HCL.SG),COMMON STOCK,STU,50,1,down,0.0825,15.995,2026-08-26,0.0033,EUR
IBM.STU,International Business Machines Corporation,COMMON STOCK,STU,65,1,down,3.0006,197.6,2026-08-10,1.48669,EUR
HLPN.STU,HELLENIC PETROLEUM  (HLPN.SG),COMMON STOCK,STU,19,1,down,3.4825,17.24,2026-07-01,0.40039,EUR
HS1.STU,HEALTHCARE SVCS GR (HS1.SG),COMMON STOCK,STU,50,8,up,0.0000,18.3,2022-11-17,0.18922,EUR
IMV.STU,Immersion Corporation,COMMON STOCK,STU,15,1,down,3.7447,6.345,2026-07-20,0.066,EUR
IU8.STU,ZEMAITIJOS PIENAS (IU8.SG),COMMON STOCK,STU,5,2,up,2.6515,2.64,2026-05-08,0.07,EUR
INR.STU,INTL. CONS. AIR GRP (INR.SG),COMMON STOCK,STU,15,1,down,1.9148,5.118,2026-06-25,0.05,EUR
IXX.STU,init innovation in traffic systems SE,COMMON STOCK,STU,18,8,up,1.9502,46.15,2026-05-22,0.9,EUR
J5R.STU,PT J Resources Asia Pasifik Tbk,COMMON STOCK,STU,2,1,new,34.7368,0.019,2026-09-16,0.00147,IDR
JAP.STU,Central Japan Railway Co,COMMON STOCK,STU,19,6,flat,0.8495,21.06,2026-09-29,0.08945,JPY
J9R.STU,JAPAN STEEL WORKS (J9R.SG),COMMON STOCK,STU,26,4,up,1.3054,40.26,2026-09-29,0.25718,JPY
JHJ.STU,JX HOLDINGS (JHJ.SG),COMMON STOCK,STU,33,17,up,2.3912,7.95,2026-09-29,0.09505,EUR
JBL.STU,JABIL CIRCUIT (JBL.SG),COMMON STOCK,STU,49,1,down,0.1013,277.8,2026-08-14,0.07038,EUR
HPI2.STU,RCS Mediagroup SpA,COMMON STOCK,STU,8,7,flat,7.9727,0.878,2026-05-18,0.07,EUR
JT5.STU,Mueller Water Products Inc,COMMON STOCK,STU,49,1,down,1.3014,18.94,2026-08-10,0.06162,EUR
K20A.STU,Strong Petrochemical Holdings Ltd,COMMON STOCK,STU,2,2,up,0.0000,0.001,2024-10-21,0.00898,EUR
K3E.STU,Kendrion NV,COMMON STOCK,STU,8,1,down,8.1731,20.8,2026-04-15,0.7,EUR
KEC.STU,Keck Seng Investments (Hong Kong) Limited,COMMON STOCK,STU,33,1,down,5.5205,0.244,2026-06-08,0.0101,EUR
KHNZ.STU,The Kraft Heinz Co,COMMON STOCK,STU,36,1,down,6.7973,20.7,2026-09-04,0.35176,EUR
IY4.STU,IMERYS (IY4.SG),COMMON STOCK,STU,13,1,down,3.3304,22.52,2026-05-20,0.75,EUR
KLA.STU,KLA-TENCOR (KLA.SG),COMMON STOCK,STU,65,1,down,0.4481,164.96,2026-08-17,0.20238,EUR
KLH.STU,COPENHAGEN AIRPORT (KLH.SG),COMMON STOCK,STU,15,1,down,0.0000,728,2025-04-09,3.40566,EUR
KOU.STU,KWG PROPERTY (KOU.SG),COMMON STOCK,STU,10,5,up,0.0000,0.0005,2021-09-16,0.05004,EUR
KBH.STU,KB HOME (KBH.SG),COMMON STOCK,STU,65,1,down,2.0972,41.97,2026-08-06,0.22005,EUR
KU1.STU,KULICKE & SOFFA IND (KU1.SG),COMMON STOCK,STU,34,1,down,0.9021,80,2026-09-17,0.18042,EUR
KUO1.STU,KUBOTA CORP (KUO1.SG),COMMON STOCK,STU,38,1,down,1.7961,15.29,2026-06-29,0.14001,EUR
KW9A.STU,GALAXY ENTERTAIN (KW9A.SG),COMMON STOCK,STU,21,4,up,5.4182,3.52,2026-08-25,0.10097,EUR
L2T1.STU,Lifevantage Corp,COMMON STOCK,STU,18,1,down,3.0970,5.4,2026-09-01,0.04401,EUR
KYR.STU,KYOCERA (KYR.SG),COMMON STOCK,STU,38,7,up,1.4857,20.36,2026-09-29,0.15653,EUR
LA6A.STU,Sanlam Ltd,COMMON STOCK,STU,13,6,up,6.0058,4.28,2026-04-08,0.25705,EUR
KSLA.STU,Kesla Oyj,COMMON STOCK,STU,9,1,down,0.0000,3.87,2024-04-03,0.1,EUR
KIN2.STU,Kinross Gold Corporation,COMMON STOCK,STU,30,1,down,0.6188,22.03,2026-08-20,0.03518,EUR
LDZA.STU,ASPEN PHARMACARE (LDZA.SG),COMMON STOCK,STU,9,1,down,1.3393,8.35,2025-10-01,0.11183,EUR
LI9.STU,LINGBAO GOLD -H- (LI9.SG),COMMON STOCK,STU,9,1,down,0.2744,2.34,2026-05-21,0.00642,EUR
LIS.STU,Liontown Resources Ltd,COMMON STOCK,STU,1,1,new,0.0000,0.5712,2018-05-29,0.00015,EUR
KSB.STU,KSB SE & Co. KGaA,COMMON STOCK,STU,14,6,flat,3.0251,876,2026-05-08,26.5,EUR
MAT1.STU,Panasonic Corp,COMMON STOCK,STU,32,1,down,1.0256,25.635,2026-09-29,0.15103,EUR
LYU.STU,Iomart Group PLC,COMMON STOCK,STU,14,1,down,0.0000,0.15,2025-01-09,0.01514,EUR
MFU.STU,MITSUI FUDOSAN CO (MFU.SG),COMMON STOCK,STU,38,7,up,2.4455,8.35,2026-09-29,0.1035,EUR
MFZA.STU,Mitsubishi UFJ Financial Group Inc,COMMON STOCK,STU,27,1,down,2.3252,20.4,2026-03-31,0.27651,JPY
JXC1.STU,J2 GLOBAL (JXC1.SG),COMMON STOCK,STU,19,1,down,0.0000,49.2,2019-05-17,0.40054,EUR
MHR.STU,HERMAN MILLER (MHR.SG),COMMON STOCK,STU,63,1,down,3.7723,17.5,2026-08-28,0.16504,EUR
MGE.STU,Australian Vintage Ltd,COMMON STOCK,STU,9,1,down,0.0000,0.043,2022-11-24,0.01918,EUR
KEM.STU,KEMIRA (KEM.SG),COMMON STOCK,STU,24,1,down,4.3128,17.39,2026-03-20,0.38,EUR
LN3.STU,Jefferies Financial Group Inc,COMMON STOCK,STU,31,1,down,3.3794,41.66,2026-08-18,0.35196,EUR
MBI.STU,MITSUBISHI CORP (MBI.SG),COMMON STOCK,STU,26,12,up,2.4180,27.075,2026-09-29,0.34691,EUR
MLQ2.STU,MULTIPOLAR -A- (MLQ2.SG),COMMON STOCK,STU,3,1,down,0.0000,0.003,2017-05-10,0.00012,EUR
LNLB.STU,LI NING (LNLB.SG),COMMON STOCK,STU,13,1,down,5.5485,1.3636,2026-09-03,0.04554,EUR
MO7A.STU,Moog Inc,COMMON STOCK,STU,33,1,down,0.3058,342.4,2026-08-14,0.26397,EUR
MOHF.STU,LVMH Moet Hennessy Louis Vuitton SE,COMMON STOCK,STU,26,1,down,3.3648,79.4,2026-04-27,1.5453,EUR
MP2.STU,MPC Container Ships ASA,COMMON STOCK,STU,21,1,down,6.1936,2.603,2026-09-21,0.03474,NOK
MRI.STU,MTR (MRI.SG),COMMON STOCK,STU,38,4,flat,4.0374,3.64,2026-08-26,0.04712,EUR
MRY.STU,Mercury NZ Ltd,COMMON STOCK,STU,18,9,up,4.2449,3.16,2026-09-02,0.08446,EUR
MSQ.STU,MASCO (MSQ.SG),COMMON STOCK,STU,58,1,down,1.8625,60,2026-08-24,0.28157,EUR
MU1.STU,Mitsui E&S Holdings Co Ltd,COMMON STOCK,STU,6,4,up,1.6932,23.79,2026-09-29,0.16784,EUR
MBK.STU,Merkur PrivatBank KgaA,COMMON STOCK,STU,12,12,flat,0.0000,11.7,2025-06-24,0.5,EUR
MUM.STU,MENSCH UND MASCHINE (MUM.SG),COMMON STOCK,STU,20,4,up,5.9259,33.75,2026-05-13,2,EUR
MWZ.STU,METLIFE (MWZ.SG),COMMON STOCK,STU,55,1,down,2.3750,86,2026-08-04,0.52164,EUR
MX5.STU,Methanex Corp,COMMON STOCK,STU,53,1,down,1.2635,51.56,2026-09-16,0.16287,EUR
MLL.STU,MUELLER-LILA LOGIST (MLL.SG),COMMON STOCK,STU,14,2,up,3.5545,4.22,2026-07-01,0.15,EUR
MEF.STU,PT Medco Energi Internasional Tbk,COMMON STOCK,STU,11,1,down,4.7903,0.062,2026-06-15,0.00158,EUR
N5Z.STU,NORTH AMERICAN ENER (N5Z.SG),COMMON STOCK,STU,53,1,down,2.7981,10.6,2026-08-28,0.07445,EUR
MXD.STU,MIN XIN HOLDINGS (MXD.SG),COMMON STOCK,STU,17,2,up,7.3115,0.244,2026-06-26,0.00892,EUR
N4RN.STU,NSI NV,COMMON STOCK,STU,12,3,up,9.5296,16.58,2026-07-17,0.75,EUR
N9J.STU,NAGACORP (N9J.SG),COMMON STOCK,STU,28,3,up,5.2266,0.3442,2026-09-08,0.00852,EUR
NAH.STU,Natural Health Trends Corp,COMMON STOCK,STU,42,1,down,45.6837,0.765,2026-05-12,0.08737,EUR
NB5.STU,NITTO BOSEKI (NB5.SG),COMMON STOCK,STU,24,6,up,1.0816,16.5,2026-09-29,0.06713,EUR
NSC.STU,Nissan Chemical Corp,COMMON STOCK,STU,19,10,up,2.4460,46.2,2026-09-29,0.39161,EUR
NI3.STU,Nichirei Corporation,COMMON STOCK,STU,19,1,down,2.2287,12.3,2026-09-29,0.13986,EUR
NH7.STU,Netcare Limited,COMMON STOCK,STU,29,5,up,49.2900,0.1,2026-07-08,0.02332,ZAR
NGP.STU,NETGEM (NGP.SG),COMMON STOCK,STU,11,5,flat,5.2521,0.952,2026-07-08,0.05,EUR
NQL1.STU,BIDVEST (NQL1.SG),COMMON STOCK,STU,33,7,up,4.3558,11.9,2026-09-22,0.25599,EUR
NR7.STU,NOMURA RESEARCH (NR7.SG),COMMON STOCK,STU,34,17,up,1.6742,27.6,2026-09-29,0.23496,EUR
NTN.STU,NTN Corp,COMMON STOCK,STU,15,5,up,3.1079,2.16,2026-09-29,0.03636,EUR
MWX.STU,MEWAH INTL (MWX.SG),COMMON STOCK,STU,24,1,down,3.2284,0.162,2026-08-21,0.00096,EUR
NUVA.STU,Noratis AG,COMMON STOCK,STU,4,2,up,0.0000,0.053,2022-06-24,0.50246,EUR
NNA.STU,Magellan Financial Group Limited,COMMON STOCK,STU,26,1,down,8.0895,4.94,2026-09-01,0.15677,AUD
NWJ.STU,Eversource Energy,COMMON STOCK,STU,36,1,down,4.9385,55.5,2026-09-21,0.69292,EUR
ODF.STU,Old Dominion Freight Line Inc,COMMON STOCK,STU,39,1,down,0.6662,151.86,2026-09-02,0.25511,EUR
MTJ3.STU,Intek Group SpA,COMMON STOCK,STU,2,2,up,0.0000,0.885,2023-05-22,0.18938,EUR
NYVQ.STU,Airports Of Thailand PLC,COMMON STOCK,STU,13,3,up,1.3354,1.58,2025-12-11,0.0211,EUR
NOA3.STU,Nokia Corporation,COMMON STOCK,STU,32,1,down,1.5709,8.912,2026-07-27,0.04,EUR
O1E.STU,Otto Energy Limited,COMMON STOCK,STU,7,1,down,0.0000,0.004,2025-05-29,0.00485,AUD
NBC.STU,NATL BK CANADA (NBC.SG),COMMON STOCK,STU,66,1,down,2.4174,131.4,2026-09-28,0.81893,EUR
OKL.STU,Orkla ASA,COMMON STOCK,STU,22,1,down,6.3910,8.655,2026-04-24,0.55314,EUR
OR8.STU,SOPRA STERIA GROUP (OR8.SG),COMMON STOCK,STU,16,6,up,3.1908,166.1,2026-06-02,5.3,EUR
OLD.STU,CRACKER BARREL OLD (OLD.SG),COMMON STOCK,STU,47,1,down,1.9558,44.99,2026-07-17,0.21998,EUR
OTX.STU,OPEN TEXT (OTX.SG),COMMON STOCK,STU,48,1,down,4.9364,19.705,2026-09-04,0.24648,EUR
MX7A.STU,MELCO INTL DEVT (MX7A.SG),COMMON STOCK,STU,17,1,down,0.0000,0.296,2020-06-09,0.00254,EUR
OXQ1.STU,Advanced Emissions Solutions Inc,COMMON STOCK,STU,10,1,down,0.0000,1.68,2020-02-20,0.21845,EUR
NKE.STU,NIKE Inc.,COMMON STOCK,STU,64,1,down,4.5969,31.37,2026-09-01,0.36051,EUR
PAE.STU,PACCAR (PAE.SG),COMMON STOCK,STU,78,1,down,2.4884,97.64,2026-08-12,0.30811,EUR
PAH3.STU,Porsche Automobil Holding SE,COMMON STOCK,STU,23,1,down,5.8595,25.77,2026-06-26,1.51,EUR
PAR.STU,PARKER-HANNIFIN CO. (PAR.SG),COMMON STOCK,STU,49,1,down,0.7808,856.6,2026-08-31,1.76,EUR
PCX.STU,PAYCHEX INC (PCX.SG),COMMON STOCK,STU,64,1,down,4.5513,87.35,2026-07-28,1.04708,EUR
PBW.STU,PITNEY BOWES (PBW.SG),COMMON STOCK,STU,55,1,down,2.3214,14.41,2026-08-10,0.08803,EUR
PCE1.STU,PRICELINE GROUP (PCE1.SG),COMMON STOCK,STU,11,1,down,1.0058,143.75,2026-09-11,0.36939,EUR
OVI.STU,OLVI -A- (OVI.SG),COMMON STOCK,STU,27,3,up,4.3619,30.95,2026-09-22,0.68,EUR
PES.STU,PEARSON (PES.SG),COMMON STOCK,STU,26,9,up,2.1118,14.12,2026-08-13,0.09551,EUR
PHH2.STU,Paul Hartmann AG,COMMON STOCK,STU,9,9,flat,4.0712,196.5,2026-04-30,8,EUR
PLR.STU,Pilbara Minerals Ltd,COMMON STOCK,STU,3,1,down,1.3230,2.3325,2026-09-02,0.03086,EUR
PKA.STU,Packaging Corporation of America,COMMON STOCK,STU,62,1,down,2.3455,205.4,2026-09-15,1.3203,EUR
PND.STU,MARINE HARVEST (PND.SG),COMMON STOCK,STU,46,1,down,3.6842,19.01,2026-08-28,0.21195,EUR
POJN.STU,Prologis Inc,COMMON STOCK,STU,48,1,down,3.1818,116.7,2026-09-16,0.94149,EUR
PQ51.STU,Paramount Resources Ltd,COMMON STOCK,STU,64,1,down,2.0330,18.31,2026-09-15,0.03102,EUR
PRRB.STU,Pricer AB,COMMON STOCK,STU,10,7,up,0.0000,0.342,2022-11-02,0.08064,EUR
PRU.STU,Prudential plc,COMMON STOCK,STU,38,6,up,2.1737,11.065,2026-09-10,0.07814,EUR
PSE.STU,Public Service Enterprise Group Incorporated,COMMON STOCK,STU,50,1,down,3.9600,58.66,2026-09-09,0.58953,EUR
PSRA.STU,CoreCivic Inc,COMMON STOCK,STU,27,1,down,0.0000,28,2020-03-31,0.38698,EUR
PTI.STU,PT Telkom Indonesia (Persero) Tbk,COMMON STOCK,STU,14,1,down,9.2346,11.7,2026-06-18,1.08045,EUR
PTOG.STU,Ptt PCL,COMMON STOCK,STU,27,1,down,5.3009,1.13,2026-03-05,0.03646,THB
PU4.STU,Publicis Groupe S.A.,COMMON STOCK,STU,15,4,up,3.8172,98.24,2026-07-01,3.75,EUR
PJXB.STU,Petróleo Brasileiro S.A. - Petrobras,COMMON STOCK,STU,52,1,down,7.8442,7.855,2026-08-24,0.22669,BRL
PVH.STU,PVH Corp,COMMON STOCK,STU,24,1,down,0.1984,66.52,2026-09-02,0.033,EUR
PU7.STU,PULTEGROUP (PU7.SG),COMMON STOCK,STU,52,1,down,0.8719,104.95,2026-09-15,0.22877,EUR
PXI.STU,SHANDONG MOLONG -H- (PXI.SG),COMMON STOCK,STU,4,2,flat,0.0000,0.42,2013-07-11,0.00656,EUR
PY9.STU,POLYONE (PY9.SG),COMMON STOCK,STU,58,1,down,2.6737,36.2,2026-09-11,0.24197,EUR
PZX.STU,Ping An Insurance (Group) Company of China Ltd,COMMON STOCK,STU,35,3,up,5.9534,5.921,2026-09-02,0.12705,EUR
QB7.STU,Quirin Privatbank AG,COMMON STOCK,STU,9,1,down,4.5455,2.86,2026-06-22,0.13,EUR
QDI.STU,QUEST DIAGNOSTICS (QDI.SG),COMMON STOCK,STU,67,1,down,1.3918,208.4,2026-07-08,0.75155,EUR
QY6.STU,QINETIQ GROUP (QY6.SG),COMMON STOCK,STU,25,13,up,2.2500,5.695,2026-07-23,0.09319,EUR
QYM.STU,Sociedad Quimica Y Minera De Chile SA,COMMON STOCK,STU,45,2,up,3.6363,58.4,2026-09-08,1.2279,EUR
RE8.STU,AMERIGO RESOURCES (RE8.SG),COMMON STOCK,STU,32,6,up,8.4171,5.6,2026-09-21,0.13024,EUR
REJA.STU,Reply SpA,COMMON STOCK,STU,19,2,up,1.1470,117.7,2026-05-18,1.35,EUR
RIOA.STU,Rio Tinto PLC,COMMON STOCK,STU,16,2,up,4.9420,82.8,2026-08-14,1.8568,EUR
RLS.STU,Rollins Inc,COMMON STOCK,STU,37,1,down,2.4310,26.41,2026-08-10,0.16051,EUR
R6L.STU,United Company RUSAL PLC Regist,COMMON STOCK,STU,4,3,up,0.0000,0.3264,2022-10-19,0.0176,EUR
RMT.STU,Regina Miracle International (Holdings) Ltd,COMMON STOCK,STU,17,3,up,7.0078,0.256,2026-09-07,0.00594,EUR
RTE.STU,RTX (RTE.SG),COMMON STOCK,STU,8,8,flat,0.0000,13.25,2021-01-29,0.33415,EUR
RNL.STU,Renault SA,COMMON STOCK,STU,11,4,flat,8.3365,26.39,2026-05-08,2.2,EUR
RPH1.STU,Anglo American Platinum Ltd,COMMON STOCK,STU,23,3,up,7.6534,11.6,2026-08-21,0.5209,EUR
RXI.STU,REX INTERNATIONAL (RXI.SG),COMMON STOCK,STU,2,2,flat,0.0000,0.033,2023-05-08,0.00338,EUR
RWL.STU,ROCKWELL AUTOMATION (RWL.SG),COMMON STOCK,STU,66,1,down,1.2758,380.7,2026-08-17,1.21426,EUR
RYC.STU,ROYAL BANK CANADA (RYC.SG),COMMON STOCK,STU,49,1,down,2.3060,177,2026-07-27,1.09173,EUR
S4M.STU,SES-imagotag SA,COMMON STOCK,STU,3,3,up,0.7166,125.6,2026-06-10,0.9,EUR
S7MB.STU,SECURITAS -B- (S7MB.SG),COMMON STOCK,STU,17,1,down,3.2101,13.39,2026-04-30,0.23246,EUR
S9L.STU,SALVAT.FERRAGAMO (S9L.SG),COMMON STOCK,STU,10,2,flat,0.0000,7.42,2025-05-20,0.1,EUR
SAX.STU,Ströer SE & Co. KGaA,COMMON STOCK,STU,14,1,down,4.9439,37.42,2026-06-04,1.85,EUR
SBOA.STU,Sembcorp Industries Ltd,COMMON STOCK,STU,26,6,up,4.6444,3.959,2026-08-21,0.07567,EUR
RU6.STU,HOLCIM INDONESIA (RU6.SG),COMMON STOCK,STU,10,1,down,5.0857,0.035,2026-06-05,0.00178,EUR
SE4.STU,SEMPRA ENERGY (SE4.SG),COMMON STOCK,STU,49,1,down,4.2021,68.3,2026-09-24,0.5784,EUR
SEO.STU,SERCO GROUP (SEO.SG),COMMON STOCK,STU,15,7,up,1.8363,2.95,2026-08-27,0.01864,EUR
SHZH.STU,SHENZHEN EXPRE-H- (SHZH.SG),COMMON STOCK,STU,18,2,up,4.5333,0.69,2026-07-03,0.03128,EUR
SGE1.STU,Societe Generale SA,COMMON STOCK,STU,13,1,down,2.2753,14.4,2026-05-29,0.20383,EUR
SHG.STU,SUN HUNG KAI PTIES (SHG.SG),COMMON STOCK,STU,37,1,down,3.5621,11.9,2026-03-11,0.1099,EUR
QOL.STU,SOL S.p.A,COMMON STOCK,STU,19,5,up,0.8094,55.6,2026-05-18,0.45,EUR
SIT4.STU,SINGTEL (SIT4.SG),COMMON STOCK,STU,37,1,down,4.3622,2.918,2026-07-31,0.07087,EUR
SKC2.STU,STANDARD BANK GRP (SKC2.SG),COMMON STOCK,STU,33,2,up,5.8707,16.1,2026-09-09,0.47896,EUR
SKB.STU,KOENIG & BAUER (SKB.SG),COMMON STOCK,STU,3,3,up,0.0000,8.8,2019-05-23,1,EUR
SM5.STU,Sabaf S.p.A,COMMON STOCK,STU,16,3,flat,4.8739,11.9,2026-05-25,0.58,EUR
SNW2.STU,Sanofi SA,COMMON STOCK,STU,14,4,up,5.9116,36,2026-05-04,2.12819,EUR
SND.STU,Schneider Electric S.E.,COMMON STOCK,STU,19,9,up,1.4312,293.45,2026-05-11,4.2,EUR
SNQB.STU,Sanoma Oyj,COMMON STOCK,STU,15,1,down,4.2094,9.74,2026-09-14,0.14,EUR
SOK.STU,Sankyo Co Ltd,COMMON STOCK,STU,14,1,down,4.5430,11.7,2026-09-29,0.27975,EUR
SON1.STU,Sony Group Corp,COMMON STOCK,STU,25,11,up,0.8114,20.67,2026-09-29,0.09783,EUR
SR9A.STU,Swiss Re AG,COMMON STOCK,STU,9,5,up,4.7295,37.4,2026-04-15,1.76885,EUR
SRT3.STU,Sartorius Aktiengesellschaft,COMMON STOCK,STU,14,3,flat,0.2867,258.1,2026-03-27,0.74,EUR
SID.STU,State Bank of India,COMMON STOCK,STU,11,1,down,1.7393,91.5,2026-05-22,1.59145,EUR
SWA.STU,Schloss Wachenheim AG,COMMON STOCK,STU,12,6,flat,3.9474,15.2,2025-11-21,0.6,EUR
SUMA.STU,SUMITOMO CORP (SUMA.SG),COMMON STOCK,STU,26,4,up,2.2361,10.005,2026-09-29,0.11186,JPY
T5N.STU,TALLINK GROUP (T5N.SG),COMMON STOCK,STU,11,1,down,9.6931,0.619,2026-06-17,0.03,EUR
T5R.STU,TECNICAS REUNIDAS (T5R.SG),COMMON STOCK,STU,21,1,down,0.0000,26.54,2018-07-11,0.24182,EUR
T7D.STU,TransDigm Group Inc,COMMON STOCK,STU,9,4,up,0.0000,979,2025-09-02,79.19099,EUR
T9O.STU,GAS PLUS (T9O.SG),COMMON STOCK,STU,10,5,up,3.8226,6.54,2026-07-27,0.25,EUR
SPU.STU,Snap-on Inc,COMMON STOCK,STU,36,1,down,2.6535,323.6,2026-08-19,2.14671,EUR
TA2.STU,PT Bank Tabungan Negara (Persero) Tbk,COMMON STOCK,STU,14,5,up,0.0000,0.041,2025-04-15,0.00262,IDR
TCID.STU,Telkom Indonesia (Persero) Tbk PT,COMMON STOCK,STU,20,5,up,9.0833,0.12,2026-06-18,0.0109,EUR
TD8.STU,Triad Group plc,COMMON STOCK,STU,17,1,down,2.4834,4.22,2026-07-30,0.06987,GBP
TGR.STU,YUM BRANDS (TGR.SG),COMMON STOCK,STU,63,1,down,2.1421,121.6,2026-09-09,0.66,EUR
ST2.STU,STURM RUGER & CO. (ST2.SG),COMMON STOCK,STU,58,1,down,1.0356,37.38,2026-08-14,0.18476,EUR
TGT.STU,11880 Solutions AG,COMMON STOCK,STU,1,1,new,0.0000,1.99,2014-06-26,1.97901,EUR
TJX.STU,The TJX Companies Inc,COMMON STOCK,STU,55,1,down,1.3969,114,2026-08-13,0.4223,EUR
TLK.STU,TOLL BROTHERS INC (TLK.SG),COMMON STOCK,STU,37,1,down,0.7465,120.2,2026-07-10,0.22872,EUR
SVHH.STU,Svenska Handelsbanken AB,COMMON STOCK,STU,14,6,up,11.0886,13.855,2026-03-26,1.53633,EUR
TMI.STU,TREND MICRO  (TMI.SG),COMMON STOCK,STU,16,2,up,2.7788,36.01,2025-12-29,1.00063,EUR
TO2.STU,The Toro Co,COMMON STOCK,STU,36,1,down,1.5983,85.32,2026-06-16,0.34312,EUR
TEG.STU,TAG Immobilien AG,COMMON STOCK,STU,12,2,flat,3.5714,11.2,2026-05-21,0.4,EUR
TR1.STU,T. Rowe Price Group Inc,COMMON STOCK,STU,38,1,down,4.9142,92.57,2026-09-15,1.14387,EUR
TWW.STU,Taylor Wimpey PLC,COMMON STOCK,STU,19,1,down,9.5061,0.9334,2026-04-02,0.03435,EUR
TUS.STU,Tuan Sing Holdings Limited,COMMON STOCK,STU,15,7,flat,2.8047,0.169,2026-05-08,0.00474,SGD
TY2B.STU,Citycon Oyj,COMMON STOCK,STU,34,2,up,37.9965,2.895,2026-03-24,0.9,EUR
UG8K.STU,AVENG (UG8K.SG),COMMON STOCK,STU,2,1,down,0.0000,0.185,2012-10-08,3.81548,EUR
U3I.STU,G5 Entertainment AB,COMMON STOCK,STU,9,1,down,3.0877,5.68,2026-06-16,0.17538,EUR
TKK1.STU,TAISEI (TKK1.SG),COMMON STOCK,STU,31,7,up,3.0394,69,2026-09-29,1.06259,EUR
UM9.STU,LATVIJAS BALZAMS (UM9.SG),COMMON STOCK,STU,5,4,flat,0.0000,1.18,2025-01-29,0.6,EUR
TM2.STU,Sydbank A/S,COMMON STOCK,STU,15,1,down,3.4426,97.05,2026-03-20,3.341,EUR
TPY1.STU,Tipco Asphalt PCL,COMMON STOCK,STU,25,1,down,6.2971,0.414,2026-03-04,0.00521,THB
UUU.STU,3U Holding AG,COMMON STOCK,STU,10,1,down,0.0000,0.962,2024-05-29,0.05,EUR
UZC.STU,Axis Bank Limited,COMMON STOCK,STU,10,1,down,0.0860,53.5,2026-07-09,0.04599,EUR
VIA.STU,Viatris Inc,COMMON STOCK,STU,22,1,down,2.6999,15.642,2026-08-21,0.10558,EUR
UK2.STU,SHANDONG WEIGAO -H- (UK2.SG),COMMON STOCK,STU,33,1,down,5.6205,0.3489,2026-06-02,0.00771,EUR
VOW.STU,Volkswagen AG,COMMON STOCK,STU,19,1,down,7.2272,71.95,2026-06-19,5.2,EUR
WFC.STU,West Fraser Timber Co. Ltd,COMMON STOCK,STU,62,1,down,1.7971,62.65,2026-09-29,0.28147,EUR
VZS.STU,COSCO Shipping International (Singapore) Co. Ltd,COMMON STOCK,STU,7,1,down,0.9375,0.064,2026-05-08,0.0006,EUR
W2I.STU,SIGULDAS CMAS (W2I.SG),COMMON STOCK,STU,11,2,up,1.4286,5.6,2026-05-19,0.08,EUR
W3U.STU,THE WESTERN UNION (W3U.SG),COMMON STOCK,STU,46,1,down,15.3708,5.378,2026-09-16,0.20666,EUR
VNX.STU,NXP Semiconductors N.V.,COMMON STOCK,STU,33,1,down,1.7107,208.6,2026-09-16,0.89212,EUR
UNV0.STU,"UNILEVER PLC LS -,035",COMMON STOCK,STU,71,1,down,3.5059,54.83,2026-08-06,0.46394,EUR
WOSB.STU,WOLTERS KLUWER (WOSB.SG),COMMON STOCK,STU,31,11,up,3.7967,68.48,2026-09-01,1.01,EUR
W7L.STU,ADP (W7L.SG),COMMON STOCK,STU,22,2,up,3.4173,111.2,2026-06-02,3.8,EUR
WB2.STU,Westinghouse Air Brake Technologies Corp,COMMON STOCK,STU,36,1,down,0.4114,252.4,2026-08-18,0.27277,EUR
VOL3.STU,VOLVO -A- (VOL3.SG),COMMON STOCK,STU,19,1,down,3.9427,28.94,2026-04-09,1.14101,EUR
WDC.STU,WESTERN DIGITAL (WDC.SG),COMMON STOCK,STU,27,2,up,0.1209,400.15,2026-09-08,0.13193,EUR
WHX.STU,APRANGA (WHX.SG),COMMON STOCK,STU,12,3,up,7.0496,3.83,2026-05-14,0.27,EUR
WML1.STU,Wilh. Wilhelmsen Holding ASA,COMMON STOCK,STU,17,5,up,3.0563,84,2026-05-04,1.8404,EUR
WV8.STU,AvalonBay Communities Inc,COMMON STOCK,STU,36,1,down,3.8184,56.9638,2026-06-30,0.5484,EUR
WON1.STU,WANG ON GROUP (WON1.SG),COMMON STOCK,STU,27,1,down,0.0000,0.002,2023-08-25,0.00004,EUR
XDH.STU,XINGDA INTERNATIONA (XDH.SG),COMMON STOCK,STU,11,3,up,26.1963,0.107,2026-02-12,0.02803,EUR
XIC.STU,AB Klaipedos nafta,COMMON STOCK,STU,13,3,up,6.2039,0.461,2026-05-13,0.0286,EUR
XSA.STU,XIWANG PROPERTY (XSA.SG),COMMON STOCK,STU,2,2,up,0.0000,0.003,2013-07-04,0.08409,EUR
XY6.STU,Xylem Inc,COMMON STOCK,STU,30,1,down,1.6524,89.95,2026-08-27,0.37819,EUR
YAAA.STU,Canadian Tire Corp Ltd,COMMON STOCK,STU,47,1,down,3.8086,116.8,2026-07-31,1.116,EUR
YEC.STU,YASKAWA ELECTRIC (YEC.SG),COMMON STOCK,STU,25,7,up,1.5600,25.1,2026-08-28,0.20137,EUR
WSV2.STU,VIENNA INSURANCE GR (WSV2.SG),COMMON STOCK,STU,20,6,up,2.5036,69.1,2026-05-26,1.73,EUR
YTR.STU,AURELIA METALS (YTR.SG),COMMON STOCK,STU,3,2,up,2.0163,0.306,2026-09-16,0.00617,EUR
XONA.STU,EXXON MOBIL (XONA.SG),COMMON STOCK,STU,66,1,down,2.5243,141.9,2026-08-17,0.88817,EUR
ZTY.STU,BTV (ZTY.SG),COMMON STOCK,STU,18,1,down,0.6329,79,2026-05-27,0.5,EUR
Y1G.STU,YouGov plc,COMMON STOCK,STU,8,8,up,3.4782,3.12,2025-11-27,0.10852,EUR
ZVB.STU,ZIGNAGO VETRO (ZVB.SG),COMMON STOCK,STU,16,1,down,3.4375,6.4,2026-05-11,0.22,EUR
ZNHH.STU,CHINA SOUTHN AIR-H- (ZNHH.SG),COMMON STOCK,STU,9,1,down,0.0000,0.3201,2019-06-28,0.00635,EUR
515450.SHG,China Southern S and P China A-share Large Cap Dividend Low Volatility 50 ETF,ETF,SHG,9,1,down,3.9398,1.396,2026-09-09,0.015,CNY
508027.SHG,Soochow Suzhou Industrial Park,COMMON STOCK,SHG,5,1,down,6.2728,2.361,2026-04-24,0.1481,CNY
512040.SHG,Fullgoal CSI Value ETF,ETF,SHG,1,1,new,0.0000,1.181,2023-12-13,0.104,CNY
512160.SHG,MSCI China A-share Guojitong ETF Fund,ETF,SHG,1,1,new,0.0000,1.453,2023-01-17,0.29,CNY
600036.SHG,China Merchants Bank Co Ltd,COMMON STOCK,SHG,27,18,up,4.9765,40.51,2026-07-10,1.003,CNY
600037.SHG,Beijing Gehua CATV Network Co Ltd,COMMON STOCK,SHG,23,3,up,0.0000,7.06,2023-06-21,0.073,CNY
600020.SHG,Henan Zhongyuan Expressway Co Ltd,COMMON STOCK,SHG,20,1,down,0.0000,3.83,2023-05-29,0.019,CNY
511030.SHG,Ping An ChinaBond M-H Sprd Enh Etp ETF,ETF,SHG,8,1,down,0.0000,108.55,2024-12-24,1.05,CNY
513690.SHG,Bosera Fund Management Co. Ltd.- Bosera Hang Seng High Dividend Yield ETF,ETF,SHG,4,3,up,1.0044,1.125,2025-12-17,0.0113,CNY
510900.SHG,E Fund Hang Seng China Enterprise Index ETF(QDII),ETF,SHG,1,1,new,0.0000,1.007,2018-06-29,0.05,CNY
508098.SHG,Harvest Fund Management - Jingdong Warehouse Logistic Fund,COMMON STOCK,SHG,11,1,down,3.1431,3.355,2026-07-06,0.03602,CNY
560700.SHG,Gf Fund Management Co.,ETF,SHG,3,3,up,4.3439,1.204,2025-12-10,0.0523,CNY
515980.SHG,Harfor Fund Management Co. Ltd - Harfor CSI Artificial Intelligence Industry ETF,ETF,SHG,2,1,new,0.0000,0.966,2022-03-16,5.76494,CNY
600051.SHG,Ningbo United Group Co Ltd,COMMON STOCK,SHG,22,2,up,0.0000,6.39,2023-06-16,0.12,CNY
600107.SHG,Hubei Mailyard Share Co Ltd,COMMON STOCK,SHG,2,2,up,0.0000,5.64,2007-02-15,1.40286,CNY
600143.SHG,Kingfa Sci&Tech Co Ltd,COMMON STOCK,SHG,20,2,up,0.0000,12.74,2023-06-09,0.23,CNY
600156.SHG,Hunan Huasheng Co Ltd,COMMON STOCK,SHG,5,1,down,0.0000,8.17,2016-07-01,0.015,CNY
600182.SHG,Giti Tire Corp,COMMON STOCK,SHG,13,2,flat,0.0000,12.52,2023-07-17,0.035,CNY
600228.SHG,Fanli Digital Technology Co Ltd,COMMON STOCK,SHG,3,2,up,0.0000,10.18,2009-06-08,0.08,CNY
600171.SHG,Sh Belling,COMMON STOCK,SHG,24,5,flat,0.0000,22.14,2023-06-12,0.2,CNY
600207.SHG,Henan Ancai Hi-tech Co Ltd,COMMON STOCK,SHG,7,5,up,0.0000,5.48,2006-06-26,0.98,CNY
600233.SHG,YTO Express Group Co Ltd,COMMON STOCK,SHG,24,6,up,0.0000,18,2023-06-06,0.25,CNY
600241.SHG,Liaoning Shidai Wanheng Co Ltd,COMMON STOCK,SHG,14,1,down,0.0000,8.84,2018-07-13,0.02,CNY
600103.SHG,Fujian Qingshan Paper Industry Co Ltd,COMMON STOCK,SHG,6,1,down,0.0000,3.41,2023-07-14,0.05,CNY
600248.SHG,Shaanxi Yanchang Petroleum Chemical Engineering Co Ltd,COMMON STOCK,SHG,15,1,down,0.0000,2.82,2023-06-28,0.1,CNY
600119.SHG,Y.U.D. Yangtze River Investment Industry Co Ltd,COMMON STOCK,SHG,9,8,up,0.0000,4.78,2017-07-14,0.137,CNY
600128.SHG,Jiangsu Holly Corp,COMMON STOCK,SHG,25,1,down,0.0000,8.64,2023-07-19,0.1,CNY
600054.SHG,Huangshan Tourism Development Co Ltd A,COMMON STOCK,SHG,20,1,down,0.0000,10.53,2022-06-28,0.102,CNY
600250.SHG,Nanjing Textiles Import & Export Corp Ltd,COMMON STOCK,SHG,12,2,flat,0.0000,8.82,2011-07-11,0.01,CNY
600278.SHG,Orient International Enterprise Ltd,COMMON STOCK,SHG,23,1,down,0.0000,6.53,2023-07-28,0.126,CNY
600289.SHG,Bright Oceans Inter Telecom Corp,COMMON STOCK,SHG,17,2,up,0.0000,4.26,2017-06-23,0.065,CNY
600301.SHG,Nanning Chemical Industry Co Ltd,COMMON STOCK,SHG,13,3,up,0.0000,48.64,2008-04-24,0.25,CNY
600302.SHG,XiAn Typical Industries Co Ltd,COMMON STOCK,SHG,10,2,flat,0.0000,6.77,2021-06-16,0.05,CNY
600307.SHG,Gansu Jiu Steel Group Hongxing Iron & Steel Co Ltd,COMMON STOCK,SHG,13,1,down,0.0000,1.46,2013-07-15,0.03,CNY
600326.SHG,Tibet Tianlu Co Ltd,COMMON STOCK,SHG,14,9,flat,0.0000,6.63,2022-07-15,0.06154,CNY
600358.SHG,China United Travel Co Ltd,COMMON STOCK,SHG,2,1,down,0.0000,5.76,2008-12-16,0.023,CNY
600330.SHG,TDG Holding Co Ltd,COMMON STOCK,SHG,16,7,flat,0.0000,27.84,2023-05-24,0.05,CNY
600165.SHG,Ningxia Xinri Hengli Steel Wire Rope Co Ltd,COMMON STOCK,SHG,2,1,down,0.0000,3.25,2006-02-27,0.09964,CNY
600346.SHG,Hengli Petrochemical Co Ltd,COMMON STOCK,SHG,12,7,up,0.0000,15.91,2022-06-01,1.01,CNY
600353.SHG,Chengdu Xuguang Electronics Co Ltd,COMMON STOCK,SHG,14,1,down,0.0000,29.3,2021-06-28,0.02143,CNY
600354.SHG,Gansu Dunhuang Seed Co Ltd,COMMON STOCK,SHG,3,2,up,0.0000,8.96,2006-09-26,0.65014,CNY
600372.SHG,China Avionics Systems Co Ltd,COMMON STOCK,SHG,14,4,up,0.0000,11.15,2022-06-27,0.125,CNY
600382.SHG,Guangdong Mingzhu Group Co Ltd,COMMON STOCK,SHG,24,1,down,0.0000,5.57,2023-07-14,0.31,CNY
600390.SHG,Minmetals Capital Co Ltd,COMMON STOCK,SHG,13,1,down,0.0000,4.79,2022-09-27,0.135,CNY
600012.SHG,Anhui Expressway Co Ltd,COMMON STOCK,SHG,22,4,flat,0.0000,15.5,2023-07-19,0.55,CNY
600227.SHG,Guizhou Chitianhua Co Ltd,COMMON STOCK,SHG,14,3,flat,0.0000,3.81,2014-05-06,0.02,CNY
600262.SHG,Inner Mongolia North Hauler Joint Stock Co Ltd,COMMON STOCK,SHG,22,4,up,0.0000,14.58,2023-07-14,0.21,CNY
600084.SHG,Citic Guoan Wine Co Ltd,COMMON STOCK,SHG,6,2,up,0.0000,4.32,2006-04-20,0.702,CNY
600435.SHG,North Navigation Control Technology Co Ltd,COMMON STOCK,SHG,14,5,up,0.0000,10.87,2023-06-30,0.04,CNY
600188.SHG,Yankuang Energy Group Co Ltd,COMMON STOCK,SHG,28,4,up,0.0000,19.26,2023-07-17,3.07,CNY
600313.SHG,Zhongnongfa Seed Industry Group Co Ltd,COMMON STOCK,SHG,5,1,down,0.0000,6.45,2017-07-20,0.03,CNY
600486.SHG,Jiangsu Yangnong Chemical Co Ltd,COMMON STOCK,SHG,21,4,up,0.0000,50.45,2023-07-17,1.3,CNY
600236.SHG,Guangxi Guiguan Electric Power Co Ltd,COMMON STOCK,SHG,24,2,up,0.0000,9.18,2023-06-20,0.2,CNY
600268.SHG,Guodian Nanjing Automation Co Ltd,COMMON STOCK,SHG,25,1,down,0.0000,9.99,2023-05-30,0.07,CNY
600516.SHG,FangDa Carbon New Material Co Ltd,COMMON STOCK,SHG,8,1,down,0.0000,5.27,2021-06-22,0.5,CNY
600521.SHG,Zhejiang Huahai Pharmaceutical Co Ltd,COMMON STOCK,SHG,19,2,up,0.0000,15.99,2023-07-03,0.24,CNY
600376.SHG,Beijing Capital Development Co Ltd,COMMON STOCK,SHG,24,2,flat,0.0000,3.39,2023-06-19,0.1,CNY
600371.SHG,Wanxiang Doneed Co Ltd,COMMON STOCK,SHG,20,1,down,0.7788,12.84,2026-05-26,0.1,CNY
600546.SHG,Shanxi Coal International Energy Group Co Ltd,COMMON STOCK,SHG,14,1,down,0.0000,13,2023-05-05,1.8,CNY
600548.SHG,Shenzhen Expressway Co Ltd,COMMON STOCK,SHG,24,1,down,0.0000,8.06,2023-05-31,0.462,CNY
600400.SHG,Jiangsu Hongdou Industrial Co Ltd,COMMON STOCK,SHG,23,1,down,0.0000,3.31,2023-07-07,0.03,CNY
600482.SHG,China Shipbuilding Industry Group Power Co Ltd,COMMON STOCK,SHG,18,1,down,0.8415,33.8,2026-07-29,0.20281,CNY
600477.SHG,Hang Xiao Steel Structure Co Ltd,COMMON STOCK,SHG,18,1,down,0.0000,2.41,2023-06-19,0.035,CNY
600501.SHG,Aerosun Corp,COMMON STOCK,SHG,16,2,up,0.0000,14.49,2023-06-19,0.03,CNY
600007.SHG,China World Trade Center Co Ltd,COMMON STOCK,SHG,26,13,up,0.0000,19.93,2023-06-15,0.7,CNY
600513.SHG,Jiangsu Lianhuan Pharmaceutical Co Ltd,COMMON STOCK,SHG,20,6,up,0.0000,14.81,2023-05-26,0.15,CNY
600246.SHG,Beijing Vantone Real Estate Co Ltd,COMMON STOCK,SHG,21,3,up,0.0000,13.13,2020-07-23,0.06,CNY
600497.SHG,Yunnan Chihong Zinc&Germanium Co Ltd,COMMON STOCK,SHG,23,1,down,1.1198,8.93,2026-05-26,0.07,CNY
600586.SHG,Shandong Jinjing Science and Technology Stock Co Ltd,COMMON STOCK,SHG,12,1,down,0.0000,3.95,2023-06-06,0.03,CNY
600468.SHG,Tianjin Benefo Tejing Electric Co Ltd,COMMON STOCK,SHG,14,2,up,0.0000,5.86,2023-07-11,0.034,CNY
600662.SHG,Shanghai Qiangsheng Holding Co Ltd,COMMON STOCK,SHG,21,1,down,0.0000,4.19,2023-08-17,0.12,CNY
600525.SHG,Changyuan Group Ltd,COMMON STOCK,SHG,16,2,up,0.0000,4.85,2018-07-12,0.09,CNY
600685.SHG,CSSC Offshore & Marine Engineering Group Co Ltd,COMMON STOCK,SHG,15,1,down,0.0000,28.45,2023-07-20,0.01,CNY
600715.SHG,Cultural Investment Holdings Co Ltd,COMMON STOCK,SHG,1,1,new,0.0000,1.65,2018-08-24,0.071,CNY
600613.SHG,Shanghai Shenqi Pharmaceutical Investment Management Co Ltd A,COMMON STOCK,SHG,7,4,flat,0.0000,8.11,2023-06-27,0.1,CNY
600405.SHG,Beijing Dynamic Power Co Ltd,COMMON STOCK,SHG,8,1,down,0.0000,5.02,2016-07-19,0.03527,CNY
600609.SHG,Shenyang Jinbei Automotive Co Ltd,COMMON STOCK,SHG,1,1,new,0.0000,3.59,2006-08-09,0.66168,CNY
600742.SHG,Changchun Faway Automobile Components Co Ltd,COMMON STOCK,SHG,23,1,down,0.0000,7.7,2023-06-30,0.25,CNY
600764.SHG,China Marine Information Electronics Co Ltd,COMMON STOCK,SHG,20,1,down,0.0000,18.3,2023-08-17,0.247,CNY
600771.SHG,GuangYuYuan Chinese Herbal Medicine Co Ltd,COMMON STOCK,SHG,2,2,up,0.0000,13.89,2006-07-10,0.94752,CNY
600743.SHG,Hua Yuan Property Co Ltd,COMMON STOCK,SHG,13,1,down,0.0000,2.4,2021-06-09,0.06,CNY
600638.SHG,Shanghai New Huang Pu Real Estate Co Ltd,COMMON STOCK,SHG,19,1,down,0.0000,5.23,2023-07-14,0.026,CNY
600550.SHG,Baoding Tianwei Baobian Electric Co Ltd,COMMON STOCK,SHG,7,4,up,0.0000,10.08,2011-07-28,0.2,CNY
600643.SHG,Shanghai AJ Group Co Ltd,COMMON STOCK,SHG,16,1,down,0.0000,4.07,2023-06-13,0.09,CNY
600784.SHG,Luyin Investment Group Co Ltd,COMMON STOCK,SHG,12,4,up,0.0000,7.06,2023-07-14,0.05,CNY
600790.SHG,Zhejiang China Light & Textile Industrial City Group Co Ltd,COMMON STOCK,SHG,16,3,up,0.0000,3.65,2023-07-11,0.17,CNY
600600.SHG,Tsingtao Brewery Co Ltd,COMMON STOCK,SHG,26,7,up,0.0000,49.7,2023-07-14,1.3,CNY
600815.SHG,Xiamen XGMA Machinery Co Ltd,COMMON STOCK,SHG,15,1,down,0.0000,3.77,2013-07-10,0.05,CNY
600830.SHG,Sunny Loan Top Co Ltd,COMMON STOCK,SHG,19,1,down,0.0000,8.36,2023-06-06,0.01,CNY
600641.SHG,Shanghai Wanye Enterprises Co Ltd,COMMON STOCK,SHG,21,3,up,0.0000,48.76,2023-08-11,0.137,CNY
600717.SHG,Tianjin Port Co Ltd,COMMON STOCK,SHG,25,1,down,0.0000,4.23,2023-06-20,0.077,CNY
600759.SHG,Geo-Jade Petroleum Corp,COMMON STOCK,SHG,7,1,down,0.0000,2.2,2017-07-12,0.01,CNY
600793.SHG,Yibin Paper Industry Co Ltd,COMMON STOCK,SHG,2,2,up,0.0000,16.39,2006-09-19,1.29377,CNY
600802.SHG,Fujian Cement Inc,COMMON STOCK,SHG,17,2,up,0.0000,6.94,2022-07-15,0.088,CNY
600665.SHG,Tande Co Ltd,COMMON STOCK,SHG,22,1,down,0.0000,3.42,2023-08-04,0.119,CNY
600744.SHG,Datang HuaYin Electric Power Co Ltd,COMMON STOCK,SHG,10,1,down,0.0000,6,2007-06-28,0.12,CNY
600760.SHG,Avic Shenyang Aircraft Co Ltd,COMMON STOCK,SHG,7,4,up,0.0000,42.65,2023-06-27,0.4,CNY
600892.SHG,Dasheng Times Cultural Investment Co Ltd,COMMON STOCK,SHG,1,1,new,0.0000,4.16,2009-02-11,0.3405,CNY
600906.SHG,Caida Securities Co Ltd,COMMON STOCK,SHG,7,1,down,1.7544,6.27,2026-07-31,0.08,CNY
600807.SHG,Jinan High tech Development Co Ltd,COMMON STOCK,SHG,3,2,up,0.0000,2.68,2014-06-16,0.01538,CNY
600741.SHG,HUAYU Automotive Systems Co Ltd,COMMON STOCK,SHG,22,3,up,0.0000,15.18,2023-07-14,0.88,CNY
600810.SHG,Shen Ma Industry Co Ltd,COMMON STOCK,SHG,20,1,down,0.0000,6.22,2023-05-25,0.13,CNY
600968.SHG,CNOOC Energy Technology & Services Ltd,COMMON STOCK,SHG,4,4,up,0.0000,3.91,2023-07-06,0.085,CNY
600917.SHG,Chongqing Gas Grp Corp Ltd,COMMON STOCK,SHG,9,1,down,0.0000,4.79,2023-06-28,0.129,CNY
600846.SHG,Shanghai Tongji Science&Technology Industrial Co Ltd,COMMON STOCK,SHG,23,1,down,0.0000,10.6,2022-08-26,0.28,CNY
600989.SHG,Ningxia Baofeng Energy Group Co Ltd,COMMON STOCK,SHG,6,1,down,0.0000,22.41,2023-05-30,0.14,CNY
600863.SHG,Inner Mongolia MengDian HuaNeng Thermal Power Corp Ltd,COMMON STOCK,SHG,22,2,up,0.0000,4.68,2023-07-27,0.164,CNY
600838.SHG,Shanghai Join Buy Co Ltd,COMMON STOCK,SHG,15,1,down,0.0000,8.15,2023-08-18,0.04,CNY
600844.SHG,Danhua Chemical Technology Co Ltd A,COMMON STOCK,SHG,4,3,up,0.0000,3.21,2007-04-25,1.44462,CNY
601019.SHG,Shandong Publishing & Media,COMMON STOCK,SHG,6,6,up,0.0000,6.76,2023-07-07,0.39,CNY
600966.SHG,Shandong Bohui Paper Industry Co Ltd,COMMON STOCK,SHG,14,1,down,0.0000,4.77,2023-07-06,0.01844,CNY
601083.SHG,"Shanghai Jinjiang Shipping (Group) Co., Ltd.",COMMON STOCK,SHG,5,3,up,6.4342,12.62,2026-06-25,0.612,CNY
600859.SHG,Wangfujing,COMMON STOCK,SHG,26,1,down,0.0000,9.68,2023-07-14,0.1,CNY
600998.SHG,Jointown Pharmaceutical Group Co Ltd,COMMON STOCK,SHG,8,2,up,0.0000,4.96,2023-06-29,0.5,CNY
601136.SHG,Capital Securities Corp. Ltd.,COMMON STOCK,SHG,6,1,down,1.2043,13.95,2026-07-24,0.068,CNY
601086.SHG,Gansu Guofang Gongmao(Grp),COMMON STOCK,SHG,8,2,flat,0.0000,14.27,2023-06-09,0.1,CNY
600983.SHG,Whirlpool China Co Ltd,COMMON STOCK,SHG,18,3,flat,0.0000,7.42,2020-07-08,0.05,CNY
600993.SHG,Mayinglong Pharmaceutical Group Co Ltd,COMMON STOCK,SHG,21,5,flat,0.0000,22.39,2023-07-28,0.35,CNY
600985.SHG,Huaibei Mining Holdings Co Ltd,COMMON STOCK,SHG,20,8,up,0.0000,15.9,2023-06-08,1.05,CNY
601500.SHG,Jiangsu General Science Tech,COMMON STOCK,SHG,7,1,down,0.0000,3.85,2023-07-13,0.03,CNY
601598.SHG,Sinotrans Ltd Class A,COMMON STOCK,SHG,6,1,down,0.0000,6.69,2023-06-28,0.1,CNY
601216.SHG,Inner Mongolia Junzheng Energy & Chemical Group Co Ltd,COMMON STOCK,SHG,12,2,up,0.0000,4.44,2023-06-02,0.18,CNY
601126.SHG,Beijing Sifang Automation Co Ltd,COMMON STOCK,SHG,13,2,up,0.0000,36.63,2023-05-10,0.615,CNY
601139.SHG,Shenzhen Gas Corp Ltd,COMMON STOCK,SHG,14,1,down,0.0000,6.18,2023-06-08,0.13,CNY
600992.SHG,Guizhou Wire Rope Co Ltd,COMMON STOCK,SHG,19,1,down,0.0000,10.22,2023-06-27,0.029,CNY
600658.SHG,Beijing Electronic Zone Investment and Development Group Co Ltd,COMMON STOCK,SHG,15,2,up,0.0000,4.24,2023-06-29,0.053,CNY
600973.SHG,Baosheng,COMMON STOCK,SHG,17,4,up,0.0000,5.71,2021-06-07,0.048,CNY
600987.SHG,Zhejiang Hangmin Co Ltd,COMMON STOCK,SHG,20,3,flat,0.0000,6.23,2023-05-31,0.3,CNY
601168.SHG,Western Mining Co Ltd,COMMON STOCK,SHG,15,9,up,0.0000,35.17,2023-05-18,1.4,CNY
601288.SHG,Agricultural Bank of China Ltd Class A,COMMON STOCK,SHG,13,5,up,0.0000,6.94,2023-07-18,0.2222,CNY
601619.SHG,Ningxia Jiaze Renewables Corp,COMMON STOCK,SHG,6,1,down,0.0000,3.86,2023-05-26,0.08,CNY
601111.SHG,Air China Ltd Class A,COMMON STOCK,SHG,12,1,down,0.0000,5.78,2020-07-16,0.04442,CNY
601226.SHG,Huadian Heavy Industries Co,COMMON STOCK,SHG,8,3,up,0.0000,6.51,2023-07-07,0.10003,CNY
601137.SHG,Ningbo Boway Alloy Material Co Ltd,COMMON STOCK,SHG,13,2,up,0.0000,19.17,2023-06-02,0.21,CNY
601606.SHG,Anhui Great Wall Military Industry Co Ltd,COMMON STOCK,SHG,5,1,down,0.0000,31.09,2023-07-12,0.023,CNY
601869.SHG,Yangtze Optical Fibre and Cable Joint Stock Ltd Co,COMMON STOCK,SHG,6,3,up,0.0000,407.95,2023-08-22,0.462,CNY
601956.SHG,Hubei Donper Electromechanical Group Co. Ltd.,COMMON STOCK,SHG,6,2,flat,1.9724,5.07,2026-06-30,0.1,CNY
601778.SHG,Jinko Power Technology Co Ltd,COMMON STOCK,SHG,4,1,down,0.0000,3.38,2023-07-05,0.007,CNY
601990.SHG,Nanjing Securities Co Ltd,COMMON STOCK,SHG,5,2,flat,0.0000,6.54,2023-07-20,0.1,CNY
601789.SHG,Ningbo Construction Co Ltd,COMMON STOCK,SHG,12,1,down,0.0000,4.18,2023-06-30,0.1,CNY
601798.SHG,Lanpec Technologies Ltd,COMMON STOCK,SHG,6,1,down,0.0000,7.68,2016-07-15,0.02,CNY
601860.SHG,Jiangsu Zijin Rural Commercial Bank Co Ltd,COMMON STOCK,SHG,5,5,flat,0.0000,2.54,2023-06-16,0.1,CNY
601865.SHG,Flat Glass Group Co. Ltd,COMMON STOCK,SHG,5,3,up,0.0000,9.1,2022-11-23,0.23,CNY
601888.SHG,China International Travel Service Corp Ltd,COMMON STOCK,SHG,13,1,down,0.0000,50.93,2023-07-21,0.8,CNY
601688.SHG,Huatai Securities Co Ltd,COMMON STOCK,SHG,13,6,flat,0.0000,17.72,2023-08-11,0.45,CNY
603013.SHG,Yapp Automotive Systems Co Ltd,COMMON STOCK,SHG,5,1,down,0.0000,13.96,2023-06-29,0.5,CNY
603045.SHG,Fuda Alloy Materials Co Ltd,COMMON STOCK,SHG,4,1,down,0.0000,47.16,2023-07-05,0.044,CNY
603048.SHG,Zhejiang Liming Intelligent Manufacturing Co Ltd,COMMON STOCK,SHG,7,2,up,1.4233,24.59,2026-06-02,0.28,CNY
601816.SHG,Beijing-Shanghai High Speed Railway Co Ltd,COMMON STOCK,SHG,4,1,down,0.0000,4.7,2023-07-28,0.0114,CNY
601877.SHG,Zhejiang Chint Electrics Co,COMMON STOCK,SHG,23,5,flat,2.4560,24.43,2026-06-05,0.6,CNY
603051.SHG,Guangzhou Lushan New Materials Co. Ltd.,COMMON STOCK,SHG,3,3,flat,0.0000,24.71,2025-08-08,0.28571,CNY
603071.SHG,ZJMI Environmental Energy Co. Ltd.,COMMON STOCK,SHG,6,1,down,3.7903,12.4,2026-05-28,0.37,CNY
603006.SHG,Shanghai Lianming Machinery Co Ltd,COMMON STOCK,SHG,7,4,flat,0.0000,10.72,2023-06-06,0.38,CNY
601666.SHG,Pingdingshan Tianan Coal Mining Co Ltd,COMMON STOCK,SHG,13,5,up,0.0000,8.73,2023-05-30,0.87,CNY
603082.SHG,RIAMB (Beijing) Tech Dvlp Co,COMMON STOCK,SHG,3,3,up,1.4048,42,2026-06-26,0.59,CNY
603087.SHG,Gan & Lee Pharmaceuticals Co Ltd,COMMON STOCK,SHG,3,1,down,0.0000,74.85,2022-06-20,0.3,CNY
603023.SHG,Harbin VITI Electronics Corp,COMMON STOCK,SHG,6,1,down,0.0000,4.08,2023-07-18,0.05,CNY
603106.SHG,Cashway Technology Co Ltd,COMMON STOCK,SHG,3,3,up,0.0000,7.27,2021-06-09,0.06,CNY
601996.SHG,Guangxi Fenglin Wood Industry Group Co Ltd,COMMON STOCK,SHG,11,1,down,0.0000,2.9,2022-05-26,0.06,CNY
603112.SHG,Shanxi Huaxiang Group Co Ltd,COMMON STOCK,SHG,8,1,down,2.5315,16.67,2026-05-20,0.206,CNY
603080.SHG,Xinjiang Torch Gas Co Ltd,COMMON STOCK,SHG,5,1,down,0.0000,19.62,2023-05-30,0.21,CNY
603171.SHG,Servyou Software Group Co Ltd,COMMON STOCK,SHG,5,3,flat,0.5015,39.88,2026-06-18,0.2,CNY
603191.SHG,Chongqing Wangbian Electric (Group) Corp. Ltd.,COMMON STOCK,SHG,4,2,flat,0.3811,13.12,2026-06-11,0.05,CNY
603187.SHG,Qingdao Hiron Commercial Cold Chain Co Ltd,COMMON STOCK,SHG,5,2,up,0.0000,10.53,2023-06-05,0.35,CNY
603179.SHG,Jiangsu Xinquan Automotive Trim Co Ltd,COMMON STOCK,SHG,6,3,flat,0.0000,40.22,2023-05-12,0.3,CNY
603189.SHG,Shanghai Wondertek Software Co Ltd,COMMON STOCK,SHG,6,4,flat,0.0000,9.46,2023-06-08,0.1,CNY
603193.SHG,Runben Biotechnology Co Ltd Ordinary Shares - Class A,COMMON STOCK,SHG,6,3,up,2.7000,20,2026-09-21,0.28,CNY
601975.SHG,Nanjing Tanker Corp,COMMON STOCK,SHG,12,2,up,0.6095,4.43,2026-05-27,0.027,CNY
603219.SHG,Ningbo Fujia Industrial Co Ltd,COMMON STOCK,SHG,5,1,down,0.3897,12.83,2026-06-02,0.05,CNY
603226.SHG,Vohringer Home Technology Co Ltd,COMMON STOCK,SHG,6,1,down,0.0000,29.47,2023-06-07,0.01,CNY
603237.SHG,Zhejiang Wufangzhai Industry Co. Ltd. A,COMMON STOCK,SHG,5,2,flat,3.2744,15.27,2026-06-09,0.5,CNY
603267.SHG,Beijing Yuanliu Hongyuan Electronic Technology Co Ltd,COMMON STOCK,SHG,5,1,down,0.0000,47.21,2023-05-19,0.37,CNY
603317.SHG,Sichuan Teway Food Group Co Ltd,COMMON STOCK,SHG,5,2,up,0.0000,12.42,2023-04-11,0.32,CNY
603351.SHG,Nanjing Well Pharmaceutical Co Ltd,COMMON STOCK,SHG,5,1,down,0.0000,27.21,2023-06-08,0.28,CNY
603358.SHG,Huada Automotive Tech Corp Ltd,COMMON STOCK,SHG,8,2,flat,0.0000,43.04,2023-06-09,0.3,CNY
603359.SHG,Jiangsu Dongzhu Landscape Co,COMMON STOCK,SHG,6,1,down,0.0000,2.07,2023-06-21,0.01,CNY
603198.SHG,Anhui Yingjia Distillery Co Ltd,COMMON STOCK,SHG,9,9,up,0.0000,37.45,2023-06-09,1.1,CNY
603363.SHG,Fujian Aonong Biological Technology Group Incorporation Ltd,COMMON STOCK,SHG,4,3,up,0.0000,2.78,2021-06-08,0.15,CNY
603365.SHG,Shanghai Shuixing Home Textile Co Ltd Class A,COMMON STOCK,SHG,7,3,up,0.0000,15.99,2023-06-26,0.7,CNY
603223.SHG,Hengtong Logistic Co Ltd,COMMON STOCK,SHG,8,1,down,0.0000,9.46,2023-06-16,0.065,CNY
603373.SHG,"Anbang Save-Guard Group Co.,Ltd.",COMMON STOCK,SHG,4,1,down,0.9161,53.8,2026-06-08,0.35,CNY
603309.SHG,Well Lead Med Co Ltd,COMMON STOCK,SHG,8,2,up,0.0000,11.1,2023-05-29,0.34,CNY
603355.SHG,Kingclean Electric Co Ltd,COMMON STOCK,SHG,10,2,flat,0.0000,30.42,2023-07-06,1,CNY
603590.SHG,Beijing Konruns Pharmaceutical Co Ltd,COMMON STOCK,SHG,5,1,down,0.0000,29.16,2023-07-07,0.2,CNY
603378.SHG,Asia Cuanon Tech (Shanghai),COMMON STOCK,SHG,5,1,down,0.0000,4.69,2023-07-14,0.0752,CNY
603610.SHG,Keeson Technology Corp Ltd,COMMON STOCK,SHG,6,2,up,1.0622,13.18,2026-05-26,0.14,CNY
603386.SHG,Guangdong Champion Asia Electronics Co Ltd,COMMON STOCK,SHG,6,1,down,0.0000,18.45,2023-06-15,0.2,CNY
603321.SHG,Zhejiang Meilun Elevator Co Ltd,COMMON STOCK,SHG,7,5,flat,0.0000,7.14,2023-06-27,0.1,CNY
603390.SHG,Guangzhou Tongda Auto Electric Co Ltd,COMMON STOCK,SHG,2,2,flat,0.0000,11.32,2021-06-02,0.1,CNY
603416.SHG,WuXi Xinje Electric Co Ltd,COMMON STOCK,SHG,7,1,down,0.0000,45.5,2023-06-28,0.18,CNY
603628.SHG,Clenergy Xiamen Technology Co Ltd,COMMON STOCK,SHG,6,2,up,0.0000,10.32,2023-06-26,0.08,CNY
603439.SHG,Guizhou Sanli Pharmaceutical Co Ltd,COMMON STOCK,SHG,2,1,down,0.0000,13.46,2023-06-01,0.1,CNY
603551.SHG,AUPU Home Style Corp Ltd,COMMON STOCK,SHG,4,4,up,0.0000,9.25,2023-06-01,0.75,CNY
603589.SHG,Anhui Kouzi Distillery Co Ltd,COMMON STOCK,SHG,8,3,flat,0.0000,17.3,2023-06-15,1.5,CNY
603601.SHG,Chongqing Zaisheng Tech Corp,COMMON STOCK,SHG,9,1,down,0.0000,9.76,2023-06-16,0.045,CNY
603661.SHG,Zhejiang Henglin Chair Industry Co Ltd Class A,COMMON STOCK,SHG,5,1,down,0.0000,33.4,2023-07-18,0.26,CNY
603177.SHG,Zhejiang Tuna Environmental Science & Technology Co Ltd,COMMON STOCK,SHG,2,2,flat,0.0000,10.99,2018-07-17,0.1,CNY
603612.SHG,Sunstone Development Co Ltd,COMMON STOCK,SHG,6,1,down,0.0000,15.78,2023-06-15,0.41,CNY
603568.SHG,Zhejiang Weiming Environment Protection Co Ltd,COMMON STOCK,SHG,8,2,up,0.0000,13.22,2023-07-14,0.15,CNY
603757.SHG,Zhejiang Dayuan Pumps Ind Co,COMMON STOCK,SHG,6,2,up,0.0000,69.31,2023-05-29,0.7,CNY
603767.SHG,Zhejiang Zomax Transmission,COMMON STOCK,SHG,6,3,flat,0.0000,15.35,2023-05-17,0.3,CNY
603685.SHG,Zhejiang Chenfeng Science and Technology Co Ltd Class A,COMMON STOCK,SHG,5,1,down,0.0000,25.3,2022-07-08,0.12,CNY
603776.SHG,Changzhou Youon Pubilic Bicycle System Co Ltd,COMMON STOCK,SHG,6,2,up,0.0000,21.07,2023-06-15,0.13,CNY
603700.SHG,Ningbo Water Meter Co Ltd,COMMON STOCK,SHG,5,1,down,0.0000,11.56,2023-06-26,0.3,CNY
603689.SHG,Anhui Province Natural Gas Development Co Ltd,COMMON STOCK,SHG,7,3,up,0.0000,7.57,2023-06-05,0.2,CNY
603713.SHG,Milkyway Chemical Supply Chain Service Co Ltd,COMMON STOCK,SHG,5,5,up,0.0000,66.65,2023-05-23,0.55,CNY
603726.SHG,Zhejiang Langdi Group Co Ltd,COMMON STOCK,SHG,7,1,down,0.0000,23.61,2023-06-07,0.35,CNY
603728.SHG,Shanghai Moons' Elec Co Ltd,COMMON STOCK,SHG,6,1,down,0.0000,52.47,2023-06-14,0.07,CNY
603737.SHG,Skshu Paint Co Ltd,COMMON STOCK,SHG,6,6,up,0.0000,21.82,2021-06-10,0.40714,CNY
603810.SHG,Jiangsu Fengshan Group Co Ltd,COMMON STOCK,SHG,5,1,down,0.0000,12.25,2023-06-15,0.06999,CNY
603766.SHG,Loncin Motor Co Ltd,COMMON STOCK,SHG,11,2,up,0.0000,14.21,2023-06-09,0.08,CNY
603829.SHG,Jiangsu Luokai Mechanical & Electrical Co Ltd Class A,COMMON STOCK,SHG,6,4,flat,0.0000,15.68,2023-07-07,0.1,CNY
603826.SHG,Fujian Kuncai Material Tech,COMMON STOCK,SHG,5,5,up,0.9659,15.53,2026-07-14,0.15,CNY
603799.SHG,Zhejiang Huayou Cobalt Co Ltd,COMMON STOCK,SHG,6,1,down,0.0000,34.03,2023-06-01,0.2,CNY
603698.SHG,Changzheng Engineering Co Ltd,COMMON STOCK,SHG,8,2,up,0.0000,20.04,2023-07-11,0.098,CNY
603806.SHG,Hangzhou First PV Material Co Ltd,COMMON STOCK,SHG,9,1,down,0.0000,13.76,2023-05-26,0.15,CNY
603882.SHG,Guangzhou Kingmed Diagnostics Group Co Ltd,COMMON STOCK,SHG,6,6,up,0.0000,28.25,2023-06-15,1.78,CNY
603890.SHG,Suzhou Chunqiu Electronic Technology Co Ltd Class A,COMMON STOCK,SHG,6,2,flat,0.0000,14.91,2023-06-20,0.1,CNY
603955.SHG,Daqian Ecology & Landscape Co Ltd,COMMON STOCK,SHG,4,1,down,0.0000,25.03,2025-06-06,0.05,CNY
603819.SHG,Changzhou Shenli Electrical Machine Incorporated Co,COMMON STOCK,SHG,7,1,down,0.0000,16.54,2023-06-09,0.02,CNY
603987.SHG,Shanghai Kindly Entrp Dvlp Grp,COMMON STOCK,SHG,6,6,up,0.0000,7.47,2023-06-20,0.22,CNY
603995.SHG,Zhejiang Yongjin Metal Technology Co Ltd,COMMON STOCK,SHG,4,1,down,0.0000,25.27,2023-07-07,0.5,CNY
605016.SHG,Shandong Bailong Chuangyuan Bio-Tech Co. Ltd.,COMMON STOCK,SHG,10,2,up,1.3989,20.73,2026-09-29,0.075,CNY
605050.SHG,Friend Co Ltd,COMMON STOCK,SHG,8,2,up,4.0120,9.97,2026-07-09,0.2,CNY
603866.SHG,Shenyang Toly Bread Co Ltd,COMMON STOCK,SHG,8,1,down,0.0000,4.19,2023-04-27,0.4,CNY
603909.SHG,Holsin Engineering Consulting,COMMON STOCK,SHG,7,2,up,0.0000,10.17,2023-05-12,0.06,CNY
605056.SHG,Xianheng International Science & Technology Co Ltd,COMMON STOCK,SHG,7,3,up,2.8405,13.73,2026-06-02,0.31,CNY
605068.SHG,Mingxin Automotive Leather Co. Ltd.,COMMON STOCK,SHG,4,1,down,0.1988,20.12,2026-07-06,0.04,CNY
605162.SHG,Zhejiang Xinzhonggang Thermal Power Co Ltd,COMMON STOCK,SHG,5,1,down,1.3594,11.77,2026-06-25,0.16,CNY
605179.SHG,Zhejiang Yiming Food Co. Ltd.,COMMON STOCK,SHG,7,1,down,0.1619,23.47,2026-06-08,0.038,CNY
603998.SHG,Hunan Fangsheng Pharm Co Ltd,COMMON STOCK,SHG,11,3,up,0.0000,10.26,2023-05-10,0.26,CNY
603790.SHG,Argus Shanghai Textile Chemicals Co Ltd,COMMON STOCK,SHG,5,1,down,0.0000,24.75,2023-06-13,0.08,CNY
605198.SHG,Yantai North Andre Juice Co Ltd,COMMON STOCK,SHG,6,6,up,0.4568,65.68,2026-07-09,0.3,CNY
605255.SHG,Ningbo Tip Rubber Technology Co Ltd,COMMON STOCK,SHG,8,1,down,0.1815,55.1,2026-06-05,0.025,CNY
603993.SHG,China Molybdenum Co Ltd Class A,COMMON STOCK,SHG,12,3,up,0.0000,16.75,2023-07-07,0.08508,CNY
605300.SHG,Jiahe Foods Industry Co. Ltd.,COMMON STOCK,SHG,5,2,up,0.6823,10.26,2026-06-17,0.07,CNY
603859.SHG,Nancal Energy-Saving Tech Co,COMMON STOCK,SHG,5,3,up,0.0000,38.16,2022-05-24,0.1,CNY
605338.SHG,Zhongyin Babi Food Co. Ltd.,COMMON STOCK,SHG,6,6,up,6.8027,17.64,2026-05-19,1.2,CNY
605358.SHG,Hangzhou Lion Electronics Co Ltd,COMMON STOCK,SHG,5,2,up,0.3252,46.13,2026-07-16,0.15,CNY
605399.SHG,Jiangxi Chen Guang New Materials Co Ltd,COMMON STOCK,SHG,5,2,flat,0.0000,11.73,2025-07-28,0.1,CNY
605566.SHG,Hangzhou Flariant Co Ltd,COMMON STOCK,SHG,5,2,flat,0.3123,32.02,2026-07-15,0.1,CNY
688007.SHG,Appotronics Corp Ltd,COMMON STOCK,SHG,4,1,down,0.0000,10.66,2023-06-20,0.054,CNY
688002.SHG,Raytron Technology Co Ltd,COMMON STOCK,SHG,4,1,down,0.0000,176.56,2023-06-28,0.11,CNY
688016.SHG,MicroPort Endovascular MedTech Ltd,COMMON STOCK,SHG,4,4,up,0.0000,84.33,2023-05-18,2.3,CNY
688035.SHG,Darbond Technology Co. Ltd. A,COMMON STOCK,SHG,6,1,down,0.4605,76,2026-09-29,0.1,CNY
688023.SHG,DBAPPSecurity Co Ltd,COMMON STOCK,SHG,2,1,down,0.0000,47.47,2021-06-18,0.2,CNY
688052.SHG,Suzhou Novosense Microelectronics Co. Ltd.,COMMON STOCK,SHG,2,2,up,0.0000,240.36,2023-05-30,0.8,CNY
688051.SHG,RocKontrol Technology Group Co Ltd,COMMON STOCK,SHG,2,2,up,0.0000,25.54,2021-07-15,0.687,CNY
688061.SHG,Shanghai Orient-Chip Technology Co. Ltd. A,COMMON STOCK,SHG,3,2,up,0.4538,44.07,2026-06-22,0.2,CNY
688113.SHG,Jiangsu Liance Electromechanical Technology Co. Ltd. A,COMMON STOCK,SHG,7,1,down,1.1341,37.74,2026-06-18,0.18,CNY
688146.SHG,Peric Special Gases Co. Ltd. A,COMMON STOCK,SHG,4,2,up,0.1014,193.25,2026-06-17,0.196,CNY
688152.SHG,Hunan Kylinsec Technology Co. Ltd. A,COMMON STOCK,SHG,1,1,new,0.0000,41.44,2023-06-13,0.37692,CNY
688162.SHG,Jee Technology Co. Ltd. A,COMMON STOCK,SHG,4,1,down,0.7840,25.51,2026-06-23,0.2,CNY
688169.SHG,Beijing Roborock Technology Co Ltd,COMMON STOCK,SHG,4,1,down,0.0000,114.76,2023-07-20,1.27,CNY
688184.SHG,Zhejiang Power New Energy Co. Ltd. A,COMMON STOCK,SHG,1,1,new,0.0000,10.6,2023-07-19,0.33,CNY
688171.SHG,Guangdong Weide Information Technology Co. Ltd. A,COMMON STOCK,SHG,5,2,up,0.1882,23.91,2026-07-10,0.045,CNY
688203.SHG,Zhejiang HISUN Biomaterials Co. Ltd. A,COMMON STOCK,SHG,3,1,down,0.0000,20.4,2025-06-06,0.06005,CNY
688213.SHG,SmartSens Technology (Shanghai) Co. Ltd. A,COMMON STOCK,SHG,4,3,up,1.0690,94.01,2026-05-21,0.88,CNY
688223.SHG,JinkoSolar Co. Ltd. A,COMMON STOCK,SHG,3,3,up,0.0000,3.74,2024-06-07,0.224,CNY
688048.SHG,Suzhou Everbright Photonics Co. Ltd. A,COMMON STOCK,SHG,2,1,down,0.0000,296.9,2023-06-07,0.35,CNY
688225.SHG,Asiainfo Security Technologies Corp. A,COMMON STOCK,SHG,2,1,down,0.0000,16.28,2023-07-28,0.025,CNY
688236.SHG,Beijing Chunlizhengda Medical Instruments Co Ltd,COMMON STOCK,SHG,7,2,up,2.5514,14.11,2026-07-03,0.15,CNY
688116.SHG,Jiangsu Cnano Technology Co Ltd,COMMON STOCK,SHG,4,2,up,0.0000,33.73,2023-07-07,0.095,CNY
688257.SHG,Shareate Tools Ltd,COMMON STOCK,SHG,7,2,up,0.5017,55.52,2026-06-11,0.25,CNY
688260.SHG,Suzhou GYZ Electronic Technology Co. Ltd. A,COMMON STOCK,SHG,1,1,new,0.0000,100.8,2022-08-24,0.134,CNY
688267.SHG,China Catalyst Holding Co. Ltd. A,COMMON STOCK,SHG,7,1,down,2.5253,21.81,2026-09-22,0.12,CNY
688279.SHG,Fortior Technology (Shenzhen) Co. Ltd. A,COMMON STOCK,SHG,5,5,flat,0.3777,206.53,2026-06-05,0.78,CNY
688282.SHG,Beijing Navigation Control Technology Co. Ltd.,COMMON STOCK,SHG,2,1,down,0.0000,51.03,2023-06-20,0.55,CNY
688292.SHG,Beijing Haohan Data Technology Co. Ltd. A,COMMON STOCK,SHG,4,1,down,0.2643,22.7,2026-06-09,0.06,CNY
688296.SHG,Zhejiang Heda Technology Co Ltd,COMMON STOCK,SHG,2,1,down,0.0000,25.21,2023-06-21,0.15,CNY
688298.SHG,Zhejiang Orient Gene Biotech Co Ltd,COMMON STOCK,SHG,4,1,down,0.0000,18.96,2023-06-26,2,CNY
688312.SHG,Shenzhen Yanmade Technology Inc,COMMON STOCK,SHG,4,1,down,0.0000,49.93,2023-07-04,0.2,CNY
688378.SHG,Jilin OLED Material Tech Co Ltd,COMMON STOCK,SHG,6,1,down,0.4341,46.07,2026-06-29,0.2,CNY
688381.SHG,Dioo Microcircuits Co. Ltd. Jiangsu A,COMMON STOCK,SHG,4,1,down,0.2366,42.26,2026-06-10,0.1,CNY
688496.SHG,Suzhou QingYue Optoelectronics Technology Co. Ltd. A,COMMON STOCK,SHG,1,1,new,0.0000,0.58,2023-06-12,0.066,CNY
688499.SHG,Guangdong Lyric Robot Automation Co Ltd,COMMON STOCK,SHG,3,2,up,0.0000,41.54,2023-06-20,0.4,CNY
688508.SHG,Wuxi Chipown Micro-electronics Ltd,COMMON STOCK,SHG,6,3,up,0.5722,78.65,2026-06-09,0.45,CNY
688525.SHG,Biwin Storage Technology Co. Ltd. A,COMMON STOCK,SHG,2,1,new,0.3214,198.6,2026-09-18,0.4242,CNY
688569.SHG,Beijing Tieke Shougang Railway Tech Co Ltd,COMMON STOCK,SHG,8,2,up,2.1298,18.64,2026-09-24,0.127,CNY
688581.SHG,Hangzhou AGS MedTech Co. Ltd. A,COMMON STOCK,SHG,4,1,down,1.8007,57.7,2026-06-17,1.039,CNY
688592.SHG,COMNAV ORD A (SHH) EQSW Exp:,COMMON STOCK,SHG,4,2,up,0.3551,22.53,2026-07-02,0.08,CNY
688596.SHG,Shanghai GenTech Co Ltd,COMMON STOCK,SHG,5,1,down,0.1668,59.94,2026-05-27,0.1,CNY
688597.SHG,Beijing Yupont Electric Power Technology Co Ltd,COMMON STOCK,SHG,5,2,up,0.0000,6.31,2025-06-23,0.10929,CNY
688608.SHG,Bestechnic (Shanghai) Co. Ltd. A,COMMON STOCK,SHG,6,5,up,1.2874,108.75,2026-07-01,1.4,CNY
688613.SHG,Allgens Medical Technology Co. Ltd. A,COMMON STOCK,SHG,4,1,down,0.1483,20.5,2026-08-06,0.0304,CNY
688616.SHG,Hangzhou Xili Intelligent Technology Co. Ltd. A,COMMON STOCK,SHG,6,4,flat,2.7273,11,2026-06-16,0.3,CNY
688629.SHG,Sichuan Huafeng Technology Co. Ltd. A,COMMON STOCK,SHG,1,1,new,0.0000,104.5,2024-06-06,0.05,CNY
688630.SHG,Circuit Fabology Microelectronics Equipment Co. Ltd. A,COMMON STOCK,SHG,4,2,up,0.1762,397.17,2026-04-22,0.7,CNY
688658.SHG,Youcare Pharmaceutical Group Co. Ltd. A,COMMON STOCK,SHG,4,1,down,0.0000,12.97,2024-06-25,0.2,CNY
688669.SHG,Polyrocks Chemical Co Ltd,COMMON STOCK,SHG,4,2,up,0.0000,62.03,2024-07-10,0.2,CNY
688676.SHG,Hainan Jinpan Smart Technology Co. Ltd. A,COMMON STOCK,SHG,6,6,up,1.1048,61.55,2026-05-08,0.68,CNY
688677.SHG,Qingdao NovelBeam Technology Co. Ltd. A,COMMON STOCK,SHG,6,3,flat,0.7853,76.4,2026-06-10,0.6,CNY
688690.SHG,Suzhou Nanomicro Technology Co Ltd,COMMON STOCK,SHG,5,3,up,0.2253,45.28,2026-06-04,0.102,CNY
688699.SHG,Shenzhen Sunmoon Microelectronics Co. Ltd. A,COMMON STOCK,SHG,3,1,down,0.0000,66.81,2023-05-17,1,CNY
688737.SHG,Sinocat Environmental Technology Co Ltd,COMMON STOCK,SHG,1,1,new,0.0000,17.08,2022-07-28,0.21429,CNY
688768.SHG,Anhui Ronds Science & Technology Inc Co,COMMON STOCK,SHG,5,1,down,0.5736,52.3,2026-06-02,0.3,CNY
688793.SHG,Shenzhen Breo Technology Co. Ltd. A,COMMON STOCK,SHG,2,2,up,0.0000,18.8,2022-05-30,0.42857,CNY
688798.SHG,Shanghai Awinic Technology Co Ltd,COMMON STOCK,SHG,4,3,up,0.7865,54.67,2026-05-22,0.43,CNY
688356.SHG,Jenkem Technology Co Ltd,COMMON STOCK,SHG,6,2,up,0.3236,95.79,2026-06-29,0.31,CNY
688363.SHG,Bloomage Biotechnology Corp Ltd,COMMON STOCK,SHG,4,4,up,0.0000,34.1,2023-06-21,0.61,CNY
688478.SHG,Crystal Growth & Energy Equipment Co. Ltd. A,COMMON STOCK,SHG,3,2,up,0.0000,48.68,2025-06-19,0.25,CNY
688314.SHG,Kontour (Xi'an) Medical Technology Co. Ltd.,COMMON STOCK,SHG,9,2,up,2.1910,30.58,2026-09-16,0.15,CNY
688388.SHG,Guangdong Jia Yuan Technology Co Ltd,COMMON STOCK,SHG,6,2,up,0.1601,28.1,2026-06-17,0.045,CNY
900901.SHG,Inesa Intelligent Tech Inc B,COMMON STOCK,SHG,15,1,down,0.0000,0.615,2023-06-29,0.0057,CNY
900909.SHG,Shanghai Huayi Group Corp Ltd B,COMMON STOCK,SHG,17,1,down,0.0000,0.5,2023-07-06,0.02683,CNY
900929.SHG,Shanghai Jinjiang International Travel Co Ltd,COMMON STOCK,SHG,26,1,down,0.0000,0.904,2023-07-17,0.0007,CNY
900947.SHG,Shanghai Zhenhua Heavy Industries Co Ltd B,COMMON STOCK,SHG,17,2,up,0.0000,0.25,2022-08-11,0.00747,CNY
900912.SHG,Shanghai Waigaoqiao Free Trade Zone Group Co Ltd B,COMMON STOCK,SHG,15,1,down,0.0000,0.64,2023-07-21,0.04577,CNY
900922.SHG,Shanghai Sanmao Enterprise Group Co Ltd B,COMMON STOCK,SHG,5,1,down,0.0000,0.631,2020-06-22,0.00182,CNY
ALI.AU,Argo Global Listed Infrastructure Ltd,COMMON STOCK,AU,22,11,up,4.0000,2.5,2026-08-28,0.055,AUD
ASG.AU,Autosports Group Ltd,COMMON STOCK,AU,18,2,flat,10.6383,1.175,2026-10-29,0.03,AUD
AGD.AU,Austral Gold Ltd,COMMON STOCK,AU,4,1,down,0.0000,0.145,2021-03-08,0.008,AUD
1GOV.AU,Vaneck 1-5 Year Australian Government Bond ETF,ETF,AU,35,1,down,2.7144,50.84,2026-09-01,0.115,AUD
AAL.AU,Alfabs Australia Ltd,COMMON STOCK,AU,2,1,new,0.0000,0.225,2025-09-15,0.017,AUD
ALK.AU,Alkane Resources Ltd,COMMON STOCK,AU,1,1,new,1.0638,1.88,2026-09-07,0.02,AUD
AKG.AU,Academies Australasia Group Ltd,COMMON STOCK,AU,36,1,down,0.0000,0.07,2021-03-04,0.005,AUD
AIZ.AU,Air New Zealand Ltd,COMMON STOCK,AU,50,1,down,0.0000,0.315,2025-09-11,0.00945,NZD
ARG.AU,Argo Investments Ltd,COMMON STOCK,AU,91,6,up,4.2261,9.11,2026-08-14,0.2,AUD
ATOM.AU,Global X Uranium ETF,ETF,AU,4,3,up,9.2843,18.78,2026-07-02,1.71844,AUD
ALFA.AU,Vaneck Australian Long Short Complex ETF,ETF,AU,2,2,up,0.8722,22.93,2026-07-01,0.2,AUD
ANN.AU,Ansell Ltd,COMMON STOCK,AU,50,3,up,2.1412,44.63,2026-08-31,0.5788,AUD
ASP.AU,Aspermont Ltd,COMMON STOCK,AU,4,3,flat,0.0000,1.26,2008-10-20,0.19717,AUD
ACR.AU,ACRUX Ltd,COMMON STOCK,AU,6,1,down,0.0000,0.009,2015-08-18,0.06,AUD
CMM.AU,Capricorn Metals Ltd,COMMON STOCK,AU,2,1,new,0.6698,14.93,2026-09-16,0.05,AUD
APL.AU,Associate Global Partners Ltd,COMMON STOCK,AU,7,3,up,0.0000,0.3,2021-09-08,0.04,AUD
AVA.AU,AVA Risk Group Ltd,COMMON STOCK,AU,5,1,down,0.0000,0.042,2023-11-03,0.0017,AUD
AVE.AU,Avecho Biotechnology Ltd,COMMON STOCK,AU,16,2,up,0.0000,0.019,2010-09-22,0.03,AUD
BBOZ.AU,Betashares Aus Equities Strong Bear Complex ETF,ETF,AU,3,2,up,0.0000,21.99,2022-07-01,1.29909,AUD
BGBL.AU,Betashares Global Shares ETF,ETF,AU,7,1,down,1.1399,86.25,2026-07-01,0.5949,AUD
BCOM.AU,Global X Bloomberg Commodity Complex ETF,ETF,AU,3,2,up,5.4262,13.28,2026-07-02,0.7206,AUD
BRL.AU,Bathurst Resources Ltd,COMMON STOCK,AU,1,1,new,0.0000,0.44,2019-09-30,0.0255,NZD
CD2.AU,CD Private Equity Fund Ii,ETF,AU,22,3,up,151.8519,0.27,2026-08-05,0.03,USD
CDR.AU,Codrus Minerals Ltd,COMMON STOCK,AU,9,1,down,0.0000,0.036,2007-03-13,0.02,AUD
BBAB.AU,Betashares Geared Short Aus GOV Bond Complex ETF,ETF,AU,1,1,new,0.0000,23.45,2024-07-01,0.85074,AUD
CFLO.AU,Betashares Global Cash Flow Kings ETF,ETF,AU,5,3,up,3.0560,20.85,2026-07-01,0.58078,AUD
BAOR.AU,Aoris Int Fund (Class B) (Unhedged) Active ETF,ETF,AU,3,1,down,0.0000,2.24,2025-07-01,0.20629,AUD
CUV.AU,Clinuvel Pharmaceuticals Ltd,COMMON STOCK,AU,9,9,flat,0.5967,8.38,2026-09-03,0.05,AUD
DCC.AU,Digitalx Ltd,COMMON STOCK,AU,1,1,new,0.0000,0.03,2005-08-24,0.44511,AUD
DHHF.AU,Betashares Diversified All Growth ETF,ETF,AU,26,1,down,1.9863,41.68,2026-07-01,0.21337,AUD
DN1.AU,Dominion Income Trust 1,COMMON STOCK,AU,18,1,down,7.5158,98.34,2026-09-11,0.68478,AUD
DXB.AU,Dimerix Ltd,COMMON STOCK,AU,3,1,down,0.0000,0.23,1999-09-24,1.1718,AUD
DZZF.AU,Betashares Ethical Diversified High Growth ETF,ETF,AU,31,1,down,2.6741,30.5,2026-07-01,0.49923,AUD
DXC.AU,Dexus Convenience Retail REIT,COMMON STOCK,AU,37,1,down,7.9771,2.62,2026-09-29,0.05225,AUD
DXI.AU,Dexus Industria REIT,COMMON STOCK,AU,44,1,down,7.2807,2.28,2026-09-29,0.0415,AUD
EAFZ.AU,Ellerston Asia Growth Fund Complex ETF,ETF,AU,5,1,down,3.8589,8.49,2026-07-01,0.30109,AUD
E200.AU,SPDR S&P/ASX 200 Esg ETF,ETF,AU,25,1,down,4.5156,26.55,2026-09-29,0.2435,AUD
EARN.AU,PIMCO Short Term Active Yield Active ETF,ETF,AU,12,2,up,4.5134,20.01,2026-10-01,0.0815,AUD
BIS.AU,Bisalloy Steel Group Ltd,COMMON STOCK,AU,29,1,down,10.1081,3.7,2026-09-24,0.13,AUD
EBND.AU,Vaneck Emerging Income Opportunities Active ETF,ETF,AU,79,1,down,6.3707,10.36,2026-09-01,0.055,USD
EBO.AU,Ebos Group Ltd,COMMON STOCK,AU,27,1,down,5.5491,15.49,2026-08-27,0.43945,AUD
EAX.AU,Energy Action Ltd,COMMON STOCK,AU,12,2,up,0.0000,0.4,2018-08-24,0.04,AUD
ECP.AU,ECP Emerging Growth Ltd,COMMON STOCK,AU,25,6,flat,9.0984,0.61,2026-08-19,0.0315,AUD
ECH.AU,Echelon Resources Ltd,COMMON STOCK,AU,16,1,down,0.9444,0.36,2026-03-11,0.0034,NZD
ECRD.AU,BETAECRD ETF UNITS,ETF,AU,9,1,new,5.7335,24.75,2026-09-01,0.15763,AUD
EGG.AU,Enero Group Ltd,COMMON STOCK,AU,31,1,down,10.0000,0.24,2026-09-07,0.014,AUD
EDU.AU,EDU Holdings Ltd,COMMON STOCK,AU,14,2,up,5.6604,1.06,2026-09-17,0.03,AUD
EDV.AU,Endeavour Group Ltd,COMMON STOCK,AU,11,1,down,3.9867,3.01,2026-09-01,0.012,AUD
CRED.AU,Betashares Australian Investment Grade Corporate Bond ETF,ETF,AU,99,1,down,5.5555,22.18,2026-09-01,0.11254,AUD
EGL.AU,Environmental Group Ltd (the),COMMON STOCK,AU,5,3,flat,0.0000,0.071,2019-09-20,0.00059,AUD
EGY.AU,Energy Technologies Ltd,COMMON STOCK,AU,2,1,down,0.0000,0.02,2012-10-19,1.14138,AUD
EHL.AU,Emeco Holdings Ltd,COMMON STOCK,AU,17,3,flat,0.0000,1.205,2023-09-07,0.0125,AUD
ELD.AU,Elders Ltd,COMMON STOCK,AU,57,1,down,5.6338,6.39,2026-05-26,0.18,AUD
FEMX.AU,Fidelity Global Emerging Markets Active ETF,ETF,AU,7,2,up,9.5849,7.3,2026-07-01,0.6997,AUD
EPY.AU,Earlypay Ltd,COMMON STOCK,AU,29,1,down,1.3333,0.135,2026-09-01,0.0018,AUD
FNX.AU,Finexia Financial Group Ltd,COMMON STOCK,AU,2,1,down,0.0000,0.18,2024-03-08,0.005,AUD
EFR.AU,Everflow Resources Ltd,COMMON STOCK,AU,1,1,new,0.0000,0.006,2012-07-09,0.76449,AUD
EGH.AU,Eureka Group Holdings Ltd,COMMON STOCK,AU,15,8,flat,2.3548,0.62,2026-08-25,0.0073,AUD
HCF.AU,H&G High Conviction Ltd,COMMON STOCK,AU,4,2,flat,0.0000,0.03,2024-09-25,0.02,AUD
HLTH.AU,Vaneck Global Healthcare Leaders ETF,ETF,AU,6,2,up,0.3378,11.84,2026-07-01,0.04,AUD
IGO.AU,IGO Ltd,COMMON STOCK,AU,40,1,down,0.7587,6.59,2026-09-09,0.05,AUD
IMPQ.AU,Perennial Better Future Active ETF,ETF,AU,6,1,down,2.2621,3.98,2026-06-29,0.09003,AUD
LBL.AU,Laserbond Ltd,COMMON STOCK,AU,31,2,up,2.9907,0.535,2026-09-03,0.008,AUD
LU7.AU,Lithium Universe Ltd,COMMON STOCK,AU,7,4,up,0.0000,0.004,2020-11-05,0.0358,AUD
MIDS.AU,Antipodes Global Smid Active Etf,ETF,AU,1,1,new,0.4572,10.04,2026-07-01,0.0459,AUD
MVA.AU,Vaneck Australian Property ETF,ETF,AU,27,2,up,6.2899,21.145,2026-07-01,0.79,AUD
MYG.AU,Mayfield Group Holdings Ltd,COMMON STOCK,AU,13,1,down,2.0465,2.15,2026-09-03,0.024,AUD
NEU.AU,Neuren Pharmaceuticals Ltd,COMMON STOCK,AU,1,1,new,0.7400,20.27,2026-09-15,0.15,AUD
NOU.AU,Noumi Ltd,COMMON STOCK,AU,38,1,down,0.0000,0.12,2020-03-26,0.0225,AUD
NST.AU,Northern Star Resources Ltd,COMMON STOCK,AU,30,6,flat,2.3615,23.29,2026-09-09,0.3,AUD
NUF.AU,Nufarm Ltd,COMMON STOCK,AU,61,1,down,0.0000,3.19,2024-05-29,0.04,AUD
NWS.AU,News Corporation,COMMON STOCK,AU,23,1,down,0.4396,45.43,2026-09-08,0.0993,USD
OCL.AU,Objective Corporation Ltd,COMMON STOCK,AU,27,1,down,3.0560,5.89,2026-09-08,0.05,AUD
PCG.AU,Pengana Capital Group Ltd,COMMON STOCK,AU,64,1,down,3.7594,0.665,2026-03-16,0.025,AUD
PCRD.AU,PIMCO Global Credit Active ETF,ETF,AU,1,1,new,0.0000,19.5,2025-04-01,0.2061,AUD
MVF.AU,Monash Ivf Group Ltd,COMMON STOCK,AU,22,1,down,3.3333,0.75,2026-09-03,0.013,AUD
PIXX.AU,Platinum International Fund Complex ETF,ETF,AU,9,3,up,9.3766,4.91,2026-07-01,0.46039,AUD
PLG.AU,Pearl Gull Iron Ltd,COMMON STOCK,AU,5,3,up,0.0000,0.031,2018-12-28,0.0315,AUD
PNI.AU,Pinnacle Investment Management Group Ltd,COMMON STOCK,AU,35,1,down,4.2980,13.96,2026-08-31,0.31,AUD
PRX.AU,Prodigy Gold NL,COMMON STOCK,AU,1,1,new,0.0000,0.058,2024-03-04,0.87,AUD
PTX.AU,Prescient Therapeutics Ltd,COMMON STOCK,AU,1,1,new,0.0000,0.072,1993-10-21,16.93371,AUD
QAL.AU,Qualitas Ltd,COMMON STOCK,AU,9,5,up,4.9779,2.26,2026-09-03,0.0775,AUD
QAN.AU,Qantas Airways Ltd,COMMON STOCK,AU,42,1,down,4.3660,9.07,2026-09-15,0.198,AUD
EIGA.AU,Perennial Income Generator Active ETF,ETF,AU,101,1,down,5.7594,3.72,2026-09-08,0.01785,AUD
QFE.AU,Quickfee Ltd,COMMON STOCK,AU,3,1,down,106.2500,0.08,2026-08-28,0.005,AUD
QHAL.AU,Vaneck MSCI International Quality (Aud Hedged) ETF,ETF,AU,8,2,up,3.4010,56.16,2026-07-01,1.91,AUD
DXS.AU,Dexus,COMMON STOCK,AU,44,1,down,6.6547,5.56,2026-06-29,0.177,AUD
RARI.AU,Russell Investments Australian Responsible Investment ETF,ETF,AU,23,1,down,5.9445,28.28,2026-06-30,1.15094,AUD
RHI.AU,Red Hill Minerals Ltd,COMMON STOCK,AU,11,2,up,5.4369,4.12,2026-09-15,0.108,AUD
QHSM.AU,Vaneck MSCI Intl SML Comp Quality (Aud Hedged) ETF,ETF,AU,3,1,down,0.3945,32.95,2026-07-01,0.13,AUD
RIV.AU,Rivco Australia Ltd,COMMON STOCK,AU,20,1,down,7.8305,1.18,2026-10-15,0.018,AUD
RND.AU,Rand Mining Ltd,COMMON STOCK,AU,10,7,flat,4.7619,2.1,2025-11-03,0.1,AUD
SEC.AU,Spheria Emerging Companies Ltd,COMMON STOCK,AU,33,1,down,7.8873,2.13,2026-09-15,0.011,AUD
QLTY.AU,Betashares Global Quality Leaders ETF,ETF,AU,15,2,up,3.3236,33.59,2026-07-01,1.02876,AUD
SGLLV.AU,Ricegrowers Ltd,COMMON STOCK,AU,13,1,down,5.7566,12.16,2026-06-30,0.5,AUD
SGP.AU,Stockland,COMMON STOCK,AU,77,1,down,6.1165,4.12,2026-06-29,0.162,AUD
SHL.AU,Sonic Healthcare Ltd,COMMON STOCK,AU,64,33,up,5.7631,18.74,2026-09-02,0.63,AUD
SKG.AU,STORAGE KING GROUP UNITS,COMMON STOCK,AU,6,1,down,5.7944,1.07,2026-06-30,0.031,AUD
SLF.AU,SPDR S&P/ASX 200 Listed Property ETF,ETF,AU,99,1,down,5.4757,11.2,2026-09-29,0.0739,AUD
SRV.AU,Servcorp Ltd,COMMON STOCK,AU,56,6,up,5.7866,5.53,2026-09-16,0.16,AUD
SST.AU,Steamships Trading Company Ltd,COMMON STOCK,AU,48,2,up,4.4251,9.09,2026-10-02,0.0933,AUD
STO.AU,Santos Ltd,COMMON STOCK,AU,73,1,down,3.6226,8.49,2026-08-24,0.16185,AUD
CPU.AU,Computershare Ltd,COMMON STOCK,AU,65,28,up,2.9520,40.65,2026-08-18,0.65,AUD
TECH.AU,Global X Morningstar Global Technology ETF,ETF,AU,14,1,down,3.1888,120.04,2026-07-02,3.82785,AUD
TBR.AU,Tribune Resources Ltd,COMMON STOCK,AU,10,7,flat,4.0900,4.89,2025-11-03,0.2,AUD
URNM.AU,Betashares Global Uranium ETF,ETF,AU,7,4,up,2.6176,9.35,2026-07-01,0.21715,AUD
TNE.AU,Technology One Ltd,COMMON STOCK,AU,53,1,down,1.2873,29.52,2026-05-28,0.08,AUD
VEA.AU,Viva Energy Group Ltd,COMMON STOCK,AU,17,2,up,3.7284,3.13,2026-09-04,0.0773,AUD
VDAL.AU,Vanguard Diversified All Growth INDEX ETF,ETF,AU,7,2,up,3.0138,58.03,2026-10-01,0.312,AUD
V1AC.AU,Vinva Global Alpha Fund - Active Etf,ETF,AU,22,1,down,6.8345,2.78,2026-07-01,0.05,AUD
FBR.AU,FBR Ltd,COMMON STOCK,AU,2,1,down,0.0000,0.071,2002-06-01,23.84361,AUD
TOP.AU,Thorney Opportunities Ltd,COMMON STOCK,AU,25,10,up,4.8246,0.57,2026-09-10,0.0165,AUD
TWR.AU,Tower Ltd,COMMON STOCK,AU,36,1,down,4.1587,1.6,2026-06-10,0.04148,NZD
VESG.AU,Vanguard Ethically Conscious International Shares INDEX ETF,ETF,AU,32,1,down,1.4808,120.96,2026-10-01,0.2128,AUD
TLC.AU,The Lottery Corporation Ltd,COMMON STOCK,AU,8,2,flat,3.4519,4.78,2026-08-26,0.085,AUD
VGS.AU,Vanguard MSCI INDEX International Shares ETF,ETF,AU,48,1,down,1.4312,162.5,2026-10-01,0.2889,AUD
VLC.AU,Vanguard MSCI Australian Large Companies INDEX ETF,ETF,AU,63,1,down,4.6537,89.19,2026-10-01,1.32,AUD
VMIN.AU,Vanguard Global Minimum Volatility Active ETF,ETF,AU,14,3,up,13.2994,61.38,2026-10-01,0.3384,AUD
UYLD.AU,Global X S&P 500 Covered Call Complex ETF,ETF,AU,41,1,down,10.3392,10.57,2026-09-02,0.06259,AUD
WAR.AU,Wam Strategic Value Ltd,COMMON STOCK,AU,11,2,up,8.3333,1.14,2026-10-01,0.0325,AUD
VCX.AU,Vicinity Centres,COMMON STOCK,AU,29,3,up,5.4386,2.28,2026-08-25,0.062,AUD
WHC.AU,Whitehaven Coal Ltd,COMMON STOCK,AU,25,1,down,1.3387,7.47,2026-09-02,0.06,AUD
WOW.AU,Woolworths Group Ltd,COMMON STOCK,AU,67,2,up,2.4942,38.89,2026-09-01,0.52,AUD
WJL.AU,Webjet Group Ltd,COMMON STOCK,AU,2,2,flat,13.3333,0.3,2026-05-27,0.02,AUD
WQG.AU,WCM Global Growth Ltd,COMMON STOCK,AU,23,1,down,4.2517,2.07,2026-09-14,0.0235,USD
WXHG.AU,SPDR S&P World Ex Aus Carbon Aware (Hedged) ETF,ETF,AU,13,4,up,7.0094,28.96,2026-06-29,2.02992,AUD
XASG.AU,Alphinity Global Sustainable Equity Fund - Active ETF,ETF,AU,5,1,down,0.1436,6.9,2026-07-01,0.00991,AUD
YAL.AU,Yancoal Australia Ltd,COMMON STOCK,AU,13,1,down,3.3391,5.75,2026-09-02,0.07,AUD
ZILR.AU,Ziller Global Fund Active Etf,ETF,AU,1,1,new,13.2348,4.43,2026-06-29,0.5863,AUD
SIV.AU,SIV Capital Ltd,COMMON STOCK,AU,29,1,down,0.0000,0.15,2022-08-29,0.06,AUD
ECT.AU,Environmental Clean Technologies Ltd,COMMON STOCK,AU,18,3,up,0.0000,0.105,2002-10-10,1.6875,AUD
YMAX.AU,Betashares Aus Top 20 EQY Yield MAX Complex ETF,ETF,AU,60,1,down,9.0900,7.3,2026-09-01,0.0567,AUD
PHX.AU,Pharmx Technologies Ltd,COMMON STOCK,AU,7,2,up,0.0000,0.093,2023-11-24,0.0075,AUD
SFY.AU,SPDR S&P/ASX 50 ETF,ETF,AU,71,1,down,4.0377,75.67,2026-09-29,0.9577,AUD
TI1.AU,Tombador Iron Ltd,COMMON STOCK,AU,4,1,down,0.0000,0.435,2022-10-13,0.07,AUD
CFY.V,CF Energy Corp,COMMON STOCK,V,6,3,up,0.0000,0.09,2019-12-05,0.019,CAD
TAO.V,TAG Oil Ltd.,COMMON STOCK,V,2,2,up,0.0000,0.085,2020-04-15,0.3,CAD
ORC-B.V,Orca Energy Group Inc,COMMON STOCK,V,34,8,up,169.6429,2.24,2026-08-31,0.5,CAD
NXLV.V,NexLiving Communities Inc,COMMON STOCK,V,24,1,down,1.6736,2.39,2026-09-04,0.01,CAD
RE.V,RE Royalties Ltd,COMMON STOCK,V,27,7,flat,3.1250,0.32,2025-12-31,0.01,CAD
SPX.V,Stellar AfricaGold Inc.,COMMON STOCK,V,1,1,new,0.0000,0.1,2020-02-11,0.31,CAD
MTA.V,Metalla Royalty & Streaming Ltd,COMMON STOCK,V,25,2,up,0.0000,13.6,2023-07-31,0.03,CAD
GRZ.V,Gold Reserve Inc,COMMON STOCK,V,1,1,new,0.0000,6.82,2019-06-12,0.76,CAD
OBUL.V,One Bullion Limited,COMMON STOCK,V,2,2,up,0.0000,0.47,2024-01-29,28.125,CAD
KTN.V,Kootenay Silver Inc,COMMON STOCK,V,1,1,new,0.0000,1.1,2008-12-29,10.26,CAD
ENEV.V,Enerev5 Metals Inc,COMMON STOCK,V,1,1,new,0.0000,0.01,2010-05-20,0.05,CAD
LI.V,American Lithium Corp,COMMON STOCK,V,1,1,new,0.0000,0.41,2010-10-12,9.6,CAD
ROK.V,ROK Resources Inc,COMMON STOCK,V,1,1,new,0.0000,0.33,2016-04-05,2.1,CAD
JTWO.V,J2 Metals Inc.,COMMON STOCK,V,1,1,new,18.2667,0.12,2026-04-27,0.02192,CAD
CNS.V,Contagious Gaming Inc,COMMON STOCK,V,14,1,down,0.0000,0.01,1999-11-22,554.4006,CAD
EDM.V,EDM Resources Inc,COMMON STOCK,V,1,1,new,0.0000,0.68,2013-12-24,7,CAD
ABBV80.BK,AbbVie Inc.,COMMON STOCK,BK,1,1,new,0.6283,8.95,2026-07-15,0.05623,USD
ACG.BK,Autocorp Holding Public Company Limited,COMMON STOCK,BK,8,5,up,4.4444,0.9,2026-04-29,0.04,THB
ADVICE.BK,Advice It Infinite Pcl,COMMON STOCK,BK,6,3,up,6.1940,6.7,2026-08-27,0.23,THB
AMANAH.BK,Amanah Leasing Public Company Limited,COMMON STOCK,BK,15,1,down,0.0000,0.74,2024-03-14,0.01587,THB
AE.BK,ALL ENERGY & UTILITIES PUBLIC COMPANY LIMITED,COMMON STOCK,BK,7,1,down,0.0000,0.23,2010-03-23,0.17517,THB
AKR.BK,Ekarat Engineering Public Company Limited,COMMON STOCK,BK,16,1,down,5.9091,1.1,2026-05-08,0.065,THB
APCO.BK,Asian Phytoceuticals Public Company Limited,COMMON STOCK,BK,15,1,down,3.6111,2.52,2026-04-28,0.091,THB
AMATAV.BK,Amata VN PCL,COMMON STOCK,BK,9,2,up,0.0000,2.3,2025-05-07,0.05,THB
AMGN06.BK,Amgen Inc.,COMMON STOCK,BK,3,1,new,1.5740,3.46,2026-08-21,0.0176,USD
ARIP.BK,ARIP Public Company Limited,COMMON STOCK,BK,10,2,up,4.5455,0.44,2026-03-09,0.02,THB
ASN.BK,ASN Broker Public Company Limited,COMMON STOCK,BK,6,1,down,0.0000,1.08,2023-03-08,0.0267,THB
AIE.BK,Ai Energy Public Company Limited,COMMON STOCK,BK,5,2,up,15.7233,1.59,2026-08-25,0.2,THB
ASAP.BK,Synergetic Auto Performance Public Company Limited,COMMON STOCK,BK,2,1,down,0.0000,2.14,2018-03-14,0.0056,THB
ANTA23.BK,ANTA Sports Products Limited,COMMON STOCK,BK,2,1,new,3.5161,1.93,2026-09-09,0.03964,CNY
AVGO80.BK,Broadcom Inc.,COMMON STOCK,BK,6,2,up,0.7207,2.32,2026-09-21,0.00431,USD
BANPU.BK,Banpu Public Company Limited,COMMON STOCK,BK,1,1,new,2.7397,14.6,2026-09-11,0.4,THB
BJCHI.BK,BJC Heavy Industries Public Company Limited,COMMON STOCK,BK,12,1,down,2.0727,3.3,2026-03-12,0.0684,THB
BEYOND.BK,Bound and Beyond PCL,COMMON STOCK,BK,13,3,up,0.0000,7.05,2018-05-02,1.5,THB
CCP.BK,Chonburi Concrete Product Public Company Limited,COMMON STOCK,BK,14,3,flat,3.4483,0.29,2026-05-07,0.01,THB
BTS.BK,BTS Group Holdings Public Company Limited,COMMON STOCK,BK,32,3,flat,0.0000,1.99,2023-08-07,0.16,THB
BTW.BK,BT Wealth Industries Public Company Limited,COMMON STOCK,BK,4,2,flat,0.0000,0.12,2021-03-09,0.02,THB
BDX06.BK,"Becton, Dickinson and Company",COMMON STOCK,BK,7,2,up,22.9029,2.06,2026-09-09,0.00971,USD
CIVIL.BK,Civil Engineering PCL,COMMON STOCK,BK,4,2,up,0.0000,0.97,2025-05-02,0.02,THB
CHIC.BK,Chic Republic PCL,COMMON STOCK,BK,1,1,new,0.0000,0.3,2023-03-09,0.0025,THB
CENTEL.BK,Central Plaza Hotel Public Company Limited,COMMON STOCK,BK,27,3,up,1.5056,44.5,2026-05-06,0.67,THB
CPR.BK,CPR Gomu Industrial PCL,COMMON STOCK,BK,25,1,down,1.3672,2.56,2026-03-11,0.035,THB
BPS.BK,BPS TECHNOLOGY PUBLIC COMPANY LIMITED,COMMON STOCK,BK,2,2,flat,1.8116,0.69,2026-05-07,0.0125,THB
ALLA.BK,Alla Public Company Limited,COMMON STOCK,BK,11,1,down,9.0090,1.11,2026-05-08,0.1,THB
EURO.BK,EURO CREATIONS PUBLIC COMPANY LIMITED,COMMON STOCK,BK,2,2,up,3.5714,7,2026-03-11,0.25,THB
CPW.BK,Copperwired Public Company Limited,COMMON STOCK,BK,11,2,up,10.0000,2.3,2026-08-20,0.08,THB
CSCO06.BK,"Cisco Systems, Inc.",COMMON STOCK,BK,4,2,up,1.4150,4.46,2026-07-06,0.01449,USD
CREDIT.BK,Thai Credit Pcl,COMMON STOCK,BK,2,2,up,4.3172,22.7,2026-05-06,0.98,THB
CTW.BK,Charoong Thai Wire and Cable Public Company Limited,COMMON STOCK,BK,24,3,up,1.2121,6.6,2026-03-12,0.08,THB
DUSIT.BK,Dusit Thani Public Company Limited,COMMON STOCK,BK,33,4,up,0.0000,10.9,2020-04-01,0.19,THB
DTCI.BK,D.T.C. Industries Public Company Limited,COMMON STOCK,BK,18,2,flat,1.6129,15.5,2026-04-29,0.25,THB
DREIT.BK,Dusit Thani Freehold and Leasehold Real Estate Investment Trust,COMMON STOCK,BK,18,1,down,8.0793,4.92,2026-08-25,0.2075,THB
FMT.BK,Fine Metal Technologies Public Company Limited,COMMON STOCK,BK,32,1,down,0.0000,20.4,2025-03-07,1,THB
EMC.BK,EMC Public Company Limited,COMMON STOCK,BK,4,3,up,0.0000,0.02,2008-03-10,0.06463,THB
EPG.BK,Eastern Polymer Group Public Company Limited,COMMON STOCK,BK,23,1,down,3.1496,6.35,2026-08-03,0.13,THB
FPT.BK,Frasers Property (Thailand) Public Company Limited,COMMON STOCK,BK,28,3,up,4.4755,7.15,2025-12-04,0.32,THB
FSMART.BK,Forth Smart Service Public Company Limited,COMMON STOCK,BK,23,2,up,5.6716,6.7,2026-08-27,0.18,THB
FTI.BK,Function International PCL,COMMON STOCK,BK,7,1,down,4.1026,1.95,2026-03-11,0.04,THB
GABLE.BK,G-Able PCL,COMMON STOCK,BK,3,2,up,8.1633,3.92,2026-04-30,0.32,THB
GC.BK,Global Connections Public Company Limited,COMMON STOCK,BK,42,5,up,8.8679,5.3,2026-08-24,0.25,THB
GENCO.BK,General Environmental Conservation Public Company Limited,COMMON STOCK,BK,10,4,up,0.0000,0.33,2019-03-13,0.02,THB
GOOGL01.BK,Alphabet Inc.,COMMON STOCK,BK,6,2,up,0.0999,33.75,2026-09-04,0.0142,USD
HK13.BK,HK13,COMMON STOCK,BK,5,1,down,2.7480,5.6,2026-04-29,0.03888,THB
HONDA19.BK,"Honda Motor Co., Ltd.",COMMON STOCK,BK,4,1,down,1.7092,3.68,2026-03-30,0.0629,JPY
HTC.BK,Haad Thip Public Company Limited,COMMON STOCK,BK,53,1,down,5.9091,15.4,2026-09-09,0.37,THB
GSEMI24.BK,GSEMI24,COMMON STOCK,BK,1,1,new,0.0215,2.46,2026-09-18,0.00053,THB
IBM06.BK,International Business Machines Corporation,COMMON STOCK,BK,3,1,new,1.9234,3.04,2026-08-10,0.01918,USD
HYDROGEN.BK,Hydrogen Freehold & Leasehold Real Estate Investment Trust,COMMON STOCK,BK,14,1,down,6.8235,8.5,2026-08-26,0.15,THB
ISSARA.BK,Issara Real Estate Investment Trust,COMMON STOCK,BK,6,1,down,8.6311,5.15,2026-08-21,0.05,THB
ITOCHU19.BK,ITOCHU Corporation,COMMON STOCK,BK,2,2,up,0.7673,7.95,2026-03-30,0.061,JPY
IVL.BK,Indorama Ventures PCL,COMMON STOCK,BK,50,1,down,2.5893,28,2026-08-27,0.2,THB
KASET.BK,Thai Ha Public Company Limited,COMMON STOCK,BK,7,4,up,0.0000,0.64,2019-03-11,0.04,THB
K.BK,Kingsmen C.M.T.I. Public Company Limited,COMMON STOCK,BK,9,1,down,5.7895,0.95,2026-05-13,0.03,THB
KDH.BK,Thonburi Medical Centre Public Company Limited,COMMON STOCK,BK,22,4,up,3.2047,84.25,2026-03-05,2.7,THB
KBS.BK,Khonburi Sugar Public Company Limited,COMMON STOCK,BK,19,1,down,7.7519,6.45,2026-03-13,0.5,THB
KGI.BK,KGI Securities (Thailand) Public Company Limited,COMMON STOCK,BK,31,3,flat,6.4854,4.78,2026-04-20,0.31,THB
KLAC23.BK,KLA Corporation,COMMON STOCK,BK,1,1,new,0.1052,6.15,2026-08-20,0.00647,USD
KUAISH80.BK,Kuaishou Technology,COMMON STOCK,BK,1,1,new,2.1802,1.31,2026-06-29,0.02856,CNY
KTB.BK,Krung Thai Bank Public Company Limited,COMMON STOCK,BK,34,1,down,3.4514,43.75,2026-09-22,0.48,THB
LANNA.BK,Lanna Resources Public Company Limited,COMMON STOCK,BK,59,1,down,6.7568,14.8,2026-08-31,0.5,THB
LOREAL80.BK,L'OrÃ©al S.A.,COMMON STOCK,BK,2,1,down,1.8014,1.46,2026-04-29,0.0263,EUR
LTMH.BK,LTMH Public Company Limited,COMMON STOCK,BK,1,1,new,1.5385,9.75,2026-03-02,0.15,THB
M.BK,MK Restaurant Group Public Company Limited,COMMON STOCK,BK,25,1,down,4.3269,20.8,2026-08-26,0.4,THB
META01.BK,"Meta Platforms, Inc.",COMMON STOCK,BK,5,1,down,0.1231,7.15,2026-06-15,0.0031,USD
MATCH.BK,Matching Maximize Solution Public Company Limited,COMMON STOCK,BK,9,1,down,0.0000,0.82,2015-05-08,0.055,THB
MAGURO.BK,MAGURO GROUP PUBLIC COMPANY LIMITED,COMMON STOCK,BK,4,2,up,4.1899,17.9,2026-08-28,0.29,THB
MFEC.BK,MFEC PCL,COMMON STOCK,BK,23,8,flat,8.0000,6.25,2026-05-06,0.5,THB
MMM.BK,MMM,COMMON STOCK,BK,4,2,up,10.1086,2.68,2026-08-13,0.06,THB
META06.BK,"Meta Platforms, Inc.",COMMON STOCK,BK,6,1,down,0.2526,3.06,2026-09-21,0.00183,USD
MODERN.BK,Modernform Group Public Company Limited,COMMON STOCK,BK,50,1,down,7.5377,1.99,2026-04-21,0.15,THB
CPL.BK,CPL Group Public Company Limited,COMMON STOCK,BK,26,4,up,0.0000,0.7,2022-03-09,0.05,THB
NEX.BK,Nex Point Public Company Limited,COMMON STOCK,BK,18,1,down,0.0000,0.93,2014-04-03,0.03111,THB
NEE80.BK,"NextEra Energy, Inc.",COMMON STOCK,BK,2,1,new,1.5664,2.62,2026-08-28,0.02081,USD
NKI.BK,The Navakij Insurance Public Company Limited,COMMON STOCK,BK,28,2,up,0.0000,17.3,2024-03-05,1.5,THB
NIKKEI80.BK,NIKKEI80,COMMON STOCK,BK,1,1,new,0.9980,14.5,2026-07-07,0.14471,JPY
NONGFU80.BK,"Nongfu Spring Co., Ltd.",COMMON STOCK,BK,2,2,up,2.7589,1.68,2026-05-21,0.04635,CNY
PAF.BK,Pan Asia Footwear Public Company Limited,COMMON STOCK,BK,17,1,down,1.1494,0.87,2026-05-07,0.01,THB
PEACE.BK,Peace & Living PCL,COMMON STOCK,BK,5,2,flat,3.8710,1.55,2026-03-12,0.06,THB
PETROCN80.BK,PetroChina Company Limited,COMMON STOCK,BK,2,1,new,5.5183,4.16,2026-09-10,0.12521,CNY
LALIN.BK,Lalin Property Public Company Limited,COMMON STOCK,BK,46,1,down,6.3981,4.22,2026-08-28,0.11,THB
PIN.BK,PINTHONG INDUSTRIAL PARK PUBLIC COMPANY LIMITED,COMMON STOCK,BK,5,1,down,5.1185,4.22,2026-05-07,0.216,THB
PIS.BK,Pro Inside Public Company Limited,COMMON STOCK,BK,1,1,new,3.3058,6.05,2026-05-06,0.2,THB
POPMART80.BK,Pop Mart International Group Limited,COMMON STOCK,BK,2,1,down,1.7053,6.55,2026-05-15,0.1117,CNY
EAST.BK,Eastern Commercial Leasing Public Company Limited,COMMON STOCK,BK,24,2,flat,2.6316,0.76,2026-03-13,0.02,THB
PLUS.BK,Royal Plus PCL,COMMON STOCK,BK,3,1,down,0.0000,1.14,2025-03-12,0.06,THB
PREB.BK,Pre-Built Public Company Limited,COMMON STOCK,BK,21,2,flat,5.8824,3.4,2026-04-30,0.2,THB
PRIN.BK,Prinsiri Public Company Limited,COMMON STOCK,BK,19,4,up,0.0000,1.4,2023-03-16,0.097,THB
PRINC.BK,Principal Capital Public Company Limited,COMMON STOCK,BK,4,2,up,0.7101,1.69,2026-03-12,0.012,THB
MOSHI.BK,Moshi Moshi Retail Corp. PCL,COMMON STOCK,BK,5,4,up,5.4307,34.25,2026-08-28,0.64,THB
PYLON.BK,Pylon Public Company Limited,COMMON STOCK,BK,25,2,up,9.6535,4.04,2026-08-27,0.15,THB
RML.BK,Raimon Land Public Company Limited,COMMON STOCK,BK,10,2,up,0.0000,0.1,2020-05-12,0.015,THB
SAMCO.BK,Sammakorn Public Company Limited,COMMON STOCK,BK,28,1,down,2.4390,0.82,2026-04-29,0.02,THB
SANRIO80.BK,"Sanrio Company, Ltd.",COMMON STOCK,BK,1,1,new,0.5472,12.8,2026-03-30,0.07004,JPY
SAPPE.BK,Sappe Public Company Limited,COMMON STOCK,BK,13,1,down,5.5556,31.5,2026-04-29,1.75,THB
SCAP.BK,Srisawad Capital 1969 PCL,COMMON STOCK,BK,25,3,up,4.2945,1.63,2026-05-07,0.07,THB
SGX19.BK,Singapore Exchange Limited,COMMON STOCK,BK,3,2,up,1.3714,5.95,2026-05-07,0.0282,SGD
SFLEX.BK,Starflex Public Company Limited,COMMON STOCK,BK,14,5,up,6.9182,3.18,2026-08-26,0.17,THB
SHR.BK,S Hotels and Resorts Public Company Limited,COMMON STOCK,BK,5,3,up,4.5161,1.55,2026-08-26,0.015,THB
SINOBIO19.BK,Sino Biopharmaceutical Limited,COMMON STOCK,BK,2,1,new,2.1034,4.74,2026-09-01,0.0582,HKD
SUNNY80.BK,Sunny Optical Technology (Group) Company Limited,COMMON STOCK,BK,1,1,new,1.8871,2.64,2026-06-05,0.04982,CNY
SMFG19.BK,"Sumitomo Mitsui Financial Group, Inc.",COMMON STOCK,BK,4,1,down,0.8647,15,2026-03-30,0.1297,JPY
STECON.BK,STECON GROUP NON-VOTING DR PCL,COMMON STOCK,BK,1,1,new,2.8351,19.4,2026-03-09,0.55,THB
STANLY.BK,Thai Stanley Electric Public Company Limited,COMMON STOCK,BK,32,1,down,11.2108,223,2026-07-08,17,THB
SUSCO.BK,Susco Public Company Limited,COMMON STOCK,BK,38,1,down,5.3719,2.42,2026-09-10,0.1,THB
PROEN.BK,PROEN Corp Public Company Limited,COMMON STOCK,BK,3,2,up,0.0000,0.78,2023-05-09,0.10615,THB
PATO.BK,Pato Chemical Industry Public Company Limited,COMMON STOCK,BK,30,1,down,7.2581,6.2,2026-03-19,0.45,THB
TAIWAN19.BK,TAIWAN19,COMMON STOCK,BK,4,1,down,0.5923,46.75,2026-07-21,0.1977,THB
TAN.BK,Tanachira Retail Corporation Public Company Limited,COMMON STOCK,BK,4,1,down,6.6502,4.06,2026-05-06,0.27,THB
TBN.BK,TBN Corp. PCL,COMMON STOCK,BK,3,3,up,5.8989,3.56,2026-05-07,0.21,THB
TDEX.BK,ThaiDex SET50 Exchange Traded Fund,ETF,BK,22,3,flat,2.8116,10.67,2026-01-30,0.3,THB
TEAM.BK,Team Precision Public Company Limited,COMMON STOCK,BK,23,2,up,4.6552,5.8,2026-08-24,0.12,THB
TENCENT19.BK,Tencent Holdings Limited,COMMON STOCK,BK,2,1,down,1.1532,9.4,2026-05-15,0.1084,CNY
JCT.BK,Jack Chia Industries (Thailand) Public Company Limited,COMMON STOCK,BK,31,6,up,5.6637,84.75,2026-03-10,4.8,THB
NTV.BK,Nonthavej Hospital Public Company Limited,COMMON STOCK,BK,32,1,down,5.4737,19,2026-03-19,1.04,THB
LOXLEY.BK,Loxley Public Company Limited,COMMON STOCK,BK,18,2,up,4.3243,1.85,2026-03-11,0.08,THB
SIS.BK,SiS Distribution (Thailand) Public Company Limited,COMMON STOCK,BK,21,3,up,5.0413,24.2,2026-03-06,1.22,THB
TNP.BK,Thanapiriya Public Company Limited,COMMON STOCK,BK,22,4,up,3.7852,2.84,2026-08-25,0.0525,THB
TPBI.BK,TPBI PCL,COMMON STOCK,BK,8,1,down,6.0209,3.82,2026-05-05,0.23,THB
TRIPCOM80.BK,Trip.com Group Limited,COMMON STOCK,BK,1,1,new,0.0000,1.33,2025-03-14,0.01014,SGD
TRITN.BK,Triton Holding Public Company Limited,COMMON STOCK,BK,3,1,down,0.0000,0.02,2019-05-10,0.0034,THB
TENCENT80.BK,Tencent Holdings Limited,COMMON STOCK,BK,5,3,up,1.1593,18.7,2026-05-15,0.21678,CNY
UBA.BK,Utility Business Alliance PCL,COMMON STOCK,BK,4,1,down,6.8972,1.41,2026-05-05,0.09725,THB
TVT.BK,TV Thunder Public Company Limited,COMMON STOCK,BK,4,1,down,0.0000,0.22,2022-05-05,0.03,THB
TYCN.BK,Tycoons Worldwide Group (Thailand) Public Company Limited,COMMON STOCK,BK,3,1,down,0.0000,1.64,2006-03-02,0.1,THB
UPF.BK,Union Pioneer Public Company Limited,COMMON STOCK,BK,32,2,up,0.0000,22.7,2025-03-31,1.2,THB
TPAC.BK,Thai Plaspac Public Company Limited,COMMON STOCK,BK,23,2,up,4.6845,9.35,2026-05-08,0.438,THB
VHM19.BK,Vinhomes Joint Stock Company,COMMON STOCK,BK,2,1,new,114.6212,8.95,2026-08-06,9.52,VND
VIBHA.BK,Vibhavadi Medical Center Public Company Limited,COMMON STOCK,BK,30,3,up,4.4444,1.35,2026-05-06,0.06,THB
TU-PF.BK,T.U. Dome Residential Complex Leasehold Property Fund,COMMON STOCK,BK,18,3,up,11.3208,1.06,2026-02-26,0.12,THB
VRT01.BK,Vertiv Holdings Co,COMMON STOCK,BK,1,1,new,0.0094,3.18,2026-09-14,0.0003,USD
WGE.BK,Well Graded Engineering Public Company Limited,COMMON STOCK,BK,1,1,new,0.0000,0.67,2022-04-28,0.05,THB
SINGER.BK,Singer Thailand Public Company Limited,COMMON STOCK,BK,33,1,down,0.0000,11.6,2023-05-03,0.26,THB
TSR.BK,Thiensurat Public Company Limited,COMMON STOCK,BK,15,1,down,0.0000,0.04,2023-05-03,0.0111,THB
TSTH.BK,Tata Steel (Thailand) Public Company Limited,COMMON STOCK,BK,5,2,flat,3.1579,0.95,2026-05-21,0.03,THB
WPH.BK,Wattanapat Hospital Trang Public Company Limited,COMMON STOCK,BK,9,2,up,1.1967,6.1,2026-03-11,0.073,THB
YONG.BK,Yong Concrete PCL,COMMON STOCK,BK,4,1,down,4.4118,0.68,2026-03-04,0.03,THB
ZIJIN23.BK,Zijin Mining Group Company Limited,COMMON STOCK,BK,2,1,new,2.4943,2.1,2026-07-23,0.02713,CNY
WHABT.BK,WHA Business Complex Freehold and Leasehold Real Estate Investment Trust,COMMON STOCK,BK,43,1,down,9.5238,6.3,2026-08-19,0.15,THB
SPALI.BK,Supalai Public Company Limited,COMMON STOCK,BK,44,1,down,7.7160,16.2,2026-08-25,0.55,THB
TIPCO.BK,Tipco Foods Public Company Limited,COMMON STOCK,BK,35,1,down,1.4706,6.8,2026-03-06,0.1,THB
TSC.BK,Thai Steel Cable Public Company Limited,COMMON STOCK,BK,35,2,up,7.9470,15.1,2026-05-19,0.4,THB
TPIPL.BK,TPI Polene Public Company Limited,COMMON STOCK,BK,28,2,flat,3.2609,0.92,2026-03-11,0.03,THB
SMPC.BK,Sahamitr Pressure Container Public Company Limited,COMMON STOCK,BK,25,4,up,7.9787,9.4,2026-08-24,0.45,THB
UVAN.BK,Univanich Palm Oil Public Company Limited,COMMON STOCK,BK,49,3,up,7.6923,14.3,2026-08-27,0.25,THB
DELT.TA,Delta Galil Industries Ltd,COMMON STOCK,TA,46,3,up,0.0000,17680,2022-11-29,23.4,ILA
CAMT.TA,Camtek Ltd,COMMON STOCK,TA,6,1,down,0.0000,43650,2024-04-04,408.1105,ILA
ALMO.TA,Gix Internet Ltd,COMMON STOCK,TA,1,1,new,0.0000,1542,2005-09-26,60.19,ILA
AFRE.TA,Africa Israel Residences Ltd,COMMON STOCK,TA,36,1,down,2.1965,22640,2026-08-24,142.0763,ILA
ANLT.TA,Analyst IMS Investment Management Services Ltd,COMMON STOCK,TA,25,5,up,2.2659,13240,2026-03-30,300,ILA
DLRL.TA,Tomer Energy Royalties (2012) Ltd,COMMON STOCK,TA,1,1,new,0.0000,1560,2019-04-01,17.899,ILA
ACRO.TA,Kvutzat Acro Ltd.,COMMON STOCK,TA,4,1,down,0.0000,3874,2025-04-03,6.3449,ILA
BLEG.TA,Blackedge Ltd,COMMON STOCK,TA,1,1,new,0.0000,32400,2023-06-27,406.64603,ILA
ELCRE.TA,Electra Real Estate Ltd,COMMON STOCK,TA,9,1,down,0.0000,1547,2024-03-28,33.2866,ILA
BRAM.TA,Bram Indus,COMMON STOCK,TA,11,3,up,0.0000,176.3,2022-04-10,31.8924,ILA
ALAR.TA,Alarum Technologies Ltd.,COMMON STOCK,TA,3,3,flat,0.0000,54,2007-08-15,99999.99999,ILA
ALHE.TA,Alony Hetz Properties and Investments Ltd,COMMON STOCK,TA,98,1,down,3.3962,2915,2026-08-26,25,ILA
AFHL.TA,Afcon Holdings Ltd,COMMON STOCK,TA,14,2,up,1.5886,56520,2026-04-10,897.856,ILA
AFPR.TA,Afi Properties Ltd,COMMON STOCK,TA,6,1,down,0.0000,17210,2021-11-28,138.464,ILA
IMCO.TA,IMCO Industries Ltd,COMMON STOCK,TA,17,3,up,0.0000,2450,2025-04-29,248.9669,ILA
KSM-F120.TA,Ksm Mutual Funds Limited - KSM US BuyBack (PR) ILS (40a) Fund,ETF,TA,1,1,new,0.0000,22430,2022-03-15,0.285,ILA
HRL-F12.TA,Harel Index Funds Ltd. - Harel Sal (4A) TA-Banks 5,ETF,TA,1,1,new,0.0000,7819,2022-03-15,0.285,ILA
KSM-F123.TA,KSM Mutual Funds Ltd. - KSM ETF (4D) NASDAQ US BuyBack Achievers,ETF,TA,1,1,new,0.0000,87830,2022-03-15,0.285,ILA
HRL-F81.TA,Harel Index Funds Ltd. - Harel Sal (4A) S&P Financial Currency-Hedged,ETF,TA,1,1,new,0.0000,626.2,2022-03-15,0.285,ILA
HRL-F15.TA,Harel Index Funds Ltd. - Harel Sal (4A) TA-Real Estate,ETF,TA,1,1,new,0.0000,1228,2022-03-15,0.285,ILA
FOX.TA,Fox-Wizel Ltd,COMMON STOCK,TA,44,1,down,3.5103,30730,2026-09-14,1078.706,ILA
HDST.TA,Hadasit Bio,COMMON STOCK,TA,1,1,new,0.0000,60,2019-02-07,58.8093,ILA
KSM-F145.TA,KSM Mutual Funds Ltd. - KSM ETF (4A) DJ US Dividend Currency Hedged,ETF,TA,1,1,new,0.0000,11250,2022-03-15,0.285,ILA
ISHO.TA,ISRAS HOLDINGS LTD,COMMON STOCK,TA,1,1,new,3.8383,39080,2026-04-14,1500,ILA
ICL.TA,ICL Israel Chemicals Ltd,COMMON STOCK,TA,97,1,down,4.0324,1555,2026-09-02,17.5027,ILA
KSM-F144.TA,KSM Mutual Funds Ltd. - KSM Tel Bond Composite Fund,ETF,TA,1,1,new,0.0000,4302.9102,2022-03-15,21,ILA
KSM-F125.TA,KSM Mutual Funds Ltd. - KSM ETF (4A) Composite Euro Equity Monthly Euro Hedged,ETF,TA,1,1,new,0.0000,25620,2022-03-15,0.285,ILA
KSM-F14.TA,KSM Mutual Funds Ltd. - KSM ETF (4D) Bloomberg Brent Crude,ETF,TA,1,1,new,0.0000,3525.6499,2022-03-15,0.285,ILA
KSM-F78.TA,KSM Mutual Funds Ltd. - KSM ETF (4D) DJ Industrial Average,ETF,TA,1,1,new,0.0000,16990,2022-03-15,0.07,ILA
KSM-F64.TA,KSM Mutual Funds Limited - TA Bluestar Global Tech 4Da ETF,ETF,TA,1,1,new,0.0000,23690,2022-03-15,0.285,ILA
KSM-F38.TA,KSM Mutual Funds Ltd. - KSM ETF (00) Non-Linked Fixed Int Gov Bonds 5+ Years,ETF,TA,1,1,new,0.0000,6490.3198,2022-03-15,0.285,ILA
KSM-F138.TA,KSM Mutual Funds Ltd. - KSM ETF (4A) FTSE 100 Currency Hedged,ETF,TA,1,1,new,0.0000,13210,2022-03-15,0.285,ILA
KSM-F51.TA,KSM Mutual Funds Ltd. - KSM ETF (4D) FTSE 100,ETF,TA,1,1,new,0.0000,5126,2022-03-15,21,ILA
KSM-F150.TA,KSM Mutual Funds Ltd. - KSM ETF (4D) Composite US Equity Monthly,ETF,TA,1,1,new,0.0000,37820,2022-03-15,0.285,ILA
KSM-F60.TA,Ksm Mutual Funds LTD - ETF Stock Market Fund,ETF,TA,1,1,new,0.0000,8681,2022-03-15,0.285,ILA
ALRPR.TA,Alrov Properties & Lodgings Ltd,COMMON STOCK,TA,15,3,up,0.2761,26440,2026-04-13,73,ILA
LHIS.TA,Lachish,COMMON STOCK,TA,20,2,up,3.5965,1140,2026-08-31,22,ILA
KSM-F92.TA,KSM Mutual Funds Ltd. - KSM ETF (4A) DAX 30 Currency Hedged,ETF,TA,1,1,new,0.0000,21200,2022-03-15,0.285,ILA
KSM-F86.TA,KSM Mutual Funds Ltd. - KSM Government Bonds Fund,ETF,TA,1,1,new,0.0000,3858.6001,2022-03-14,0.67,ILA
LUMI.TA,Bank Leumi Le-Israel B.M,COMMON STOCK,TA,38,1,down,4.3769,7555,2026-08-20,76.98594,ILA
KSM-F90.TA,KSM Mutual Funds Ltd. - KSM ETF (4A) Hang Seng China Currency Hedged,ETF,TA,1,1,new,0.0000,989,2022-03-15,0.285,ILA
MPP.TA,More Provident Funds,COMMON STOCK,TA,10,1,down,3.5461,1594,2026-08-25,15.4715,ILA
MRG.TA,Multi Retail Group Ltd,COMMON STOCK,TA,4,1,down,1.7254,878.8,2025-12-07,15.163,ILA
MMHD.TA,Menora Miv Hld,COMMON STOCK,TA,32,5,up,3.0031,53300,2026-09-02,800.22784,ILA
MAXO.TA,Max Stock Ltd,COMMON STOCK,TA,8,3,up,2.7146,3425,2026-08-18,35.7412,ILA
MSBI.TA,Hamashbir 365 Holdings Ltd,COMMON STOCK,TA,7,3,flat,0.0000,53.7,2025-04-03,5.7192,ILA
MGDL.TA,Migdal Insurance,COMMON STOCK,TA,29,1,down,0.0000,2051,2024-12-15,2.8466,ILA
MDTR.TA,Mediterranean Towers Ltd,COMMON STOCK,TA,15,1,down,5.5928,1295,2026-04-23,59.1881,ILA
MGRT.TA,MeguREIT Israel,COMMON STOCK,TA,20,3,up,5.1144,679.7,2026-09-29,3.395,ILA
MTF-F1.TA,Migdal Mutual Funds - MTF SAL Non-Linked Fixed Interest Gov.Bonds Mutual Fund,ETF,TA,1,1,new,0.0000,405.56,2022-03-15,0.285,ILA
MTRX.TA,Matrix,COMMON STOCK,TA,75,1,down,4.5010,10020,2026-09-10,99,ILA
MZTF.TA,Mizrahi Tefahot,COMMON STOCK,TA,45,1,down,4.5363,23530,2026-08-24,274.11908,ILA
MTF-F24.TA,Migdal Mutual Funds Ltd. - MTF SAL (4D) S&P Aerospace & Defense,ETF,TA,1,1,new,0.0000,12160,2022-03-15,21,ILA
NTGR.TA,Netanel Group,COMMON STOCK,TA,2,2,up,0.0000,923.1,2023-08-30,88.57,ILA
NWMD.TA,NewMed Energy - Limited Partnership,COMMON STOCK,TA,43,1,down,4.1332,1581,2026-08-24,15.68362,ILA
ORAD.TA,Orad-M,COMMON STOCK,TA,1,1,new,0.0000,181,2017-03-14,3.269,ILA
PTNR.TA,Partner,COMMON STOCK,TA,28,3,up,6.8627,3616,2026-03-18,248.1564,ILA
SCOP.TA,Scope Metals Group Ltd,COMMON STOCK,TA,36,2,up,2.8021,28550,2026-08-19,200,ILA
QLTU.TA,Qualitau Ltd,COMMON STOCK,TA,16,1,down,1.3547,32580,2026-09-04,187.4796,ILA
RATI-L.TA,Ratio Energies LP,COMMON STOCK,TA,3,1,down,0.0000,465.8,2023-04-10,3.114,ILA
SANO1.TA,Sano Bruno's Enterprises Ltd,COMMON STOCK,TA,25,1,down,0.6669,33740,2025-12-11,225,ILA
MTF-F49.TA,Migdal Mutual Funds Ltd. - MTF SAL (4A) S&P Utilities Currency-Hedged,ETF,TA,1,1,new,0.0000,3203,2022-03-15,21,ILA
SNCM.TA,Suny Cellular Communication Ltd,COMMON STOCK,TA,22,2,up,10.6700,128.1,2026-08-31,4.5561,ILA
SRAC.TA,SR Accord,COMMON STOCK,TA,43,1,down,5.2056,5567,2026-09-03,61.0797,ILA
TCH-F10.TA,Tachlit Indices MF Management Ltd. - Tachlit SAL (00) Tel Bond 20,ETF,TA,1,1,new,0.0000,414.93,2022-03-14,0.67,ILA
TCH-F26.TA,Tachlit Indices MF Management Ltd. - Tachlit SAL (00) Tel Bond 40,ETF,TA,1,1,new,0.0000,399.1,2022-03-15,0.285,ILA
TCH-F93.TA,Tachlit Indices Mutual Fund Management Ltd. - Tachlit SAL (60) Leveraged*2 TA 35 Monthly,ETF,TA,1,1,new,0.0000,7749,2022-03-15,0.285,ILA
ILCO.TA,Israel Corp,COMMON STOCK,TA,10,1,down,0.6955,7621,2026-04-14,53.0015,ILA
TCH-F57.TA,Tachlit Indices Mutual Fund Management Ltd. - Tachlit SAL (4D) S&P Consumer Staples,ETF,TA,1,1,new,0.0000,11410,2022-03-10,0.04,ILA
TCH-F55.TA,Tachlit Indices Mutual Fund Management Ltd. - Tachlit SAL (4D) S&P Consumer Discretionary,ETF,TA,1,1,new,0.0000,19540,2022-03-15,0.285,ILA
TEFN.TA,Intelicanna Ltd,COMMON STOCK,TA,10,1,down,0.0000,50.8,2007-08-28,1.25,ILA
TCH-FK1.TA,Tachlit Indices MF Management Ltd. - Tachlit SAL (00) Kosher Tel Bond-Yields,ETF,TA,1,1,new,0.0000,4634.4199,2022-03-15,21,ILA
TCH-F1.TA,Tachlit Indices Mutual Fund Management Ltd. - Tachlit SAL (40) TA 35,ETF,TA,1,1,new,0.0000,4135,2022-03-15,21,ILA
PIU.TA,Poalim Ibi,COMMON STOCK,TA,75,1,down,0.0000,954.8,2022-11-10,14.2773,ILA
BNTAS.IS,Bantas Bandirma Ambalaj Sanayi ve Ticaret AS,COMMON STOCK,IS,1,1,new,0.0000,5.16,2016-05-31,0.01424,TRY
ATAKP.IS,Atakey Patates Gida Sanayi ve Ticaret A.S.,COMMON STOCK,IS,3,2,up,2.0243,34.58,2026-06-04,0.7,TRY
AHSGY.IS,AHES GMYO,COMMON STOCK,IS,1,1,new,0.7949,9.59,2026-06-24,0.07623,TRY
AKCNS.IS,Akcansa Cimento Sanayi ve Ticaret AS,COMMON STOCK,IS,27,1,down,0.9521,197.5,2026-06-01,1.88041,TRY
AKSA.IS,Aksa Akrilik Kimya Sanayi AS,COMMON STOCK,IS,6,2,up,5.5609,10.43,2026-04-03,0.58,TRY
ALARK.IS,Alarko Holding AS,COMMON STOCK,IS,28,3,up,3.0625,104,2026-05-04,3.185,TRY
ARCLK.IS,Arcelik AS,COMMON STOCK,IS,21,7,up,0.0000,86.8,2023-09-25,2.66379,TRY
AVTUR.IS,Avrasya Petrol ve Turistik Tesisler Yatirimlar AS,COMMON STOCK,IS,1,1,new,0.0000,9.78,2007-10-25,0.0164,TRY
ATAGY.IS,Ata Gayrimenkul Yatirim Ortakligi AS,COMMON STOCK,IS,2,1,down,0.0000,8.4,2014-05-12,0.01802,TRY
AHGAZ.IS,Ahlatci Dogal Gaz Dagitim Enerji ve Yatirim A.S.,COMMON STOCK,IS,2,2,up,0.1391,41.48,2026-08-24,0.05769,TRY
BERA.IS,Bera Holding AS,COMMON STOCK,IS,2,2,flat,0.0000,11.02,2023-09-18,0.05,TRY
BFREN.IS,Bosch Fren Sistemleri Sanayi ve Ticaret AS,COMMON STOCK,IS,13,3,up,0.0000,107.9,2023-09-26,0.49819,TRY
BAKAB.IS,Bak Ambalaj Sanayi ve Ticaret AS,COMMON STOCK,IS,13,3,up,0.0000,32.28,2022-06-21,0.41667,TRY
ANGEN.IS,Anatolia Tani ve Biyoteknoloji Urunleri Arastirma Gelistirme Sanayi ve Ticaret,COMMON STOCK,IS,3,1,down,0.0000,6.74,2023-05-03,0.59581,TRY
BLCYT.IS,Bilici Yatirim Sanayi ve Ticaret AS,COMMON STOCK,IS,10,2,up,0.0000,1.86,2023-05-25,0.02,TRY
BTCIM.IS,Baticim Bati Anadolu Cimento Sanayi AS,COMMON STOCK,IS,15,1,down,0.0000,2.07,2016-06-06,0.00122,TRY
BORSK.IS,Bor Seker As,COMMON STOCK,IS,2,2,up,3.7673,5.53,2025-11-25,0.20833,TRY
BRKVY.IS,Birikim Varlik Yonetim A.S.,COMMON STOCK,IS,4,1,down,1.0318,51.15,2026-05-13,0.52777,TRY
BRMEN.IS,Birlik Mensucat Ticaret ve Sanayi Isletmesi AS,COMMON STOCK,IS,1,1,new,0.0000,6.84,2005-05-24,0.03215,TRY
ECZYT.IS,Eczacibasi Yatirim Holding Ortakligi AS,COMMON STOCK,IS,24,1,down,2.5262,226.2,2026-05-06,5.71429,TRY
EGEEN.IS,Ege Endustri ve Ticaret AS,COMMON STOCK,IS,22,1,down,0.0000,5132.5,2025-03-28,53,TRY
CCOLA.IS,Coca-Cola Icecek AS,COMMON STOCK,IS,23,5,up,1.8523,77.2,2026-05-12,1.43,TRY
EMNIS.IS,Eminis Ambalaj Sanayi ve Ticaret AS,COMMON STOCK,IS,1,1,new,0.0000,130.5,2004-06-30,0.12196,TRY
EGPRO.IS,Ege Profil Ticaret ve Sanayi AS,COMMON STOCK,IS,21,2,up,5.4569,32.7,2026-07-16,0.6422,TRY
ESEN.IS,Esenboga Elektrik Uretim AS,COMMON STOCK,IS,3,3,up,0.0000,2.54,2023-04-12,0.00549,TRY
BYDNR.IS,Baydoner Restoranlari A.S.,COMMON STOCK,IS,1,1,new,0.0000,22.2,2025-05-14,0.71301,TRY
HALKB.IS,Turkiye Halk Bankasi,COMMON STOCK,IS,14,1,down,0.0000,45.12,2018-08-15,0.14902,TRY
EYGYO.IS,EYG Gayrimenkul Yatirim Ortakligi A.S.,COMMON STOCK,IS,3,1,down,1.4357,1.99,2025-12-25,0.02857,TRY
GUNDG.IS,Gundogdu Gida Sut Urunleri Sanayi ve Dis Ticaret Anonim Sirketi,COMMON STOCK,IS,3,1,new,0.0360,285.25,2025-11-28,0.05128,TRY
GUBRF.IS,Gubre Fabrikalari TAS,COMMON STOCK,IS,9,1,down,0.0000,442.25,2016-07-29,0.1,TRY
ISDMR.IS,Iskenderun Demir ve Celik AS,COMMON STOCK,IS,13,2,up,7.2173,62.35,2026-06-03,4.5,TRY
INGRM.IS,Ingram Micro Bilisim Sistemleri A.S.,COMMON STOCK,IS,7,7,up,0.0000,314.75,2023-05-08,5.34123,TRY
ISGYO.IS,Is Gayrimenkul Yatirim Ortakligi AS,COMMON STOCK,IS,14,13,up,0.3512,23.76,2026-03-31,0.08344,TRY
ISSEN.IS,Isbir Sentetik Dokuma Sanayi AS,COMMON STOCK,IS,5,1,down,0.7619,5.25,2026-06-30,0.04,TRY
KLMSN.IS,Klimasan Klima Sanayi ve Ticaret AS,COMMON STOCK,IS,10,2,up,0.0000,21.78,2023-06-01,0.07576,TRY
KRDMA.IS,Kardemir Karabuk Demir Celik Sanayi ve Ticaret AS Class A,COMMON STOCK,IS,9,1,down,0.0000,43.44,2023-11-28,0.10965,TRY
ALKIM.IS,Alkim Alkali Kimya AS,COMMON STOCK,IS,25,2,up,0.0000,12.36,2023-04-12,0.46296,TRY
KRGYO.IS,Korfez Gayrimenkul Yatirim,COMMON STOCK,IS,1,1,new,1.2146,3.16,2026-05-15,0.03838,TRY
KRONT.IS,Kron Telekomunikasyon Hizmetleri AS,COMMON STOCK,IS,1,1,new,0.0000,18.1,2017-05-05,0.01519,TRY
KSTUR.IS,Kustur Kusadasi Turizm Endustrisi AS,COMMON STOCK,IS,9,3,up,0.8782,1822,2026-04-20,16,TRY
KUYAS.IS,Kuyas Yatirim AS,COMMON STOCK,IS,5,1,down,0.0000,33.1,2017-05-31,0.00623,TRY
LILAK.IS,LILA KAGIT,COMMON STOCK,IS,3,3,up,6.3245,24.12,2026-07-06,1.52547,TRY
MAALT.IS,Marmaris Altinyunus Turistik Tesisleri AS,COMMON STOCK,IS,2,2,up,0.0000,833,2003-04-18,0.13889,TRY
LOGO.IS,Logo Yazilim Sanayi ve Ticaret AS,COMMON STOCK,IS,9,8,flat,3.7407,140.7,2026-06-15,5.26316,TRY
MEDTR.IS,Meditera Tibbi Malzeme Sanayi ve Ticaret AS,COMMON STOCK,IS,8,1,down,1.5257,18.45,2026-07-29,0.11344,TRY
KTSKR.IS,Kutahya Seker Fabrikasi AS,COMMON STOCK,IS,2,2,up,11.0914,58.8,2025-12-29,6.52174,TRY
LRSHO.IS,Ittifak Holding A.S.,COMMON STOCK,IS,4,2,up,0.0000,1.88,2012-05-31,0.01093,TRY
MERCN.IS,Mercan Kimya Sanayi ve Ticaret AS,COMMON STOCK,IS,6,2,up,1.6200,12.97,2026-07-28,0.21012,TRY
NUHCM.IS,Nuh Cimento Sanayi AS,COMMON STOCK,IS,30,8,up,10.9170,206.1,2026-03-17,22.5,TRY
ONCSM.IS,Oncosem Onkolojik Sistemler Sanayi ve Ticaret A.S.,COMMON STOCK,IS,2,1,new,0.0000,84,2023-11-08,0.41493,TRY
PKART.IS,Plastikkart Akilli Kart Iletisim Sistemleri Sanayi ve Ticaret AS,COMMON STOCK,IS,3,3,up,0.0000,85.05,2022-10-17,0.7153,TRY
SAHOL.IS,Haci Omer Sabanci Holding AS,COMMON STOCK,IS,25,1,down,1.6267,86.9,2026-04-01,1.41356,TRY
SELEC.IS,Selcuk Ecza Deposu Ticaret ve Sanayi AS,COMMON STOCK,IS,19,4,up,0.3880,113.4,2026-04-17,0.44,TRY
POLHO.IS,Polisan Holding AS,COMMON STOCK,IS,12,1,down,0.0000,18.36,2024-04-30,0.11866,TRY
SUMAS.IS,Sumas Suni Tahta ve Mobilya Sanayi AS,COMMON STOCK,IS,9,1,down,0.0000,210.1,2025-05-28,2.00823,TRY
TURSG.IS,Turkiye Sigorta AS,COMMON STOCK,IS,10,4,up,2.6502,5.66,2026-08-27,0.15,TRY
TABGD.IS,TAB GIDA,COMMON STOCK,IS,3,3,up,2.3256,215,2026-06-04,5,TRY
USHOL.IS,US Yatirim Holding A.S.,COMMON STOCK,IS,3,1,down,0.0000,59.75,2012-05-30,0.0093,TRY
GRNYO.IS,Garanti Yatirim Ortakligi AS,COMMON STOCK,IS,15,3,up,0.0000,7.29,2023-06-08,0.056,TRY
VAKBN.IS,Turkiye Vakiflar Bankasi TAO,COMMON STOCK,IS,13,8,up,0.0000,33.82,2018-08-16,0.05,TRY
VKFYO.IS,Vakif Menkul Kiymet Yatirim Ortakligi AS,COMMON STOCK,IS,4,2,up,0.0000,18.11,2023-10-25,0.03667,TRY
YBTAS.IS,Yibitas Yozgat Isci Birligi Insaat Malzemeleri Ticaret Sanayi AS,COMMON STOCK,IS,6,1,down,0.0000,9.71,2018-04-26,0.00704,TRY
OZRDN.IS,Ozerden Plastik Sanayi,COMMON STOCK,IS,4,3,up,0.0000,18.72,2019-05-15,0.01769,TRY
SNPAM.IS,Sonmez Pamuklu Sanayii AS,COMMON STOCK,IS,2,1,new,0.0000,18.4,2017-12-27,0.01034,TRY
YEOTK.IS,Yeo Teknoloji Enerji ve Endustri AS,COMMON STOCK,IS,2,1,new,0.0000,29.5,2022-07-18,0.00904,TRY
ZOREN.IS,Zorlu Enerji Elektrik Uretim AS,COMMON STOCK,IS,1,1,new,0.0000,1.97,2005-06-24,0.00491,TRY
YGGYO.IS,Yeni Gimat Gayrimenkul Yatirim Ortakligi AS,COMMON STOCK,IS,13,13,up,5.0770,207.8,2026-04-07,10.55,TRY
KRTEK.IS,Karsu Tekstil Sanayi ve Ticaret AS,COMMON STOCK,IS,8,1,down,0.0000,5.98,2012-05-31,0.03323,TRY
KCHOL.IS,Koc Holding AS,COMMON STOCK,IS,23,1,down,3.1916,214,2026-03-25,6.83,TRY
AGLR.NEO,AGF GLOBAL REAL ASSETS FUND,ETF,NEO,1,1,new,1.7889,33.24,2025-12-31,0.59464,CAD
CJP.NEO,iShares Japan Fundamental Hedged Common Class,ETF,NEO,18,1,down,1.1437,44.58,2026-06-25,0.264,CAD
CLU.NEO,iShares US Fundamental Hedged Common Class,ETF,NEO,55,1,down,1.1462,67.91,2026-09-24,0.119,CAD
EAFX.NEO,Global X MSCI EAFE Index ETF,ETF,NEO,8,1,down,1.9117,37.04,2026-06-30,0.24828,CAD
BRKY.NEO,Berkshire Hathaway (BRK) Yield Shares Purpose ETF,ETF,NEO,48,1,down,7.8416,25.76,2026-09-28,0.17,CAD
FLAM.NEO,Franklin FTSE U.S. Index ETF,ETF,NEO,32,1,down,1.0285,60.52,2026-09-18,0.22605,CAD
BCCL-U.NEO,GLOBAL X ENHANCED BITCOIN COVER,ETF,NEO,30,2,up,47.4728,8.47,2026-08-31,0.16369,CAD
FCCA.NEO,FIDELITY ALL-CANADIAN EQUITY ETF,ETF,NEO,2,2,up,1.0379,17.61,2025-12-29,0.18278,CAD
CQLC.NEO,CIBC Qx Canadian Low Volatility Dividend ETF,ETF,NEO,57,1,down,2.5920,29.36,2026-08-31,0.079,CAD
BKNG.NEO,Booking CDR (CAD Hedged),COMMON STOCK,NEO,8,1,down,1.0095,26.68,2026-09-11,0.06792,USD
EMCL.NEO,Global X Enhanced MSCI Emerging Markets Covered Call ETF,ETF,NEO,27,1,down,9.7570,25.93,2026-08-31,0.23,CAD
CTBG.NEO,CIBC 2031 Investment Grade Bond Fund,ETF,NEO,4,1,new,0.6748,19.56,2026-08-31,0.03,CAD
FEPY.NEO,Fidelity Equity Premium Yield ETF Series L,ETF,NEO,24,1,down,8.7656,29.87,2026-09-28,0.21966,CAD
CNQY.NEO,Purpose Canadian Natural Resources (CNQ) Yield Shares ETF,ETF,NEO,15,2,up,12.7920,14.28,2026-09-28,0.17,CAD
CCLN.NEO,CIBC Clean Energy Index ETF,ETF,NEO,1,1,new,0.0000,8.85,2022-03-15,0.285,CAD
FLVC.NEO,Franklin Canadian Low Volatility High Dividend Index ETF,ETF,NEO,28,1,down,4.3266,30.31,2026-08-31,0.05255,CAD
FORU.NEO,ForAll Core & More U.S. Equity Index ETF,ETF,NEO,1,1,new,0.0000,12.58,2024-12-27,0.015,CAD
GBFC.NEO,GuardBondsTM 2026 Investment Grade Bond Fund ETF Units,ETF,NEO,33,1,down,1.4672,21.36,2026-09-23,0.0257,CAD
MGEQ.NEO,Manulife Global Equity Class,ETF,NEO,1,1,new,0.0587,11.271,2026-04-29,0.00662,CAD
HERM.NEO,Hermes CDR (CAD hedged),COMMON STOCK,NEO,2,1,new,1.3069,6.68,2026-04-22,0.06301,EUR
MB.NEO,MERCEDES-BENZ GROUP AG CDR (CAD Hedged),ETF,NEO,2,2,up,7.9661,7.59,2026-04-20,0.60463,EUR
JPYS.NEO,YIELD SHARES (JPYS) PURPOSE ETF,ETF,NEO,10,2,up,8.1282,21.53,2026-09-28,0.175,CAD
NBND.NEO,Ninepoint Diversified Bond Fund ETF,ETF,NEO,66,1,down,3.5814,18.38,2026-08-31,0.05932,CAD
MMMM.NEO,3M CDR (CAD Hedged),COMMON STOCK,NEO,8,1,down,1.8190,26.46,2026-08-24,0.12174,USD
NVDA.NEO,NVIDIA Corporation CDR,COMMON STOCK,NEO,18,5,up,0.2303,50.95,2026-09-10,0.05551,USD
QCH.NEO,Mackenzie China A-Shares CSI 300 Index ETF,ETF,NEO,8,2,up,1.2914,110.26,2025-12-22,1.42386,CAD
PYPL.NEO,PayPal Holdings Inc CDR,COMMON STOCK,NEO,4,2,up,1.0497,3.86,2026-09-04,0.01017,USD
RHM.NEO,Rheinmetall CDR (CAD Hedged),COMMON STOCK,NEO,1,1,new,1.1892,5.64,2026-05-14,0.06707,EUR
RPS.NEO,Purpose Canadian Preferred Share Fund ETF,ETF,NEO,115,1,down,4.4289,25.74,2026-09-28,0.095,CAD
RTX.NEO,RTX Corporation,COMMON STOCK,NEO,12,1,down,1.5085,43.08,2026-08-14,0.1668,USD
SHPY.NEO,Purpose Shopify (SHOP) Yield Shares ETF,ETF,NEO,15,2,up,36.0442,7.46,2026-09-28,0.22,CAD
STZ.NEO,Constellation Brands CDR (CAD Hedged),COMMON STOCK,NEO,10,1,down,3.6683,8.87,2026-07-30,0.08012,USD
XOM.NEO,EXXON MOBIL CDR (CAD HEDGED),COMMON STOCK,NEO,14,1,down,2.5415,29.19,2026-08-17,0.18301,USD
TY.NEO,Purpose TELUS (T) Yield Shares ETF,ETF,NEO,14,2,up,31.7402,4.08,2026-09-28,0.075,CAD
ZCOS.NEO,COSTCO )COST) BMO CDR (CAD HEDGED),ETF,NEO,3,1,new,0.4624,9.74,2026-07-24,0.01553,USD
ZMAS.NEO,MASTERCARD (MA) BMO CDR (CAD HEDGED),COMMON STOCK,NEO,2,1,new,0.3070,10.05,2026-07-09,0.01551,CAD
ZLLY.NEO,ELI LILLY (LLY) BMO CDR (CAD HEDGED),COMMON STOCK,NEO,2,1,new,0.3027,12.21,2026-05-15,0.01846,USD
ZMSF.NEO,MICROSOFT (MSFT) BMO CDR (CAD HEDGED),COMMON STOCK,NEO,2,1,new,0.3653,10.09,2026-05-21,0.01855,USD
ZAAA.NEO,BMO AAA CLO ETF,ETF,NEO,15,2,up,4.5699,30.92,2026-08-28,0.126,CAD
ART.MC,Arteche Lantegi Elkartea SA,COMMON STOCK,MC,5,4,up,0.8981,35.8,2026-05-08,0.32153,EUR
ENG.MC,Enagás S.A.,COMMON STOCK,MC,48,1,down,5.9916,16.69,2026-06-30,0.6,EUR
ADX.MC,Audax Renovables S.A.,COMMON STOCK,MC,10,5,up,2.9920,1.126,2026-07-01,0.03369,EUR
CAF.MC,Construcciones y Auxiliar de Ferrocarriles S.A.,COMMON STOCK,MC,34,4,up,1.9708,77.2,2026-07-03,1.52143,EUR
ISUR.MC,Inmobiliaria del Sur SA,COMMON STOCK,MC,56,1,down,3.5892,16.7,2026-06-29,0.3159,EUR
NYE.MC,Nyesa Valores Corp SA,COMMON STOCK,MC,7,5,flat,0.0000,0.0034,2007-07-16,1.2,EUR
IFLEX.MC,"Iflex Flexible Packaging, S.A.",COMMON STOCK,MC,2,1,down,0.0000,1.66,2025-07-15,0.02572,EUR
EBRO.MC,Ebro Foods,COMMON STOCK,MC,118,2,flat,3.7664,18.32,2026-09-29,0.23,EUR
CIE.MC,CIE Automotive S.A.,COMMON STOCK,MC,48,7,up,2.9742,25.6,2026-07-03,0.3807,EUR
PRS.MC,Promotora de Informaciones SA,COMMON STOCK,MC,9,1,down,0.0000,2.45,2011-09-29,0.01486,EUR
GRF-P.MC,Grifols SA,COMMON STOCK,MC,18,1,down,1.4144,6.54,2026-06-30,0.0925,EUR
COM.MC,Catenon S.A,COMMON STOCK,MC,1,1,new,0.0000,1.05,2023-10-03,0.027,EUR
AMS.MC,Amadeus IT Group S.A.,COMMON STOCK,MC,25,5,up,2.9502,52.2,2026-07-01,1.01,EUR
BST.MC,Biotechnology Assets S.A.,COMMON STOCK,MC,1,1,new,0.0000,0.2,2022-06-06,0.128,EUR
SCO.MC,Seresco S.A.,COMMON STOCK,MC,3,2,up,0.0000,6.35,2025-06-18,0.068,EUR
LIB.MC,Libertas 7 SA,COMMON STOCK,MC,10,1,down,2.0000,3,2026-06-04,0.04,EUR
TLGO.MC,Talgo SA,COMMON STOCK,MC,3,3,up,0.0000,2.405,2023-07-07,0.07533,EUR
TUB.MC,Tubacex S.A,COMMON STOCK,MC,28,1,down,1.4621,2.77,2026-06-12,0.0405,EUR
YINB8.MC,NBEST Prime VIII Inmuebles Socimi SA,COMMON STOCK,MC,1,1,new,0.0000,1.1,2022-06-01,0.10048,EUR
YENT.MC,Entre Cua Socimi,COMMON STOCK,MC,12,1,down,0.9101,1.78,2026-07-07,0.0162,EUR
YTRI.MC,Trivium Real Estate Socimi SA,COMMON STOCK,MC,11,1,down,0.0000,38.4,2025-03-18,0.54586,EUR
YORE.MC,Olimpo Real Estate SA,COMMON STOCK,MC,7,1,down,0.0000,0.95,2025-05-08,0.02756,EUR
YVIV.MC,Vivenio Residencial SOCIMI S.A.,COMMON STOCK,MC,2,1,down,0.0000,1.33,2025-07-16,0.0066,EUR
VID.MC,Vidrala SA,COMMON STOCK,MC,58,2,up,1.9085,89.1,2026-07-13,0.4687,EUR
JAIZBANK.XNSA,JAIZ BANK PLC,COMMON STOCK,XNSA,8,2,up,1.3750,8,2026-06-02,0.11,NGN
DANGCEM.XNSA,DANGOTE CEMENT PLC,COMMON STOCK,XNSA,19,12,up,4.2186,1066.7,2026-06-17,45,NGN
REDSTAREX.XNSA,RED STAR EXPRESS PLC,COMMON STOCK,XNSA,19,6,up,3.0508,14.75,2026-09-01,0.45,NGN
MANSARD.XNSA,AXAMANSARD INSURANCE PLC,COMMON STOCK,XNSA,21,2,up,0.0000,11.35,2025-06-26,0.45,NGN
CAVERTON.XNSA,CAVERTON OFFSHORE SUPPORT GRP PLC,COMMON STOCK,XNSA,5,1,down,0.0000,4,2021-04-28,0.1,NGN
LIVESTOCK.XNSA,LIVESTOCK FEEDS PLC,COMMON STOCK,XNSA,1,1,new,0.0000,8.15,2015-05-28,0.09913,NGN
MBENEFIT.XNSA,MUTUAL BENEFITS ASSURANCE PLC,COMMON STOCK,XNSA,5,3,up,1.2085,3.31,2026-07-21,0.04,NGN
MORISON.XNSA,MORISON INDUSTRIES PLC,COMMON STOCK,XNSA,7,2,up,0.0000,10.4,2009-07-21,0.0359,NGN
UNILEVER.XNSA,UNILEVER NIGERIA PLC,COMMON STOCK,XNSA,23,4,up,4.7749,109.95,2026-07-31,2,NGN
ACCESSCORP.XNSA,ACCESS HOLDINGS PLC,COMMON STOCK,XNSA,37,1,down,0.0000,31.55,2025-04-30,0.0205,NGN
SFSREIT.XNSA,SFS REAL ESTATE INVESTMENT TRUST,COMMON STOCK,XNSA,12,5,up,6.7582,418.75,2026-04-20,28.3,NGN
LIVINGTRUST.XNSA,LIVINGTRUST MORTGAGE BANK PLC,COMMON STOCK,XNSA,6,3,up,0.0000,2.6,2025-07-04,0.08,NGN
OANDO.XNSA,OANDO PLC,COMMON STOCK,XNSA,13,2,up,0.0000,35.5,2014-11-18,0.60159,NGN
NEIMETH.XNSA,NEIMETH INTERNATIONAL PHARMACEUTICAL PLC,COMMON STOCK,XNSA,10,3,up,0.0000,7.85,2022-03-15,0.06451,NGN
0HZD.IL,Wendel,COMMON STOCK,IL,20,1,down,6.2214,81.975,2026-05-26,3.6,USD
0P2N.IL,Ferrovial S.A.,COMMON STOCK,IL,38,1,down,2.2660,41.7,2026-05-18,0.47413,USD
0A00.IL,Akzo Nobel N.V.,COMMON STOCK,IL,37,1,down,3.4976,56.61,2026-04-27,1.54,USD
0LQ1.IL,Continental Aktiengesellschaft,COMMON STOCK,IL,12,1,down,0.0000,68.69,2023-04-28,1.5,USD
0NQH.IL,Rhoen Klinikum AG,COMMON STOCK,IL,15,2,up,1.3986,14.3,2026-05-28,0.2,USD
0MH1.IL,Bureau Veritas SA,COMMON STOCK,IL,15,6,up,3.4463,26.695,2026-05-26,0.92,USD
KAP.IL,JSC National Atomic Company Kazatomprom,COMMON STOCK,IL,8,2,up,3.8933,67.5,2026-07-23,2.628,USD
0NJQ.IL,Sopra Steria Group SA,COMMON STOCK,IL,18,7,up,3.2219,164.5,2026-06-02,5.3,USD
0J04.IL,Porr AG,COMMON STOCK,IL,11,5,up,3.2357,32.45,2026-05-05,1.05,USD
0RAI.IL,Europris ASA,COMMON STOCK,IL,11,5,up,4.5900,81.7,2026-04-30,3.75,USD
SDIC.IL,SDIC Power Holdings Co Ltd GDR - Reg S,COMMON STOCK,IL,5,1,down,0.0000,19.4,2025-08-06,0.6344,USD
0NRE.IL,Enel SpA,COMMON STOCK,IL,37,11,up,5.5869,8.7705,2026-07-20,0.26,USD
0DHC.IL,Carl Zeiss Meditec AG,COMMON STOCK,IL,19,1,down,173.7757,0.3165,2026-03-27,0.55,USD
0A3M.IL,BioNTech SE,COMMON STOCK,IL,1,1,new,0.0000,98,2022-06-02,1.54983,USD
0N9S.IL,ENI S.p.A.,COMMON STOCK,IL,44,1,down,428.8026,0.2472,2026-09-21,0.27,USD
JMT.LS,Jeronimo Martins SGPS SA,COMMON STOCK,LS,30,2,up,3.5872,18.12,2026-05-08,0.65,EUR
MRL.LS,Merlin Properties SOCIMI SA,COMMON STOCK,LS,23,1,down,1.4246,12.23,2026-05-07,0.01223,EUR
PHR.LS,Pharol SGPS SA,COMMON STOCK,LS,20,1,down,0.0000,0.0894,2016-06-07,0.03,EUR
TDSA.LS,Teixeira Duarte,COMMON STOCK,LS,7,1,down,0.0000,0.493,2017-06-22,0.002,EURAAP.US,Advance Auto Parts Inc,COMMON STOCK,NYSE,83,3,flat,0.0000,,2026-10-09,0.25,USD
AAAC.US,Columbia AAA CLO ETF,ETF,NYSE,9,2,up,3.2662,20.115,2026-09-01,0.082,USD
AAAD.US,PGIM ETF Trust,ETF,NYSE,3,1,new,1.2290,48.25,2026-08-31,0.197,USD
AG.US,First Majestic Silver Corp,COMMON STOCK,NYSE,22,3,up,0.2518,17.95,2026-08-14,0.015,USD
ADVE.US,Matthews International Funds,ETF,NYSE,12,1,down,2.3404,46.493,2026-09-23,0.29512,USD
AAT.US,American Assets Trust Inc,COMMON STOCK,NYSE,63,1,down,6.2876,21.63,2026-09-03,0.34,USD
AMCR.US,Amcor PLC,COMMON STOCK,NYSE,41,1,down,6.0762,42.79,2026-09-04,0.65,USD
ALLY.US,Ally Financial Inc,COMMON STOCK,NYSE,41,1,down,3.1422,38.19,2026-07-31,0.3,USD
AA.US,Alcoa Corp,COMMON STOCK,NYSE,209,1,down,0.9467,42.25,2026-08-11,0.1,USD
A.US,Agilent Technologies Inc,COMMON STOCK,NYSE,60,2,up,0.7237,175.21,2026-10-06,0.255,USD
AGQI.US,First Trust Active Global Quality Income ETF,ETF,NYSE,11,1,down,1.6853,18.294,2026-09-24,0.0483,USD
AHRT-PA.US,"Armada Hoffler Properties, Inc.",COMMON STOCK,NYSE,28,1,down,8.2913,20.3529,2026-07-01,0.42188,USD
ALV.US,Autoliv Inc,COMMON STOCK,NYSE,109,1,down,3.0518,114.03,2026-08-28,0.87,USD
ABT.US,Abbott Laboratories,COMMON STOCK,NYSE,178,14,up,3.0798,100.98,2026-10-15,0.63,USD
AFG.US,"American Financial Group, Inc.",COMMON STOCK,NYSE,183,1,down,5.0803,138.18,2026-07-15,0.88,USD
AMOM.US,QRAFT AI-Enhanced U.S. Large Cap Momentum ETF,ETF,NYSE,12,1,down,0.0000,60.964,2025-09-29,0.02,USD
BG.US,Bunge Global SA,COMMON STOCK,NYSE,102,1,down,3.9244,109.06,2027-02-16,0.72,USD
AVIV.US,Avantis International Large Cap,ETF,NYSE,12,1,down,2.8077,80.82,2026-09-08,0.2726,USD
AVSE.US,Avantis Responsible Emerging Markets Equity ETF,ETF,NYSE,11,1,down,2.6986,79.336,2026-09-08,0.516,USD
ASLV.US,Allspring Special Large Value ETF,ETF,NYSE,1,1,new,0.8121,30.0441,2025-12-22,0.244,USD
BMA.US,Banco Macro SA B ADR,COMMON STOCK,NYSE,41,2,up,6.3041,66.04,2026-07-06,0.53,USD
BBP.US,Virtus LifeSci Biotech Products ETF,ETF,NYSE,2,1,down,0.0000,105.0168,2017-12-20,0.072,USD
BAC.US,Bank of America Corp,COMMON STOCK,NYSE,164,1,down,4.1824,55.47,2026-09-04,0.32,USD
BIPC.US,Brookfield Infrastructure Corp,COMMON STOCK,NYSE,27,1,down,5.1300,34.99,2026-08-31,0.455,USD
BOH.US,Bank of Hawaii Corporation,COMMON STOCK,NYSE,169,1,down,3.9756,70.43,2026-08-31,0.7,USD
BBUC.US,Brookfield Business Corp,COMMON STOCK,NYSE,20,1,down,0.9949,25.33,2026-08-31,0.063,USD
BNY.US,The Bank of New York Mellon Corporation,COMMON STOCK,NYSE,192,1,down,1.5643,148.44,2026-07-27,0.63,USD
BR.US,Broadridge Financial Solutions Inc,COMMON STOCK,NYSE,78,1,down,2.4644,162.92,2026-09-03,1.09,USD
BLGR.US,Bluemonte Large Cap Growth ETF,ETF,NYSE,5,2,up,0.2583,32.86,2026-09-28,0.02789,USD
BLUI.US,Bluemonte Diversified Income ETF,ETF,NYSE,15,2,up,5.3179,24.8202,2026-09-28,0.08491,USD
BRSP.US,Brightspire Capital Inc,COMMON STOCK,NYSE,49,1,down,19.7044,4.06,2026-09-30,0.16,USD
BTRN.US,Global X Funds,ETF,NYSE,5,1,down,28.4669,27.07,2026-06-29,0.242,USD
BWA.US,BorgWarner Inc,COMMON STOCK,NYSE,114,1,down,1.1135,61.07,2026-09-01,0.17,USD
CC.US,Chemours Co,COMMON STOCK,NYSE,45,1,down,2.4912,14.13,2026-08-14,0.088,USD
CGGO.US,Capital Group Global Growth Equity ETF,ETF,NYSE,8,4,up,0.9980,39.88,2025-12-26,0.398,USD
CDE.US,Coeur Mining Inc,COMMON STOCK,NYSE,11,1,down,0.1119,17.87,2026-05-22,0.02,USD
CABO.US,Cable One Inc,COMMON STOCK,NYSE,38,1,down,0.0000,12.57,2025-02-18,2.95,USD
BXMT.US,Blackstone Mortgage Trust Inc,COMMON STOCK,NYSE,113,1,down,18.9363,12.41,2026-09-30,0.47,USD
CAT.US,Caterpillar Inc,COMMON STOCK,NYSE,179,1,down,0.7513,819.95,2026-07-20,1.63,USD
CARR.US,Carrier Global Corp,COMMON STOCK,NYSE,25,2,up,1.6914,55.87,2026-07-21,0.24,USD
CGCB.US,Capital Group Fixed Income ETF Trust,ETF,NYSE,35,1,down,4.0102,25.1,2026-08-31,0.08439,USD
BZH.US,Beazer Homes USA Inc,COMMON STOCK,NYSE,16,1,down,0.0000,33.36,2007-09-06,0.5,USD
CHMI.US,Cherry Hill Mortgage Investment Corp,COMMON STOCK,NYSE,52,1,down,18.3150,2.73,2026-09-30,0.1,USD
CL.US,Colgate-Palmolive Company,COMMON STOCK,NYSE,215,27,up,6.0795,86.52,2026-10-20,0.53,USD
CLCV.US,Crossmark ETF Trust,ETF,NYSE,1,1,new,0.3483,30.4374,2025-12-18,0.106,USD
CLOZ.US,Panagram Bbb-B Clo ETF,ETF,NYSE,44,1,down,7.1065,26.3,2026-09-02,0.148,USD
CNP.US,CenterPoint Energy Inc,COMMON STOCK,NYSE,237,6,up,3.1677,36.62,2026-11-19,0.24,USD
CVSM.US,Elevation Series Trust,COMMON STOCK,NYSE,1,1,new,0.2411,24.9108,2026-06-29,0.06007,USD
CRCO.US,YieldMax CRCL Option Income Strategy ETF,ETF,NYSE,50,2,up,157.2800,13.75,2026-09-24,0.228,USD
CYH.US,Community Health Systems Inc,COMMON STOCK,NYSE,1,1,new,0.0000,2.89,2012-12-13,0.20661,USD
DBMF.US,iMGP DBi Managed Futures Strategy ETF,ETF,NYSE,18,1,down,4.4158,32.61,2026-06-29,0.153,USD
DFJ.US,WisdomTree Japan SmallCap Dividend Fund,ETF,NYSE,52,1,down,2.3783,116.47,2026-09-25,0.065,USD
DFUV.US,Dimensional US Marketwide Value ETF,ETF,NYSE,18,1,down,1.3238,55.52,2026-09-22,0.208,USD
DELL.US,Dell Technologies Inc,COMMON STOCK,NYSE,19,5,up,0.5410,543.43,2026-10-20,0.63,USD
DHI.US,DR Horton Inc,COMMON STOCK,NYSE,118,1,down,1.2911,139.42,2026-08-06,0.45,USD
DIPS.US,YieldMax Short NVDA Option Income Strategy ETF,ETF,NYSE,65,1,down,69.4849,31.43,2026-09-24,0.2371,USD
DOUG.US,Douglas Elliman Inc,COMMON STOCK,NYSE,5,1,down,0.0000,1.53,2023-03-22,0.04762,USD
DTE.US,DTE Energy Company,COMMON STOCK,NYSE,228,1,down,3.8567,120.83,2026-09-21,1.165,USD
EARN.US,Ellington Residential Mortgage,COMMON STOCK,NYSE,94,1,down,24.7031,4.21,2026-09-30,0.08,USD
DYLG.US,Global X Dow 30 Covered Call & Growth ETF,ETF,NYSE,39,1,down,9.2493,27.829,2026-09-21,0.072,USD
DTH.US,WisdomTree International High Dividend Fund,ETF,NYSE,74,1,down,3.9212,56.82,2026-09-25,0.415,USD
EFAA.US,Invesco MSCI EAFE Income Advantage ETF,ETF,NYSE,25,1,down,8.3270,55.35,2026-09-21,0.39,USD
EIG.US,Employers Holdings Inc,COMMON STOCK,NYSE,80,1,down,2.7638,47.76,2026-08-12,0.34,USD
EMBD.US,Global X Emerging Markets Bond ETF,ETF,NYSE,75,1,down,11.9258,22.749,2026-09-01,0.112,USD
EMFI.US,The 2023 ETF Series Trust,ETF,NYSE,5,1,new,2.8321,47.855,2026-09-25,0.31429,USD
EIX.US,Edison International,COMMON STOCK,NYSE,201,3,up,8.4311,51.47,2026-10-07,0.8775,USD
ELD.US,WisdomTree Emerging Markets Local Debt Fund,ETF,NYSE,193,1,down,6.2643,27.7763,2026-09-25,0.145,USD
EPEM.US,Harbor Emerging Markets Equity ETF,ETF,NYSE,1,1,new,5.6663,30.249,2025-12-19,0.857,USD
EMOT.US,First Trust S&P 500 Economic Moat ETF,ETF,NYSE,7,1,down,1.0636,25.95,2026-09-24,0.04,USD
EQL.US,ALPS Equal Sector Weight ETF,ETF,NYSE,69,1,down,1.3453,50.33,2026-09-24,0.18711,USD
ES.US,Eversource Energy,COMMON STOCK,NYSE,159,1,down,4.9226,63.28,2026-09-21,0.7875,USD
ESSC.US,Eventide Small Cap ETF,ETF,NYSE,3,2,up,0.4347,28.7536,2026-06-29,0.076,USD
ETD.US,Ethan Allen Interiors Inc,COMMON STOCK,NYSE,123,2,up,22.6887,21.2,2026-09-03,3,USD
EWD.US,iShares MSCI Sweden ETF,ETF,NYSE,51,1,down,3.5231,50.95,2026-06-15,1.194,USD
EWM.US,iShares MSCI Malaysia ETF,ETF,NYSE,55,1,down,3.6032,27.67,2026-06-15,0.572,USD
EWS.US,iShares MSCI Singapore ETF,ETF,NYSE,55,1,down,3.5280,33.56,2026-06-15,0.516,USD
FCSH.US,Federated Hermes Short Duration Corporate ETF,ETF,NYSE,57,1,down,4.2939,23.645,2026-08-31,0.0843,USD
FDIS.US,Fidelity® MSCI Consumer Discretionary Index ETF,ETF,NYSE,53,1,down,0.8166,94.9,2026-09-18,0.201,USD
FFOX.US,FundX Investment Trust,ETF,NYSE,1,1,new,1.7407,28.38,2025-12-31,0.494,USD
FHI.US,Federated Investors Inc B,COMMON STOCK,NYSE,116,1,down,2.5017,57.56,2026-08-07,0.38,USD
FLCH.US,Franklin FTSE China ETF,ETF,NYSE,18,1,down,4.9326,20.76,2026-06-26,0.142,USD
GAL.US,SPDR® SSgA Global Allocation ETF,ETF,NYSE,58,1,down,3.2245,52.6285,2026-09-25,0.283,USD
GDXJ.US,VanEck Junior Gold Miners ETF,ETF,NYSE,15,4,up,2.3216,114.1,2025-12-22,2.649,USD
FXO.US,First Trust Financials AlphaDEX® Fund,ETF,NYSE,66,1,down,2.2773,61.44,2026-09-24,0.3292,USD
GJH.US,Strats Trust US Cellular GIC,COMMON STOCK,NYSE,45,1,down,6.7949,9.36,2026-06-12,0.319,USD
GNL.US,"Global Net Lease, Inc.",COMMON STOCK,NYSE,76,1,down,17.9034,8.49,2026-07-13,0.19,USD
GRNI.US,Fundstrat Granny Shots US Large Cap & Income ETF,ETF,NYSE,9,2,up,14.5727,21.1628,2026-08-28,0.177,USD
GTO.US,Invesco Total Return Bond ETF,ETF,NYSE,128,1,down,5.0046,44.71,2026-09-21,0.19485,USD
GXPC.US,Global X Purecap MSCI Communication Services ETF,ETF,NYSE,2,2,up,0.6211,30.579,2026-06-29,0.05846,USD
HEI-A.US,HEICO Corporation,COMMON STOCK,NYSE,57,10,up,0.1084,230.63,2026-07-01,0.13,USD
IBDR.US,iShares iBonds Dec 2026 Term Corporate ETF,ETF,NYSE,119,1,down,4.0561,24.23,2026-09-01,0.0787,USD
HOG.US,Harley-Davidson Inc,COMMON STOCK,NYSE,137,1,down,6.0316,24.67,2026-09-15,0.188,USD
HYFI.US,AB High Yield ETF,ETF,NYSE,40,1,down,13.6443,36.191,2026-09-01,0.188,USD
IDA.US,IDACORP Inc,COMMON STOCK,NYSE,168,1,down,2.7327,128.81,2026-08-05,0.88,USD
IVLU.US,iShares Edge MSCI Intl Value Factor ETF,ETF,NYSE,23,1,down,3.2254,43.56,2026-06-15,0.711,USD
INFY.US,Infosys Ltd ADR,COMMON STOCK,NYSE,62,1,down,4.9240,10.52,2026-06-10,0.259,USD
IWP.US,iShares Russell Mid-Cap Growth ETF,ETF,NYSE,103,1,down,0.7678,137.79,2026-09-15,0.155,USD
IXC.US,iShares Global Energy ETF,ETF,NYSE,45,1,down,2.7259,57.67,2026-06-15,0.724,USD
JGRO.US,J.P. Morgan Exchange-Traded Fund Trust - JPMorgan Active Growth ETF,ETF,NYSE,6,2,up,0.1511,96.62,2025-12-16,0.146,USD
JNUG.US,Direxion Daily Junior Gold Miners Index Bull 2X Shares,ETF,NYSE,25,6,up,4.6981,149.55,2026-09-22,0.755,USD
JPEM.US,JPMorgan Diversified Return Emerging Markets Equity ETF,ETF,NYSE,38,1,down,4.5075,63.872,2026-09-22,0.797,USD
JSI.US,Janus Detroit Street Trust,ETF,NYSE,34,1,down,6.0687,50.11,2026-08-31,0.26924,USD
KBH.US,KB Home,COMMON STOCK,NYSE,166,1,down,2.0886,47.88,2026-08-06,0.25,USD
JPLD.US,J.P. Morgan Exchange-Traded Fund Trust,ETF,NYSE,37,1,down,4.6745,51.4,2026-09-01,0.18908,USD
GPRK.US,GeoPark Ltd,COMMON STOCK,NYSE,26,1,down,0.9925,10.68,2026-08-19,0.023,USD
LAZ.US,Lazard Ltd,COMMON STOCK,NYSE,86,1,down,5.5882,35.79,2026-08-03,0.5,USD
KEX.US,Kirby Corporation,COMMON STOCK,NYSE,2,2,flat,0.0000,131.59,1989-08-08,0.05,USD
LEU.US,Centrus Energy Corp.,COMMON STOCK,NYSE,30,3,flat,0.0000,140.37,2005-11-22,37.91209,USD
KCCA.US,KraneShares California Carbon Allowance ETF,ETF,NYSE,6,1,down,2.9299,16.485,2025-12-22,0.483,USD
LFGY.US,YieldMax Crypto Industry & Tech Portfolio Option Income ETF,ETF,NYSE,88,1,down,74.3575,19.44,2026-09-23,0.1641,USD
KVUE.US,Kenvue Inc.,COMMON STOCK,NYSE,14,4,up,5.8389,17.88,2026-09-21,0.21,USD
LNN.US,Lindsay Corporation,COMMON STOCK,NYSE,123,1,down,1.3082,113.9,2026-08-17,0.38,USD
KTN.US,Credit Enhanced Corts Trust For Aon Capital A GIC,COMMON STOCK,NYSE,50,1,down,8.0289,25.62,2026-06-30,1.026,USD
MCS.US,Marcus Corporation,COMMON STOCK,NYSE,126,1,down,1.1498,28.7,2026-08-25,0.09,USD
MET.US,MetLife Inc,COMMON STOCK,NYSE,68,1,down,2.4233,95.82,2026-08-04,0.593,USD
MAC.US,Macerich Company,COMMON STOCK,NYSE,132,1,down,3.0128,22.57,2026-09-14,0.17,USD
LRGF.US,iShares U.S. Equity Factor ETF,ETF,NYSE,48,1,down,1.0560,78.22,2026-09-15,0.203,USD
MISL.US,First Trust Indxx Aerospace & Defense ETF,ETF,NYSE,13,1,down,0.0692,41.9,2026-03-26,0.029,USD
MUNI.US,PIMCO Intermediate Municipal Bond Active Exchange-Traded Fund,ETF,NYSE,205,1,down,6.9495,49.5,2026-09-01,0.13,USD
MVRL.US,ETRACS Monthly Pay 1.5X Leveraged Mortgage REIT ETN,ETF,NYSE,75,1,down,52.8147,10.3759,2026-09-14,0.1596,USD
MS-P-Q.US,MS-P-Q,COMMON STOCK,NYSE,9,1,down,8.3852,24.69,2026-09-30,0.41406,USD
MUNC.US,Northern Trust 2045 Tax-Exempt Distributing Ladder ETF,ETF,NYSE,13,2,up,6.8297,96.081,2026-09-01,0.277,USD
MOO.US,VanEck Agribusiness ETF,ETF,NYSE,20,1,down,2.1642,83.08,2025-12-22,1.798,USD
MMCA.US,NYLI MacKay California Muni Intermediate ETF,ETF,NYSE,57,1,down,6.8611,20.45,2026-08-31,0.0608,USD
MZZ.US,ProShares UltraShort MidCap400,ETF,NYSE,33,1,down,7.1560,6.54,2026-09-23,0.033,USD
NC.US,NACCO Industries Inc,COMMON STOCK,NYSE,167,1,down,2.7316,37.78,2026-08-31,0.263,USD
NEM.US,Newmont Goldcorp Corp,COMMON STOCK,NYSE,170,1,down,1.7751,116.05,2026-09-03,0.26,USD
NTSI.US,WisdomTree International Efficient Core Fund,ETF,NYSE,24,1,down,3.1050,46.57,2026-09-25,0.01,USD
NGL.US,NGL Energy Partners LP,COMMON STOCK,NYSE,39,1,down,0.0000,14.88,2020-11-05,0.1,USD
NBTR.US,Neuberger Total Return Bond ETF,ETF,NYSE,21,1,down,5.6731,47.6105,2026-09-25,0.19,USD
NUGT.US,Direxion Daily Gold Miners Index Bull 2X Shares,ETF,NYSE,21,2,up,0.7523,147.95,2026-09-22,0.396,USD
OIA.US,Invesco Municipal Income Opportunities Closed Fund Class Common,COMMON STOCK,NYSE,458,1,down,6.4684,5.38,2026-09-14,0.029,USD
OLP.US,One Liberty Properties Inc,COMMON STOCK,NYSE,145,1,down,8.1596,22.06,2026-09-28,0.45,USD
OKE.US,ONEOK Inc,COMMON STOCK,NYSE,162,1,down,4.7845,88.62,2026-08-03,1.07,USD
PCR.US,Simplify VettaFi Private Credit Strategy ETF,ETF,NYSE,12,2,up,25.2927,18.108,2026-09-25,0.18,USD
ONOF.US,Global X Adaptive U.S. Risk Management ETF,ETF,NYSE,11,1,down,1.2037,40.9558,2026-06-29,0.164,USD
PHEQ.US,Morgan Stanley ETF Trust,ETF,NYSE,12,1,down,0.8191,35.405,2026-09-21,0.049,USD
PDN.US,Invesco FTSE RAFI Developed Markets ex-U.S. Small-Mid ETF,ETF,NYSE,73,1,down,3.2771,46.2,2026-09-21,0.306,USD
JHMD.US,John Hancock Multifactor Developed International ETF,ETF,NYSE,19,1,down,3.0197,45.07,2026-06-26,0.771,USD
PJFV.US,PGIM ETF Trust - PGIM Jennison Focused Value ETF,ETF,NYSE,4,1,down,0.5654,100.109,2025-12-30,0.566,USD
PS.US,Pershing Square Inc.,COMMON STOCK,NYSE,1,1,new,0.2062,59.17,2026-07-13,0.122,USD
PZT.US,Invesco New York AMT-Free Municipal Bond ETF,ETF,NYSE,228,1,down,4.0977,20.45,2026-09-21,0.07147,USD
QLVD.US,FlexShares Developed Markets ex-US Quality Low Volatility Index Fund,ETF,NYSE,29,1,down,3.0863,33.503,2026-09-18,0.194,USD
CAH.US,Cardinal Health Inc,COMMON STOCK,NYSE,179,3,up,1.1643,220.29,2026-10-01,0.5158,USD
REW.US,ProShares UltraShort Technology,ETF,NYSE,32,1,down,7.3518,10.46,2026-09-23,0.072,USD
SCHJ.US,Schwab 1-5 Year Corporate Bond ETF,ETF,NYSE,83,1,down,4.5988,24.1,2026-09-01,0.0875,USD
RLJ.US,RLJ Lodging Trust,COMMON STOCK,NYSE,63,1,down,13.5501,11.07,2026-09-30,0.15,USD
SCL.US,Stepan Company,COMMON STOCK,NYSE,168,1,down,2.4718,63.92,2026-09-01,0.395,USD
ROSC.US,Hartford Multifactor Small Cap ETF,ETF,NYSE,35,1,down,1.9730,53.827,2026-09-25,0.275,USD
RWJ.US,Invesco S&P SmallCap 600 Revenue ETF,ETF,NYSE,73,1,down,2.2789,56.87,2026-09-21,0.19,USD
RFV.US,Invesco S&P MidCap 400® Pure Value ETF,ETF,NYSE,81,1,down,1.6656,143.37,2026-09-21,0.572,USD
SFBS.US,ServisFirst Bancshares Inc,COMMON STOCK,NYSE,50,3,up,2.2611,41.02,2026-10-01,0.19,USD
SGDM.US,Sprott Gold Miners ETF,ETF,NYSE,12,2,up,0.9795,74.22,2025-12-18,0.727,USD
SHEL.US,Shell PLC ADR,COMMON STOCK,NYSE,129,1,down,6.2660,96.47,2026-08-14,0.7812,USD
SLJY.US,Amplify SILJ Junior Silver Miners Covered Call ETF,ETF,NYSE,12,2,up,22.9365,28.81,2026-08-28,0.601,USD
SIG.US,Signet Jewelers Ltd,COMMON STOCK,NYSE,85,6,up,3.2720,103.3,2026-10-23,0.35,USD
SLWS.US,Spend Life Wisely Funds investment trust - Wisdom Short Duration Income ETF Fund,ETF,NYSE,10,2,up,4.1569,100.29,2026-08-28,0.43426,USD
STAX.US,Macquarie ETF Trust,ETF,NYSE,32,1,down,6.4312,24.715,2026-08-31,0.05942,USD
SPDG.US,State Street SPDR Portfolio S&P Sector Neutral Dividend ETF,ETF,NYSE,12,1,down,2.7782,44.8845,2026-09-21,0.304,USD
SPUS.US,SP Funds S&P 500 Sharia Industry Exclusions ETF,ETF,NYSE,79,1,down,0.5119,59.72,2026-09-28,0.026,USD
SPGI.US,S&P Global Inc,COMMON STOCK,NYSE,168,1,down,0.9380,395.92,2026-08-26,0.97,USD
TILL.US,Teucrium Agricultural Strategy No K-1 ETF,ETF,NYSE,4,2,up,4.1194,20.1,2025-12-24,0.828,USD
SPTL.US,SPDR Barclays Long Term Treasury,ETF,NYSE,231,1,down,4.5462,24.06,2026-09-01,0.09353,USD
TRTN-P-F.US,TRTN-P-F,COMMON STOCK,NYSE,7,1,down,8.1848,23.2901,2026-09-08,0.47656,USD
THNR.US,Amplify Weight Loss Drug & Treatment ETF,ETF,NYSE,2,2,up,1.6302,25.335,2025-12-30,0.413,USD
SPHD.US,Invesco S&P 500® High Dividend Low Volatility ETF,ETF,NYSE,168,1,down,10.1338,48.68,2026-09-21,0.20156,USD
TRFK.US,Pacer Data and Digital Revolution ETF,ETF,NYSE,11,2,up,0.0250,100.13,2026-09-03,0.017,USD
TSM.US,Taiwan Semiconductor Manufacturing,COMMON STOCK,NYSE,46,4,up,0.9957,452.88,2026-12-10,1.08544,USD
TEMD.US,Templeton Emerging Markets Debt ETF,ETF,NYSE,8,1,new,4.3276,24.24,2026-09-01,0.119,USD
SCHV.US,Schwab U.S. Large-Cap Value ETF,ETF,NYSE,69,1,down,1.8659,33.55,2026-09-23,0.163,USD
UPV.US,ProShares Ultra FTSE Europe,ETF,NYSE,20,1,down,4.9145,96.53,2026-09-23,0.588,USD
UXRP.US,ProShares Ultra XRP ETF,ETF,NYSE,1,1,new,0.0022,17.03,2025-12-24,0.00038,USD
VERS.US,ProShares Metaverse ETF,ETF,NYSE,16,1,down,0.0936,72.667,2026-09-23,0.052,USD
VMI.US,Valmont Industries Inc,COMMON STOCK,NYSE,169,1,down,0.6391,467.84,2026-09-25,0.77,USD
UPAR.US,UPAR Ultra Risk Parity ETF,ETF,NYSE,19,1,down,3.4277,15.05,2026-09-28,0.10887,USD
UBS.US,UBS Group AG,COMMON STOCK,NYSE,29,1,down,2.2588,48.62,2026-04-22,1.09822,USD
UIS.US,Unisys Corporation,COMMON STOCK,NYSE,23,1,down,0.0000,2.24,1990-06-18,2.5,USD
VIPS.US,Vipshop Holdings Limited,COMMON STOCK,NYSE,3,3,up,4.9719,12.47,2026-04-10,0.62,USD
VPC.US,Virtus Private Credit ETF,ETF,NYSE,30,1,down,14.9141,14.845,2026-09-21,0.283,USD
VTV.US,Vanguard Value Index Fund ETF Shares,ETF,NYSE,91,1,down,1.9068,218.38,2026-09-28,1.017,USD
WDIV.US,SPDR® S&P Global Dividend ETF,ETF,NYSE,54,1,down,8.4389,82.38,2026-09-21,0.827,USD
VXF.US,Vanguard Extended Market Index Fund ETF Shares,ETF,NYSE,70,1,down,1.0423,232.75,2026-09-23,0.56,USD
XLBI.US,State Street Materials Select Sector SPDR Premium Income ETF,ETF,NYSE,13,2,up,15.5667,23.1858,2026-09-01,0.22336,USD
XYZY.US,YieldMax XYZ Option Income Strategy ETF,ETF,NYSE,74,1,down,81.7386,22.478,2026-09-24,0.1472,USD
YLD.US,Principal Active High Yield ETF,ETF,NYSE,136,1,down,7.5272,18.54,2026-09-01,0.11311,USD
XITK.US,SPDR® FactSet Innovative Technology ETF,ETF,NYSE,11,1,down,0.0000,195.978,2023-12-18,0.095,USD
WOMN.US,Impact Shares YWCA Women's Empowerment ETF,ETF,NYSE,32,1,down,0.5893,43.95,2026-06-29,0.118,USD
XPND.US,First Trust Expanded Technology ETF,ETF,NYSE,16,1,down,0.0869,39.694,2026-09-24,0.0035,USD
YOU.US,Clear Secure Inc,COMMON STOCK,NYSE,16,2,up,1.9202,40.36,2026-09-10,0.15,USD
XSVN.US,Bondbloxx ETF Trust - BondBloxx Bloomberg Seven Year Target Duration US Treasury ETF,ETF,NYSE,47,1,down,4.2034,44.78,2026-09-01,0.16839,USD
XTRE.US,Bondbloxx ETF Trust - BondBloxx Bloomberg Three Year Target Duration US Treasury ETF,ETF,NYSE,47,1,down,4.0820,47.85,2026-09-01,0.16287,USD
WPC.US,W P Carey Inc,COMMON STOCK,NYSE,115,1,down,7.0647,65.82,2026-09-30,0.95,USD
PIM.US,Putnam Master Intermediate Income Trust,COMMON STOCK,NYSE,462,1,down,10.2326,3.01,2026-11-20,0.022,USD
WLKP.US,Westlake Chemical Partners LP,COMMON STOCK,NYSE,48,1,down,8.7425,21.55,2026-08-13,0.471,USD
TT.US,Trane Technologies plc,COMMON STOCK,NYSE,175,1,down,0.9047,452.06,2026-09-04,1.05,USD
B29D.XETRA,iShares iBonds Dec 2029 Term Corp Crossover UCITS ETF EUR (Dist),ETF,XETRA,4,2,up,3.5691,4.8724,2026-09-17,0.0491,EUR
33GI.XETRA,iShares iBonds Dec 2033 Term € Corp UCITS ETF EUR (Dist),ETF,XETRA,8,1,down,3.5705,4.7276,2026-09-17,0.0428,EUR
ADV.XETRA,Adtran Networks SE,COMMON STOCK,XETRA,2,2,flat,2.3853,21.8,2026-06-16,0.52,EUR
ADE.XETRA,Bitcoin Group SE,COMMON STOCK,XETRA,5,5,flat,0.3571,28,2026-08-31,0.1,EUR
AHYS.XETRA,Amundi EUR Short Term High Yield Corporate Bond ESG UCITS ETF Dist,ETF,XETRA,1,1,new,3.0869,96.862,2025-12-09,2.99,EUR
ASR5.XETRA,BNP Paribas Easy € Corp Bond SRI Fossil Free 3-5Y UCITS ETF,ETF,XETRA,6,1,down,2.5651,8.9666,2026-04-24,0.23,EUR
ACR.XETRA,Accor SA,COMMON STOCK,XETRA,4,4,up,2.9437,45.86,2026-06-01,1.35,EUR
ASRT.XETRA,BNP Paribas Easy € Corp Bond SRI PAB UCITS ETF Distribution EUR,ETF,XETRA,4,1,down,2.5562,8.9976,2026-04-24,0.23,EUR
AH50.XETRA,Xtrackers Harvest FTSE China A-H 50 UCITS ETF 1D EUR,ETF,XETRA,15,1,down,1.5600,28.505,2026-08-19,0.15725,EUR
AEIN.XETRA,Allgeier SE,COMMON STOCK,XETRA,19,10,up,6.7568,14.8,2026-07-01,1,EUR
2GB.XETRA,2G Energy AG,COMMON STOCK,XETRA,15,15,up,0.3743,56.1,2026-08-20,0.21,EUR
A0DT.XETRA,AXA IM US Treasury 0-1 Year UCITS ETF USD Dis,ETF,XETRA,3,1,down,3.8257,8.9446,2026-04-10,0.16174,USD
ARDY.XETRA,IncomeShares Artificial Intelligence Leaders ETP,ETF,XETRA,3,1,new,18.3138,7.7215,2026-06-01,0.8268,EUR
ASWM.XETRA,REX Crypto Equity Income & Growth UCITS ETF Distributing,ETF,XETRA,14,2,up,20.1518,26.19,2026-09-21,0.4589,EUR
ASG.XETRA,Assicurazioni Generali S.p.A.,COMMON STOCK,XETRA,29,5,up,3.8069,43.08,2026-05-18,1.64,EUR
BFSA.XETRA,Befesa SA,COMMON STOCK,XETRA,10,2,up,2.8694,34.85,2026-06-17,1,EUR
BCFL.XETRA,UBS MSCI India Universal UCITS ETF USD dis,ETF,XETRA,1,1,new,0.3422,7.594,2026-08-13,0.02599,USD
BBZA.XETRA,BB Biotech AG,COMMON STOCK,XETRA,22,2,up,4.3786,54.3,2026-03-23,2.37758,CHF
BCKY.XETRA,IncomeShares Blockchain Leaders ETP,ETF,XETRA,2,1,new,15.1714,6.837,2026-08-03,0.40612,EUR
BJLT.XETRA,BNP Paribas Easy â‚¬ Corp bond SRI PAB 7-10Y UCITS ETF EUR (Dist),ETF,XETRA,2,2,up,2.7531,9.807,2026-04-24,0.27,EUR
BJLP.XETRA,BNP Paribas Easy ESG Enhanced EUR Corporate - UCITS ETF DIST,ETF,XETRA,2,1,down,2.3870,10.0545,2026-04-24,0.24,EUR
BMT.XETRA,British American Tobacco p.l.c,COMMON STOCK,XETRA,76,1,down,5.7472,49.21,2026-07-09,0.71405,GBP
BOSS.XETRA,Hugo Boss AG,COMMON STOCK,XETRA,29,1,down,0.1042,38.39,2026-05-22,0.04,EUR
BJL7.XETRA,BNP Paribas Easy FTSE EPRA Nareit Developed Europe Green CTB UCITS ETF QD Distribution,ETF,XETRA,7,1,down,4.6112,6.289,2026-08-31,0.07,EUR
BRBY.XETRA,IncomeShares Berkshire Hathaway (BRK-B) Options ETP,ETF,XETRA,2,1,new,3.6895,8.6205,2026-08-03,0.18569,EUR
C005.XETRA,Amundi Index Solutions - Amundi SDAX UCITS ETF EUR Distributing,ETF,XETRA,10,1,down,1.4052,139.48,2025-12-09,1.96,EUR
C9DF.XETRA,Frankfurter UCITS-ETF - Modern Value,ETF,XETRA,1,1,new,0.0000,164.18,2023-12-11,1.83,EUR
C007.XETRA,Amundi Index Solutions - Amundi MDAX ESG UCITS ETF EUR Distributing,ETF,XETRA,9,2,up,1.6840,25.535,2025-12-09,0.43,EUR
CAT1.XETRA,Caterpillar Inc,COMMON STOCK,XETRA,102,1,down,0.7575,715.2,2026-07-20,1.43358,USD
BS27.XETRA,Invesco BulletShares 2027 USD Corporate Bond UCITS ETF - Dist,ETF,XETRA,9,1,down,4.3792,4.6552,2026-09-10,0.05048,USD
CBUE.XETRA,iShares $ Treasury Bond 3-7yr UCITS ETF EUR Hedged (Dist),ETF,XETRA,15,1,down,4.1599,3.952,2026-08-20,0.084,EUR
CCAP.XETRA,CORESTATE Capital Holding S.A,COMMON STOCK,XETRA,4,4,up,0.0000,0.1965,2019-04-25,2.5,EUR
CGM.XETRA,Capgemini SE,COMMON STOCK,XETRA,13,13,flat,3.2962,103.15,2026-06-02,3.4,EUR
CHSP.XETRA,UBS J.P. Morgan Global Gov ESG Liquid Bond UCITS ETF hEUR dis,ETF,XETRA,2,1,new,2.9030,8.4052,2026-08-13,0.139,EUR
CHST.XETRA,UBS BBG MSCI Global Liquid Corp Sustainable UCITS ETF hEUR dis,ETF,XETRA,2,1,new,4.3632,8.7092,2026-08-13,0.2123,EUR
CPRY.XETRA,IncomeShares Copper Miners+ Yield ETP,ETF,XETRA,2,1,new,13.6079,6.861,2026-08-03,0.27827,EUR
COVR.XETRA,PIMCO Covered Bond Source UCITS Income,ETF,XETRA,11,1,down,2.5450,101.26,2026-03-19,2.57709,EUR
CRIN.XETRA,UniCredit SpA,COMMON STOCK,XETRA,28,1,down,3.7359,84.29,2026-04-20,1.7208,EUR
CRWY.XETRA,IncomeShares CoreWeave (CRWV) Options ETP,ETF,XETRA,4,1,new,95.9793,3.6936,2026-08-03,0.32891,EUR
D100.XETRA,MULTI-UNITS LUXEMBOURG - Lyxor FTSE 100 UCITS ETF - Inc,ETF,XETRA,8,6,up,3.3575,189.02,2025-12-09,6.34631,EUR
D500.XETRA,Invesco S&P 500 UCITS B Dis,ETF,XETRA,55,1,down,1.0605,62.536,2026-09-10,0.16073,EUR
CBUQ.XETRA,iShares MSCI ACWI SRI UCITS ETF USD (Dist) EUR,ETF,XETRA,7,1,down,1.2274,7.273,2026-06-18,0.05372,USD
D6RA.XETRA,Deka MSCI EUR Corporates Climate Change ESG UCITS ETF,ETF,XETRA,18,1,down,3.6727,84.406,2026-07-10,0.85,EUR
DAM.XETRA,DATA MODUL Aktiengesellschaft Produktion und Vertrieb von elektronischen Systemen,COMMON STOCK,XETRA,25,8,flat,0.4580,26.2,2026-05-12,0.12,EUR
DBXN.XETRA,Xtrackers II Eurozone Government Bond UCITS ETF 1C EUR,ETF,XETRA,1,1,new,0.0000,214.75,2013-12-31,5.403,EUR
DBXH.XETRA,Xtrackers II Global Inflation-Linked Bond UCITS ETF,ETF,XETRA,2,2,up,0.0000,212.53,2014-12-31,11.58931,EUR
DFOP.XETRA,Amundi STOXX Europe 600 Consumer Staples UCITS ETF Dist,ETF,XETRA,13,1,down,1.3889,128.88,2025-12-09,1.79,EUR
DJAM.XETRA,Lyxor UCITS ETF Dow Jones Industrial Average,ETF,XETRA,31,1,down,0.7137,459.6,2025-12-09,3.28,EUR
DRGN.XETRA,L&G ESG China CNY Bond UCITS ETF,ETF,XETRA,12,1,down,1.4372,9.279,2026-07-16,0.06397,EUR
DR0.XETRA,Deutsche Rohstoff AG,COMMON STOCK,XETRA,12,6,up,2.6786,84,2026-06-24,2.25,EUR
DJAD.XETRA,Lyxor US Treasury 10+Y (DR) UCITS ETF Dist,ETF,XETRA,11,1,down,3.6396,82.93,2025-12-09,3.01832,EUR
ED4.XETRA,EDAG Engineering Group AG,COMMON STOCK,XETRA,7,3,flat,0.0000,3.02,2024-06-20,0.55,CHF
E909.XETRA,Lyxor 1 DAX 50 ESG (DR) UCITS ETF I,ETF,XETRA,7,2,up,2.4946,50.91,2026-08-04,1.27,EUR
DXS1.XETRA,Xtrackers II - GBP Cash Swap UCITS ETF,ETF,XETRA,19,1,down,3.7795,210.45,2026-08-19,3.86297,EUR
EGV5.XETRA,MULTI-UNITS LUXEMBOURG - Lyxor Euro Government Bond 3-5Y (DR) UCITS ETF 2,ETF,XETRA,11,3,up,1.9361,128.61,2025-12-09,2.49,EUR
EFQ8.XETRA,Deka iBoxx EUR Liquid Non-Financials Diversified UCITS ETF,ETF,XETRA,55,1,down,3.6691,93.21,2026-07-10,1.13,EUR
EKT.XETRA,Energiekontor AG,COMMON STOCK,XETRA,26,1,down,4.1494,24.1,2026-05-28,1,EUR
EL4U.XETRA,Deka Deutsche Börse EUROGOV Germany 5-10 UCITS ETF,ETF,XETRA,57,1,down,1.9437,99.808,2026-07-10,0.54,EUR
EL4D.XETRA,Deka STOXX® Europe Strong Value 20 UCITS ETF,ETF,XETRA,54,1,down,0.5043,33.71,2026-09-10,0.02,EUR
ELFB.XETRA,Deka Oekom Euro Nachhaltigkeit UCITS ETF,ETF,XETRA,40,7,up,2.1628,34.215,2026-09-10,0.14,EUR
ELG.XETRA,Elmos Semiconductor SE,COMMON STOCK,XETRA,21,6,up,1.0373,144.6,2026-05-28,1.5,EUR
EMSB.XETRA,PowerShares Emerging Markets USD Bond,ETF,XETRA,19,1,down,5.6536,13.79,2026-09-10,0.18989,USD
EXI3.XETRA,iShares Dow Jones Industrial Average UCITS ETF (DE),ETF,XETRA,77,1,down,0.5735,449.2,2026-09-15,0.08835,EUR
EUN8.XETRA,iShares € Govt Bond 10-15yr UCITS ETF EUR (Dist),ETF,XETRA,31,6,up,3.5838,136.42,2026-07-16,2.4138,EUR
EVD.XETRA,CTS Eventim AG & Co KgaA,COMMON STOCK,XETRA,18,1,down,2.5464,56.55,2026-05-28,1.44,EUR
EXH3.XETRA,iShares STOXX Europe 600 Food & Beverage UCITS ETF (DE),ETF,XETRA,64,2,up,2.4371,62.11,2026-07-15,1.0169,EUR
EXSB.XETRA,iShares DivDAX® UCITS ETF (DE),ETF,XETRA,27,1,down,3.0046,22.595,2026-07-15,0.67889,EUR
EIB3.XETRA,Invesco Euro Government Bond 1-3 Year UCITS ETF,ETF,XETRA,16,1,down,2.3582,37.029,2026-09-10,0.2245,EUR
CON.XETRA,Continental Aktiengesellschaft,COMMON STOCK,XETRA,30,4,up,3.9267,68.76,2026-05-04,2.7,EUR
CSH.XETRA,CENIT Aktiengesellschaft,COMMON STOCK,XETRA,20,1,down,0.0000,8.74,2024-06-07,0.03901,EUR
EXSE.XETRA,iShares STOXX Europe Small 200 UCITS ETF (DE),ETF,XETRA,66,4,up,3.0888,39.28,2026-09-15,0.55,EUR
EXH5.XETRA,iShares STOXX Europe 600 Insurance UCITS ETF (DE),ETF,XETRA,59,4,up,3.5481,53.38,2026-07-15,1.62,EUR
EXV2.XETRA,iShares STOXX Europe 600 Telecommunications UCITS ETF (DE),ETF,XETRA,73,1,down,2.3212,26.67,2026-07-15,0.08249,EUR
EXX6.XETRA,iShares eb.rexx® Government Germany 10.5+yr UCITS ETF (DE),ETF,XETRA,63,1,down,1.8779,106.215,2026-08-17,0.68708,EUR
EXV9.XETRA,iShares (DE) I - iShares STOXX Europe 600 Travel & Leisure UCITS ETF (DE),ETF,XETRA,55,1,down,1.6944,24.49,2026-07-15,0.09637,EUR
EXXU.XETRA,iShares Dow Jones China Offshore 50 UCITS ETF (DE),ETF,XETRA,64,1,down,1.8313,37.745,2026-09-15,0.25365,EUR
EXXX.XETRA,iShares ATX UCITS ETF (DE),ETF,XETRA,47,2,up,2.0834,75.13,2026-09-15,0.63553,EUR
EXXY.XETRA,iShares Diversified Commodity Swap UCITS ETF (DE),ETF,XETRA,1,1,new,0.0000,37.01,2008-04-01,0.00019,EUR
F703.XETRA,Lyxor Portfolio Strategy Offensiv UCITS ETF (Vermoegensstrategie),ETF,XETRA,8,2,up,1.3633,196.58,2025-11-04,2.68,EUR
FFGE.XETRA,Fidelity Sustainable Global High Yield Bond Paris-Aligned Multifactor UCITS ETF Inc EUR Hedged,ETF,XETRA,15,1,down,8.2390,4.4888,2026-08-20,0.07332,EUR
FFGH.XETRA,Fidelity Sustainable Global High Yield Bond Paris-Aligned Multifactor UCITS ETF Inc EUR,ETF,XETRA,16,1,down,7.9607,4.503,2026-08-20,0.07066,EUR
GIGU.XETRA,Goldman Sachs USD Investment Grade Corporate Bond Active UCITS ETF - USD (DIS),ETF,XETRA,3,2,up,5.2247,42.571,2026-08-28,1.13098,USD
FLXD.XETRA,Franklin European Quality Dividend UCITS ETF,ETF,XETRA,36,1,down,3.9920,36.32,2026-09-10,0.2141,EUR
EUN1.XETRA,iShares STOXX Europe 50 UCITS ETF,ETF,XETRA,97,1,down,2.1753,54.65,2026-08-20,0.3297,EUR
FME.XETRA,Fresenius Medical Care AG & Co. KGaA,COMMON STOCK,XETRA,31,4,up,3.6808,40.48,2026-05-22,1.49,EUR
FTE.XETRA,Orange SA,COMMON STOCK,XETRA,48,1,down,5.3725,13.96,2026-06-11,0.45,EUR
FTGG.XETRA,First Trust Germany AlphaDEX® UCITS ETF EUR,ETF,XETRA,22,2,up,1.6920,34.71,2026-09-24,0.0294,EUR
FPE.XETRA,Fuchs Petrolub SE,COMMON STOCK,XETRA,28,21,up,3.2973,37,2026-05-07,1.22,EUR
GFT.XETRA,GFT Technologies SE,COMMON STOCK,XETRA,18,7,flat,1.9763,25.3,2026-06-26,0.5,EUR
GDEM.XETRA,Goldman Sachs Alpha Enhanced Emerging Markets Equity Active UCITS ETF USD Dis,ETF,XETRA,1,1,new,0.1611,18.942,2026-05-29,0.03051,USD
GAEM.XETRA,Goldman Sachs Emerging Markets Green and Social Bond Active UCITS ETF â€“ Class EUR Hedged (Dist),ETF,XETRA,2,1,new,4.9330,48.387,2026-08-28,1.10117,EUR
GS2C.XETRA,GameStop Corp.,COMMON STOCK,XETRA,5,1,down,0.0000,20.78,2013-03-01,0.06045,USD
GUI.XETRA,Diageo plc,COMMON STOCK,XETRA,50,1,down,3.8864,18.89,2026-04-16,0.17576,GBP
FLXX.XETRA,Franklin LibertyShares ICAV - Franklin LibertyQ Global Dividend UCITS ETF,ETF,XETRA,36,1,down,2.4283,38.525,2026-09-10,0.14568,EUR
HMSB.XETRA,H & M Hennes & Mauritz AB (publ),COMMON STOCK,XETRA,34,1,down,4.3291,14.105,2026-05-06,0.3119,SEK
HEDL.XETRA,JPM US Hedged Equity Laddered Overlay Active UCITS ETF - USD (dist),ETF,XETRA,3,1,new,0.3262,23.08,2026-07-09,0.02659,USD
HBC1.XETRA,HSBC Holdings plc,COMMON STOCK,XETRA,99,1,down,3.7183,17.724,2026-08-13,0.08787,GBP
HNR1.XETRA,Hannover Rück SE,COMMON STOCK,XETRA,27,6,up,4.8300,258.8,2026-05-07,12.5,EUR
HOT.XETRA,HOCHTIEF Aktiengesellschaft,COMMON STOCK,XETRA,32,5,up,1.6760,393.8,2026-04-30,6.6,EUR
IBCD.XETRA,iShares $ Corp Bond UCITS ETF USD (Dist),ETF,XETRA,51,1,down,5.2606,83.326,2026-09-17,1.10379,USD
GTY.XETRA,Gateway Real Estate AG,COMMON STOCK,XETRA,2,2,up,0.0000,0.325,2020-05-13,0.3,EUR
IFLX.XETRA,iShares € Flexible Income Bond Active UCITS ETF EUR (Dist),ETF,XETRA,6,2,up,4.4410,4.8795,2026-07-16,0.0563,EUR
EXV1.XETRA,iShares STOXX Europe 600 Banks UCITS ETF (DE),ETF,XETRA,60,4,up,3.9015,42.37,2026-10-15,0.2112,EUR
IB28.XETRA,iShares iBonds Dec 2028 Term € Corp UCITS ETF EUR Inc,ETF,XETRA,13,1,down,3.0505,5.091,2026-09-17,0.0386,EUR
IQQG.XETRA,iShares EURO Total Market Growth Large UCITS,ETF,XETRA,39,1,down,0.9334,69.64,2026-06-18,0.524,EUR
IBCN.XETRA,iShares Euro Government Bond 3-5Yr UCITS,ETF,XETRA,16,1,down,2.4881,155.925,2026-05-21,1.9033,EUR
IQQN.XETRA,iShares MSCI North America UCITS,ETF,XETRA,51,1,down,0.5762,125.14,2026-09-17,0.17413,EUR
IS0S.XETRA,iShares Emerging Asia Local Government Bond UCITS,ETF,XETRA,23,3,up,0.0000,72.682,2025-07-17,1.27379,EUR
IS3C.XETRA,iShares J.P. Morgan Emerging Markets Bond EUR Hedged UCITS,ETF,XETRA,104,1,down,0.0000,64.362,2023-08-17,0.28,EUR
IUSU.XETRA,iShares $ Treasury Bond 1-3yr UCITS ETF USD (Dist),ETF,XETRA,23,1,down,3.8971,109.76,2026-09-17,2.12354,USD
JEBE.XETRA,JPM EUR IG Corporate Bond Active UCITS ETF - EUR (dist),ETF,XETRA,4,2,up,3.2213,96.974,2026-07-09,1.5383,EUR
JEEG.XETRA,JPM EUR Government Bond Active UCITS ETF - EUR (dist),ETF,XETRA,3,2,up,2.1273,9.533,2026-07-09,0.1442,EUR
H4ZP.XETRA,HSBC MSCI China UCITS ETF,ETF,XETRA,27,1,down,1.8554,6.348,2026-08-06,0.0658,EUR
JGLP.XETRA,JPM Global Equity Multi-Factor UCITS ETF - USD (dist),ETF,XETRA,3,1,new,1.5113,25.12,2026-07-09,0.14507,USD
JSDM.XETRA,JPM Global Emerging Markets Research Enhanced Index Equity SRI Paris Aligned Active UCITS ETF - USD (dist),ETF,XETRA,5,1,down,1.1694,35.635,2026-07-09,0.17179,USD
INR.XETRA,International Consolidated Airlines Group S.A.,COMMON STOCK,XETRA,5,1,down,1.9238,5.094,2026-06-25,0.05,GBP
KHNZ.XETRA,Kraft Heinz Co,COMMON STOCK,XETRA,27,1,down,6.7671,20.79,2026-09-04,0.35172,USD
KTN.XETRA,Kontron AG,COMMON STOCK,XETRA,15,2,up,0.0000,20.2,2025-06-17,0.6,EUR
LASI.XETRA,Lyxor MSCI AC Asia Ex Japan UCITS ETF - Acc-EUR,ETF,XETRA,3,3,up,0.0000,202.95,2011-12-07,1.66,EUR
KSB.XETRA,KSB SE & Co. KGaA,COMMON STOCK,XETRA,29,6,flat,3.0251,876,2026-05-08,26.5,EUR
H4ZJ.XETRA,HSBC MSCI World UCITS ETF,ETF,XETRA,89,1,down,1.1448,43.463,2026-07-30,0.16934,EUR
KSC.XETRA,Kps AG,COMMON STOCK,XETRA,14,1,down,0.0000,0.25,2023-05-11,0.1,EUR
LGGM.XETRA,L&G Emerging Markets Quality Dividends Equal Weight UCITS ETF Dist,ETF,XETRA,21,1,down,3.3284,11.778,2026-09-10,0.17595,EUR
H410.XETRA,HSBC MSCI Emerging Markets UCITS EUR,ETF,XETRA,51,1,down,1.6092,14.9525,2026-07-30,0.08789,EUR
LGWT.XETRA,Amundi MSCI Europe Growth UCITS ETF Dist,ETF,XETRA,19,2,up,1.1080,211.2,2025-12-09,2.34,EUR
LQAG.XETRA,Laiqon AG,COMMON STOCK,XETRA,5,2,up,0.0000,4.49,2017-05-25,0.15942,EUR
LTCM.XETRA,Multi Units Luxembourg - Amundi STOXX Europe 600 Telecommunications UCITS ETF Acc,ETF,XETRA,2,2,up,0.0000,50.45,2010-09-13,1.38,EUR
FNTN.XETRA,freenet AG,COMMON STOCK,XETRA,18,5,up,8.8841,23.3,2026-05-14,2.07,EUR
LTVL.XETRA,Amundi STOXX Europe 600 Consumer Discretionary UCITS ETF Acc,ETF,XETRA,3,2,up,0.0000,25.315,2011-07-06,0.31,EUR
LYXE.XETRA,Amundi USD High Yield Corporate Bond ESG UCITS ETF EUR Hedged Dis,ETF,XETRA,2,2,up,5.5495,73.16,2025-12-09,4.06,USD
LYYA.XETRA,Lyxor MSCI World UCITS ETF,ETF,XETRA,30,1,down,1.0942,433.18,2025-12-09,4.74,EUR
M12.XETRA,M1 Kliniken AG,COMMON STOCK,XETRA,7,7,up,5.8537,20.5,2026-07-09,1.2,EUR
MDO.XETRA,McDonald's Corporation,COMMON STOCK,XETRA,91,1,down,3.1742,206.1,2026-09-01,1.6355,EUR
MMM.XETRA,3M Company,COMMON STOCK,XETRA,54,1,down,1.8233,148.05,2026-08-24,0.68585,USD
MRVY.XETRA,IncomeShares Marvell Technology (MRVL) Options ETP,ETF,XETRA,5,1,new,51.4839,10.644,2026-08-03,1.00921,EUR
MSF.XETRA,Microsoft Corporation,COMMON STOCK,XETRA,91,1,down,0.7143,447.9,2026-08-20,0.7998,USD
MTDD.XETRA,MULTI-UNITS LUXEMBOURG - Lyxor Euro Government Bond 7-10Y (DR) UCITS ETF 2,ETF,XETRA,11,3,up,2.7989,146.485,2025-12-09,4.1,EUR
NVD.XETRA,NVIDIA Corporation,COMMON STOCK,XETRA,39,10,up,0.2258,202.35,2026-09-10,0.21968,USD
P4O.XETRA,Plan Optik AG,COMMON STOCK,XETRA,3,1,down,0.0000,9.98,2014-06-26,0.03,EUR
PAT.XETRA,Patrizia AG,COMMON STOCK,XETRA,11,5,up,5.2786,6.82,2026-06-11,0.36,EUR
NADB.XETRA,MULTI-UNITS LUXEMBOURG - Lyxor Euro Government Bond 10-15Y (DR) UCITS ETF,ETF,XETRA,11,3,up,2.8193,130.175,2025-12-09,3.67,EUR
PDSE.XETRA,PowerShares Preferred Shares UCITS EUR Hedged Dist,ETF,XETRA,34,1,down,6.0893,11.558,2026-09-10,0.1742,EUR
PFE.XETRA,Pfizer Inc,COMMON STOCK,XETRA,116,1,down,6.0130,25.135,2026-07-24,0.37784,USD
QH9.XETRA,ADTRAN Holdings Inc.,COMMON STOCK,XETRA,17,3,up,0.0000,6.004,2023-08-18,0.07915,USD
QRUW.XETRA,CT QR Series US Equity Active UCITS ETF - Inc USD,ETF,XETRA,1,1,new,0.2318,9.576,2026-06-12,0.0222,USD
QUED.XETRA,BNP Paribas Easy ESG Equity Quality Europe UCITS ETF Dis,ETF,XETRA,9,2,up,2.1052,154.38,2026-04-24,3.25,EUR
R66.XETRA,Phillips 66,COMMON STOCK,XETRA,33,2,up,1.9634,224.4,2026-08-18,1.11684,USD
SEAD.XETRA,UBS (Lux) Fund Solutions - J.P. Morgan USD EM Diversified Bond 1-5 ETF,ETF,XETRA,14,2,up,7.0825,9.1436,2026-08-13,0.2716,USD
OBS.XETRA,Orbis AG,COMMON STOCK,XETRA,16,3,flat,2.1277,4.7,2026-05-29,0.1,EUR
MTX.XETRA,MTU Aero Engines AG,COMMON STOCK,XETRA,22,3,up,0.9780,368.1,2026-05-08,3.6,EUR
SAX.XETRA,Ströer SE & Co. KGaA,COMMON STOCK,XETRA,14,1,down,5.0964,36.3,2026-06-04,1.85,EUR
SDF.XETRA,K+S Aktiengesellschaft,COMMON STOCK,XETRA,29,1,down,0.4470,15.66,2026-05-13,0.07,EUR
SIX2.XETRA,Sixt SE,COMMON STOCK,XETRA,27,2,up,4.6377,69,2026-06-18,3.2,EUR
SND.XETRA,Schneider Electric S.E.,COMMON STOCK,XETRA,30,9,up,1.4453,290.6,2026-05-11,4.2,EUR
SPFU.XETRA,SPDR® Bloomberg Global Aggregate Bond UCITS ETF USD Hedged,ETF,XETRA,17,6,up,3.3706,29.333,2026-08-03,0.5047,USD
SPYD.XETRA,SPDR® S&P US Dividend Aristocrats UCITS ETF Dis EUR,ETF,XETRA,60,1,down,2.1011,71.76,2026-09-21,0.37166,EUR
SPYW.XETRA,SPDR S&P Euro Dividend Aristocrats UCITS ETF,ETF,XETRA,29,7,up,3.7432,29.905,2026-09-21,0.9669,EUR
RDEB.XETRA,RELX PLC,COMMON STOCK,XETRA,27,11,up,2.7605,29.1,2026-08-06,0.24367,GBP
SVE.XETRA,Shareholder Value Beteiligungen AG,COMMON STOCK,XETRA,4,2,flat,0.0000,79.5,2008-05-08,0.6,EUR
SZG.XETRA,Salzgitter AG,COMMON STOCK,XETRA,28,2,flat,0.3883,51.5,2026-06-04,0.2,EUR
SYBA.XETRA,SPDR Barclays Euro Aggregate Bond UCITS,ETF,XETRA,31,5,up,2.5406,52.31,2026-08-03,0.6912,EUR
SYBK.XETRA,SPDR Barclays 0-5 Year US High Yield Bond UCITS,ETF,XETRA,26,1,down,7.1967,34.283,2026-08-03,1.21522,EUR
SLMD.XETRA,iShares MSCI Europe ESG Screened UCITS ETF EUR (Dist),ETF,XETRA,16,1,down,2.4873,8.881,2026-06-18,0.1666,EUR
RTC.XETRA,RealTech AG,COMMON STOCK,XETRA,8,1,down,0.0000,1.03,2012-05-23,0.3,EUR
SYBR.XETRA,SPDR Barclays 3-10 U.S. Corporate Bond UCITS,ETF,XETRA,22,1,down,4.7442,25.242,2026-08-03,0.60943,EUR
TAEH.XETRA,Tabula Haitong Asia ex-Japan High Yield Corp USD Bond ESG UCITS ETF (USD) EUR-Hedged Dist,ETF,XETRA,10,1,down,7.3158,5.5332,2026-06-25,0.2293,USD
SYBY.XETRA,SPDR Barclays U.S. TIPS UCITS,ETF,XETRA,20,2,up,6.1046,23.707,2026-08-03,0.9518,EUR
TIGR.XETRA,L&G India INR Government Bond UCITS ETF USD Distributing EUR,ETF,XETRA,10,1,down,6.0159,6.6314,2026-07-16,0.2107,USD
SYBL.XETRA,SPDR Barclays Capital 15+ Year Gilt,ETF,XETRA,26,6,up,5.4550,37.26,2026-08-03,1.02829,EUR
TRDE.XETRA,Invesco US Treasury Bond 7-10 Year UCITS ETF EUR Hedged Dist,ETF,XETRA,29,1,down,4.6103,28.469,2026-09-10,0.3332,EUR
TSLI.XETRA,IncomeShares Tesla TSLA Options ETP EUR,ETF,XETRA,24,1,down,86.7029,2.9368,2026-09-01,0.12435,EUR
TTO.XETRA,TTL Beteiligungs- und Grundbesitz-AG,COMMON STOCK,XETRA,10,3,flat,0.0000,0.0145,2023-05-29,0.2,EUR
TUI1.XETRA,TUI AG,COMMON STOCK,XETRA,32,1,down,1.5110,6.618,2026-02-11,0.1,EUR
UCRH.XETRA,Amundi Index Solutions - Amundi Index US Corp SRI UCITS ETF DR Hedged EUR Inc,ETF,XETRA,5,3,up,4.3176,37.289,2025-12-09,1.61,EUR
UEF7.XETRA,UBS Barclays US Liquid Corporates 1-5Yr UCITS,ETF,XETRA,24,1,down,4.5355,11.7415,2026-08-13,0.26281,EUR
UEFD.XETRA,UBS(Lux)Fund Solutions – MSCI EMU Small Cap UCITS ETF(EUR)A-dis,ETF,XETRA,28,1,down,2.4133,150.36,2026-08-13,3.6287,EUR
UIMP.XETRA,UBS MSCI USA Socially Responsible UCITS,ETF,XETRA,26,1,down,0.4346,259.4,2026-08-13,0.87045,EUR
UN0.XETRA,Uniper SE,COMMON STOCK,XETRA,7,1,down,1.6143,44.6,2026-05-21,0.72,EUR
UIMT.XETRA,UBS ETF SICAV - MSCI Pacific Socially Responsible UCITS ETF,ETF,XETRA,30,1,down,1.3795,88.25,2026-08-13,0.73628,EUR
MBG.XETRA,Mercedes-Benz Group AG,COMMON STOCK,XETRA,32,1,down,8.4480,41.43,2026-04-17,3.5,EUR
USAB.XETRA,L&G ESG USD Corporate Bond UCITS ETF EUR,ETF,XETRA,11,1,down,4.9227,7.2554,2026-07-16,0.18081,USD
UZU.XETRA,Uzin Utz AG,COMMON STOCK,XETRA,28,4,flat,2.7616,68.8,2026-05-14,1.9,EUR
VEDD.XETRA,Vanguard FTSE Developed Europe Small-Cap UCITS ETF Distributing,ETF,XETRA,2,1,new,1.0731,5.133,2026-09-17,0.03085,EUR
V3AL.XETRA,Vanguard ESG Global All Cap UCITS ETF (USD) Distributing,ETF,XETRA,22,1,down,1.1172,7.192,2026-09-17,0.01712,USD
VERX.XETRA,Vanguard FTSE Developed Europe ex UK UCITS,ETF,XETRA,36,1,down,2.5723,49.38,2026-09-17,0.12683,EUR
VFEM.XETRA,Vanguard FTSE Emerging Markets UCITS,ETF,XETRA,36,1,down,2.1064,71.79,2026-09-17,0.50804,EUR
VG80.XETRA,Varengold Bank AG,COMMON STOCK,XETRA,1,1,new,0.0000,2.66,2011-08-04,0.1235,EUR
VGVE.XETRA,Vanguard FTSE Developed World UCITS ETF USD Distributing,ETF,XETRA,36,1,down,1.2487,126.82,2026-09-17,0.3226,USD
VGTY.XETRA,Vanguard USD Treasury Bond UCITS USD,ETF,XETRA,107,1,down,4.2705,18.007,2026-09-17,0.06099,USD
VIH1.XETRA,VIB Vermögen AG,COMMON STOCK,XETRA,22,3,flat,1.1429,3.5,2026-09-01,0.04,EUR
VITD.XETRA,Vanguard U.S. Treasury 3-7 Year Bond UCITS ETF - (USD) Distributing,ETF,XETRA,11,2,up,3.3337,83.324,2026-09-17,0.27053,USD
VLDP.XETRA,Vanguard U.S. Treasury 7-10 Year Bond UCITS ETF - (USD) Distributing,ETF,XETRA,11,2,up,3.6622,81.192,2026-09-17,0.29305,USD
VNRT.XETRA,Vanguard FTSE North America UCITS,ETF,XETRA,36,1,down,0.8690,164.64,2026-09-17,0.35054,EUR
VOW.XETRA,Volkswagen AG,COMMON STOCK,XETRA,35,1,down,7.3136,71.1,2026-06-19,5.2,EUR
VUDY.XETRA,Vanguard U.S. Treasury 1-3 Year Bond UCITS ETF - (USD) Distributing,ETF,XETRA,11,2,up,3.1693,86.08,2026-09-17,0.27349,USD
VUKE.XETRA,Vanguard FTSE 100 UCITS GBP Inc,ETF,XETRA,36,1,down,3.0873,53.98,2026-09-17,0.46132,EUR
VUSA.XETRA,Vanguard S&P 500 UCITS ETF EUR,ETF,XETRA,36,1,down,0.8537,127.985,2026-09-17,0.26955,EUR
VVV3.XETRA,ÖKOWORLD AG,COMMON STOCK,XETRA,20,1,down,7.4340,26.5,2026-06-22,1.97,EUR
VWSB.XETRA,Vestas Wind Systems A/S,COMMON STOCK,XETRA,13,3,up,0.3698,26.74,2026-04-09,0.09889,DKK
PUM.XETRA,PUMA SE,COMMON STOCK,XETRA,33,1,down,0.0000,22.87,2025-05-22,0.61,EUR
VX6F.XETRA,Vanguard U.K. Gilt UCITS ETF (GBP) Accumulating,ETF,XETRA,1,1,new,0.0000,23.443,2025-05-22,0.08777,EUR
VXT.XETRA,VIDINEXT AG,COMMON STOCK,XETRA,4,2,up,0.0000,0.125,2025-09-16,0.85624,CHF
SAP.XETRA,SAP SE,COMMON STOCK,XETRA,32,4,up,1.3585,184.02,2026-05-06,2.5,EUR
WEBP.XETRA,Amundi S&P 500 Climate Paris Aligned UCITS ETF Dist,ETF,XETRA,2,1,down,0.7318,29.245,2026-02-10,0.21402,EUR
WELV.XETRA,Amundi S&P Global Materials ESG UCITS ETF DR EUR Inc,ETF,XETRA,4,1,down,1.4447,14.328,2026-02-10,0.207,EUR
WTEE.XETRA,WisdomTree Europe Equity Income UCITS ETF,ETF,XETRA,16,1,down,4.4054,16.43,2026-07-02,0.3883,EUR
WTDI.XETRA,WisdomTree AT1 CoCo Bond UCITS ETF - USD,ETF,XETRA,24,1,down,5.8741,77.01,2026-07-02,1.14778,USD
X03B.XETRA,Xtrackers II Eurozone Government Bond 1-3 UCITS ETF 1D,ETF,XETRA,16,5,up,1.8105,156.41,2026-08-19,1.5531,EUR
X03C.XETRA,Xtrackers II Eurozone Government Bond 3-5 UCITS ETF 1D,ETF,XETRA,16,4,up,2.5222,178.865,2026-08-19,2.3419,EUR
WEBA.XETRA,Amundi US Tech 100 Equal Weight UCITS ETF DR USD Income EUR,ETF,XETRA,4,4,up,0.6538,16.174,2026-02-10,0.10575,USD
XASX.XETRA,Xtrackers - Xtrackers MSCI UK ESG UCITS ETF 1D,ETF,XETRA,27,1,down,3.1494,5.892,2026-08-19,0.05729,EUR
XB30.XETRA,Xtrackers II Target Maturity Sept 2030 EUR Corporate Bond UCITS ETF,ETF,XETRA,7,1,down,1.2562,35.025,2026-08-19,0.11,EUR
XASB.XETRA,Xtrackers II Salam USD Global Aggregate Sukuk UCITS ETF 1D,ETF,XETRA,3,1,new,3.2870,23.142,2026-08-19,0.26545,USD
XBAG.XETRA,Xtrackers II ESG Global Aggregate Bond ETF 5C - EUR Hedged,ETF,XETRA,25,1,down,3.1185,32.916,2026-08-19,0.261,EUR
XEOD.XETRA,Xtrackers II - EUR Cash Swap UCITS ETF,ETF,XETRA,25,1,down,1.8436,126.972,2026-08-19,0.60707,EUR
XGEZ.XETRA,Xtrackers II Eurozone Government Green Bond UCITS ETF 1D EUR,ETF,XETRA,15,1,down,2.2734,31.266,2026-08-19,0.1823,EUR
XMVE.XETRA,db x-trackers MSCI EMU Minimum Volatility UCITS,ETF,XETRA,14,4,up,2.5338,39.47,2026-08-19,0.7851,EUR
XUHY.XETRA,Xtrackers USD High Yield Corporate Bond UCITS,ETF,XETRA,24,1,down,6.8531,10.944,2026-08-19,0.18554,EUR
XWD1.XETRA,Xtrackers MSCI World Swap UCITS ETF 1D USD,ETF,XETRA,2,2,up,0.0000,26.287,2023-02-08,0.14649,USD
XUCD.XETRA,Xtrackers MSCI USA Consumer Discretionary UCITS ETF 1D,ETF,XETRA,15,3,up,0.5159,79.96,2026-08-19,0.22284,EUR
XU10.XETRA,Xtrackers II US Treasuries 7-10 UCITS ETF,ETF,XETRA,5,3,up,4.1859,25.636,2026-08-19,0.5418,EUR
XZDU.XETRA,Xtrackers MSCI USA High Dividend Yield ESG UCITS ETF 1D USD Income EUR,ETF,XETRA,11,1,down,1.3031,38.345,2026-08-19,0.12192,USD
ZIL2.XETRA,Elringklinger AG NA O.N.,COMMON STOCK,XETRA,26,5,flat,2.9126,5.15,2026-05-13,0.15,EUR
ZEG.XETRA,AstraZeneca PLC,COMMON STOCK,XETRA,57,1,down,1.7234,160.7,2026-08-06,0.9261,GBP
ZSRI.XETRA,BNP Paribas Easy MSCI Europe SRI S-Series PAB 5% Capped UCITS ETF Distribution,ETF,XETRA,9,1,down,2.3795,33.2,2026-04-24,0.79,EUR
ZPD3.XETRA,SPDR® S&P® Global Dividend Aristocrats ESG UCITS ETF,ETF,XETRA,29,1,down,3.5292,20.84,2026-08-03,0.27784,EUR
ZPRA.XETRA,SPDR® S&P Pan Asia Dividend Aristocrats UCITS ETF EUR,ETF,XETRA,27,4,up,2.9276,50.07,2026-08-03,0.8963,EUR
63MOONS.NSE,63 moons technologies limited,COMMON STOCK,NSE,49,2,up,0.2443,818.6,2026-09-16,2,INR
AKASH.NSE,Akash Infra-Projects Limited,COMMON STOCK,NSE,5,2,flat,0.0000,25.02,2022-09-15,0.1,INR
ACC.NSE,ACC Limited,COMMON STOCK,NSE,35,3,flat,0.6180,1213.5,2026-06-12,7.5,INR
AMDIND.NSE,AMD Industries Limited,COMMON STOCK,NSE,11,2,up,0.0000,56.65,2022-09-21,0.75,INR
APLLTD.NSE,Alembic Pharmaceuticals Limited,COMMON STOCK,NSE,15,4,up,1.4046,854.35,2026-07-29,12,INR
AMBIKCO.NSE,Ambika Cotton Mills Limited,COMMON STOCK,NSE,21,7,flat,2.3597,1568,2026-09-22,37,INR
AEGISLOG.NSE,Aegis Logistics Limited,COMMON STOCK,NSE,48,1,down,0.5122,1308.1,2026-07-10,6.7,INR
ACE.NSE,Action Construction Equipment Limited,COMMON STOCK,NSE,22,13,flat,0.1649,1212.9,2026-09-03,2,INR
ABLBL.NSE,ADITYA BIRLA LIFESTYLE BRANDS LTD,COMMON STOCK,NSE,1,1,new,0.6479,77.17,2026-08-07,0.5,INR
AMBER.NSE,Amber Enterprises India Limited,COMMON STOCK,NSE,2,2,flat,0.0000,6990,2020-03-26,1.6,INR
21STCENMGM.NSE,21st Century Management Services Limited,COMMON STOCK,NSE,2,2,flat,0.0000,39.64,2024-07-25,2.5,INR
AARTISURF.NSE,Aarti Surfactants Limited,COMMON STOCK,NSE,3,2,flat,0.2003,499.25,2026-09-22,1,INR
AKUMS.NSE,Akums Drugs and Pharmaceutical,COMMON STOCK,NSE,1,1,new,0.3750,799.95,2026-07-02,3,INR
ARE&M.NSE,Amara Raja Batteries Limited,COMMON STOCK,NSE,33,1,down,1.3678,774.95,2026-07-27,5.2,INR
ARIES.NSE,Aries Agro Limited,COMMON STOCK,NSE,19,7,up,0.5313,470.5,2026-09-22,2.5,INR
ASTRAZEN.NSE,AstraZeneca Pharma India Limited,COMMON STOCK,NSE,19,8,up,0.5732,6280,2026-07-31,36,INR
AMJLAND.NSE,Amj Land Holdings Limited,COMMON STOCK,NSE,25,7,flat,0.5256,38.05,2026-08-24,0.2,INR
ATLANTAA.NSE,Atlantaa Limited,COMMON STOCK,NSE,9,9,flat,0.0000,35.32,2017-07-21,0.3,INR
ASHIANA.NSE,Ashiana Housing Limited,COMMON STOCK,NSE,21,4,flat,0.6430,388.8,2026-09-22,1.5,INR
AUTOAXLES.NSE,Automotive Axles Limited,COMMON STOCK,NSE,29,2,up,1.8944,1689.2,2026-08-05,32,INR
BAIDFIN.NSE,Baid Finserv Limited,COMMON STOCK,NSE,4,4,up,0.9425,10.61,2026-09-16,0.1,INR
BHARATGEAR.NSE,Bharat Gears Limited,COMMON STOCK,NSE,9,3,up,1.0018,99.82,2026-08-06,1,INR
BCONCEPTS.NSE,Brand Concepts Limited,COMMON STOCK,NSE,2,1,new,0.0000,146.02,2023-10-18,0.5,INR
BIRET.NSE,Brookfield India Real Estate Trust,COMMON STOCK,NSE,21,1,down,6.4393,337.77,2026-08-13,5.6,INR
BLS.NSE,BLS International Services Limited,COMMON STOCK,NSE,18,6,up,1.1301,221.22,2026-09-16,0.5,INR
AARTIIND.NSE,Aarti Industries Limited,COMMON STOCK,NSE,51,3,flat,0.2098,476.6,2026-09-11,1,INR
BMWVENTLTD.NSE,BMW VENTURES LIMITED,COMMON STOCK,NSE,1,1,new,2.9183,51.4,2026-02-10,1.5,INR
BLSE.NSE,BLS E-Services Limited,COMMON STOCK,NSE,3,2,flat,0.3119,320.65,2026-09-08,0.5,INR
BOROLTD.NSE,Borosil Limited,COMMON STOCK,NSE,1,1,new,0.0000,280.8,2021-08-17,1,INR
BOMDYEING.NSE,Bombay Dyeing & Mfg Company Limited,COMMON STOCK,NSE,28,1,down,0.3725,107.39,2026-07-31,0.4,INR
CEATLTD.NSE,CEAT Limited,COMMON STOCK,NSE,18,5,up,1.0688,3274.7,2026-07-31,35,INR
COHANCE.NSE,Cohance Lifesciences Limited,COMMON STOCK,NSE,5,2,up,0.0000,453.3,2022-09-09,6,INR
CLEDUCATE.NSE,CL Educate Limited,COMMON STOCK,NSE,2,2,flat,0.0000,54.28,2019-11-22,0.25,INR
CAPITALSFB.NSE,Capital Small Finance Bank Limited,COMMON STOCK,NSE,3,3,up,1.7844,280.2,2026-06-18,5,INR
CHOLAFIN.NSE,Cholamandalam Investment and Finance Company Limited,COMMON STOCK,NSE,39,7,flat,0.1224,1634.2,2026-07-21,0.7,INR
CORDSCABLE.NSE,Cords Cable Industries Limited,COMMON STOCK,NSE,6,6,up,0.3621,331.4,2026-09-21,1.2,INR
COMPINFO.NSE,Compuage Infocom Limited,COMMON STOCK,NSE,12,3,flat,0.0000,1.08,2022-08-22,0.1934,INR
CPPLUS.NSE,Aditya Infotech Limited,COMMON STOCK,NSE,1,1,new,0.0440,3723.4,2026-07-20,1.64,INR
BIRLAMONEY.NSE,Aditya Birla Money Limited,COMMON STOCK,NSE,1,1,new,0.0000,115.31,2008-09-05,0.1,INR
CRISIL.NSE,CRISIL Limited,COMMON STOCK,NSE,80,1,down,1.3547,4650.6,2026-07-27,10,INR
CSLFINANCE.NSE,CSL Finance Limited,COMMON STOCK,NSE,5,5,up,4.7154,212.07,2026-09-11,10,INR
DBCORP.NSE,D.B.Corp Limited,COMMON STOCK,NSE,35,2,up,3.9205,178.55,2026-07-23,5,INR
CYBERMEDIA.NSE,Cyber Media (India) Limited,COMMON STOCK,NSE,4,1,down,0.0000,19.18,2008-08-22,0.47051,INR
CYIENT.NSE,Cyient Limited,COMMON STOCK,NSE,35,4,flat,1.4783,1082.3,2025-10-24,16,INR
CINELINE.NSE,Cineline India Limited,COMMON STOCK,NSE,5,2,up,1.4201,88.02,2026-09-16,1.25,INR
DCW.NSE,DCW Limited,COMMON STOCK,NSE,19,2,up,0.6409,46.81,2026-09-18,0.2,INR
DCI.NSE,Dc Infotech And Communication Limited,COMMON STOCK,NSE,1,1,new,0.0306,326.65,2026-09-11,0.1,INR
DCBBANK.NSE,DCB Bank Limited,COMMON STOCK,NSE,8,8,up,0.6989,207.46,2026-06-12,1.45,INR
DEEPAKNTR.NSE,Deepak Nitrite Limited,COMMON STOCK,NSE,16,6,flat,0.4836,1550.8,2026-07-27,7.5,INR
BBOX.NSE,Black Box Limited,COMMON STOCK,NSE,11,2,flat,0.1277,783.15,2026-08-28,1,INR
DCAL.NSE,Dishman Carbogen Amcis Limited,COMMON STOCK,NSE,1,1,new,0.0000,164.27,2019-09-12,0.2,INR
DPABHUSHAN.NSE,D. P. Abhushan Limited,COMMON STOCK,NSE,2,2,flat,0.0000,1388.2,2023-09-22,1,INR
DOMS.NSE,DOMS Industries Limited,COMMON STOCK,NSE,3,3,up,0.1784,2046.5,2026-08-27,3.65,INR
EASF.NSE,ESAF Small Finance Bank Limited,COMMON STOCK,NSE,1,1,new,0.0000,43,2024-08-07,0.7,INR
DIAMINESQ.NSE,DIAMINES AND CHEMICALS ORD (BSE),COMMON STOCK,NSE,2,1,down,0.0000,240.18,2025-08-28,1,INR
ELECTHERM.NSE,Electrotherm (India) Limited,COMMON STOCK,NSE,3,3,flat,0.0000,806.65,2010-09-16,2.5,INR
ENRIN.NSE,Siemens Energy India Limited,COMMON STOCK,NSE,1,1,new,0.1254,3189,2026-01-30,4,INR
EDELWEISS.NSE,Edelweiss Financial Services Limited,COMMON STOCK,NSE,31,5,flat,1.1074,135.45,2026-09-11,1.5,INR
ESCORTS.NSE,Escorts Kubota Limited,COMMON STOCK,NSE,28,5,up,1.8608,2740.7,2026-07-03,33,INR
EUROPRATIK.NSE,EURO PRATIK SALES LIMITED,COMMON STOCK,NSE,1,1,new,0.0969,206.4,2026-03-27,0.2,INR
ELDEHSG.NSE,Eldeco Housing And Industries Limited,COMMON STOCK,NSE,5,5,flat,1.1895,756.6,2026-09-16,9,INR
DEEPAKFERT.NSE,Deepak Fertilizers and Petrochemicals Corporation Limited,COMMON STOCK,NSE,28,3,flat,0.7405,1350.5,2026-08-25,10,INR
DHARAN.NSE,Dharan Infra-EPC Limited,COMMON STOCK,NSE,2,1,new,0.0000,0.14,2021-08-12,0.0025,INR
FLAIR.NSE,Flair Writing Industries Limited,COMMON STOCK,NSE,3,2,flat,0.4254,235.06,2026-08-19,0.5,INR
FMGOETZE.NSE,Federal-Mogul Goetze (India) Limited.,COMMON STOCK,NSE,5,5,up,20.4949,458.65,2026-09-04,94,INR
GESHIP.NSE,The Great Eastern Shipping Company Limited,COMMON STOCK,NSE,25,2,up,2.7586,1533.4,2026-08-07,14.4,INR
DELPHIFX.NSE,DELPHI WORLD MONEY LIMITED,COMMON STOCK,NSE,8,1,down,0.0000,6.51,2018-07-30,0.06203,INR
GLOBAL.NSE,Global Education Limited,COMMON STOCK,NSE,24,1,down,0.7484,133.61,2026-07-17,0.5,INR
GILLANDERS.NSE,Gillanders Arbuthnot & Company Limited,COMMON STOCK,NSE,5,1,down,0.0000,107.38,2014-08-04,0.75,INR
GOKUL.NSE,Gokul Refoils and Solvent Limited,COMMON STOCK,NSE,4,1,down,0.0000,39.47,2011-09-16,0.22,INR
GOLDIAM.NSE,Goldiam International Limited,COMMON STOCK,NSE,33,3,up,0.6598,312.6,2026-02-12,2.0625,INR
GPIL.NSE,Godawari Power And Ispat limited,COMMON STOCK,NSE,22,2,flat,0.4435,225.46,2026-08-14,1,INR
GRAPHITE.NSE,Graphite India Limited,COMMON STOCK,NSE,28,1,down,0.8761,799,2026-07-20,7,INR
GRINDWELL.NSE,Grindwell Norton Limited,COMMON STOCK,NSE,22,3,up,0.9905,1918.2,2026-07-10,19,INR
GUJAPOLLO.NSE,Gujarat Apollo Industries Limited,COMMON STOCK,NSE,20,6,flat,0.5857,341.45,2026-09-21,2,INR
HECPROJECT.NSE,HEC Infra Projects Limited,COMMON STOCK,NSE,2,2,flat,0.0000,112.86,2018-09-19,0.2,INR
HESTERBIO.NSE,Hester Biosciences Limited,COMMON STOCK,NSE,17,3,up,0.5123,2147.3,2026-07-14,11,INR
HIMATSEIDE.NSE,Himatsingka Seide Limited,COMMON STOCK,NSE,26,3,flat,0.3780,66.13,2026-09-17,0.25,INR
HEXATRADEX.NSE,Hexa Tradex Limited,COMMON STOCK,NSE,1,1,new,0.0000,155,2013-05-09,1.2,INR
GRASIM.NSE,Grasim Industries Limited,COMMON STOCK,NSE,25,7,flat,0.3175,3150,2026-08-07,10,INR
HDFCAMC.NSE,HDFC Asset Management Company Limited,COMMON STOCK,NSE,9,8,up,2.3455,2302.3,2026-06-05,54,INR
HPL.NSE,HPL Electric & Power Limited,COMMON STOCK,NSE,10,7,flat,0.3691,270.95,2026-09-17,1,INR
HUBTOWN.NSE,Hubtown Limited,COMMON STOCK,NSE,9,3,flat,0.0000,167.87,2014-09-17,1,INR
IDFCFIRSTB.NSE,IDFC First Bank Limited,COMMON STOCK,NSE,5,2,flat,0.3104,80.55,2026-08-07,0.25,INR
GENCON.NSE,Generic Engineering Construction and Projects Limited,COMMON STOCK,NSE,3,3,flat,0.0000,37.75,2023-09-22,0.05,INR
HFCL.NSE,HFCL Limited,COMMON STOCK,NSE,8,2,up,0.0971,205.92,2026-09-22,0.2,INR
HAPPSTMNDS.NSE,Happiest Minds Technologies Limited,COMMON STOCK,NSE,12,1,down,2.0837,307.15,2026-07-17,3.65,INR
GODREJCP.NSE,Godrej Consumer Products Limited,COMMON STOCK,NSE,22,1,down,2.3041,868,2026-08-13,5,INR
IIFLCAPS.NSE,IIFL Capital Services Limited,COMMON STOCK,NSE,7,6,flat,0.8729,343.7,2026-02-16,3,INR
IL&FSENGG.NSE,IL&FS Engineering and Construction Company Limited,COMMON STOCK,NSE,1,1,new,0.0000,38.55,2008-09-19,1.5,INR
INDIANB.NSE,Indian Bank,COMMON STOCK,NSE,21,6,up,2.2743,802.45,2026-06-10,18.25,INR
INDIGOPNTS.NSE,Indigo Paints Limited,COMMON STOCK,NSE,5,5,up,0.4505,1110,2026-09-04,5,INR
INDOBORAX.NSE,Indo Borax & Chemicals Limited,COMMON STOCK,NSE,5,5,up,8.3761,477.55,2026-07-21,40,INR
INDIGRID-IV.NSE,India Grid Trust,COMMON STOCK,NSE,34,1,down,6.9553,172.53,2026-05-19,4,INR
INDOTECH.NSE,Indo Tech Transformers Limited,COMMON STOCK,NSE,6,2,up,0.3191,3133.7,2026-09-16,10,INR
INNOVACAP.NSE,Innova Captab Limited,COMMON STOCK,NSE,1,1,new,0.1573,1271.2,2026-01-30,2,INR
INSPIRISYS.NSE,Inspirisys Solutions Limited,COMMON STOCK,NSE,6,1,down,0.0000,84.99,2012-12-11,1.5,INR
IRFC.NSE,Indian Railway Finance Corporation Limited,COMMON STOCK,NSE,11,1,down,2.6735,78.55,2026-03-13,1.05,INR
IVP.NSE,IVP Limited,COMMON STOCK,NSE,24,4,up,0.6546,229.16,2026-07-30,1.5,INR
J&KBANK.NSE,The Jammu & Kashmir Bank Limited,COMMON STOCK,NSE,18,3,flat,0.0000,142.25,2025-08-19,2.15,INR
JGCHEM.NSE,J.G.CHEMICALS LIMITED,COMMON STOCK,NSE,2,2,up,0.1772,620.8,2026-09-23,1.1,INR
JAMNAAUTO.NSE,Jamna Auto Industries Limited,COMMON STOCK,NSE,30,1,down,1.7898,139.68,2026-09-22,1.5,INR
JIOFIN.NSE,JIO Financial Services Ltd,COMMON STOCK,NSE,2,2,up,0.2721,220.5,2026-08-10,0.6,INR
JLHL.NSE,Jupiter Life Line Hospitals Limited,COMMON STOCK,NSE,3,3,flat,0.0758,263.85,2026-05-22,0.2,INR
JMA.NSE,Jullundur Motor Agency (Delhi) Limited,COMMON STOCK,NSE,12,9,up,3.4165,87.81,2026-08-18,3,INR
IRBINVIT.NSE,IRBINVIT,COMMON STOCK,NSE,37,1,down,9.6767,64.33,2026-07-28,1.625,INR
GPPL.NSE,Gujarat Pipavav Port Limited,COMMON STOCK,NSE,21,1,down,6.5049,159.88,2026-09-02,5,INR
JSLL.NSE,JEENA SIKHO LIFECARE LTD,COMMON STOCK,NSE,4,4,up,0.8966,501.9,2026-09-21,4.5,INR
JYOTIRES.NSE,Jyoti Resins and Adhesives Limited,COMMON STOCK,NSE,1,1,new,1.0690,841.9,2026-09-09,9,INR
KALYANKJIL.NSE,Kalyan Jewellers India Limited,COMMON STOCK,NSE,4,4,up,0.4433,564,2026-09-11,2.5,INR
KAMDHENU.NSE,Kamdhenu Limited,COMMON STOCK,NSE,17,7,up,1.0256,39,2026-09-18,0.4,INR
KRSNAA.NSE,Krsnaa Diagnostics Limited,COMMON STOCK,NSE,5,1,down,0.3745,534.05,2026-09-18,2,INR
KLBRENG-B.NSE,Kilburn Engineering Limited,COMMON STOCK,NSE,1,1,new,0.5832,514.4,2026-09-22,3,INR
KIRLPNU.NSE,KIRLOSKAR PNEUMATIC CO LTD,COMMON STOCK,NSE,7,4,up,0.8841,678.65,2026-07-03,4.25,INR
KUANTUM.NSE,Kuantum Papers Limited,COMMON STOCK,NSE,5,1,down,3.2590,76.71,2026-08-20,2.5,INR
LAURUSLABS.NSE,Laurus Labs Limited,COMMON STOCK,NSE,20,1,down,0.0995,2010.7,2026-05-08,1.2,INR
LAXMICOT.NSE,Laxmi Cotspin Limited,COMMON STOCK,NSE,1,1,new,0.0000,13.25,2018-08-02,0.5,INR
LEMERITE.NSE,Le Merite Exports Limited,COMMON STOCK,NSE,3,1,down,0.0000,20.01,2024-09-23,0.04,INR
LINDEINDIA.NSE,Linde India Limited,COMMON STOCK,NSE,23,4,flat,0.1938,6191,2026-08-06,12,INR
HARRMALAYA.NSE,Harrisons  Malayalam Limited,COMMON STOCK,NSE,10,2,up,0.0000,167.9,2014-08-21,1,INR
JYOTHYLAB.NSE,Jyothy Labs Limited,COMMON STOCK,NSE,21,5,flat,1.8454,189.66,2026-06-29,3.5,INR
IFGLEXPOR.NSE,IFGL Refractories Limited,COMMON STOCK,NSE,25,1,down,1.1157,192.71,2026-07-29,2.15,INR
LTFOODS.NSE,LT Foods Limited,COMMON STOCK,NSE,30,11,up,0.7344,408.5,2026-09-18,1,INR
DENORA.NSE,De Nora India Limited,COMMON STOCK,NSE,19,6,up,0.5420,738,2026-09-16,4,INR
MAHESHWARI.NSE,Maheshwari Logistics Limited,COMMON STOCK,NSE,5,2,flat,0.0000,71.61,2022-09-22,0.5,INR
MANKIND.NSE,Mankind Pharma Ltd,COMMON STOCK,NSE,1,1,new,0.0000,2435.6,2025-08-08,1,INR
LAGNAM.NSE,Lagnam Spintex Limited,COMMON STOCK,NSE,4,1,down,0.0000,73.02,2024-07-09,0.5,INR
KARMAENG.NSE,Karma Energy Limited,COMMON STOCK,NSE,4,4,flat,0.0000,39.14,2014-09-03,0.5,INR
JTEKTINDIA.NSE,Jtekt India Limited,COMMON STOCK,NSE,22,6,up,0.6454,116.21,2026-08-07,0.75,INR
MARINE.NSE,Marine Electricals (India) Limited,COMMON STOCK,NSE,4,4,flat,0.0701,428.2,2026-09-11,0.3,INR
MAWANASUG.NSE,Mawana Sugars Limited,COMMON STOCK,NSE,8,2,up,2.7416,145.9,2026-06-25,4,INR
MCLEODRUSS.NSE,Mcleod Russel India Limited,COMMON STOCK,NSE,12,2,up,0.0000,43.67,2018-08-01,0.5,INR
MFSL.NSE,Max Financial Services Limited,COMMON STOCK,NSE,13,1,down,0.0000,1444,2016-09-19,1.8,INR
KSOLVES.NSE,Ksolves India Limited,COMMON STOCK,NSE,20,1,down,5.7026,245.5,2026-07-21,4,INR
MINDTECK.NSE,Mindteck (India) Limited,COMMON STOCK,NSE,8,8,flat,0.6510,153.62,2026-08-06,1,INR
MMTC.NSE,MMTC Limited,COMMON STOCK,NSE,10,7,up,0.0000,56.4,2019-09-19,0.3,INR
MUKANDLTD.NSE,Mukand Limited,COMMON STOCK,NSE,10,10,up,1.7541,171.03,2026-08-07,3,INR
NAVNETEDUL.NSE,Navneet Education Limited,COMMON STOCK,NSE,34,1,down,2.4645,121.73,2026-06-03,1.5,INR
MUTHOOTFIN.NSE,Muthoot Finance Limited,COMMON STOCK,NSE,19,11,up,1.0870,2760,2026-04-17,30,INR
NUVAMA.NSE,Nuvama Wealth,COMMON STOCK,NSE,5,1,down,1.7067,1640.6,2026-05-15,14,INR
MARALOVER.NSE,Maral Overseas Limited,COMMON STOCK,NSE,2,2,up,0.0000,59.37,2022-08-17,2,INR
MOLDTKPAC.NSE,Mold-Tek Packaging Limited,COMMON STOCK,NSE,23,3,up,0.7699,649.4,2026-09-11,3,INR
ORICONENT.NSE,Oricon Enterprises Limited,COMMON STOCK,NSE,12,1,down,0.3820,52.36,2026-09-21,0.2,INR
PILANIINVS.NSE,Pilani Investment and Industries Corporation Limited,COMMON STOCK,NSE,15,1,down,0.2251,3997.5,2026-07-06,9,INR
PARACABLES.NSE,Paramount Communications Limited,COMMON STOCK,NSE,2,2,flat,0.0000,56.35,2008-09-11,0.4,INR
HINDOILEXP.NSE,Hindustan Oil Exploration Company Limited,COMMON STOCK,NSE,8,1,down,0.0000,172.98,2010-08-23,0.5,INR
PPLPHARMA.NSE,Piramal Pharma Limited,COMMON STOCK,NSE,2,2,up,0.0000,206.59,2025-07-16,0.14,INR
PREMIERENE.NSE,Premier Energies Limited,COMMON STOCK,NSE,4,1,down,0.0828,906,2026-05-08,0.75,INR
DYNAMATECH.NSE,Dynamatic Technologies Limited,COMMON STOCK,NSE,23,4,up,0.0989,13139,2026-08-28,5,INR
ORIENTELEC.NSE,Orient Electric Limited,COMMON STOCK,NSE,17,4,flat,0.9375,160,2026-07-10,0.75,INR
PROTEAN.NSE,PROTEAN EGOV TECHNOLOGIES LTD,COMMON STOCK,NSE,2,2,flat,1.4461,691.5,2026-08-28,10,INR
MARICO.NSE,Marico Limited,COMMON STOCK,NSE,67,1,down,0.4919,813.25,2026-07-30,4,INR
MUNJALAU.NSE,Munjal Auto Industries Limited,COMMON STOCK,NSE,20,2,flat,0.9357,106.87,2026-08-20,1,INR
KIRIINDUS.NSE,Kiri Industries Limited,COMMON STOCK,NSE,6,1,down,0.0000,541.95,2020-09-17,0.5,INR
PRINCEPIPE.NSE,Prince Pipes And Fittings Limited,COMMON STOCK,NSE,8,2,up,0.3880,257.75,2026-09-09,1,INR
OPTIEMUS.NSE,Optiemus Infracom Limited,COMMON STOCK,NSE,1,1,new,0.0000,809.95,2023-06-07,1.5,INR
LIQUIDBEES.NSE,Reliance ETF Liquid BeES,ETF,NSE,157,1,down,0.3077,999.99,2025-09-30,3.07714,INR
PONNIERODE.NSE,Ponni Sugars (Erode) Limited,COMMON STOCK,NSE,21,2,up,1.2821,390,2026-06-05,5,INR
NDTV.NSE,New Delhi Television Limited,COMMON STOCK,NSE,4,4,flat,0.0000,69.11,2008-09-12,0.63501,INR
RELIABLE.NSE,Reliable Data Services Limited,COMMON STOCK,NSE,9,4,up,0.0347,144.24,2026-09-18,0.05,INR
RELIGARE.NSE,Religare Enterprises Limited,COMMON STOCK,NSE,2,2,up,0.0000,234.32,2010-03-30,2,INR
RISHABH.NSE,Rishabh Instruments Limited,COMMON STOCK,NSE,1,1,new,0.2803,713.5,2026-07-24,2,INR
PNC.NSE,Pritish Nandy Communications Limited,COMMON STOCK,NSE,7,6,flat,0.0000,16.68,2008-09-11,1,INR
MTNL.NSE,Mahanagar Telephone Nigam Limited,COMMON STOCK,NSE,19,1,down,0.0000,22.94,2009-09-17,1,INR
ROTO.NSE,Roto Pumps Limited,COMMON STOCK,NSE,7,1,down,0.3038,62.55,2026-09-21,0.19,INR
RUSTOMJEE.NSE,Keystone Realtors Limited,COMMON STOCK,NSE,1,1,new,0.0000,359.9,2025-05-23,1.5,INR
SAGILITY.NSE,SAGILITY INDIA LIMITED,COMMON STOCK,NSE,2,2,up,0.3452,43.45,2026-08-07,0.1,INR
RAMKY.NSE,Ramky Infrastructure Limited,COMMON STOCK,NSE,2,1,down,0.3265,306.25,2026-09-18,1,INR
SAHLIBHFI.NSE,Shalibhadra Finance Limited,COMMON STOCK,NSE,1,1,new,0.6613,75.61,2026-09-23,0.5,INR
SAKUMA.NSE,Sakuma Exports Limited,COMMON STOCK,NSE,18,4,up,0.0000,1.61,2024-07-16,0.01,INR
SAMMAANCAP.NSE,Sammaan Capital Limited,COMMON STOCK,NSE,30,2,up,0.0000,138.82,2024-09-20,2,INR
REGENCERAM.NSE,Regency Ceramics Limited,COMMON STOCK,NSE,3,3,flat,0.0000,32.64,2004-09-17,1.5,INR
SANOFICONR.NSE,SANOFI CONS HEALTHC IND L,COMMON STOCK,NSE,2,2,up,1.8862,3976.2,2026-06-19,75,INR
SBGLP.NSE,Suratwwala Business Group Limited,COMMON STOCK,NSE,2,2,up,0.5070,23.67,2026-09-11,0.12,INR
SAREGAMA.NSE,Saregama India Limited,COMMON STOCK,NSE,5,2,up,0.9191,489.6,2025-11-11,4.5,INR
RPOWER.NSE,Reliance Power Limited,COMMON STOCK,NSE,1,1,new,0.0000,19.96,2015-11-19,1,INR
SBILIFE.NSE,SBI Life Insurance Company Limited,COMMON STOCK,NSE,8,5,flat,0.1562,1728.1,2026-03-06,2.7,INR
SCHAND.NSE,S Chand And Company Limited,COMMON STOCK,NSE,6,6,flat,2.7653,144.65,2026-05-29,4,INR
SHILPAMED.NSE,Shilpa Medicare Limited,COMMON STOCK,NSE,16,2,up,0.0585,1025.25,2026-09-04,0.6,INR
SHIVAMAUTO.NSE,Shivam Autotech Limited,COMMON STOCK,NSE,10,1,down,0.0000,17.22,2016-09-20,0.37234,INR
SKFINDIA.NSE,SKF India Limited,COMMON STOCK,NSE,26,2,up,2.6459,1511.8,2026-07-02,40,INR
SONACOMS.NSE,Sona BLW Precision Forgings Limited,COMMON STOCK,NSE,10,5,up,0.4208,807.9,2026-06-25,1.8,INR
SPECTRUM.NSE,Spectrum Electrical Industries Limited,COMMON STOCK,NSE,2,2,flat,0.0000,3578.7,2023-05-26,1,INR
SREEL.NSE,Sreeleathers Limited,COMMON STOCK,NSE,3,2,up,0.6755,296.09,2026-09-21,1,INR
SPAL.NSE,S. P. Apparels Limited,COMMON STOCK,NSE,6,2,up,0.3163,948.5,2026-09-04,3,INR
PRESTIGE.NSE,Prestige Estates Projects Limited,COMMON STOCK,NSE,16,11,up,0.1360,1470.8,2026-08-13,2,INR
SHALPAINTS.NSE,Shalimar Paints Limited,COMMON STOCK,NSE,5,4,up,0.0000,74.4,2012-07-09,1.43773,INR
SHARDAMOTR.NSE,Sharda Motor Industries Limited,COMMON STOCK,NSE,12,3,up,2.1162,945.1,2026-09-18,20,INR
SWELECTES.NSE,Swelect Energy Systems Limited,COMMON STOCK,NSE,24,2,up,0.5928,590.4,2026-07-24,3.5,INR
SYSTMTXC.NSE,Systematix Corporate Services Limited,COMMON STOCK,NSE,1,1,new,0.1299,77,2026-09-15,0.1,INR
SEMAC.NSE,Semac Consultants Limited,COMMON STOCK,NSE,6,4,up,0.0000,247.9,2023-10-19,5,INR
TATACHEM.NSE,Tata Chemicals Limited,COMMON STOCK,NSE,31,2,flat,1.7149,641.45,2026-06-10,11,INR
SUPREMEINF.NSE,Supreme Infrastructure India Limited,COMMON STOCK,NSE,7,1,down,0.0000,79.72,2014-09-03,1.5,INR
SYNGENE.NSE,Syngene International Limited,COMMON STOCK,NSE,9,9,flat,0.3324,376,2026-06-25,1.25,INR
SHRIRAMFIN.NSE,Shriram Finance Limited,COMMON STOCK,NSE,52,1,down,1.1062,976.3,2026-07-03,6,INR
SRHHYPOLTD.NSE,Sree Rayalaseema Hi-Strength Hypo Limited,COMMON STOCK,NSE,13,3,flat,0.5263,570,2026-09-18,3,INR
SUNDARAM.NSE,Sundaram Multi Pap Limited,COMMON STOCK,NSE,5,1,down,0.0000,1.13,2014-09-23,0.01,INR
SONATSOFTW.NSE,Sonata Software Limited,COMMON STOCK,NSE,53,1,down,2.8827,274.05,2026-08-14,1.25,INR
TINNARUBR.NSE,Tinna Rubber and Infrastructure Limited,COMMON STOCK,NSE,2,1,down,0.3430,947.4,2026-09-08,3.25,INR
TIRUPATIFL.NSE,Tirupati Forge Limited,COMMON STOCK,NSE,1,1,new,0.0000,76.72,2021-08-12,0.01143,INR
TRITONV.NSE,Triton Valves Limited,COMMON STOCK,NSE,1,1,new,0.2287,1093.3,2026-09-18,2.5,INR
SBIN.NSE,State Bank of India,COMMON STOCK,NSE,31,8,up,1.8035,962,2026-05-15,17.35,INR
PRSMJOHNSN.NSE,Prism Johnson Limited,COMMON STOCK,NSE,9,2,up,0.0000,115.15,2019-08-06,1,INR
TRAVELFOOD.NSE,TRAVEL FOOD SERVICES LIMITED,COMMON STOCK,NSE,1,1,new,0.8520,1203,2026-09-09,10.25,INR
TAKE.NSE,Take Solutions Limited,COMMON STOCK,NSE,26,1,down,0.0000,14.74,2019-08-01,0.4,INR
TASTYBITE.NSE,Tasty Bite Eatables Limited,COMMON STOCK,NSE,10,5,up,0.1038,9633,2026-08-06,10,INR
UNIDT.NSE,United Drilling Tools Limited,COMMON STOCK,NSE,16,4,flat,0.7850,229.31,2026-09-16,0.6,INR
TDPOWERSYS.NSE,TD Power Systems Limited,COMMON STOCK,NSE,20,1,down,0.1454,722,2026-08-05,0.55,INR
TIMKEN.NSE,Timken India Limited,COMMON STOCK,NSE,15,1,down,0.0786,3180.5,2026-07-31,2.5,INR
TATACOMM.NSE,Tata Communications Limited,COMMON STOCK,NSE,24,1,down,1.0572,1655.3,2026-06-19,17.5,INR
UNIPARTS.NSE,Uniparts India Limited,COMMON STOCK,NSE,10,1,down,4.5992,837.1,2026-08-12,9,INR
TCI.NSE,Transport Corporation of India Limited,COMMON STOCK,NSE,48,2,up,1.1563,864.85,2026-07-17,1,INR
RICOAUTO.NSE,Rico Auto Industries Limited,COMMON STOCK,NSE,28,2,up,0.4318,127.36,2026-09-01,0.55,INR
TVTODAY.NSE,TV Today Network Limited,COMMON STOCK,NSE,24,1,down,0.0000,105.06,2025-09-11,3,INR
UTIAMC.NSE,UTI Asset Management Company Limited,COMMON STOCK,NSE,7,1,down,4.4748,893.9,2026-07-14,40,INR
TNPL.NSE,Tamil Nadu Newsprint & Papers Limited,COMMON STOCK,NSE,28,2,up,2.7093,147.64,2026-09-17,4,INR
UEL.NSE,Ujaas Energy Limited,COMMON STOCK,NSE,6,1,down,0.0000,190.14,2017-09-11,5.29101,INR
VAML.NSE,VEDANTA ALUMINIUM METAL LTD,COMMON STOCK,NSE,1,1,new,1.9045,420.05,2026-08-05,8,INR
UNIVCABLES.NSE,Universal Cables Limited,COMMON STOCK,NSE,16,6,up,0.3153,1427.1,2026-07-27,4.5,INR
VARROC.NSE,Varroc Engineering Limited,COMMON STOCK,NSE,4,2,up,0.1768,848.35,2026-08-07,1.5,INR
VIJAYA.NSE,Vijaya Diagnostic Centre Limited,COMMON STOCK,NSE,5,5,flat,0.1332,1501.4,2026-09-16,2,INR
VIKRAN.NSE,VIKRAN ENGINEERING LTD,COMMON STOCK,NSE,1,1,new,0.3144,57.26,2026-08-28,0.18,INR
VADILALIND.NSE,Vadilal Industries Limited,COMMON STOCK,NSE,15,11,up,0.8111,7397.5,2026-09-03,43,INR
UCAL.NSE,UCAL Limited,COMMON STOCK,NSE,25,3,flat,0.0000,141.44,2023-09-22,2,INR
VENUSREM.NSE,Venus Remedies Limited,COMMON STOCK,NSE,8,6,up,0.6138,1629.2,2026-08-07,10,INR
VAKRANGEE.NSE,Vakrangee Limited,COMMON STOCK,NSE,19,3,flat,0.0000,5.18,2024-09-20,0.05,INR
VESUVIUS.NSE,Vesuvius India Limited,COMMON STOCK,NSE,29,2,up,0.3892,385.4,2026-04-30,1.5,INR
VSSL.NSE,Vardhman Special Steels Limited,COMMON STOCK,NSE,6,6,up,0.8584,407.75,2026-08-28,3.5,INR
UNOMINDA.NSE,UNO Minda Limited,COMMON STOCK,NSE,32,4,up,0.2259,1173,2026-05-29,1.75,INR
RAIN.NSE,Rain Industries Limited,COMMON STOCK,NSE,21,8,flat,0.4641,215.45,2026-08-14,1,INR
USHAMART.NSE,Usha Martin Limited,COMMON STOCK,NSE,16,6,up,0.7382,508,2026-08-13,3.75,INR
WEBELSOLAR.NSE,Websol Energy System Limited,COMMON STOCK,NSE,4,4,up,0.3484,71.75,2026-09-15,0.25,INR
VBL.NSE,Varun Beverages Limited,COMMON STOCK,NSE,17,8,flat,0.3488,430,2026-07-31,0.5,INR
WEIZMANIND.NSE,Weizmann Limited,COMMON STOCK,NSE,25,6,flat,0.6893,72.54,2026-07-16,0.5,INR
UPL.NSE,UPL Limited,COMMON STOCK,NSE,24,3,flat,1.0919,549.5,2026-07-17,6,INR
WSI.NSE,W S Industries (I) Limited,COMMON STOCK,NSE,3,2,flat,0.0000,55.7,2009-09-03,1,INR
ZOTA.NSE,Zota Health Care LImited,COMMON STOCK,NSE,10,4,flat,0.0756,1322.2,2026-09-21,1,INR
YESBANK.NSE,Yes Bank Limited,COMMON STOCK,NSE,10,1,down,0.0000,21.18,2019-06-03,2,INR
VEDL.NSE,Vedanta Limited,COMMON STOCK,NSE,52,1,down,4.2471,259,2026-03-27,11,INR
ZENITHSTL.NSE,Zenith Steel Pipes & Industries Limited,COMMON STOCK,NSE,5,2,up,0.0000,5.17,2010-07-07,1.66667,INR
ZENSARTECH.NSE,Zensar Technologies Limited,COMMON STOCK,NSE,41,8,up,3.4349,436.7,2026-07-17,12.6,INR
WELSPUNLIV.NSE,Welspun Living Limited,COMMON STOCK,NSE,19,1,down,0.0439,227.95,2026-07-10,0.1,INR
ZUARIIND.NSE,ZUARI INDUSTRIES LIMITED,COMMON STOCK,NSE,26,4,flat,0.0000,276.85,2025-09-17,1,INR
0CP1.MU,CHAROEN POKPHAND,COMMON STOCK,MU,13,3,up,5.3273,0.165,2026-06-03,0.00879,IDR
0KE.MU,KERNEL HLDG,COMMON STOCK,MU,8,8,up,0.0000,4.565,2022-02-07,0.3872,EUR
02M.MU,The Mosaic Company,COMMON STOCK,MU,57,1,down,3.8466,20.13,2026-09-10,0.19358,EUR
0WPA.MU,WPP SP ADR,COMMON STOCK,MU,26,1,down,3.9001,22.6,2026-06-05,0.44085,EUR
013C.MU,JD.com Inc.,COMMON STOCK,MU,5,4,flat,3.7394,11.764,2026-04-08,0.4399,EUR
13X.MU,XINYI SOLAR HLD,COMMON STOCK,MU,20,1,down,0.5358,0.2165,2026-08-13,0.00026,EUR
0QP.MU,Qingdao Port International Co. Ltd.,COMMON STOCK,MU,14,2,up,7.2682,0.85,2026-09-10,0.01813,EUR
0Q0.MU,StoneCo Ltd,COMMON STOCK,MU,1,1,new,27.2203,8.116,2026-04-24,2.2092,EUR
1CT.MU,Chow Tai Fook Jewellery Group Limited,COMMON STOCK,MU,30,1,down,5.9968,1.25,2026-08-05,0.05046,EUR
13B.MU,Bpost SA de Droit Public,COMMON STOCK,MU,17,1,down,0.0000,1.144,2024-05-15,0.13,EUR
0ZQ.MU,JSC National Atomic Company Kazatomprom,COMMON STOCK,MU,9,2,up,4.0692,59,2026-07-23,2.40083,EUR
0WP.MU,WPP PLC,COMMON STOCK,MU,25,1,down,3.9175,4.46,2026-06-04,0.08736,EUR
0YYA.MU,JOYY INC.SP.ADR/20 CL.A,COMMON STOCK,MU,19,3,up,4.8152,70,2026-06-29,1.31985,EUR
02G.MU,GUANGZHOU AUTO -H-,COMMON STOCK,MU,30,1,down,0.0000,0.2743,2025-06-12,0.00242,EUR
1QT.MU,AMREST HOLDINGS SE EO-1,COMMON STOCK,MU,2,2,flat,3.0568,2.29,2025-12-18,0.07,EUR
1HTA.MU,HYATT HOTELS-A,COMMON STOCK,MU,23,1,down,0.3770,139.25,2026-08-27,0.13199,EUR
02H0.MU,Hexatronic Group AB (publ),COMMON STOCK,MU,2,2,flat,0.0000,3.507,2023-05-10,0.00877,EUR
1KN.MU,VICI Properties Inc.,COMMON STOCK,MU,25,1,down,7.6921,20.7,2026-09-17,0.40466,EUR
1NBA.MU,Anheuser-Busch InBev SA/NV,COMMON STOCK,MU,29,1,down,1.6982,67.72,2026-05-07,1,EUR
1T5.MU,TAURON,COMMON STOCK,MU,4,2,up,2.1695,2.106,2026-06-16,0.04569,EUR
1SO.MU,SAMS. INTERNAT. R,COMMON STOCK,MU,11,1,down,6.3950,1.405,2026-06-15,0.08985,EUR
1SK.MU,Sektkellerei J.Oppmann AG,COMMON STOCK,MU,9,1,down,0.0000,128,2024-06-17,1,EUR
1NS.MU,SINOPEC ENG -H-,COMMON STOCK,MU,27,1,down,7.0223,0.6018,2026-09-10,0.01656,CNY
1YD.MU,Broadcom Inc.,COMMON STOCK,MU,64,1,down,0.7440,307.5,2026-09-21,0.57193,EUR
2AE.MU,Aecon Group Inc,COMMON STOCK,MU,51,1,down,1.4573,32.54,2026-09-22,0.11939,EUR
1U1.MU,1&1 AG,COMMON STOCK,MU,14,4,flat,0.2083,24,2026-05-21,0.05,EUR
2BH.MU,HCA Healthcare Inc,COMMON STOCK,MU,32,1,down,0.7040,380.8,2026-09-16,0.68632,EUR
2EV.MU,EVERTEC,COMMON STOCK,MU,48,1,down,0.7097,24.8,2026-08-03,0.044,EUR
2RG.MU,Europris ASA,COMMON STOCK,MU,7,3,up,4.5770,7.55,2026-04-30,0.34556,EUR
2B7K.MU,iShares MSCI World SRI UCITS ETF,ETF,MU,1,1,new,0.0000,13.974,2022-03-15,0.285,EUR
2KD.MU,KINDER MORGAN-P,COMMON STOCK,MU,50,1,down,3.7837,27.285,2026-08-03,0.26177,EUR
2M6.MU,Medtronic PLC,COMMON STOCK,MU,66,1,down,3.2454,77.54,2026-09-25,0.63353,EUR
30M.MU,MYER HOLDINGS,COMMON STOCK,MU,22,1,down,4.8429,0.191,2026-04-08,0.00925,EUR
2WBA.MU,WEIBO SP ADS-A,COMMON STOCK,MU,5,1,down,9.3346,5.75,2026-04-17,0.53674,EUR
2VO.MU,Valmet Corp,COMMON STOCK,MU,9,1,down,2.4011,28.32,2026-03-26,0.68,EUR
33X1.MU,XINJIANG XINXIN,COMMON STOCK,MU,8,2,up,2.9450,0.218,2026-05-28,0.00642,CNY
34T1.MU,Tiangong International Company Limited,COMMON STOCK,MU,20,1,down,0.9819,0.332,2026-06-26,0.00326,CNY
36B6.MU,iShares IV Public Limited Company - iShares MSCI USA SRI UCITS ETF,ETF,MU,11,1,down,0.9600,11.998,2026-06-18,0.0659,EUR
3B7.MU,Bahnhof AB (publ),COMMON STOCK,MU,5,5,flat,3.2981,5.32,2026-05-13,0.17546,EUR
37C.MU,CNH Industrial N.V.,COMMON STOCK,MU,8,1,down,0.7586,11.598,2026-05-21,0.08798,EUR
3FV.MU,SOLARGIGA ENERGY,COMMON STOCK,MU,2,2,up,0.0000,0.007,2023-01-16,0.00785,EUR
3BK.MU,Baikowski SA,COMMON STOCK,MU,5,2,flat,1.3333,22.5,2026-06-26,0.3,EUR
3EC.MU,EATON CORP -NPV-,COMMON STOCK,MU,64,1,down,0.9951,383.7,2026-08-07,0.96778,EUR
3GY.MU,GCL-POLY ENERGY,COMMON STOCK,MU,5,1,down,0.0000,0.077,2023-06-02,0.00673,EUR
3MJ.MU,MAJ DRILL GRP INTL,COMMON STOCK,MU,11,1,down,0.0000,10.7,2015-10-07,0.0124,EUR
3H3.MU,HIDILI INDUSTRY INT,COMMON STOCK,MU,4,2,up,0.0000,0.0045,2012-07-04,0.00905,EUR
3IB.MU,INDO TAMBANGRAYA MG,COMMON STOCK,MU,35,1,down,6.6325,1.26,2026-04-28,0.04792,IDR
3SD.MU,SINO-OCEAN LAND,COMMON STOCK,MU,25,1,down,0.0000,0.01,2022-05-24,0.00359,EUR
41G1.MU,GREGGS,COMMON STOCK,MU,38,2,up,3.7647,21.46,2026-09-10,0.22131,EUR
3P7.MU,PANDORA,COMMON STOCK,MU,19,8,up,2.6196,112.25,2026-03-12,2.94052,EUR
3IW.MU,INVESCO,COMMON STOCK,MU,71,1,down,2.7677,27.02,2026-08-14,0.18916,EUR
48CA.MU,CAIXABANK,COMMON STOCK,MU,41,1,down,3.7908,13.19,2026-04-07,0.3321,EUR
45S.MU,SOHO CHINA,COMMON STOCK,MU,14,1,down,0.0000,0.0315,2019-05-31,0.00383,EUR
48I.MU,INDOFOOD CBP,COMMON STOCK,MU,27,4,up,3.7213,0.348,2026-07-07,0.01295,EUR
49F.MU,FINANCIERE ODET,COMMON STOCK,MU,20,19,up,39.1057,984,2026-09-25,380,EUR
3NA.MU,National Express Group PLC,COMMON STOCK,MU,2,1,new,0.0000,0.282,2023-08-03,0.0198,EUR
49U.MU,Musti Group Oyj,COMMON STOCK,MU,3,2,up,0.0000,14.55,2024-08-21,0.3,EUR
2IS.MU,Trane Technologies plc,COMMON STOCK,MU,62,1,down,0.9070,396.8,2026-09-04,0.92389,EUR
4BV.MU,Bureau Veritas SA,COMMON STOCK,MU,20,6,up,3.4011,27.05,2026-05-26,0.92,EUR
4DS.MU,DALDRUP&SOEHNE,COMMON STOCK,MU,4,4,up,0.7860,22.9,2026-08-28,0.18,EUR
4FF.MU,CN RAILWAY CONS -H-,COMMON STOCK,MU,19,2,up,5.9969,0.645,2026-07-20,0.03868,EUR
4BY.MU,BYD ELECTRONIC,COMMON STOCK,MU,15,1,down,0.7907,2.542,2026-06-11,0.0201,EUR
4H5.MU,HEINEKEN HOLDING,COMMON STOCK,MU,37,3,up,3.1379,66.5,2026-08-07,0.76,EUR
4I1.MU,Philip Morris International Inc,COMMON STOCK,MU,61,1,down,3.0767,168.14,2026-06-25,1.29331,EUR
4G3A.MU,GOLDEN AGRI-RESOURC,COMMON STOCK,MU,22,3,up,2.9773,0.22,2026-05-07,0.00655,EUR
4OJ.MU,ASIA CEMENT (CHINA),COMMON STOCK,MU,17,1,down,1.9639,0.194,2026-06-05,0.00381,EUR
4M4.MU,MACQUARIE GRP,COMMON STOCK,MU,32,1,down,2.8869,149.8,2026-05-18,2.59476,EUR
4X0.MU,Steyr Motors AG,COMMON STOCK,MU,2,1,down,0.8049,31.06,2026-04-15,0.25,EUR
4W9.MU,Pexip Holding ASA,COMMON STOCK,MU,3,3,up,5.3738,6.86,2026-04-20,0.36864,EUR
599A.MU,SANDS CHINA,COMMON STOCK,MU,21,2,up,8.2124,1.3655,2026-09-16,0.05607,EUR
59M.MU,MS&AD INSURANCE,COMMON STOCK,MU,33,17,up,3.3242,28.16,2026-09-29,0.47503,EUR
51N.MU,ASIAINFO TECH.LTD HD,COMMON STOCK,MU,7,1,down,1.3467,0.45,2026-06-01,0.00606,EUR
5BG.MU,B2GOLD,COMMON STOCK,MU,28,1,down,1.5154,4.643,2026-09-10,0.01759,EUR
5AA.MU,WIJAYA KARYA,COMMON STOCK,MU,11,3,up,0.0000,0.0155,2020-06-17,0.00142,EUR
5S4.MU,SENTUL CITY,COMMON STOCK,MU,1,1,new,0.0000,0.002,2015-09-29,0.00001,IDR
5TP.MU,BLUE LABEL,COMMON STOCK,MU,10,9,up,6.6023,0.43,2026-09-16,0.0053,ZAR
5ZT.MU,Piraeus Bank S.A.,COMMON STOCK,MU,8,3,up,3.9024,10.25,2026-08-03,0.4,EUR
5VB.MU,Vaccibody AS,COMMON STOCK,MU,1,1,new,0.0000,0.387,2025-05-27,0.09216,EUR
68S.MU,"SOLARIS ENER.INF A DL-,01",COMMON STOCK,MU,22,1,down,0.6881,61.38,2026-09-15,0.10559,EUR
6AH.MU,AUSNUTRIA DAIRY,COMMON STOCK,MU,10,1,down,4.1880,0.133,2026-06-02,0.00557,EUR
4SK.MU,SINOTRUK HONG KONG,COMMON STOCK,MU,20,2,up,5.8834,3.92,2026-09-10,0.13233,EUR
75C.MU,CHINA PACIFIC -H-,COMMON STOCK,MU,18,3,up,6.3730,3.18,2026-09-08,0.05444,EUR
6MT.MU,METALLURGICAL -H-,COMMON STOCK,MU,14,1,down,0.0000,0.148,2025-07-25,0.00688,EUR
6LA.MU,Lamar Advertising Company (REIT),COMMON STOCK,MU,48,1,down,4.5893,127.5,2026-09-21,1.45183,EUR
6PG.MU,PGE POL GR ENERG,COMMON STOCK,MU,3,1,down,0.0000,3.036,2016-09-22,0.05712,EUR
6E2.MU,Endeavour Mining PLC,COMMON STOCK,MU,12,6,up,3.0224,51.82,2026-09-10,0.8359,EUR
7A2.MU,AIA GROUP,COMMON STOCK,MU,34,2,up,2.6700,8.312,2026-09-04,0.06042,EUR
6HW.MU,BANK HANDLOWY,COMMON STOCK,MU,13,1,down,10.5966,28.55,2026-06-24,2.2393,EUR
4HB.MU,Honghua Group Ltd,COMMON STOCK,MU,3,3,flat,0.0000,0.0125,2014-05-27,0.00673,EUR
7AA.MU,APERAM REG.,COMMON STOCK,MU,51,1,down,4.4843,44.6,2026-08-13,0.5,EUR
6MK.MU,Merck & Co. Inc,COMMON STOCK,MU,63,1,down,2.2932,130.46,2026-09-15,0.74792,EUR
7CH.MU,CHORUS,COMMON STOCK,MU,27,11,up,7.1784,4.16,2026-09-14,0.17917,EUR
7DG.MU,DOLLAR GENERAL,COMMON STOCK,MU,44,1,down,1.9111,108.66,2026-07-07,0.51914,EUR
83B.MU,3SBio Inc,COMMON STOCK,MU,6,4,flat,1.6645,1.684,2026-07-21,0.02803,EUR
7XP.MU,Organon & Co.,COMMON STOCK,MU,22,1,down,0.5884,11.964,2026-08-14,0.0176,EUR
847.MU,Seagate Technology Holdings PLC,COMMON STOCK,MU,60,1,down,0.4048,800,2026-09-24,0.65113,EUR
93M1.MU,MPH Health Care AG,COMMON STOCK,MU,5,3,up,19.0840,26.2,2026-07-10,5,EUR
ABHA.MU,HASEN-IMMOBILIEN N,COMMON STOCK,MU,16,7,flat,0.5650,177,2026-08-20,1,EUR
ABJA.MU,ABB Ltd,COMMON STOCK,MU,5,5,up,1.2548,83.6,2026-03-24,1.04901,EUR
991.MU,Vitruvia Medical AG,COMMON STOCK,MU,1,1,new,0.0000,1.3,2022-03-15,0.285,CHF
ABG.MU,AmerisourceBergen Corporation,COMMON STOCK,MU,50,1,down,0.7805,270.55,2026-08-14,0.52794,EUR
ABK.MU,AKTIENBRAU.KAUFBEUR,COMMON STOCK,MU,5,1,down,0.0000,105,2019-05-23,1.14,EUR
AD2.MU,AIR CHINA -H-,COMMON STOCK,MU,12,2,up,0.0000,0.4204,2020-06-04,0.04442,EUR
ADG.MU,AMG Advanced Metallurgical Group N.V.,COMMON STOCK,MU,23,3,flat,1.3889,28.8,2026-08-03,0.2,EUR
ADN1.MU,Adesso SE,COMMON STOCK,MU,9,9,up,1.4079,55.4,2026-06-04,0.78,EUR
ADS.MU,adidas AG,COMMON STOCK,MU,26,4,up,1.9002,147.35,2026-05-08,2.8,EUR
AEU.MU,Prysmian S.p.A.,COMMON STOCK,MU,15,7,up,0.7344,122.55,2026-04-20,0.9,EUR
ADP.MU,Automatic Data Processing Inc,COMMON STOCK,MU,63,1,down,2.5657,233.2,2026-09-11,1.49583,EUR
ADV.MU,Adtran Networks SE,COMMON STOCK,MU,2,2,flat,2.3529,22.1,2026-06-16,0.52,EUR
AES.MU,The AES Corporation,COMMON STOCK,MU,55,1,down,4.7556,13.022,2026-07-31,0.15482,EUR
AFO1.MU,Associated British Foods plc,COMMON STOCK,MU,31,1,down,3.3968,21.6,2026-05-28,0.24107,EUR
ACWN.MU,A S CREATION TAP N,COMMON STOCK,MU,10,1,down,2.3622,6.35,2026-05-13,0.15,EUR
AFT.MU,ABERCROMBIE FTCH-A,COMMON STOCK,MU,38,1,down,0.0000,119,2020-03-05,0.17598,EUR
AFX.MU,Carl Zeiss Meditec AG,COMMON STOCK,MU,22,1,down,1.7483,31.46,2026-03-27,0.55,EUR
AIL.MU,L'Air Liquide S.A.,COMMON STOCK,MU,19,19,up,1.9910,168.94,2026-05-18,3.36364,EUR
AINN.MU,AMERICAN INTL GROUP,COMMON STOCK,MU,53,1,down,2.5563,65.4,2026-09-16,0.43995,EUR
AIR.MU,Airbus SE,COMMON STOCK,MU,19,5,up,1.6613,192.62,2026-04-21,3.2,EUR
AIRA.MU,Airbus SE,COMMON STOCK,MU,5,5,up,1.7139,48,2026-04-22,0.82267,EUR
AJI.MU,Ajinomoto Co. Inc.,COMMON STOCK,MU,33,8,up,0.9819,27.88,2026-09-29,0.13967,EUR
ALS.MU,Allstate Corp,COMMON STOCK,MU,63,1,down,1.8671,199.82,2026-08-31,0.95029,EUR
ALV.MU,Allianz SE,COMMON STOCK,MU,23,18,up,4.0084,426.6,2026-05-08,17.1,EUR
AFG.MU,American Eagle Outfitters Inc,COMMON STOCK,MU,59,1,down,3.0130,14.51,2026-07-10,0.10926,EUR
AOMD.MU,Alstom SA,COMMON STOCK,MU,9,3,flat,0.0000,14.795,2023-07-17,0.2389,EUR
AON.MU,AOZORA BANK,COMMON STOCK,MU,56,1,down,2.0314,19.8,2026-06-29,0.13966,EUR
AOP.MU,HANG LUNG PROP,COMMON STOCK,MU,40,2,flat,7.6136,0.766,2026-08-12,0.01346,EUR
APR.MU,Amper SA,COMMON STOCK,MU,3,3,up,0.0000,4.385,2009-07-01,2.19251,EUR
AFL.MU,Aflac Incorporated,COMMON STOCK,MU,64,1,down,2.1201,100.02,2026-08-19,0.53674,EUR
AS4.MU,CORTICEIRA AMORIM,COMMON STOCK,MU,27,7,up,4.9365,7.09,2026-05-22,0.35,EUR
ASI1.MU,ASICS CORP,COMMON STOCK,MU,31,1,down,0.8684,23.16,2026-06-29,0.11173,EUR
AU1.MU,AUDIOCODES,COMMON STOCK,MU,17,9,up,3.8050,9.25,2026-08-19,0.17598,EUR
AUS.MU,AT & S Austria Technologie & Systemtechnik Aktiengesellschaft,COMMON STOCK,MU,13,1,down,0.0000,198.2,2023-07-25,0.4,EUR
B1W1.MU,BUKIT SEMBAWANG EST,COMMON STOCK,MU,17,4,up,5.0132,3.02,2026-08-05,0.1514,EUR
B7E.MU,BLUE CAP,COMMON STOCK,MU,9,3,up,10.0313,15.95,2026-06-24,1.6,EUR
AM8.MU,AMAG AUSTRIA M,COMMON STOCK,MU,15,1,down,2.7675,27.1,2026-04-21,0.75,EUR
B7O.MU,CITIC TELECOM,COMMON STOCK,MU,35,1,down,7.5902,0.266,2026-09-04,0.00561,HKD
B8A.MU,BAVARIA INDUSTR,COMMON STOCK,MU,3,3,flat,0.0000,106,2025-08-25,0.04,EUR
B9B.MU,BHB BRAUHOLDING,COMMON STOCK,MU,9,2,up,0.0000,2.02,2024-07-01,0.06,EUR
ASAA.MU,Asahi Kasei Corporation,COMMON STOCK,MU,33,7,up,2.6380,9.168,2026-09-29,0.1229,EUR
BAYN.MU,Bayer AG NA,COMMON STOCK,MU,18,3,flat,0.2172,50.64,2026-04-27,0.11,EUR
BCY.MU,Barclays PLC,COMMON STOCK,MU,45,6,up,2.4561,5.453,2026-08-06,0.06871,EUR
BDSB.MU,BANCO SABADELL,COMMON STOCK,MU,32,6,up,15.3102,3.723,2026-05-27,0.5,EUR
BCE1.MU,BCE Inc,COMMON STOCK,MU,67,1,down,5.8810,18.458,2026-09-15,0.27138,EUR
BI7.MU,Beteiligungen im Baltikum AG,COMMON STOCK,MU,9,3,flat,0.0000,2.72,2020-10-16,0.03558,EUR
BIF.MU,Bic,COMMON STOCK,MU,21,1,down,3.5768,67.1,2026-06-01,2.4,EUR
BKN.MU,BK OF NOVA SCOTIA,COMMON STOCK,MU,66,1,down,3.3605,81.93,2026-07-07,0.70691,EUR
BMU.MU,BENCHMARK ELECTRS,COMMON STOCK,MU,34,1,down,0.8344,71.7,2026-06-30,0.14957,EUR
BMZ.MU,BML Inc,COMMON STOCK,MU,34,1,down,3.4585,20.6,2026-09-29,0.34924,JPY
AQE.MU,ANHUI CONCH -H-,COMMON STOCK,MU,22,1,down,5.4817,1.7385,2026-09-08,0.01685,EUR
BN9.MU,BANK OF NY MELLON,COMMON STOCK,MU,64,1,down,1.4797,132,2026-07-27,0.55427,EUR
BOA.MU,The Bank of East Asia Limited,COMMON STOCK,MU,38,1,down,3.4664,2.2,2026-09-02,0.05159,EUR
BTW.MU,Brown & Brown Inc,COMMON STOCK,MU,19,1,down,1.0844,53.56,2026-08-12,0.1452,EUR
BRNK.MU,BRANICKS Group AG,COMMON STOCK,MU,14,3,up,0.0000,0.584,2023-03-31,0.75,EUR
BPE5.MU,BP PLC (Reg. Shares),COMMON STOCK,MU,64,1,down,4.5233,6.541,2026-08-13,0.07621,EUR
BRM.MU,Bristol-Myers Squibb Company,COMMON STOCK,MU,66,1,down,4.0158,54.99,2026-07-02,0.55427,EUR
BUHA.MU,BUCHER IND N,COMMON STOCK,MU,22,2,flat,3.3569,346,2026-04-20,11.6149,EUR
BVB.MU,Borussia Dortmund GmbH & Co. Kommanditgesellschaft auf Aktien,COMMON STOCK,MU,10,7,flat,1.8838,3.185,2025-11-25,0.06,EUR
BVF.MU,Bausch Health Companies Inc,COMMON STOCK,MU,3,1,new,0.0000,5.015,2010-11-10,0.88,EUR
BWB.MU,BAADER BANK,COMMON STOCK,MU,12,3,up,3.0120,6.64,2026-07-10,0.2,EUR
BRU.MU,mBank SA,COMMON STOCK,MU,4,1,down,0.0000,344.1,2020-05-13,1.00372,EUR
BP1.MU,BANK PEKAO,COMMON STOCK,MU,13,2,up,7.0215,64.34,2026-06-12,4.51764,EUR
BIJ.MU,BIJOU BRIGITTE,COMMON STOCK,MU,21,3,up,12.8205,46.8,2026-06-24,6,EUR
BY6A.MU,BYD CO. LTD ADR/2 YC 1,COMMON STOCK,MU,7,1,down,0.5200,8.86,2026-06-12,0.04607,EUR
BYG.MU,Bouygues S.A.,COMMON STOCK,MU,17,6,up,4.8690,43.13,2026-04-28,2.1,EUR
BNB.MU,PT Bayan Resources Tbk,COMMON STOCK,MU,14,2,up,2.1048,0.62,2026-06-22,0.01305,EUR
BYRA.MU,BANK RAKYAT IND -B-,COMMON STOCK,MU,21,1,down,9.7126,0.174,2026-04-21,0.01021,EUR
BYW.MU,BayWa AktienGesellschaft,COMMON STOCK,MU,14,5,up,0.0000,8.66,2023-06-07,0.53325,EUR
C44.MU,CN RESOURCES CEMENT,COMMON STOCK,MU,31,2,up,3.7368,0.114,2026-09-10,0.00157,EUR
CAC1.MU,CASIO COMPUTER,COMMON STOCK,MU,30,1,down,1.0357,12.14,2026-03-30,0.12573,EUR
CCC3.MU,The Coca-Cola Company,COMMON STOCK,MU,63,1,down,2.3832,77.49,2026-09-15,0.46608,EUR
CEY2.MU,HUABAO INTL,COMMON STOCK,MU,33,3,up,3.1160,0.388,2026-09-11,0.00592,EUR
CHL.MU,CHINA LIFE INS -H-,COMMON STOCK,MU,19,1,down,3.4772,3.1315,2026-06-30,0.0797,EUR
CLH.MU,CARDINAL HEALTH,COMMON STOCK,MU,64,1,down,0.9282,194.15,2026-07-01,0.4539,EUR
CJ6.MU,Cameco Corporation,COMMON STOCK,MU,24,8,up,0.1931,77.11,2025-12-01,0.14887,EUR
CBGB.MU,CARLSBERG -B-,COMMON STOCK,MU,23,18,up,3.3688,115.05,2026-03-17,3.87585,EUR
CMAB.MU,MAPFRE,COMMON STOCK,MU,47,1,down,4.1433,4.362,2026-05-26,0.11037,EUR
CO3A.MU,COTY-A,COMMON STOCK,MU,17,1,down,0.0000,2.32,2020-02-14,0.11,EUR
COY.MU,COACH,COMMON STOCK,MU,44,1,down,1.4717,99.41,2026-09-04,0.407,EUR
CO9.MU,CHINA OILFIELD -H-,COMMON STOCK,MU,17,5,up,4.4515,0.815,2026-06-09,0.03628,EUR
CRA1.MU,Rio Tinto Group,COMMON STOCK,MU,26,2,up,4.0433,100.44,2026-08-13,1.83034,EUR
CRG.MU,CRH plc,COMMON STOCK,MU,33,1,down,1.8215,74.4,2026-08-14,0.3432,EUR
CLP.MU,CLP HLDGS,COMMON STOCK,MU,97,1,down,4.1480,8.65,2026-09-02,0.07064,EUR
CSH.MU,CENIT Aktiengesellschaft,COMMON STOCK,MU,10,1,down,0.0000,8.5,2024-06-07,0.03925,EUR
CTJ1.MU,KUNLUN ENERGY,COMMON STOCK,MU,15,1,down,2.1837,0.86,2026-06-01,0.01878,EUR
CUBB.MU,CHINA WATER AFFAIRS,COMMON STOCK,MU,33,1,down,3.0857,0.4725,2026-05-22,0.01458,EUR
CXX.MU,CLOROX CO.,COMMON STOCK,MU,45,1,down,5.9338,73.69,2026-08-12,1.09975,EUR
CV8S.MU,CN VANADIUM TITANO,COMMON STOCK,MU,3,1,down,0.0000,0.008,2014-05-15,0.00247,EUR
D1Y.MU,CHINA NAT BLDG-H,COMMON STOCK,MU,20,2,up,5.4743,0.3489,2026-05-04,0.0191,EUR
DEZ.MU,Deutz AG,COMMON STOCK,MU,12,12,up,1.6014,11.24,2026-05-14,0.18,EUR
EDC.MU,CONSOLIDATED EDISON,COMMON STOCK,MU,49,1,down,3.4016,90.88,2026-08-19,0.78109,EUR
D7Q1.MU,MONUMENT MINING,COMMON STOCK,MU,1,1,new,1.9872,0.624,2026-01-05,0.0124,EUR
DAR.MU,Datron AG,COMMON STOCK,MU,16,1,down,1.1494,8.7,2026-06-29,0.1,EUR
DHL.MU,Deutsche Post AG,COMMON STOCK,MU,13,6,up,3.3194,57.24,2026-05-06,1.9,EUR
DNQ.MU,Equinor ASA,COMMON STOCK,MU,55,1,down,3.5577,37.69,2026-08-13,0.3399,EUR
CON.MU,Continental Aktiengesellschaft,COMMON STOCK,MU,20,4,up,3.9029,69.18,2026-05-04,2.7,EUR
DOQ.MU,DO & CO,COMMON STOCK,MU,16,7,up,1.3200,189.4,2026-07-28,2.5,EUR
HCL.MU,HECLA MINING,COMMON STOCK,MU,60,1,down,0.0854,15.452,2026-08-26,0.0033,EUR
FOO.MU,Salesforce.com Inc,COMMON STOCK,MU,11,1,down,0.7379,207,2026-09-17,0.38716,EUR
FS8.MU,GuocoLand Limited,COMMON STOCK,MU,15,6,up,3.0106,1.6,2025-11-04,0.04817,SGD
GAP.MU,The Gap Inc,COMMON STOCK,MU,62,1,down,3.1564,18.956,2026-07-08,0.15398,EUR
G4Z.MU,TV AZTECA CPO,COMMON STOCK,MU,3,3,flat,0.0000,0.0615,2017-05-26,0.00039,EUR
EBA.MU,eBay Inc,COMMON STOCK,MU,31,1,down,1.1264,95.32,2026-08-28,0.27283,EUR
GRM.MU,GENERAL MILLS,COMMON STOCK,MU,64,1,down,7.2090,29.785,2026-07-10,0.5368,EUR
GXI.MU,GERRESHEIMER,COMMON STOCK,MU,12,1,down,0.0000,26.14,2025-06-06,0.04,EUR
HAM1.MU,Harmony Gold Mining Company Limited,COMMON STOCK,MU,18,5,up,2.3022,15.8,2026-04-22,0.28143,EUR
HBC1.MU,HSBC HLDG,COMMON STOCK,MU,44,1,down,3.7212,17.734,2026-08-13,0.08799,EUR
GDC.MU,GLOBAL DIGITAL CREA,COMMON STOCK,MU,1,1,new,0.0000,0.0085,2018-08-02,0.00897,EUR
HBC2.MU,HSBC HLDGS SP ADR,COMMON STOCK,MU,60,1,down,3.6876,89,2026-08-14,0.43995,EUR
HCH.MU,CARTER,COMMON STOCK,MU,44,1,down,3.2114,27.4,2026-09-01,0.21998,EUR
EII.MU,EISAI CO LTD,COMMON STOCK,MU,38,19,flat,3.2798,27.26,2026-09-29,0.44704,EUR
HG1.MU,HOMAG GROUP,COMMON STOCK,MU,16,10,up,4.3220,23.6,2026-05-22,1.02,EUR
HDB.MU,AZIMUT HOLDING,COMMON STOCK,MU,19,3,up,5.1440,38.88,2026-05-18,2,EUR
HDI.MU,HOME DEPOT,COMMON STOCK,MU,65,1,down,3.1584,257.5,2026-09-03,2.0504,EUR
HDK.MU,HALFORDS GROUP,COMMON STOCK,MU,43,1,down,3.5178,2.98,2026-08-13,0.06989,EUR
HEE.MU,HELLENIC EXCHANGES,COMMON STOCK,MU,25,1,down,1.0282,11.16,2026-06-23,0.11475,EUR
HEH.MU,POWER ASSETS,COMMON STOCK,MU,49,3,up,4.7304,6.65,2026-09-09,0.08748,EUR
HEI.MU,Heidelberg Materials AG,COMMON STOCK,MU,24,6,up,2.4836,144.95,2026-05-14,3.6,EUR
HEN.MU,Henkel AG & Co. KGaA,COMMON STOCK,MU,19,6,up,3.0037,68.25,2026-04-28,2.05,EUR
HETA.MU,KHD HUM WED IND N,COMMON STOCK,MU,8,5,flat,5.3125,6.4,2026-05-21,0.34,EUR
HFF.MU,HARTFORD FIN SERV,COMMON STOCK,MU,62,1,down,1.9120,110.46,2026-09-01,0.528,EUR
HGNC.MU,HENGAN INTL GRP,COMMON STOCK,MU,33,2,up,8.0800,2.224,2026-09-04,0.0907,EUR
HCG.MU,HONG KONG&CHINA GAS,COMMON STOCK,MU,46,7,flat,4.9797,0.7882,2026-08-31,0.01346,EUR
HK2C.MU,Hong Kong Exchanges and Clearing Limited,COMMON STOCK,MU,38,5,up,3.5702,43.825,2026-09-01,0.83335,EUR
HIFH.MU,CHINA SHIP DEVL -H-,COMMON STOCK,MU,15,2,up,3.9892,2.139,2026-09-17,0.03631,EUR
HHFA.MU,HHLA N,COMMON STOCK,MU,18,2,up,0.0000,21.6,2025-07-04,0.1,EUR
HIJ2.MU,ARCADIS,COMMON STOCK,MU,11,4,up,2.5180,41.7,2026-05-22,1.05,EUR
HIK.MU,HIKARI TSUSHIN,COMMON STOCK,MU,52,1,down,2.1511,204,2026-09-29,1.11804,EUR
HIZ.MU,H.I.S. Co. Ltd.,COMMON STOCK,MU,21,1,down,0.8861,6.1,2025-10-30,0.05405,EUR
HIUC.MU,CN TAIPING INSU,COMMON STOCK,MU,10,4,up,6.1589,2.24,2026-07-08,0.13796,EUR
HK51.MU,CHINA WINDPOWER,COMMON STOCK,MU,12,1,down,0.9067,0.0375,2026-06-30,0.00034,EUR
HLBN.MU,LafargeHolcim Ltd,COMMON STOCK,MU,21,1,down,2.5176,71.28,2026-05-18,1.79452,EUR
HLU.MU,HANG LUNG GRP,COMMON STOCK,MU,26,6,flat,7.0401,1.37,2026-08-12,0.02355,EUR
HLG.MU,HIGHLIGHT COMMUNICA,COMMON STOCK,MU,1,1,new,0.0000,0.644,2017-12-06,0.31668,EUR
HLD.MU,HENDERS LAND DEV,COMMON STOCK,MU,47,1,down,4.7995,2.933,2026-09-03,0.05608,EUR
HLL.MU,ELLAKTOR,COMMON STOCK,MU,11,1,down,43.0981,1.284,2026-07-20,0.05045,EUR
HMSB.MU,H & M Hennes & Mauritz AB (publ),COMMON STOCK,MU,33,1,down,4.2162,14.455,2026-05-06,0.3113,EUR
HTR.MU,HUNTSMAN,COMMON STOCK,MU,66,1,down,3.9301,7.838,2026-09-15,0.07701,EUR
HLH.MU,Hongkong Land Holdings Limited,COMMON STOCK,MU,14,7,up,3.1470,7.55,2026-08-20,0.0704,EUR
HMI.MU,Hermès International Société en commandite par actions,COMMON STOCK,MU,30,1,down,1.3304,1353,2026-04-21,13,EUR
HGR.MU,Ecora Resources PLC,COMMON STOCK,MU,60,1,down,0.8754,1.99,2026-07-02,0.01221,EUR
HIA1.MU,HITACHI LTD,COMMON STOCK,MU,31,9,up,0.9999,30.75,2026-09-29,0.15653,EUR
HLPN.MU,HELLENIC PETROLEUM,COMMON STOCK,MU,19,1,down,3.4866,17.22,2026-07-01,0.40039,EUR
JNJ.MU,Johnson & Johnson,COMMON STOCK,MU,65,1,down,1.9390,239.6,2026-08-25,1.17907,EUR
INL.MU,Intel Corporation,COMMON STOCK,MU,44,1,down,0.0000,104.74,2024-08-07,0.10938,EUR
HPC.MU,Helmerich & Payne Inc,COMMON STOCK,MU,48,1,down,2.5806,34.1,2026-08-18,0.22,EUR
HOO.MU,HERBALIFE,COMMON STOCK,MU,16,1,down,0.0000,10.885,2014-02-28,0.132,EUR
HYN.MU,HYSAN DEVELOPMENT,COMMON STOCK,MU,33,3,flat,6.9615,1.74,2026-08-26,0.03028,HKD
HNL.MU,Dr. Hönle AG,COMMON STOCK,MU,9,1,down,0.0000,7.66,2022-03-25,0.2,EUR
KEY.MU,KEYCORP,COMMON STOCK,MU,62,1,down,4.0009,18.04,2026-09-01,0.18044,EUR
JOX.MU,Jost AG,COMMON STOCK,MU,10,1,down,7.8947,5.7,2026-05-25,0.45,EUR
KAX2.MU,KARDEX N,COMMON STOCK,MU,12,4,flat,2.6320,248,2026-05-04,6.5274,EUR
KFI1.MU,KINGFISHER,COMMON STOCK,MU,29,1,down,3.8025,3.798,2026-05-28,0.10016,EUR
KIR.MU,KIRIN HOLDINGS,COMMON STOCK,MU,46,1,down,2.5438,15.955,2026-06-29,0.20541,EUR
HLS.MU,AIC Resources Limited,COMMON STOCK,MU,1,1,new,0.0000,0.54,2014-06-03,3.39297,EUR
KUO1.MU,KUBOTA CORP,COMMON STOCK,MU,26,1,down,1.8422,15.475,2026-06-29,0.14533,EUR
MWZ.MU,METLIFE,COMMON STOCK,MU,55,1,down,2.4024,85.02,2026-08-04,0.52164,EUR
LEN.MU,LENZING,COMMON STOCK,MU,15,2,up,0.0000,20.8,2022-04-28,3.79411,EUR
OWX.MU,YPSOMED HLDG N,COMMON STOCK,MU,21,2,up,1.2190,381.2,2026-07-03,4.64684,EUR
MGG.MU,MGM RESORTS ITL,COMMON STOCK,MU,24,2,flat,0.0000,28.67,2022-12-08,0.0022,EUR
MBQ.MU,MOBOTIX,COMMON STOCK,MU,13,5,flat,0.0000,1.075,2022-01-28,0.04,EUR
MXD.MU,MIN XIN HOLDINGS,COMMON STOCK,MU,16,1,down,3.0338,0.296,2026-06-26,0.00898,EUR
LORA.MU,LOREAL ADR 1/5/EO 02,COMMON STOCK,MU,5,5,up,1.9230,77,2026-04-28,1.48071,EUR
NOEJ.MU,NORMA GROUP N,COMMON STOCK,MU,14,1,down,0.8226,17.02,2026-07-02,0.14,EUR
LL6.MU,MTN GROUP,COMMON STOCK,MU,32,5,up,2.5481,10.4,2026-04-08,0.265,EUR
NWDA.MU,NEW WORLD DEV.CO.(B.L.),COMMON STOCK,MU,41,1,down,0.0000,0.66,2024-03-20,0.02244,EUR
MTT.MU,Mattel Inc,COMMON STOCK,MU,27,1,down,0.0000,11.684,2017-08-21,0.13205,EUR
NCYD.MU,TELE2 -B-,COMMON STOCK,MU,30,1,down,4.9535,14.855,2026-05-19,0.4599,EUR
PEP.MU,PepsiCo Inc,COMMON STOCK,MU,67,1,down,4.5322,112.7,2026-09-04,1.30225,EUR
PHM7.MU,Altria Group Inc,COMMON STOCK,MU,51,1,down,6.1914,60.67,2026-09-15,0.97702,EUR
NNGF.MU,National Grid PLC,COMMON STOCK,MU,27,1,down,4.2704,13.225,2026-05-28,0.37433,EUR
KPI1.MU,KONICA MINOLTA HLDG,COMMON STOCK,MU,31,3,up,2.3941,3.679,2026-09-29,0.05031,EUR
PJX.MU,Petróleo Brasileiro S.A. - Petrobras,COMMON STOCK,MU,36,1,down,7.6749,16.4,2026-08-25,0.46638,EUR
QC9.MU,CREDIT SAISON,COMMON STOCK,MU,16,16,up,2.7253,25.8,2026-03-30,0.70312,EUR
PNE3.MU,PNE AG,COMMON STOCK,MU,16,1,down,0.5634,7.1,2026-05-20,0.04,EUR
RE7.MU,REMGRO,COMMON STOCK,MU,38,1,down,2.9921,11,2026-04-22,0.09169,EUR
RYU.MU,SEGA SAMMY HOLDINGS,COMMON STOCK,MU,33,3,up,1.6859,18.25,2026-09-29,0.15104,EUR
RIG2.MU,Richter Gedeon Vegyészeti Gyár Nyilvánosan Muködo Rt,COMMON STOCK,MU,18,5,up,5.0903,34.38,2026-06-03,1.75006,EUR
RZU.MU,SUMMARECON AGUNG,COMMON STOCK,MU,11,1,down,1.9200,0.0125,2026-06-23,0.00024,IDR
SCL.MU,Schlumberger Limited,COMMON STOCK,MU,52,1,down,2.2763,45.215,2026-09-02,0.25951,EUR
SE7.MU,Seiko Epson Corporation,COMMON STOCK,MU,33,3,up,2.3926,18.005,2026-09-29,0.22378,EUR
SFB1.MU,ASSECO POLAND,COMMON STOCK,MU,13,7,up,5.9380,50.22,2026-05-13,2.98206,EUR
SHD.MU,Shiseido Company Limited,COMMON STOCK,MU,47,1,down,1.3781,19.62,2026-06-29,0.16223,EUR
SHG.MU,SUN HUNG KAI PTIES,COMMON STOCK,MU,43,1,down,3.4831,12.1,2026-03-11,0.10926,EUR
SHK.MU,SUN HUNG KAI & CO,COMMON STOCK,MU,34,4,up,7.3000,0.43,2026-09-04,0.01457,HKD
SHX.MU,HUADIAN POWER -H-,COMMON STOCK,MU,16,1,down,6.5090,0.446,2026-06-01,0.018,EUR
SIX3.MU,Sixt SE,COMMON STOCK,MU,18,2,up,5.6991,56.5,2026-06-18,3.22,EUR
SIX2.MU,Sixt SE,COMMON STOCK,MU,12,2,up,4.6176,69.3,2026-06-18,3.2,EUR
SMA.MU,SMARTONE TELE,COMMON STOCK,MU,43,1,down,6.5236,0.55,2026-03-06,0.01626,EUR
SMS2.MU,SEMEN INDONESIA,COMMON STOCK,MU,17,1,down,1.5593,0.0885,2026-05-21,0.00138,IDR
SLW.MU,SWISS LIFE HLDG N,COMMON STOCK,MU,18,7,up,3.9892,966.4,2026-05-11,38.5513,EUR
SUMA.MU,SUMITOMO CORP,COMMON STOCK,MU,45,4,up,2.2479,9.956,2026-09-29,0.1119,JPY
SPH1.MU,SEKISUI HOUSE,COMMON STOCK,MU,32,6,up,4.3119,18.685,2026-07-30,0.40284,EUR
PSE.MU,Public Service Enterprise Group Incorporated,COMMON STOCK,MU,50,1,down,3.9312,59.09,2026-09-09,0.58953,EUR
NXS.MU,NEXANS,COMMON STOCK,MU,16,8,up,2.1308,136.1,2026-05-25,2.9,EUR
TIH1.MU,PT Timah Tbk,COMMON STOCK,MU,14,3,up,1.8850,0.226,2026-06-24,0.00426,IDR
TQK.MU,The Wendy's Company,COMMON STOCK,MU,22,1,down,7.4321,5.8,2026-09-01,0.06158,EUR
TEQ.MU,Telenor ASA,COMMON STOCK,MU,26,1,down,7.4606,11.86,2026-05-20,0.46085,EUR
TIA.MU,TIANJIN CAP ENV -H-,COMMON STOCK,MU,16,4,up,6.5931,0.408,2026-05-22,0.0269,EUR
TIE.MU,Taiheiyo Cement Corporation,COMMON STOCK,MU,26,8,up,2.5897,23.4,2026-09-29,0.33556,EUR
TKK1.MU,TAISEI,COMMON STOCK,MU,33,7,up,2.9960,70,2026-09-29,1.06259,EUR
TNR.MU,TRIBUNE RESOURC,COMMON STOCK,MU,10,7,flat,3.9172,3.14,2025-11-03,0.123,EUR
TM9.MU,NorAm Drilling AS,COMMON STOCK,MU,43,1,down,9.3818,4.075,2026-09-18,0.03903,EUR
TOS.MU,TOSOH CORP,COMMON STOCK,MU,33,4,flat,3.8305,14.6,2026-09-29,0.27963,EUR
TAX.MU,TAKARA HOLDINGS,COMMON STOCK,MU,16,3,flat,1.1484,14.6,2026-03-30,0.16767,EUR
TECA.MU,TOSHIBA TEC,COMMON STOCK,MU,31,2,up,1.3418,16.4,2026-09-29,0.11188,EUR
TN8.MU,THERMO FISHER SCIEN,COMMON STOCK,MU,49,1,down,0.2742,590.4,2026-09-15,0.41355,EUR
SM3.MU,SUNCOR ENERGY,COMMON STOCK,MU,62,1,down,2.4538,60.65,2026-09-04,0.37206,EUR
TQW.MU,TULLOW OIL,COMMON STOCK,MU,8,1,down,0.0000,0.256,2019-08-29,0.0235,EUR
TRVC.MU,Citigroup Inc,COMMON STOCK,MU,58,1,down,1.8565,117.04,2026-08-03,0.5894,EUR
TSQ.MU,TRANSCOSMOS,COMMON STOCK,MU,13,3,up,3.9746,19.7,2026-03-30,0.78299,EUR
UD5.MU,AB Utenos Trikotazas,COMMON STOCK,MU,1,1,new,0.0000,0.384,2019-05-13,0.1,EUR
TYU2.MU,TRULY INTL HLDGS,COMMON STOCK,MU,42,1,down,12.1957,0.092,2026-05-14,0.00561,HKD
TXW.MU,TEXWINCA HLDGS,COMMON STOCK,MU,25,1,down,11.2663,0.0995,2026-08-27,0.00673,EUR
UNH.MU,UnitedHealth Group Incorporated,COMMON STOCK,MU,64,1,down,2.4038,331.6,2026-09-14,2.04114,EUR
TXC2.MU,TEIXEIRA DUARTE,COMMON STOCK,MU,5,1,down,0.0000,0.4875,2017-06-22,0.002,EUR
UIC2.MU,UBS ETF - Solactive China Technology UCITS ETF,ETF,MU,1,1,new,0.0000,6.02,2022-03-15,0.285,EUR
TXT.MU,Textron Inc,COMMON STOCK,MU,62,1,down,0.1050,67.04,2026-09-11,0.0176,EUR
UK2.MU,SHANDONG WEIGAO -H-,COMMON STOCK,MU,37,1,down,5.4261,0.3614,2026-06-02,0.00771,EUR
VAS.MU,Voestalpine AG,COMMON STOCK,MU,16,2,up,1.6347,45.88,2026-07-09,0.75,EUR
UUM.MU,Unum Group,COMMON STOCK,MU,60,1,down,2.0512,80.84,2026-07-24,0.44425,USD
V6C.MU,VISCOM,COMMON STOCK,MU,10,1,down,0.0000,5.04,2024-05-30,0.05,EUR
VAN.MU,Advantest Corporation,COMMON STOCK,MU,45,1,down,0.0884,189.86,2026-03-30,0.16777,EUR
VBK.MU,VERBIO VGT BIOENERG,COMMON STOCK,MU,10,9,up,0.0000,30.7,2024-12-09,0.2,EUR
VTLN.MU,VONTOBEL HLDG N,COMMON STOCK,MU,22,15,flat,3.2593,97.2,2026-04-16,3.168,EUR
W9C.MU,Constellation Software Inc.,COMMON STOCK,MU,35,1,down,0.1925,1828,2026-09-18,0.8799,EUR
WCQ1.MU,SINOFERT HOLDINGS,COMMON STOCK,MU,17,1,down,5.7132,0.136,2026-06-10,0.00777,EUR
WIB.MU,Wienerberger AG,COMMON STOCK,MU,16,6,flat,5.4913,17.3,2026-05-12,0.95,EUR
WSU.MU,WashTec AG,COMMON STOCK,MU,15,4,up,7.1839,34.8,2026-05-13,2.5,EUR
TSS.MU,INNOTEC TSS,COMMON STOCK,MU,16,3,flat,5.7143,7,2026-06-29,0.4,EUR
WVJ.MU,AB Kauno Energija,COMMON STOCK,MU,9,1,down,0.0000,2.14,2025-05-12,0.02435,EUR
XCA.MU,CREDIT AGRICOLE,COMMON STOCK,MU,16,12,up,6.2310,18.135,2026-05-26,1.13,EUR
YOJ.MU,YAHOO JAPAN,COMMON STOCK,MU,13,4,up,1.4273,2.86,2026-03-30,0.04082,EUR
UBE.MU,Ube Industries Ltd,COMMON STOCK,MU,24,4,up,3.9530,19.1,2026-09-29,0.44742,EUR
YT2A.MU,ATRESMEDIA,COMMON STOCK,MU,37,1,down,6.7010,5.82,2026-06-15,0.21,EUR
ZFIN.MU,Zurich Insurance Group AG,COMMON STOCK,MU,19,18,up,5.1385,616.4,2026-04-10,31.674,EUR
YZC.MU,YANZHOU SP ADR-H,COMMON STOCK,MU,23,1,down,5.1156,13.1,2026-09-11,0.25816,EUR
ZHJ.MU,ZJ EXPRESS -H-,COMMON STOCK,MU,31,3,up,7.6045,0.66,2026-05-08,0.05019,EUR
ZH5.MU,AB Siauliu Bankas,COMMON STOCK,MU,12,1,down,5.2339,0.898,2026-04-14,0.047,EUR
ZIL2.MU,ELRINGKLINGER N,COMMON STOCK,MU,14,5,flat,2.9470,5.09,2026-05-13,0.15,EUR
VOL3.MU,VOLVO -A-,COMMON STOCK,MU,22,1,down,3.9642,28.76,2026-04-09,1.1401,EUR
YMA.MU,YAMAHA MOTOR,COMMON STOCK,MU,27,1,down,1.9523,10.025,2026-06-29,0.1398,EUR
XEUA.MU,KSH HOLDINGS,COMMON STOCK,MU,32,1,down,4.9143,0.21,2026-08-26,0.00688,EUR
XT3B.MU,VALE INDONESIA,COMMON STOCK,MU,15,2,up,1.5833,0.24,2026-06-11,0.0038,IDR
COWZ.US,Pacer US Cash Cows 100 ETF,ETF,BATS,40,1,down,2.0265,67.11,2026-09-03,0.431,USD
ABXB.US,Abacus Flexible Bond Leaders ETF,ETF,BATS,26,1,down,3.6386,18.826,2026-06-29,0.26,USD
BJAN.US,Innovator S&P 500 Buffer - January,ETF,BATS,1,1,new,0.0000,60.56,2019-11-19,1.356,USD
APRJ.US,Innovator Premium Income 30 Barrier ETF - April,ETF,BATS,13,1,down,5.6920,25,2026-06-30,0.426,USD
AMDW.US,Roundhill ETF Trust - Roundhill AMD Weeklypay ETF,ETF,BATS,61,2,up,48.5483,101.19,2026-09-28,1.3411,USD
CBXO.US,Calamos Bitcoin 90 Series Structured Alt Protection ETF - October,ETF,BATS,1,1,new,0.5219,22.2249,2025-12-12,0.116,USD
BHYB.US,Xtrackers USD High Yield BB-B ex Financials ETF,ETF,BATS,34,1,down,6.4027,52.65,2026-09-01,0.268,USD
ARKK.US,ARK Innovation ETF,ETF,BATS,7,1,down,0.0000,89.25,2023-09-08,0.364,USD
ACSI.US,American Customer Satisfaction ETF,ETF,BATS,10,2,up,0.8032,75.777,2025-12-24,0.60861,USD
CRDD.US,Cardano ETF,ETF,BATS,6,1,new,0.8518,18.55,2026-09-23,0.031,USD
ACIO.US,Aptus Collared Income Opportunity ETF,ETF,BATS,29,1,down,0.3122,47.08,2026-06-29,0.048,USD
ARWG.US,Archer Investment Series Trust - Archer Growth ETF,ETF,BATS,2,1,new,0.1366,25.375,2026-09-23,0.00067,USD
AAAA.US,Amplius Aggressive Asset Allocation ETF,ETF,BATS,4,1,down,1.1126,30.56,2026-06-29,0.147,USD
CTEF.US,Castellan Targeted Equity ETF,ETF,BATS,1,1,new,0.0602,84.775,2025-12-23,0.051,USD
DWLD.US,Davis Select Worldwide ETF,ETF,BATS,9,4,up,1.6171,45.019,2025-12-29,0.728,USD
ABOT.US,ABOT,COMMON STOCK,BATS,11,1,down,0.2105,43.2349,2026-06-29,0.027,USD
DINT.US,Davis Select International ETF,ETF,BATS,8,1,down,1.6868,28.16,2025-12-29,0.475,USD
ESGV.US,Vanguard ESG US Stock,ETF,BATS,32,1,down,0.8748,135.91,2026-09-18,0.321,USD
DIVB.US,iShares U.S. Dividend and Buyback,ETF,BATS,36,1,down,2.2765,65.1,2026-09-15,0.424,USD
EUIG.US,iShares Euro Investment Grade Corporate Bond USD Hedged ETF,ETF,BATS,9,2,up,2.4285,48.755,2026-09-01,0.13,USD
FCLD.US,Fidelity Covington Trust - Fidelity Cloud Computing ETF,ETF,BATS,15,1,down,0.0090,44.21,2025-12-19,0.004,USD
FDEM.US,Fidelity® Emerging Markets Multifactor ETF,ETF,BATS,33,1,down,3.2532,35.811,2026-09-18,0.379,USD
FEBZ.US,Listed Funds Trust - TrueShares Structured Outcome (February) ETF,ETF,BATS,3,1,down,2.9407,40.942,2025-12-24,1.204,USD
FORH.US,Formidable ETF,ETF,BATS,4,1,down,1.8498,23.732,2025-12-24,0.439,USD
FFLG.US,Fidelity Covington Trust - Fidelity Fundamental Large Cap Growth ETF,ETF,BATS,12,1,down,0.0675,34.06,2026-09-18,0.01,USD
FPRO.US,Fidelity Real Estate Investment ETF,ETF,BATS,23,1,down,5.1386,23.3917,2026-09-18,0.135,USD
GDMN.US,WisdomTree Efficient Gold Plus Gold Miners Strategy Fund,ETF,BATS,8,1,down,3.0527,82.32,2025-12-26,0.228,USD
GEMD.US,Goldman Sachs ETF Trust - Goldman Sachs Access Emerging Markets USD Bond ETF,ETF,BATS,55,1,down,6.0240,40.07,2026-09-01,0.20183,USD
GOOP.US,Kurv Yield Premium Strategy Google (GOOGL) ETF,ETF,BATS,35,1,down,15.1907,35.548,2026-09-16,0.45,USD
FRDM.US,Freedom 100 Emerging Markets ETF,ETF,BATS,24,1,down,1.2539,70.58,2026-06-29,0.33,USD
EUHY.US,iShares Euro High Yield Corporated Bond USD Hedged ETF,ETF,BATS,78,1,down,6.7663,52.17,2026-09-01,0.236,USD
GSID.US,Goldman Sachs MarketBeta International Equity ETF,ETF,BATS,25,1,down,4.9699,75.68,2026-09-24,0.3876,USD
GTIP.US,Goldman Sachs Access Inflation Protected USD Bond ETF,ETF,BATS,73,1,down,5.6588,46.37,2026-08-03,0.3978,USD
GVAL.US,Cambria Global Value ETF,ETF,BATS,44,1,down,2.4389,38.46,2026-09-18,0.256,USD
HAUS.US,Tidal ETF Trust - Home Appreciation U.S. REIT ETF,ETF,BATS,15,1,down,4.7335,17.07,2026-06-29,0.34,USD
HYD.US,VanEck High Yield Muni ETF,ETF,BATS,212,1,down,4.6268,47.78,2026-09-01,0.185,USD
HYGM.US,Amplify Hyg High Yield 10% Target Income ETF,ETF,BATS,4,1,new,3.4489,23.95,2026-08-28,0.206,USD
IBHF.US,iShares iBonds 2026 Term High Yield and Income ETF,ETF,BATS,69,1,down,11.8503,22.54,2026-09-01,0.0793,USD
IBMV.US,IBMV,COMMON STOCK,BATS,5,1,new,2.3950,23.8,2026-09-01,0.055,USD
IDV.US,iShares International Select Dividend ETF,ETF,BATS,77,1,down,5.6147,43.19,2026-09-15,0.53,USD
IEO.US,iShares U.S. Oil & Gas Exploration & Production ETF,ETF,BATS,83,1,down,1.6477,132.73,2026-09-15,0.493,USD
IGRO.US,iShares International Dividend Growth ETF,ETF,BATS,43,1,down,2.6857,89.8458,2026-09-15,0.425,USD
IQDG.US,WisdomTree International Quality Dividend Growth Fund,ETF,BATS,43,1,down,2.3524,43.02,2026-09-25,0.12,USD
ISBG.US,IncomeSTKd 1x Bitcoin & 1x Gold Premium ETF,ETF,BATS,34,1,new,28.4977,15.11,2026-09-21,0.05,USD
INTL.US,Main International ETF,ETF,BATS,7,1,down,3.3589,30.754,2026-06-25,0.315,USD
ISMF.US,iShares Managed Futures Active ETF,ETF,BATS,1,1,new,5.6424,29.03,2025-12-16,1.638,USD
JULJ.US,Innovator ETFs Trust - Innovator Premium Income 30 Barrier ETF - July,ETF,BATS,12,1,down,5.5803,25.1418,2026-06-30,0.328,USD
IZRL.US,ARK Israel Innovative Technology ETF,ETF,BATS,5,3,up,2.7521,28.16,2025-12-26,0.775,USD
ITM.US,VanEck Intermediate Muni ETF,ETF,BATS,225,1,down,3.2033,43.855,2026-09-01,0.1194,USD
JUNZ.US,TrueShares Structured Outcome (June) ETF,ETF,BATS,5,1,down,2.0975,35.805,2025-12-24,0.751,USD
KAMO.US,Kensington Credit Opportunities ETF,ETF,BATS,3,2,up,1.8309,24.25,2026-06-30,0.17,USD
LFAW.US,Stone Ridge 2060 Longevity Income ETF,ETF,BATS,26,1,down,6.1749,161.944,2026-09-02,0.83333,USD
MAYZ.US,TrueShares Structured Outcome (May) ETF,ETF,BATS,5,2,up,1.9619,36.7,2025-12-24,0.72,USD
MAMB.US,Northern Lights Fund Trust IV - Monarch Ambassador Income ETF,ETF,BATS,22,1,down,2.8212,23.0044,2026-09-24,0.162,USD
MBBB.US,VanEck Vectors Moody's Analytics BBB Corporate Bond ETF,ETF,BATS,69,1,down,5.3397,20.295,2026-09-01,0.0903,USD
LCOW.US,Pacer S&P 500 Quality FCF Aristocrats ETF,ETF,BATS,6,2,up,0.6430,26.7584,2026-09-03,0.04303,USD
MCOW.US,Pacer S&P MidCap 400 Quality FCF Aristocrats ETF,ETF,BATS,4,2,up,0.2574,21.7584,2026-09-03,0.011,USD
PBTP.US,Invesco PureBeta 0-5 Yr US TIPS ETF,ETF,BATS,33,1,down,4.0519,25.42,2026-09-21,0.016,USD
MPLY.US,Strategy Shares Monopoly ETF,ETF,BATS,1,1,new,0.1187,32.86,2025-12-29,0.039,USD
MFUT.US,MFUT,ETF,BATS,1,1,new,0.0000,19.8758,2024-12-05,0.055,USD
MSMR.US,ETF Series Solutions - McElhenny Sheffield Managed Risk ETF,ETF,BATS,14,1,down,3.3187,34.532,2026-06-29,0.193,USD
NIHI.US,NEOS MSCI EAFE High Income ETF,ETF,BATS,13,2,up,10.3412,51.49,2026-09-16,0.4168,USD
NOBL.US,ProShares S&P 500 Dividend Aristocrats ETF,ETF,BATS,52,1,down,2.1385,54.85,2026-09-23,0.28253,USD
NDOW.US,Anydrus Advantage ETF,ETF,BATS,3,2,up,1.1930,28.667,2025-12-16,0.342,USD
NODE.US,Vaneck Funds - Onchain Economy Etf,ETF,BATS,3,2,up,9.4241,40.11,2026-05-20,1.5,USD
NOVZ.US,Listed Funds Trust - TrueShares Structured Outcome (November) ETF,ETF,BATS,5,4,up,3.2954,47.703,2025-12-24,1.572,USD
OMFL.US,Oppenheimer Russell 1000 Dynamic Multifactor,ETF,BATS,36,1,down,0.8357,70.12,2026-09-21,0.136,USD
NULV.US,Nuveen ESG Large-Cap Value ETF,ETF,BATS,9,1,down,1.3906,53,2025-12-18,0.737,USD
ONEZ.US,TrueShares Seasonality Laddered Buffered ETF,ETF,BATS,1,1,new,3.6743,28.0601,2025-12-24,1.031,USD
PAUG.US,Innovator U.S. Equity Power Buffer ETF - August,ETF,BATS,1,1,new,0.0000,46.735,2019-11-19,0.342,USD
PBP.US,Invesco S&P 500 BuyWrite ETF,ETF,BATS,107,2,up,10.1538,23.3,2026-09-21,0.18863,USD
PBMY.US,PGIM US Large-Cap Buffer 20 ETF - May,ETF,BATS,1,1,new,0.0729,31.8151,2025-12-30,0.02318,USD
RTRE.US,Rareview Total Return Bond ETF,ETF,BATS,27,1,down,4.7917,23.645,2026-09-02,0.09,USD
PIEQ.US,Principal International Equity ETF,ETF,BATS,2,2,up,1.1546,36.63,2025-12-29,0.42293,USD
PLTW.US,PLTR WeeklyPay™ ETF,ETF,BATS,82,1,down,72.9738,24.85,2026-09-21,0.187,USD
PSDM.US,PGIM Short Duration Multi-Sector Bond ETF,ETF,BATS,37,1,down,4.4690,50.19,2026-08-31,0.18948,USD
PWRZ.US,TrueShares Eagle Global Next Gen Power Infrastructure ETF,ETF,BATS,15,1,down,2.4665,29.191,2026-06-29,0.178,USD
QBTX.US,Tradr 2X Long QBTS Daily ETF,ETF,BATS,1,1,new,74.9676,23.29,2025-12-12,17.45996,USD
QHY.US,WisdomTree U.S. High Yield Corporate Bond Fund,ETF,BATS,128,1,down,6.4266,44.405,2026-09-25,0.225,USD
QLC.US,FlexShares US Quality Large Cap Index Fund,ETF,BATS,44,1,down,0.9542,91.284,2026-09-18,0.225,USD
QSOL.US,Invesco Galaxy Solana ETF,ETF,BATS,3,1,new,1.3479,11.87,2026-09-21,0.092,USD
RGTU.US,Tradr 2X Long QBTS Daily ETF Tradr 2X Long RGTI Daily ETF,ETF,BATS,1,1,new,172.1657,10.814,2025-12-12,9.309,USD
RMME.US,Rareview Government Money Market ETF,ETF,BATS,9,2,up,2.4686,100.3,2026-09-02,0.289,USD
RSBY.US,Return Stacked Bonds & Futures Yield ETF,ETF,BATS,2,1,down,1.7765,17.9,2025-12-29,0.318,USD
RSBA.US,Return Stacked Bonds & Merger Arbitrage ETF,ETF,BATS,2,2,up,3.5319,19.9,2025-12-29,0.70285,USD
SCEP.US,Sterling Capital Hedged Equity Premium Income ETF,ETF,BATS,9,2,up,5.0079,24.8409,2026-09-01,0.146,USD
SCOW.US,Pacer S&P SmallCap 600 Quality FCF Aristocrats ETF,ETF,BATS,4,2,up,1.1167,21.851,2026-09-03,0.039,USD
TETH.US,TETH,ETF,BATS,3,1,new,0.2395,13.36,2026-06-29,0.009,USD
SHAG.US,WisdomTree Yield Enhanced U.S. Short-Term Aggregate Bond Fund,ETF,BATS,115,1,down,4.3563,46.31,2026-09-25,0.165,USD
VSDM.US,VSDM,ETF,BATS,21,1,down,3.2123,74.09,2026-09-01,0.196,USD
SHYM.US,SHYM,ETF,BATS,65,1,down,4.5038,21.225,2026-09-01,0.07575,USD
SMMV.US,iShares MSCI USA Small-Cap Min Vol Factor ETF,ETF,BATS,40,1,down,1.6446,44.7527,2026-09-15,0.184,USD
SNPD.US,DBX ETF Trust - Xtrackers S&P ESG Dividend Aristocrats ETF,ETF,BATS,16,1,down,3.3436,28.861,2026-09-18,0.199,USD
SSK.US,REX-Osprey SOL + Staking ETF,ETF,BATS,14,2,up,37.9092,15.975,2026-08-28,0.055,USD
SVAL.US,iShares US Small Cap Value Factor ETF,ETF,BATS,23,1,down,4.4813,41.64,2026-09-15,0.253,USD
TAIL.US,Cambria Tail Risk ETF,ETF,BATS,37,1,down,3.5510,9.8,2026-09-18,0.084,USD
TSOL.US,21Shares Core Solana ETF,ETF,BATS,3,1,new,3.2015,11.557,2026-06-29,0.036,USD
USLN.US,iShares Broad USD Floating Rate Loan ETF,ETF,BATS,5,1,new,3.4364,50.605,2026-09-01,0.338,USD
UX.US,Roundhill Uranium ETF,ETF,BATS,1,1,new,1.5916,27.645,2025-12-30,0.44,USD
UAUG.US,Innovator U.S. Equity Ultra Buffer ETF - August,ETF,BATS,1,1,new,0.0000,43.04,2019-11-19,0.214,USD
VLUE.US,iShares MSCI USA Value Factor ETF,ETF,BATS,55,1,down,1.5560,198.71,2026-09-15,0.951,USD
XDAT.US,Franklin Exponential Data ETF,ETF,BATS,1,1,new,0.0000,27.721,2024-12-20,0.032,USD
XEML.US,Xtrackers Europe Market Leaders ETF,ETF,BATS,3,1,new,1.9766,24.739,2026-09-18,0.028,USD
XVAP.US,FT Vest AAPL & Target Income ETF,ETF,BATS,1,1,new,3.1511,32.04,2026-09-24,1.0096,USD
XVSP.US,First Trust Exchange-Traded Fund IV - FT Vest SPCX & Target Income ETF,ETF,BATS,1,1,new,1.3225,31.1992,2026-09-24,0.4126,USD
SYLD.US,Cambria Shareholder Yield ETF,ETF,BATS,53,1,down,1.8014,81.49,2026-09-18,0.505,USD
XISE.US,FT Cboe Vest U.S. Equity Buffer & Premium Income ETF â September,ETF,BATS,36,1,down,6.0188,30.245,2026-09-18,0.1517,USD
006203.TW,Yuanta/P-shares MSCI Taiwan,ETF,TW,2,2,up,0.0000,202.05,2019-01-22,0.85,TWD
00830.TW,Cathay PHLX Semiconductor ETF,ETF,TW,6,4,up,10.3627,86.85,2026-01-20,9,TWD
00997A.TW,Capital US Growth Active ETF,ETF,TW,1,1,new,3.2202,11.49,2026-07-06,0.37,TWD
00985B.TW,CAPITAL INV TRUST CORP CAP 0 5,ETF,TW,11,2,up,5.3479,10.06,2026-09-02,0.053,TWD
00923.TW,Capital Tip Customized Taiwan ESG Low Carbon 50 ETF,ETF,TW,7,4,up,11.5171,41.33,2026-08-18,3.05,TWD
009802.TW,Fubon Taiwan Flagship Momentum 50 ETF,ETF,TW,5,2,up,2.8607,19.96,2026-09-16,0.189,TWD
00710B.TW,Fuh Hwa 1-5 Yr High Yield ETF,ETF,TW,24,1,down,0.0000,18.66,2023-06-20,0.26,TWD
00881.TW,Cathay Taiwan 5G Plus ETF,ETF,TW,11,2,up,13.8095,52.5,2026-08-18,4.6,TWD
00964.TW,CTBC Asia Pacific High Dividend ETF,ETF,TW,19,2,up,8.4589,14.73,2026-09-16,0.2,TWD
0057.TW,Fubon MSCI Taiwan,ETF,TW,1,1,new,0.0000,331.75,2016-08-02,1.685,TWD
00984A.TW,Allianz Global Investors Taiwan Dividend and Growth Equity Active ETF,ETF,TW,4,2,up,6.7926,15.62,2026-07-16,0.415,TWD
00736.TW,Cathay FTSE Emerging Market,ETF,TW,9,1,down,0.0000,31.61,2023-07-18,0.13,TWD
1102.TW,Asia Cement Corp,COMMON STOCK,TW,29,1,down,0.0000,35.3,2023-07-20,2.29959,TWD
00731.TW,Fuh Hwa FTSE Taiwan High Div Low Vol ETF,ETF,TW,6,1,down,0.0000,97.75,2023-08-17,1.22,TWD
1236.TW,Hunya Foods Co Ltd,COMMON STOCK,TW,24,3,up,0.0000,25.35,2023-07-13,1.25,TWD
00911.TW,Mega ICE Semiconductor ETF,ETF,TW,5,2,up,8.0645,55.8,2026-07-16,3.5,TWD
1468.TW,Chang Ho Fibre Corp,COMMON STOCK,TW,2,1,down,0.0000,13.15,2003-07-02,0.15,TWD
1519.TW,Fortune Electric Co Ltd,COMMON STOCK,TW,22,2,up,0.0000,688,2023-07-27,2.5,TWD
1201.TW,Wei Chuan Foods Corp,COMMON STOCK,TW,10,1,down,0.0000,11.5,2023-07-18,0.238,TWD
1218.TW,Taisun Enterprise Co Ltd,COMMON STOCK,TW,11,1,down,0.0000,14.45,2023-07-04,0.56986,TWD
1229.TW,Lien Hwa Industrial Corp,COMMON STOCK,TW,28,1,down,0.0000,39.55,2023-07-26,1.3,TWD
1301.TW,Formosa Plastics Corp,COMMON STOCK,TW,28,1,down,0.0000,64.6,2023-06-27,4.2,TWD
1402.TW,Far Eastern New Century Corp,COMMON STOCK,TW,29,1,down,0.0000,27.75,2023-07-17,1.35,TWD
1418.TW,Tong-Hwa Synthetic Fiber Co Ltd,COMMON STOCK,TW,6,1,down,0.0000,18.3,2001-06-20,1.69014,TWD
1452.TW,Hong Yi Fiber Industry Co Ltd,COMMON STOCK,TW,17,1,down,0.0000,10.7,2023-07-10,0.8,TWD
1504.TW,TECO Electric & Machinery Co Ltd,COMMON STOCK,TW,28,1,down,2.9197,68.5,2026-06-17,2,TWD
1513.TW,Chung-Hsin Electric & Machinery Mfg Corp,COMMON STOCK,TW,24,8,up,0.0000,167,2023-07-14,3.31366,TWD
1535.TW,China Ecotek Corp,COMMON STOCK,TW,24,5,up,0.0000,45.55,2023-07-19,3,TWD
1444.TW,Lealea Enterprise Co Ltd,COMMON STOCK,TW,9,1,down,0.0000,6.94,2022-08-11,0.28846,TWD
1603.TW,China Wire & Cable Co Ltd,COMMON STOCK,TW,9,4,flat,0.0000,30.05,2022-08-29,0.5,TWD
1605.TW,Walsin Lihwa Corp,COMMON STOCK,TW,19,2,flat,1.3755,36.35,2026-06-11,0.5,TWD
1626.TW,Airmate Cayman International Co Ltd,COMMON STOCK,TW,6,1,down,0.0000,9.6,2021-09-15,0.5699,KYD
1611.TW,China Electric Manufacturing Corp,COMMON STOCK,TW,25,1,down,0.0000,11.35,2023-06-19,0.3,TWD
1714.TW,Ho Tung Chemical Corp,COMMON STOCK,TW,13,1,down,1.1429,15.75,2026-08-20,0.18,TWD
1760.TW,Panion & BF Biotech Inc,COMMON STOCK,TW,12,3,flat,3.3395,53.9,2026-06-11,1.8,TWD
1789.TW,ScinoPharm Taiwan Ltd,COMMON STOCK,TW,13,1,down,0.0000,18.55,2023-07-06,0.36,TWD
1808.TW,Run Long Construction Co Ltd,COMMON STOCK,TW,16,2,up,0.0000,31.6,2022-09-26,2,TWD
2014.TW,Chung Hung Steel Corp,COMMON STOCK,TW,8,1,down,0.0000,16.8,2023-07-26,0.35,TWD
2015.TW,Feng Hsin Steel Co Ltd,COMMON STOCK,TW,27,1,down,0.0000,63.1,2023-03-30,4,TWD
2022.TW,Tycoons Group Enterprise Co Ltd,COMMON STOCK,TW,1,1,new,0.0000,7.3,2005-07-20,1.53681,TWD
1460.TW,Everest Textile Co Ltd,COMMON STOCK,TW,11,1,down,0.0000,6.24,2017-08-24,0.46345,TWD
2024.TW,Chih Lien Industrial Co Ltd,COMMON STOCK,TW,10,1,down,0.0000,12.75,2023-07-12,0.35,TWD
2069.TW,Yuen Chang Stainless Steel Co Ltd,COMMON STOCK,TW,9,1,down,0.0000,26.5,2023-07-11,1,TWD
2101.TW,Nankang Rubber Tire Corp Ltd,COMMON STOCK,TW,18,1,down,4.3624,29.8,2026-08-28,0.6,TWD
2106.TW,Kenda Rubber Industrial Co Ltd,COMMON STOCK,TW,18,1,down,0.0000,16.45,2023-07-14,0.5,TWD
2108.TW,Nantex Industry Co Ltd,COMMON STOCK,TW,22,1,down,0.0000,28.2,2023-03-30,2,TWD
2109.TW,Hwa Fong Rubber Ind Co Ltd,COMMON STOCK,TW,11,1,down,0.0000,14.35,2023-04-14,0.4,TWD
1539.TW,Chiu Ting Machinery Co Ltd,COMMON STOCK,TW,13,2,flat,0.0000,15.45,2022-08-29,0.8,TWD
2302.TW,Rectron Ltd,COMMON STOCK,TW,12,1,down,0.7726,45.3,2026-07-01,0.35,TWD
2330.TW,Taiwan Semiconductor Manufacturing Co. Ltd.,COMMON STOCK,TW,45,7,up,0.9697,2475,2026-09-16,7,TWD
2382.TW,Quanta Computer Inc,COMMON STOCK,TW,28,4,up,4.6360,336.5,2026-07-16,15.6,TWD
1215.TW,Charoen Pokphand Enterprise Taiwan Co Ltd,COMMON STOCK,TW,22,1,down,0.0000,105.5,2022-07-05,2.72727,TWD
2388.TW,VIA Technologies Inc,COMMON STOCK,TW,9,1,down,0.0702,71.2,2026-06-22,0.05,TWD
2421.TW,Sunonwealth Electric Machine Industry Co Ltd,COMMON STOCK,TW,22,2,up,0.0000,163.5,2023-07-05,2.6,TWD
2430.TW,Tsann Kuen Enterprise Co Ltd,COMMON STOCK,TW,25,1,down,4.4199,18.1,2026-03-19,0.8,TWD
2425.TW,Chaintech Technology Corp,COMMON STOCK,TW,12,4,up,0.0000,37.45,2023-07-05,0.8,TWD
2441.TW,Greatek Electronics Inc,COMMON STOCK,TW,21,3,up,0.0000,122,2022-08-25,5,TWD
2402.TW,Ichia Technologies Inc,COMMON STOCK,TW,13,3,up,0.0000,56.9,2022-07-29,0.5,TWD
2455.TW,Visual Photonics Epitaxy Co Ltd,COMMON STOCK,TW,15,1,down,0.0000,543,2023-06-26,2.3,TWD
2467.TW,C Sun Manufacturing Ltd,COMMON STOCK,TW,19,7,up,0.0000,544,2023-06-07,3.6,TWD
2481.TW,Pan Jit International Inc,COMMON STOCK,TW,20,3,up,1.0256,175.5,2026-04-16,1.8,TWD
2495.TW,Infortrend Technology Inc,COMMON STOCK,TW,22,3,up,0.0000,38.95,2023-07-31,0.6,TWD
2520.TW,Kindom Construction Corp,COMMON STOCK,TW,20,1,down,0.0000,37,2023-07-27,1.75316,TWD
2515.TW,BES Engineering Co,COMMON STOCK,TW,20,1,down,0.0000,11.8,2023-07-20,0.526,TWD
2539.TW,Sakura Development Co Ltd,COMMON STOCK,TW,17,6,up,1.7647,34,2026-08-20,0.6,TWD
2547.TW,Radium Life Tech Co Ltd,COMMON STOCK,TW,21,4,up,8.1218,9.85,2026-07-17,0.8,TWD
2603.TW,Evergreen Marine Corp Taiwan Ltd,COMMON STOCK,TW,18,5,up,0.0000,238,2023-06-30,70,TWD
2613.TW,China Container Terminal Corp,COMMON STOCK,TW,13,1,down,0.0000,21.95,2023-03-13,1.05,TWD
2748.TW,FDC International Hotels Corp,COMMON STOCK,TW,8,2,up,0.0000,38.7,2023-06-29,1.26599,TWD
2816.TW,Union Insurance Co Ltd,COMMON STOCK,TW,9,4,flat,3.7641,39.85,2026-06-16,1.5,TWD
1904.TW,Cheng Loong Corp,COMMON STOCK,TW,21,1,down,0.0000,24.25,2023-06-27,1.1,TWD
2483.TW,Excel Cell Electronic Co Ltd,COMMON STOCK,TW,26,3,flat,0.9231,32.5,2026-03-27,0.3,TWD
2102.TW,Federal Corp,COMMON STOCK,TW,14,1,down,0.0000,16.3,2021-11-09,0.02,TWD
2645.TW,Evergreen Aviation Tech Corp,COMMON STOCK,TW,5,5,up,2.9070,172,2026-07-13,5,TWD
2882A.TW,Cathay Financial Holding Co Ltd Pref A,COMMON STOCK,TW,4,4,flat,0.0000,60.2,2023-06-28,2.28,TWD
2887Z1.TW,Taishin Financial Holding Co. Ltd. Pfd. Z,COMMON STOCK,TW,4,4,flat,2.8705,22.75,2026-07-01,0.65305,TWD
2905.TW,Mercuries & Associates Holding Ltd,COMMON STOCK,TW,23,4,up,0.0000,18,2022-09-08,1,TWD
3002.TW,Ahoku Electronic Co,COMMON STOCK,TW,18,2,up,0.0000,18.9,2023-08-22,0.15,TWD
3008.TW,LARGAN Precision Co Ltd,COMMON STOCK,TW,25,1,down,0.0000,6020,2023-08-17,26.5,TWD
3019.TW,Asia Optical Co Inc,COMMON STOCK,TW,19,3,up,3.3948,135.5,2026-06-24,4.6,TWD
3021.TW,Welltend Technology Corp,COMMON STOCK,TW,15,3,up,2.0270,29.6,2026-04-16,0.6,TWD
3029.TW,Zero One Technology Co Ltd,COMMON STOCK,TW,20,4,up,4.6809,117.5,2026-03-19,5.5,TWD
3036.TW,WT Microelectronics Co Ltd,COMMON STOCK,TW,23,1,down,0.0000,207.5,2023-08-18,4.29787,TWD
3135.TW,Goldkey Technology Corporation,COMMON STOCK,TW,5,4,up,2.8888,156.5,2026-09-01,3.25858,TWD
3150.TW,Syncomm Technology Corp.,COMMON STOCK,TW,5,1,down,3.3003,15.15,2026-07-14,0.5,TWD
3167.TW,Ta Liang Technology Co Ltd,COMMON STOCK,TW,18,3,up,0.0000,903,2022-08-02,3.8835,TWD
2413.TW,Universal Microelectronics Co Ltd,COMMON STOCK,TW,11,2,up,0.9804,51,2026-08-24,0.5,TWD
1722.TW,Taiwan Fertilizer Co Ltd,COMMON STOCK,TW,27,2,flat,4.8603,41.15,2026-08-25,2,TWD
2597.TW,Ruentex Engineering & Construction Co Ltd,COMMON STOCK,TW,16,3,up,0.0000,167,2023-07-10,10,TWD
3305.TW,Shenmao Technology Inc,COMMON STOCK,TW,19,1,down,0.0000,104.5,2023-07-06,1.99108,TWD
2610.TW,China Airlines Ltd,COMMON STOCK,TW,15,1,down,0.0000,20.1,2023-07-10,0.46022,TWD
2501.TW,Cathay Real Estate Development Co Ltd,COMMON STOCK,TW,23,1,down,0.0000,21.15,2023-07-13,0.5,TWD
2616.TW,Shan-Loong Transportation Co Ltd,COMMON STOCK,TW,28,2,flat,2.2727,13.2,2026-07-31,0.3,TWD
3622.TW,Young Fast Optoelectronics Co Ltd,COMMON STOCK,TW,11,1,down,0.0000,44.65,2022-09-06,0.7,TWD
3705.TW,YungShin Global Holding Corp,COMMON STOCK,TW,30,4,flat,5.3667,55.9,2026-06-24,3,TWD
3714.TW,Ennostar Inc,COMMON STOCK,TW,4,2,flat,1.3216,68.1,2026-06-30,0.9,TWD
3016.TW,Episil-Precision Inc,COMMON STOCK,TW,13,4,up,0.0000,172.5,2023-07-06,2,TWD
3312.TW,G.M.I Technology Inc,COMMON STOCK,TW,8,3,up,0.0000,50.9,2022-07-18,2,TWD
3673.TW,TPK Holding Co Ltd,COMMON STOCK,TW,8,1,down,0.0000,68.7,2023-07-25,0.5,TWD
3040.TW,Global View Co Ltd,COMMON STOCK,TW,22,2,flat,0.0000,33.85,2023-06-29,2,TWD
4426.TW,Li Cheng Enterprise Co Ltd,COMMON STOCK,TW,15,2,up,0.0000,7.61,2020-08-25,0.48,TWD
2832.TW,Taiwan Fire & Marine Insurance Co Ltd,COMMON STOCK,TW,27,1,down,13.7072,56.8,2026-06-15,3.5,TWD
4137.TW,Chlitina Holding Ltd,COMMON STOCK,TW,10,1,down,0.0000,76.5,2023-06-30,7,TWD
3033.TW,Weikeng Industrial Co Ltd,COMMON STOCK,TW,26,1,down,4.5711,42,2026-08-06,1.91986,TWD
2543.TW,Hwang Chang General Contractor Co Ltd,COMMON STOCK,TW,5,1,down,0.0000,38.15,2017-07-14,0.3,TWD
4441.TW,"Great Giant Fibre Garment Co., Ltd.",COMMON STOCK,TW,5,5,up,6.3529,170,2026-08-20,10.8,TWD
4557.TW,Yusin Holding Corp,COMMON STOCK,TW,8,3,up,0.0000,50.1,2023-06-27,7,TWD
4562.TW,Ying Han Technology Co Ltd,COMMON STOCK,TW,4,1,down,0.0000,30,2019-07-18,1.46472,TWD
4572.TW,Drewloong Precision Inc,COMMON STOCK,TW,8,2,up,3.5954,139,2026-07-16,4.99767,TWD
4569.TW,Sixxon Tech Co Ltd,COMMON STOCK,TW,3,1,down,2.1104,154,2026-08-12,3.25,KYD
3501.TW,Well Shin Technology Co Ltd,COMMON STOCK,TW,17,2,up,0.0000,37.5,2023-07-25,4,TWD
3443.TW,Global Unichip Corp,COMMON STOCK,TW,18,10,up,0.0000,7925,2023-06-02,14,TWD
4952.TW,Generalplus Technology Inc,COMMON STOCK,TW,13,1,down,0.0000,49.2,2023-06-30,4.85,TWD
3702.TW,WPG Holdings Ltd,COMMON STOCK,TW,19,4,up,0.0000,115,2023-07-25,3.85,TWD
4540.TW,TBI Motion Technology Co Ltd,COMMON STOCK,TW,7,3,up,0.0000,62.6,2023-09-07,1.48454,TWD
5521.TW,Kung Sing Engineering Corp,COMMON STOCK,TW,9,1,down,0.0000,10.5,2021-09-07,0.13,TWD
3416.TW,WinMate Communication INC,COMMON STOCK,TW,22,1,down,2.9965,162,2026-06-30,4.85438,TWD
5525.TW,Sweeten Real Estate Development Co Ltd,COMMON STOCK,TW,28,2,up,5.4670,21.95,2026-08-06,1.2,TWD
5531.TW,Shining Building Business Co Ltd,COMMON STOCK,TW,1,1,new,0.0000,6.85,2008-09-05,0.47487,TWD
3057.TW,Promise Technology Inc,COMMON STOCK,TW,10,1,down,0.0000,16.25,2016-09-02,0.57417,TWD
5292.TW,Desiccant Technology Corporation,COMMON STOCK,TW,7,5,up,2.5172,218.5,2026-07-09,5.5,TWD
5534.TW,Chong Hong Construction Co Ltd,COMMON STOCK,TW,21,1,down,0.0000,73.3,2022-08-26,4.40958,TWD
4958.TW,Zhen Ding Technology Holding Ltd,COMMON STOCK,TW,12,7,up,0.0000,498.5,2023-06-05,6,TWD
4961.TW,Fitipower Integrated Technology Inc,COMMON STOCK,TW,15,1,down,4.1843,184.5,2026-07-01,7.72,TWD
6196.TW,Marketech International Corp,COMMON STOCK,TW,20,4,up,0.0000,544,2023-07-10,5.6383,TWD
6215.TW,Aurotek Corp,COMMON STOCK,TW,19,5,flat,0.0000,97.2,2023-07-04,1.8,TWD
6213.TW,ITEQ Corp,COMMON STOCK,TW,21,1,down,0.0000,620,2023-07-10,3,TWD
6472.TW,BORA PHARMACEUTICALS LTD,COMMON STOCK,TW,12,1,down,2.3669,422.5,2026-07-31,10,TWD
6558.TW,SYNergy ScienTech Corp,COMMON STOCK,TW,7,2,flat,0.0000,25.4,2025-06-24,0.3,TWD
4306.TW,Yem Chio Co Ltd,COMMON STOCK,TW,25,1,down,0.0000,14.65,2023-07-18,0.97891,TWD
6645.TW,"Kim Forest Enterprise Co., Ltd.",COMMON STOCK,TW,3,1,down,0.0000,12.5,2023-06-20,0.09385,TWD
3308.TW,Bestec Power Electronics Co Ltd,COMMON STOCK,TW,6,1,down,0.0000,22.2,2010-08-31,0.94661,TWD
6666.TW,Luo Lih Fen Holding Co Ltd,COMMON STOCK,TW,4,1,down,0.0000,45.65,2022-08-16,1.5,CNY
6689.TW,eCloudvalley Digital Technology Co. Ltd.,COMMON STOCK,TW,9,3,flat,3.1056,64.4,2026-07-29,2,TWD
6835.TW,Complex Micro Interconnection Co. Ltd.,COMMON STOCK,TW,5,1,down,3.2581,30.9,2026-06-30,1.00676,TWD
6743.TW,AMPACS Corp.,COMMON STOCK,TW,3,2,up,0.0000,31.1,2023-08-04,0.14,TWD
6412.TW,Chicony Power Technology Co Ltd,COMMON STOCK,TW,11,5,up,0.0000,74.1,2023-03-29,5.9,TWD
5608.TW,Shih Wei Navigation Co Ltd,COMMON STOCK,TW,16,1,down,0.0000,16.7,2023-07-18,1.5,TWD
6861.TW,Innocare Optoelectronics Corp.,COMMON STOCK,TW,5,3,up,0.7018,285,2026-06-15,2,TWD
6191.TW,Global Brands Manufacture Ltd,COMMON STOCK,TW,15,5,up,0.0000,83.1,2023-07-19,2.62084,TWD
6887.TW,BORETECH RES RECV ENGR COL,COMMON STOCK,TW,2,1,down,6.3541,38.1,2026-07-20,2.42093,CNY
6890.TW,"Lai Yih Footwear Co., Ltd.",COMMON STOCK,TW,3,1,down,6.1005,147,2026-07-13,8.96779,TWD
6937.TW,Skytech Inc.,COMMON STOCK,TW,4,1,down,0.4545,308,2026-07-08,1.4,TWD
6757.TW,Tigerair Taiwan Co. Ltd.,COMMON STOCK,TW,3,1,down,4.5323,53.4,2026-07-28,2.42027,TWD
6581.TW,Taiwan Steel Union Co Ltd,COMMON STOCK,TW,10,1,down,4.9074,108,2026-03-27,5.3,TWD
7730.TW,"Nano Electronics and Micro System Technologies, Inc.",COMMON STOCK,TW,3,2,up,0.5731,174.5,2026-08-28,1,TWD
7610.TW,"Lianyou Metals Co., Ltd.",COMMON STOCK,TW,4,3,up,0.0241,1730,2026-07-13,0.41665,TWD
7736.TW,Hushan Autoparts Inc.,COMMON STOCK,TW,3,3,up,5.5718,68.2,2026-03-26,3.8,TWD
7750.TW,"Syntec Technology Co., Ltd.",COMMON STOCK,TW,2,2,up,0.8163,1960,2026-04-01,16,TWD
6141.TW,Plotech Co Ltd,COMMON STOCK,TW,22,1,down,0.0000,52.9,2022-07-13,1.0132,TWD
8478.TW,Alexander Marine Co Ltd,COMMON STOCK,TW,12,2,up,4.6763,139,2026-08-10,6.5,TWD
8442.TW,WW Holding Inc,COMMON STOCK,TW,8,1,down,6.6964,44.8,2026-08-26,3,TWD
9103.TW,Medtecs International Corporation Ltd DRC,COMMON STOCK,TW,1,1,new,0.0000,4.96,2007-05-15,0.13,TWD
6128.TW,General Plastic Industrial Co Ltd,COMMON STOCK,TW,22,3,up,0.0000,19.1,2023-07-06,2.2,TWD
6283.TW,Shun On Electronic Co Ltd,COMMON STOCK,TW,5,1,down,0.0000,18.8,2017-06-29,0.13,TWD
9914.TW,Merida Industry Co Ltd,COMMON STOCK,TW,23,1,down,0.0000,67.1,2023-08-10,7,TWD
8464.TW,Nien Made Enterprise Co Ltd,COMMON STOCK,TW,8,8,flat,0.0000,372.5,2023-07-19,11,TWD
8481.TW,Transart Graphics Co Ltd,COMMON STOCK,TW,11,3,up,6.7568,40.7,2026-07-20,2.75,TWD
8271.TW,Apacer Technology Inc,COMMON STOCK,TW,18,3,up,0.0000,199.5,2023-06-29,3.3,TWD
8249.TW,Creative Sensor Inc,COMMON STOCK,TW,20,2,up,0.0000,39.05,2023-05-31,1.87793,TWD
9136.TW,Ju Teng International Holdings Limited,COMMON STOCK,TW,10,2,up,0.0000,9.13,2019-05-21,0.399,HKD
910861.TW,Digital China Holdings Limited,COMMON STOCK,TW,8,1,down,0.0000,4.71,2019-09-12,0.06095,HKD
9929.TW,Choice Development Inc,COMMON STOCK,TW,3,1,down,0.0000,10.9,2021-08-13,0.4,TWD
9904.TW,Pou Chen Corp,COMMON STOCK,TW,25,1,down,5.2419,24.8,2026-07-02,1.3,TWD
ELTEL.ST,Eltel AB,COMMON STOCK,ST,1,1,new,0.0000,17.8,2016-05-03,1.32225,SEK
CRED-A.ST,Creades AB,COMMON STOCK,ST,30,1,down,1.8615,85.95,2026-07-28,0.4,SEK
FPAR-D.ST,FastPartner AB Series D,COMMON STOCK,ST,26,1,down,7.1327,70.1,2026-07-30,1.25,SEK
G5EN.ST,G5 Entertainment publ AB,COMMON STOCK,ST,10,1,down,3.0349,65.9,2026-06-16,2,SEK
ADVE.ST,Advenica AB,COMMON STOCK,ST,2,2,up,0.7865,17.8,2026-04-29,0.14,SEK
ERIC-B.ST,Telefonaktiebolaget LM Ericsson (publ),COMMON STOCK,ST,41,10,up,3.2453,92.44,2026-09-28,1.5,SEK
ATCO-A.ST,Atlas Copco AB Series A,COMMON STOCK,ST,35,8,up,3.1925,203.6,2026-10-19,2.5,SEK
CATE.ST,Catena AB,COMMON STOCK,ST,26,1,down,2.6565,348.2,2026-04-24,4.75,SEK
CAST.ST,Castellum AB,COMMON STOCK,ST,38,1,down,0.4946,125.35,2025-12-29,0.62,SEK
EPRO-B.ST,Electrolux Professional AB (publ),COMMON STOCK,ST,5,5,up,2.0585,46.15,2026-05-06,0.95,SEK
DUNI.ST,Duni AB,COMMON STOCK,ST,20,1,down,6.6138,75.6,2026-05-19,2.5,SEK
ELON.ST,Elon AB (publ),COMMON STOCK,ST,20,2,flat,0.0000,36,2025-05-06,1.25,SEK
GARO.ST,Garo AB,COMMON STOCK,ST,7,1,down,0.0000,10.9,2023-11-14,0.4,SEK
GOTL-A.ST,Gotland Rederi AB Series A,COMMON STOCK,ST,3,3,up,0.0000,260,2025-06-11,2.03,SEK
HEIM-PREF.ST,Heimstaden AB Pfd.,COMMON STOCK,ST,36,1,down,0.0000,20.4,2024-04-04,0.5,SEK
GPG.ST,Genova Property Group AB,COMMON STOCK,ST,7,3,up,2.4793,36.3,2026-08-07,0.23,SEK
INSTAL.ST,Instalco Intressenter AB,COMMON STOCK,ST,9,1,down,1.1494,43.5,2026-05-06,0.5,SEK
GOMERO.ST,Gomero Group AB,COMMON STOCK,ST,2,2,up,9.2251,13.55,2026-05-13,1.25,SEK
INVE-B.ST,Investor AB ser. B,COMMON STOCK,ST,45,7,up,1.7273,408.15,2026-11-06,1.6,SEK
IRIS.ST,Irisity AB,COMMON STOCK,ST,1,1,new,0.0000,0.256,2014-07-09,0.0125,SEK
K2A-PREF.ST,K2A Knaust & Andersson Fastigheter AB (publ),COMMON STOCK,ST,38,1,down,0.0000,95.6,2024-09-09,5,SEK
LARK.ST,Novakand Pharma AB (publ),COMMON STOCK,ST,2,2,up,86.9565,2.3,2026-05-08,2,SEK
LINKAB.ST,Link Prop Investment AB,COMMON STOCK,ST,42,1,down,4.6154,130,2026-04-06,2,SEK
LOGIST-A.ST,Logistri Fastighets AB ser. A,COMMON STOCK,ST,30,1,down,1.8621,14.5,2026-06-29,0.07,SEK
COOR.ST,COOR Service Management AB,COMMON STOCK,ST,19,2,up,8.9552,50.25,2026-10-02,1,SEK
MAGI.ST,MAG Interactive AB (publ),COMMON STOCK,ST,1,1,new,0.0000,8.9,2025-01-23,1,SEK
LUC.ST,Lucara Diamond Corp,COMMON STOCK,ST,19,1,down,0.0000,1.194,2019-09-05,0.18294,CAD
MEKO.ST,Mekonomen AB,COMMON STOCK,ST,25,4,up,2.8719,67.9,2025-11-14,1.95,SEK
NFGAB.ST,Nordic Flanges Group AB,COMMON STOCK,ST,1,1,new,0.0000,31.2,2017-04-28,2.51786,SEK
NOLA-B.ST,Nolato AB (publ),COMMON STOCK,ST,5,3,up,3.1716,53.6,2026-05-07,1.7,SEK
AJA-B.ST,Byggmästare Anders J Ahlström Holding AB (publ),COMMON STOCK,ST,11,1,down,17.6829,49.2,2026-05-12,0.7,SEK
SAMPO-SEK.ST,Sampo Oyj,COMMON STOCK,ST,1,1,new,4.0576,100.4,2026-04-23,4.07384,EUR
RVRC.ST,RVRC Holding AB,COMMON STOCK,ST,5,5,up,2.7284,49.48,2025-11-21,1.35,SEK
SECARE.ST,Swedencare publ AB,COMMON STOCK,ST,7,7,up,1.2993,21.55,2026-04-24,0.28,SEK
SAVE.ST,Nordnet AB,COMMON STOCK,ST,7,4,up,2.5810,333.2,2026-04-28,8.6,SEK
SHB-B.ST,Svenska Handelsbanken AB (publ),COMMON STOCK,ST,25,5,up,7.1429,245,2026-03-26,17.5,SEK
SKOLON.ST,Skolon AB,COMMON STOCK,ST,1,1,new,0.0000,20.4,2024-04-25,0.56,SEK
SODER.ST,Soder Sportfiske AB,COMMON STOCK,ST,4,2,flat,5.0633,15.8,2026-04-29,0.8,SEK
SSAB-B.ST,SSAB AB (publ),COMMON STOCK,ST,22,1,down,1.9175,104.3,2026-04-29,2,SEK
STEF-B.ST,Stendörren Fastigheter AB (publ),COMMON STOCK,ST,12,1,down,0.0000,157.4,2019-04-01,0.56,SEK
STOR-B.ST,Storskogen Group AB Series B,COMMON STOCK,ST,5,5,up,1.0092,10.9,2026-05-07,0.11,SEK
STE-R.ST,Stora Enso Oyj ser. R,COMMON STOCK,ST,22,6,up,0.0000,117.5,2021-03-22,3.04245,EUR
SWEC-A.ST,Sweco AB (publ),COMMON STOCK,ST,28,16,up,2.8794,128.5,2026-04-23,3.7,SEK
SUS.ST,Surgical Science Sweden AB,COMMON STOCK,ST,9,3,up,0.0000,51.4,2023-11-02,0.35,SEK
TELIA.ST,Telia Company AB,COMMON STOCK,ST,46,1,down,6.7210,45.38,2027-02-04,0.52,SEK
NP3-PREF.ST,NP3 Fastigheter AB (publ),COMMON STOCK,ST,33,1,down,6.8729,29.1,2026-07-30,0.5,SEK
TINGS-PREF.ST,Tingsvalvet Fastighets AB Pfd.,COMMON STOCK,ST,47,1,down,6.0858,361.5,2026-08-28,2,SEK
TRIAN-B.ST,Fastighets AB Trianon (publ),COMMON STOCK,ST,4,1,down,1.4749,16.95,2026-05-22,0.25,SEK
VIDH.ST,Vidhance AB,COMMON STOCK,ST,1,1,new,0.0000,6.4,2024-05-22,0.7,SEK
WBGR-B.ST,Wästbygg Gruppen AB (publ),COMMON STOCK,ST,3,1,down,0.0000,2.5,2023-05-05,0.67482,SEK
NP3.ST,NP3 Fastigheter AB,COMMON STOCK,ST,25,3,up,2.5778,225,2026-07-30,1.6,SEK
XACT-BEAR-2.ST,XACT Bear 2,ETF,ST,1,1,new,0.0000,4.349,2012-03-16,2.49,SEK
TRUE-B.ST,Truecaller AB (publ),COMMON STOCK,ST,3,1,down,1.2756,21.95,2026-05-25,0.28,SEK
TINGS-B.ST,Done.ai Group AB,COMMON STOCK,ST,1,1,new,0.7958,37.7,2026-05-28,0.3,SEK
WTW-A.ST,Wall to Wall Group A,COMMON STOCK,ST,3,3,flat,0.0000,28.5,2025-04-30,1,SEK
SINT.ST,SinterCast AB,COMMON STOCK,ST,22,2,flat,1.4354,104.5,2026-05-20,1,SEK
AQA.WAR,AQA,COMMON STOCK,WAR,6,2,up,0.0000,4.82,2025-09-11,0.24,PLN
BIP.WAR,Bio Planet SA,COMMON STOCK,WAR,6,2,up,2.7391,23,2026-06-23,0.63,PLN
CPI.WAR,CPIEUROPE,COMMON STOCK,WAR,6,1,down,0.0000,66.8,2021-10-21,3.27777,EUR
ACG.WAR,AC S.A.,COMMON STOCK,WAR,13,2,up,0.0000,22,2024-05-24,3,PLN
ASE.WAR,Asseco South Eastern Europe S.A.,COMMON STOCK,WAR,17,13,up,2.5760,75.7,2026-06-23,1.95,PLN
EAT.WAR,AmRest Holdings SE,COMMON STOCK,WAR,2,1,down,3.0019,9.8,2025-12-18,0.29419,EUR
DOM.WAR,Dom Development S.A.,COMMON STOCK,WAR,23,1,down,6.2222,225,2026-06-24,7,PLN
BST.WAR,Best SA,COMMON STOCK,WAR,1,1,new,0.0000,34.4,1998-05-18,0.25,PLN
BMX.WAR,Biomaxima,COMMON STOCK,WAR,6,4,up,0.0000,9.98,2023-06-16,0.5,PLN
BHW.WAR,Bank Handlowy w Warszawie SA,COMMON STOCK,WAR,28,1,down,10.8170,122.4,2026-06-24,9.8,PLN
CMP.WAR,Comp SA,COMMON STOCK,WAR,3,3,flat,0.0000,95.9,2022-08-30,0.6,PLN
ATC.WAR,Arctic Paper SA,COMMON STOCK,WAR,7,1,down,0.0000,5.9,2024-06-11,1,SEK
CDR.WAR,CD PROJEKT SA,COMMON STOCK,WAR,7,4,flat,0.0000,245.2,2025-06-27,1,PLN
EXA.WAR,Examobile SA,COMMON STOCK,WAR,1,1,new,0.0000,3.78,2023-07-05,1,PLN
ECH.WAR,Echo Investment SA,COMMON STOCK,WAR,14,1,down,22.2635,5.39,2026-06-24,0.4,PLN
CPS.WAR,Cyfrowy Polsat SA,COMMON STOCK,WAR,9,3,up,0.0000,15.86,2022-09-19,1.2,PLN
EEX.WAR,Eko Export SA,COMMON STOCK,WAR,2,2,up,0.0000,1.63,2014-05-22,0.68,PLN
EGH.WAR,Ekopol,COMMON STOCK,WAR,17,3,flat,4.0000,6,2026-07-13,0.24,PLN
ENA.WAR,Enea S.A.,COMMON STOCK,WAR,10,3,up,2.8718,19.5,2026-06-10,0.56,PLN
ETX.WAR,Euro-Tax.pl S.A.,COMMON STOCK,WAR,16,2,up,11.9048,2.94,2026-07-13,0.35,PLN
FRO.WAR,Ferro S.A.,COMMON STOCK,WAR,15,1,down,7.5641,31.2,2026-09-10,2.36,PLN
FTE.WAR,Fabryki Mebli Forte S.A.,COMMON STOCK,WAR,15,1,down,0.0000,15.6,2022-09-09,2,PLN
GTS.WAR,Geotrans SA,COMMON STOCK,WAR,4,3,up,0.0000,4.26,2020-06-18,0.8,PLN
HRS.WAR,Herkules S.A.,COMMON STOCK,WAR,5,1,down,0.0000,1.4,2018-08-28,0.07,PLN
INC.WAR,INC S.A.,COMMON STOCK,WAR,1,1,new,0.0000,1.43,2021-07-01,0.12,PLN
ETFSP500.WAR,Lyxor S&P 500 UCITS ETF - D-EUR,ETF,WAR,21,1,down,0.8281,306.45,2025-12-09,2.53771,PLN
GKI.WAR,Immobile,COMMON STOCK,WAR,8,4,up,1.2712,4.72,2026-09-11,0.06,PLN
HPS.WAR,Hydrapres,COMMON STOCK,WAR,4,4,flat,0.0000,0.372,2015-07-30,0.01,PLN
ATS.WAR,Atlantis S.A.,COMMON STOCK,WAR,1,1,new,0.0000,1.195,1998-09-15,395.99603,PLN
INT.WAR,Internity S.A.,COMMON STOCK,WAR,16,2,up,7.1357,9.95,2026-07-03,0.2,PLN
KBJ.WAR,Kbj,COMMON STOCK,WAR,6,1,down,0.0000,29,2018-08-27,0.19,PLN
KTY.WAR,Grupa KĘTY SA,COMMON STOCK,WAR,24,2,up,3.8491,1272,2026-08-18,48.96,PLN
KRK.WAR,Krka d. d,COMMON STOCK,WAR,15,10,up,3.4731,1134,2026-07-21,39.38469,EUR
KPI.WAR,Kancelaria Prawna Inkaso Wec SA,COMMON STOCK,WAR,7,3,flat,0.0000,2.02,2022-06-29,0.04,PLN
MGT.WAR,Mangata Holding S.A.,COMMON STOCK,WAR,10,1,down,7.3529,61.2,2026-06-10,4.5,PLN
MLB.WAR,Makolab,COMMON STOCK,WAR,16,5,up,2.9730,7.4,2026-07-09,0.22,PLN
MLS.WAR,ML System S.A.,COMMON STOCK,WAR,1,1,new,0.0000,13.5,2019-06-27,0.2,PLN
MUR.WAR,Murapol S.A.,COMMON STOCK,WAR,5,1,down,13.2703,37,2026-06-24,1.97,PLN
MLM.WAR,Milisystem S.A.,COMMON STOCK,WAR,1,1,new,0.0000,0.405,2024-09-09,0.03036,PLN
KLN.WAR,Klon S.A.,COMMON STOCK,WAR,2,1,down,0.0000,1.3,2017-09-14,0.01,PLN
OBL.WAR,Orzel Bialy S.A.,COMMON STOCK,WAR,7,3,up,3.4439,39.2,2026-06-29,1.35,PLN
NWA.WAR,Nwai,COMMON STOCK,WAR,7,7,flat,10.0671,29.8,2026-07-14,3,PLN
OPL.WAR,OrangePL,COMMON STOCK,WAR,21,3,up,4.6923,13,2026-06-23,0.61,PLN
PCO.WAR,Pepco Group B.V.,COMMON STOCK,WAR,2,2,up,0.9350,43.75,2026-03-17,0.40906,PLN
PLW.WAR,PLAYWAY SA,COMMON STOCK,WAR,9,1,down,7.3067,238,2026-07-06,17.39,PLN
PAT.WAR,Patentus SA,COMMON STOCK,WAR,2,1,down,0.0000,1.86,2025-06-30,0.25,PLN
PKP.WAR,PKP Cargo S.A.,COMMON STOCK,WAR,3,1,down,0.0000,10.3,2019-07-02,1.5,PLN
PRS.WAR,PRS,COMMON STOCK,WAR,3,3,up,0.0000,6.15,2022-07-07,0.22,PLN
PTW.WAR,Wspierania Przedsiebiorczosci,COMMON STOCK,WAR,10,1,down,4.3309,136,2026-07-02,5.89,PLN
PXM.WAR,Polimex-Mostostal S.A.,COMMON STOCK,WAR,9,4,flat,0.0000,7.04,2011-09-13,1.90569,PLN
SKN.WAR,Sakana SA,COMMON STOCK,WAR,3,1,down,0.0000,0.55,2023-12-07,0.02,PLN
RRH.WAR,Roof Renovation S.A.,COMMON STOCK,WAR,1,1,new,0.0000,0.0435,2010-07-21,0.02,PLN
SOK.WAR,Sonka SA,COMMON STOCK,WAR,1,1,new,0.0000,10.5,2020-09-02,0.11,PLN
SUN.WAR,SUN,COMMON STOCK,WAR,4,1,down,0.0000,1.96,2025-06-24,0.03,PLN
MSW.WAR,Mostostal Warszawa S.A.,COMMON STOCK,WAR,2,1,down,0.0000,3.48,2011-06-29,0.55,PLN
SWG.WAR,Seco/Warwick SA,COMMON STOCK,WAR,11,5,up,3.5294,34,2026-06-15,1.2,PLN
UCG.WAR,UniCredit S.p.A.,COMMON STOCK,WAR,18,1,down,3.7447,367.5,2026-04-20,7.52029,EUR
UNF.WAR,Unfold.vc ASI S.A.,COMMON STOCK,WAR,2,2,up,0.0000,1.27,2022-07-07,0.11,PLN
TLS.WAR,Telestrada SA,COMMON STOCK,WAR,4,4,flat,0.0000,24.8,2019-06-04,1.5,PLN
WXF.WAR,Warimpex Finanz- und Beteiligungs AG,COMMON STOCK,WAR,5,1,down,0.0000,2.16,2020-10-07,0.13439,EUR
ZAP.WAR,Grupa Azoty Zaklady Azotowe Pulawy SA,COMMON STOCK,WAR,15,3,up,0.0000,44.4,2022-07-28,6.6,PLN
RPC.WAR,Zaklady Magnezytowe Ropczyce S.A.,COMMON STOCK,WAR,23,3,flat,4.8035,22.9,2026-06-11,1.1,PLN
AMNF.US,Armanino Foods New,COMMON STOCK,OTCQX,105,1,down,1.6807,11.9,2026-07-17,0.05,USD
BNPQY.US,BNP Paribas SA ADR,COMMON STOCK,OTCQX,30,1,down,5.9098,56.33,2026-09-23,1.84,USD
ATUSF.US,Altius Minerals Corporation,COMMON STOCK,OTCQX,49,1,down,0.6358,46.62,2026-08-28,0.079,USD
ABSSF.US,AirBoss of America Corp,COMMON STOCK,OTCQX,75,1,down,2.4354,5.175,2026-09-29,0.02496,USD
CBBI.US,CBB Bancorp Inc,COMMON STOCK,OTCQX,22,1,down,3.6247,14.07,2026-08-07,0.125,USD
ALBY.US,Community Capital Bancshares Inc,COMMON STOCK,OTCQX,26,7,up,5.8993,34.75,2026-05-29,2.05,USD
ECRAF.US,Ecora Resources PLC,COMMON STOCK,OTCQX,44,1,down,1.7799,2.19,2027-01-07,0.01898,USD
ADRNY.US,Koninklijke Ahold Delhaize NV ADR,COMMON STOCK,OTCQX,49,6,up,3.8295,36.95,2026-08-17,0.589,USD
BNCC.US,BNCCorp Inc,COMMON STOCK,OTCQX,5,2,up,0.0000,30.5,2024-12-30,4,USD
ADDYY.US,Adidas AG ADR,COMMON STOCK,OTCQX,23,3,up,1.9166,84.63,2026-05-11,1.622,USD
CSHX.US,Cashmere Valley Bank,COMMON STOCK,OTCQX,29,6,up,2.2284,89.75,2026-07-31,1,USD
BRELY.US,Brazilian Rare Earths Limited,COMMON STOCK,OTCQX,1,1,new,11.4129,14.97,2026-09-21,1.70851,USD
CIBN.US,Community Investors Bancorp Inc,COMMON STOCK,OTCQX,108,1,down,1.4358,27.86,2026-09-11,0.1,USD
HCHDF.US,Hochschild Mining PLC,COMMON STOCK,OTCQX,24,2,up,1.2867,7.01,2026-09-04,0.04,USD
EXALF.US,Exail Technologies,COMMON STOCK,OTCQX,7,2,up,0.0000,143.46,2021-06-23,0.28404,USD
HKHHF.US,Heineken Holding N.V,COMMON STOCK,OTCQX,44,3,up,5.7573,75.23,2026-08-10,0.8777,USD
DIMC.US,Dimeco Inc,COMMON STOCK,OTCQX,129,1,down,2.8571,63,2026-10-05,0.45,USD
JSNSF.US,J Sainsbury plc,COMMON STOCK,OTCQX,33,1,down,7.5991,4.29,2026-06-05,0.1282,USD
HKHHY.US,Heineken Holding NV ADR,COMMON STOCK,OTCQX,29,3,up,3.2083,37.87,2026-08-10,0.432,USD
KCLI.US,Kansas City Life Insurance Company,COMMON STOCK,OTCQX,169,1,down,3.7652,36.12,2026-08-06,0.18,USD
KGFHY.US,Kingfisher PLC ADR,COMMON STOCK,OTCQX,46,4,up,4.8737,8.91,2026-10-09,0.10125,USD
MNAT.US,Marquette National Corp,COMMON STOCK,OTCQX,65,1,down,3.4565,37.61,2026-09-18,0.33,USD
PBNC.US,PB Financial Corporation,COMMON STOCK,OTCQX,28,1,down,3.8889,72,2026-08-03,0.63,USD
QTRHF.US,Quarterhill Inc,COMMON STOCK,OTCQX,55,1,down,0.0000,2.08,2023-03-30,0.009,USD
SPHRY.US,Starpharma Holdings Ltd,COMMON STOCK,OTCQX,1,1,new,1.5135,5.55,2026-08-10,0.084,USD
CPKF.US,Chesapeake Finl Shs,COMMON STOCK,OTCQX,96,1,down,1.8009,38.87,2026-09-01,0.18,USD
LLEIF.US,LleidaNetworks Serveis Telemàtics S.A,COMMON STOCK,OTCQX,2,1,down,0.0000,1.55,2022-06-23,0.01754,USD
SWDCF.US,Swedencare AB (publ),COMMON STOCK,OTCQX,6,5,up,2.5913,2.3,2026-04-27,0.0315,USD
TYFG.US,Tri-County Financial Group Inc,COMMON STOCK,OTCQX,49,1,down,1.6951,79.05,2026-09-30,0.28,USD
TRNLY.US,Trendlines Group Ltd ADR,COMMON STOCK,OTCQX,1,1,new,0.0000,1.78,2019-12-20,0.00041,USD
TGSGY.US,TGS NOPEC Geophysical Company ASA ADR,COMMON STOCK,OTCQX,48,1,down,4.1758,14.88,2026-08-03,0.155,USD
WDOFF.US,Wesdome Gold Mines Ltd,COMMON STOCK,OTCQX,4,4,up,0.0890,24.71,2026-09-15,0.022,USD
WPNTF.US,Warpaint London PLC,COMMON STOCK,OTCQX,12,1,down,5.8495,2.99,2026-06-12,0.1207,USD
YZCAY.US,Yanzhou Coal Mining Company Limited,COMMON STOCK,OTCQX,33,1,down,10.2161,14.91,2026-09-11,0.2934,USD
WMMVY.US,Wal Mart de Mexico SAB de CV ADR,COMMON STOCK,OTCQX,52,1,down,3.5037,26.09,2025-12-16,0.45953,USD
CTM.HA,China Mobile Limited,COMMON STOCK,HA,21,3,up,7.2099,8.432,2026-08-25,0.3253,EUR
FO4N.HA,ageas SA/NV,COMMON STOCK,HA,19,1,down,5.0234,74.65,2026-06-03,2.25,EUR
IUSA.HA,iShares Core S&P 500 UCITS ETF USD (Dist),ETF,HA,15,1,down,0.7309,67.462,2026-06-18,0.1654,USD
H11.HA,Halma plc,COMMON STOCK,HA,10,1,down,0.7088,40.66,2026-07-09,0.17602,EUR
EVD.HA,CTS Eventim AG & Co KgaA,COMMON STOCK,HA,11,1,down,2.6349,54.65,2026-05-28,1.44,EUR
ENL.HA,Enel SpA,COMMON STOCK,HA,33,5,up,5.5923,8.762,2026-07-20,0.26,EUR
2FB.HA,Fortune Brands Home & Security Inc,COMMON STOCK,HA,20,1,down,2.7298,33.2,2026-08-21,0.22877,EUR
NAQ.HA,Nasdaq Inc.,COMMON STOCK,HA,20,1,down,1.2593,81.1,2026-09-11,0.27292,EUR
MLP.HA,MLP SE,COMMON STOCK,HA,14,10,flat,3.6623,9.83,2026-06-26,0.36,EUR
MOH.HA,LVMH Moët Hennessy - Louis Vuitton Société Européenne,COMMON STOCK,HA,39,1,down,2.9650,438.45,2026-04-28,7.5,EUR
ACO4.HA,Atlas Copco AB (A),COMMON STOCK,HA,33,1,down,1.9412,18.08,2026-04-29,0.21935,EUR
BVB.HA,Borussia Dortmund GmbH & Co. Kommanditgesellschaft auf Aktien,COMMON STOCK,HA,8,7,flat,1.8987,3.16,2025-11-25,0.06,EUR
CJ6.HA,Cameco Corporation,COMMON STOCK,HA,2,2,up,0.1958,76.04,2025-12-01,0.14885,EUR
OMV.HA,OMV Aktiengesellschaft,COMMON STOCK,HA,12,1,down,6.0315,72.95,2026-06-08,4.4,EUR
NCB.HA,Bank of America Corporation,COMMON STOCK,HA,64,1,down,2.0772,49.165,2026-09-04,0.28173,EUR
SAX.HA,Ströer SE & Co. KGaA,COMMON STOCK,HA,14,1,down,4.9465,37.4,2026-06-04,1.85,EUR
NYKA.HA,Nippon Yusen Kabushiki Kaisha,COMMON STOCK,HA,11,1,down,3.2736,40.16,2026-09-29,0.67133,EUR
STM.HA,Stabilus SE,COMMON STOCK,HA,10,1,down,2.2552,15.52,2026-02-05,0.35,EUR
SII.HA,Wheaton Precious Metals Corp,COMMON STOCK,HA,40,1,down,0.5467,120.7,2026-08-20,0.17158,EUR
SHA0.HA,Schaeffler AG,COMMON STOCK,HA,11,2,up,4.5455,6.6,2026-04-24,0.3,EUR
PHM7.HA,Altria Group Inc,COMMON STOCK,HA,56,1,down,6.2188,60.72,2026-09-15,0.97702,EUR
SAP.HA,SAP SE,COMMON STOCK,HA,14,4,up,1.3575,184.16,2026-05-06,2.5,EUR
TTK.HA,Takkt AG,COMMON STOCK,HA,13,1,down,0.0000,3.065,2025-05-22,0.6,EUR
VVU.HA,Vivendi SE,COMMON STOCK,HA,21,2,flat,2.7192,1.471,2026-04-22,0.04,EUR
RNL.HA,Renault SA,COMMON STOCK,HA,12,4,flat,8.3397,26.38,2026-05-08,2.2,EUR
WMT.HA,Walmart Inc,COMMON STOCK,HA,61,1,down,0.8967,95.92,2026-08-21,0.21778,EUR
WAC.HA,Wacker Neuson SE,COMMON STOCK,HA,14,2,up,2.9787,23.5,2026-05-14,0.7,EUR
LOR.HA,L'Oréal S.A.,COMMON STOCK,HA,15,6,up,1.8590,387.3,2026-04-29,7.2,EUR
BC8.HA,Bechtle AG,COMMON STOCK,HA,14,14,flat,2.0908,33.48,2026-06-18,0.7,EUR
SND.HA,Schneider Electric S.E.,COMMON STOCK,HA,15,9,up,1.4450,290.65,2026-05-11,4.2,EUR
AKTR.AT,AKTR,COMMON STOCK,AT,5,1,down,0.0000,9.94,2008-08-12,0.08024,EUR
ANDRO.AT,Alpha Trust Andromeda Investment Trust S.A,COMMON STOCK,AT,34,1,down,8.0421,8.46,2026-05-25,0.42038,EUR
EYDAP.AT,Athens Water Supply and Sewerage Company S.A,COMMON STOCK,AT,26,1,down,0.0000,12.44,2022-09-05,0.28,EUR
INLIF.AT,Interlife General Insurance S.A.,COMMON STOCK,AT,3,3,flat,0.0000,7.96,2023-07-05,0.12,EUR
LAMPS.AT,Lampsa Hellenic Hotels S.A,COMMON STOCK,AT,11,4,up,0.0000,44.4,2023-08-21,0.4,EUR
OLTH.AT,Thessaloniki Port Authority SA,COMMON STOCK,AT,22,1,down,0.0000,40,2023-05-11,1.45,EUR
AVE.AT,AVE S.A.,COMMON STOCK,AT,3,3,flat,0.0000,0.441,2008-07-01,0.09817,EUR
MOYZK.AT,EL. D. Mouzakis S.A,COMMON STOCK,AT,14,3,up,0.0000,0.505,2008-07-21,0.02,EUR
ORILINA.AT,Orilina Properties REIC S.A.,COMMON STOCK,AT,3,3,up,3.6268,0.836,2026-05-15,0.03032,EUR
PPA.AT,Piraeus Port Authority S.A,COMMON STOCK,AT,22,1,down,4.0470,46.85,2026-08-03,1.896,EUR
MTLN.AT,Metlen Energy & Metals PLC,COMMON STOCK,AT,1,1,new,2.0350,49.14,2026-06-25,1,EUR
ELSTR.AT,Elastron S.A. - Steel Service Centers,COMMON STOCK,AT,18,2,up,0.0000,2.58,2022-08-24,0.262,EUR
IATR.AT,Athens Medical C.S.A.,COMMON STOCK,AT,16,2,up,0.0000,1.5,2022-08-18,0.07,EUR
EEE.AT,Coca-Cola HBC AG,COMMON STOCK,AT,12,8,up,0.0000,50.8,2023-05-25,0.78,CHF
PRD.AT,Proodeftiki S.A.,COMMON STOCK,AT,9,1,down,0.0000,0.222,2002-07-09,0.06,EUR
PERF.AT,Performance Technologies S.A.,COMMON STOCK,AT,9,9,up,1.3975,10.18,2026-06-02,0.14227,EUR
PRODEA.AT,Prodea Real Estate Investment Co.,COMMON STOCK,AT,25,2,up,55.5684,3.1,2026-06-16,1.50662,EUR
PETRO.AT,Petros Petropoulos AEBE,COMMON STOCK,AT,19,1,down,0.0000,7.14,2023-07-03,0.25934,EUR
REVOIL.AT,Revoil S.A,COMMON STOCK,AT,9,2,up,0.0000,1.99,2023-05-18,0.048,EUR
TRASTOR.AT,Trastor Real Estate Investment Company SA,COMMON STOCK,AT,13,3,up,0.0000,0.936,2023-06-23,0.03,EUR
SPIR.AT,The House of Agriculture Spiroy S.A.,COMMON STOCK,AT,7,1,down,0.0000,0.318,2006-08-21,0.02,EUR
VOSYS.AT,Vogiatzoglou Systems S.A,COMMON STOCK,AT,21,1,down,0.0000,1.89,2025-07-28,0.07,EUR
SUNMEZZ.AT,Sunrisemezz PLC,COMMON STOCK,AT,2,1,down,0.0000,0.1365,2024-11-27,0.0504,EUR
MODA.AT,N. Varveris-Moda Bagno S.A,COMMON STOCK,AT,8,1,down,0.0000,7.3,2010-07-08,0.025,EUR
MOLI.SEM,MORNING LIGHT LTD,COMMON STOCK,SEM,1,1,new,0.0000,18,2019-04-08,1,MUR
UBP.SEM,UNITED BASALT PRODUCTS LTD,COMMON STOCK,SEM,27,1,down,2.6008,38.45,2026-07-15,1,MUR
NRL.SEM,LUX ISLAND  RESORTS LTD,COMMON STOCK,SEM,21,10,up,6.0606,49.5,2026-05-13,1.75,MUR
MCOS.SEM,MAURITIUS COSMETICS  LTD,COMMON STOCK,SEM,11,1,down,1.0204,9.8,2026-01-28,0.1,MUR
ANGM.SEM,SWAN LIFE LTD,COMMON STOCK,SEM,12,7,flat,5.4409,1395,2026-04-16,75.9,MUR
PCCL.SEM,PAPER CONVERTING COMPANY LTD,COMMON STOCK,SEM,9,3,up,0.0000,10.5,2024-12-09,0.25,MUR
CIM.SEM,CIM FINANCIAL SERVICES LTD,COMMON STOCK,SEM,25,1,down,6.2021,14.35,2026-05-26,0.32,MUR
SUN.SEM,SUN LIMITED,COMMON STOCK,SEM,35,6,up,7.1134,48.5,2026-06-10,3.45,MUR
GCL.SEM,GAMMA CIVIC LTD,COMMON STOCK,SEM,52,3,flat,5.9524,33.6,2026-08-27,0.5,MUR
BET.BUD,Budapesti ÃrtÃ©ktozsde NyilvÃ¡nosan MukÃ¶do RÃ©szvÃ©nytÃ¡rsasÃ¡g,COMMON STOCK,BUD,3,1,down,0.5941,10100,2026-08-06,60,HUF
UBM.BUD,Ubm Holding Zrt,COMMON STOCK,BUD,1,1,new,0.0000,1100,2022-11-28,80.87,HUF
MOL.BUD,MOL Nyrt.,COMMON STOCK,BUD,27,3,up,3.6434,5230,2026-09-15,190.548,HUF
PERGY.BUD,PANNERGY PLC,COMMON STOCK,BUD,11,4,up,2.1565,2940,2026-09-29,63.4,HUF
ZWACK.BUD,Zwack Unicum Likoripari es Kereskedelmi Nyrt.,COMMON STOCK,BUD,32,3,up,4.5858,33800,2026-07-21,1550,HUF
KRX.IR,Kingspan Group plc,COMMON STOCK,IR,50,4,up,0.5716,98.5,2026-09-03,0.271,EUR
PTSB.IR,PERMANENT TSB GROUP HOLDINGS PLC,COMMON STOCK,IR,19,1,down,0.6178,2.97,2026-04-09,0.01835,EUR
BIRG.IR,Bank of Ireland Group PLC,COMMON STOCK,IR,26,1,down,3.4671,20.19,2026-04-23,0.45,EURAGGM.US,AGGM,ETF,US,236,1,down,0.0000,,2026-09-01,0.38,USD
AEBI.US,Aebi Schmidt Holding AG - Common Stock,COMMON STOCK,US,5,2,up,0.9276,10.78,2026-08-20,0.025,USD
AAIGF.US,AIA Group Ltd,COMMON STOCK,US,37,5,up,2.6705,9.47,2026-09-04,0.069,USD
ADSGF.US,adesso SE,COMMON STOCK,US,8,1,down,2.5863,60,2026-06-05,0.66462,USD
AEO.US,American Eagle Outfitters Inc,COMMON STOCK,US,84,4,flat,3.6106,17.31,2026-10-09,0.125,USD
ADVOF.US,ADVA Optical Networking SE,COMMON STOCK,US,4,3,up,4.3389,24.19,2026-06-17,0.6028,USD
AFLG.US,First Trust Active Factor Large Cap ETF,ETF,US,27,1,down,0.7088,44.3,2026-09-24,0.017,USD
AHEXF.US,Adecco Group AG,COMMON STOCK,US,27,1,down,7.3403,17.25,2026-04-21,1.2662,USD
ACEJF.US,ACEA S.p.A,COMMON STOCK,US,19,5,up,10.3283,23.3,2026-06-23,1.3827,USD
ADEA.US,ADEIA CORP,COMMON STOCK,US,58,1,down,0.8026,24.92,2026-08-24,0.05,USD
ACA.US,Arcosa Inc,COMMON STOCK,US,32,8,flat,0.1706,146.53,2026-10-15,0.05,USD
ADWYF.US,Adways Inc.,COMMON STOCK,US,3,2,up,1.8066,2.259,2025-12-29,0.04081,USD
ACGBY.US,Agricultural Bank of China PK,COMMON STOCK,US,20,1,down,6.5926,20.83,2026-10-09,0.48346,USD
ABCS.US,Alpha Blue Capital US Small-Mid Cap Dynamic ETF,ETF,US,12,1,down,1.1569,33.625,2026-09-28,0.089,USD
ABMRF.US,ABN AMRO Bank N.V,COMMON STOCK,US,20,2,up,5.6475,49,2026-08-20,0.7942,USD
AIOSF.US,Atresmedia Corporación de Medios de Comunicación S.A,COMMON STOCK,US,24,1,down,7.5840,6.01,2026-06-16,0.2439,USD
AKAAF.US,Aker ASA,COMMON STOCK,US,32,5,up,24.2992,154,2026-04-24,29,USD
ALSN.US,Allison Transmission Holdings Inc,COMMON STOCK,US,58,1,down,1.0030,113.66,2026-08-21,0.29,USD
ALFVF.US,Alfa Laval AB (publ),COMMON STOCK,US,21,1,down,3.4350,59.5,2026-04-24,1.0119,USD
ALRG.US,Allspring LT Large Core ETF,ETF,US,1,1,new,0.4158,31.2618,2025-12-22,0.13,USD
ALLDF.US,ALD S.A,COMMON STOCK,US,9,2,up,11.1136,14,2026-09-09,0.3722,USD
AMGRF.US,AMA Group Limited,COMMON STOCK,US,1,1,new,1.1057,0.3256,2026-09-11,0.0036,USD
AOS.US,Smith AO Corporation,COMMON STOCK,US,169,1,down,2.4666,58.38,2026-07-31,0.36,USD
AMNNF.US,Amcomri Entertainment Inc,COMMON STOCK,US,1,1,new,0.0000,,2024-12-19,0.053,USD
ARKT.US,ARK ETF Trust - Ark Q4 Defined Innovation Etf,ETF,US,1,1,new,0.2299,20.0058,2025-12-26,0.046,USD
ARZGY.US,Assicurazioni Generali SpA ADR,COMMON STOCK,US,19,5,up,7.8275,24.58,2026-05-19,0.962,USD
AHODF.US,Koninklijke Ahold Delhaize NV,COMMON STOCK,US,33,6,up,4.0130,36.25,2026-08-10,0.589,USD
APMU.US,ActivePassive Intermediate Municipal Bond ETF,ETF,US,39,1,down,2.7223,23.82,2026-09-01,0.02574,USD
ASCOF.US,Ascopiave S.p.A,COMMON STOCK,US,7,4,up,11.2462,3.33,2026-06-09,0.1849,USD
ASMVF.US,ASM Pacific Technology Limited,COMMON STOCK,US,52,2,up,1.3007,20.6189,2026-08-13,0.1236,USD
ASOZF.US,Asseco Poland S.A,COMMON STOCK,US,17,7,up,5.3769,65.85,2026-05-14,3.5407,USD
ATGAF.US,AltaGas Ltd,COMMON STOCK,US,26,1,down,5.6051,18.93,2026-09-16,0.26526,USD
AUSDF.US,Perenti Global Limited,COMMON STOCK,US,37,1,down,4.0556,1.8,2026-10-13,0.0225,USD
AUSM.US,Allspring Ultra Short Municipal ETF,ETF,US,16,2,up,2.7845,24.805,2026-09-24,0.056,USD
AVS.US,Direxion Daily AVGO Bear 1X Shares,ETF,US,9,1,down,3.2508,8.275,2026-09-22,0.043,USD
AVL.US,Direxion Daily AVGO Bull 2X Shares,ETF,US,9,1,down,36.6516,35.45,2026-09-22,0.198,USD
AWR.US,American States Water Company,COMMON STOCK,US,167,1,down,2.5292,81.35,2026-08-17,0.5455,USD
AYI.US,Acuity Brands Inc,COMMON STOCK,US,101,19,up,0.3171,305.91,2026-10-16,0.2,USD
AZLGF.US,Azelis Group NV,COMMON STOCK,US,8,1,down,3.8803,13.7,2026-06-30,0.2658,USD
BAFN.US,Bayfirst Financial Corp,COMMON STOCK,US,23,1,down,0.0000,6.44,2025-05-30,0.08,USD
BALQ.US,iShares Nasdaq Premium Income Active ETF,ETF,US,9,2,up,7.5255,56.82,2026-09-01,0.413,USD
AKR.US,Acadia Realty Trust,COMMON STOCK,US,125,1,down,5.1921,19.26,2026-09-30,0.2,USD
BAMU.US,Brookstone Ultra-Short Bond ETF,ETF,US,15,1,down,2.9149,25.215,2026-08-28,0.174,USD
BAMGF.US,Brookfield Asset Management Inc,COMMON STOCK,US,53,1,down,3.9507,16.8976,2026-09-15,0.23947,USD
BANL.US,CBL International Limited Ordinary Shares,COMMON STOCK,US,1,1,new,2.2396,4.465,2026-08-28,0.1,USD
BATRA.US,"Atlanta Braves Holdings, Inc. Series A Common Stock",COMMON STOCK,US,1,1,new,0.0000,59.61,2022-02-10,0.25,USD
BCLO.US,iShares BBB-B CLO Active ETF,ETF,US,19,1,down,6.3954,50.04,2026-09-01,0.26559,USD
BCHI.US,GMO Beyond China ETF,ETF,US,5,2,up,34.6134,7.45,2026-08-12,0.6563,USD
BCTF.US,Bancorp 34 Inc,COMMON STOCK,US,60,1,down,0.0000,15.5,2023-05-11,0.07,USD
BBCP.US,Concrete Pumping Holdings Class A,COMMON STOCK,US,2,1,down,1.3131,9.9,2026-09-18,0.13,USD
BEKSF.US,NV Bekaert SA,COMMON STOCK,US,15,1,down,5.3883,42.7,2026-05-18,2.3008,USD
BFH-P-B.US,BFH-P-B,COMMON STOCK,US,1,1,new,3.1104,24.37,2026-08-31,0.758,USD
BESF.US,EA Series Trust Bastion Energy ETF,ETF,US,4,1,down,5.9776,37.624,2026-06-29,0.024,USD
BKH.US,Black Hills Corporation,COMMON STOCK,US,167,1,down,3.9940,69.73,2026-08-17,0.703,USD
BJCHF.US,Beijing Capital International Airport Company Limited,COMMON STOCK,US,33,1,down,0.0000,0.19,2020-06-29,0.16767,USD
BPCGY.US,Banco Comercial Portugues SA ADR,COMMON STOCK,US,7,4,up,5.7198,13.8795,2026-06-02,0.39694,USD
BRIB.US,FIS Trust,ETF,US,6,1,new,1.8148,24.19,2026-08-28,0.094,USD
BRDCY.US,Bridgestone Corp ADR,COMMON STOCK,US,74,2,up,4.5046,12.06,2026-12-29,0.00128,USD
BSHI.US,Boss Holdings Inc,COMMON STOCK,US,1,1,new,8.2305,12.15,2026-02-13,1,USD
BSGT.US,Invesco BulletShares 2029 Treasury Bond ETF,ETF,US,3,1,new,1.1928,24.565,2026-09-21,0.084,USD
BNT.US,Brookfield Wealth Solutions Ltd.,COMMON STOCK,US,22,1,down,0.7454,36.22,2026-09-14,0.07,USD
BLTD.US,Bluemonte Long Term Bond ETF,ETF,US,14,2,up,4.6851,23.5,2026-09-28,0.096,USD
BOND.US,PIMCO Active Bond Exchange-Traded Fund,ETF,US,177,1,down,5.4429,87.27,2026-09-01,0.4,USD
BKU.US,BankUnited Inc,COMMON STOCK,US,63,12,up,3.7381,43.07,2026-10-09,0.33,USD
BLUC.US,Bluemonte Large Cap Core ETF,ETF,US,5,1,down,0.4750,32.06,2026-09-28,0.03629,USD
BKRKF.US,PT Bank Rakyat Indonesia (Persero) Tbk,COMMON STOCK,US,29,2,up,22.5556,0.18,2026-04-22,0.0121,USD
BSM.US,Black Stone Minerals LP,COMMON STOCK,US,45,1,down,8.4371,14.46,2026-08-06,0.32,USD
BUMTF.US,Bumitama Agri Ltd.,COMMON STOCK,US,5,2,up,9.5415,0.8091,2026-08-26,0.0322,USD
CASY.US,Caseys General Stores Inc,COMMON STOCK,US,150,9,up,0.4965,606.24,2026-10-30,0.65,USD
BXSL.US,Blackstone Secured Lending Fund,COMMON STOCK,US,24,1,down,15.7852,24.39,2026-09-30,0.77,USD
CBTL.US,Calamos Laddered Bitcoin Structured Alt Protection ETF,ETF,US,1,1,new,1.0299,19.808,2025-12-23,0.204,USD
CBTA.US,Calamos Bitcoin 80 Series Structured Alt Protection ETF,ETF,US,1,1,new,1.0116,24.515,2025-12-12,0.248,USD
BKHYY.US,Bank Hapoalim ADR,COMMON STOCK,US,49,1,down,3.3387,126.89,2026-08-24,1.269,USD
BKRIF.US,Bank of Ireland Group PLC,COMMON STOCK,US,12,2,up,5.9913,22.35,2026-10-01,0.5273,USD
CCK.US,Crown Holdings Inc,COMMON STOCK,US,43,6,up,1.2189,107.47,2026-08-06,0.35,USD
CGGG.US,Capital Group U.S. Large Growth ETF,ETF,US,2,1,down,0.0867,28.835,2026-06-30,0.005,USD
CDOAF.US,CDON AB,COMMON STOCK,US,1,1,new,0.0000,5.54,2022-03-15,0.285,USD
CEVIF.US,China Everbright Limited,COMMON STOCK,US,50,1,down,2.3026,0.76,2026-09-18,0.0051,USD
BPOPO.US,Popular Inc,COMMON STOCK,US,265,1,down,6.3657,25.06,2026-09-15,0.133,USD
BAC.US,Bank of America Corp,COMMON STOCK,US,164,1,down,2.0912,55.47,2026-09-04,0.32,USD
CGGGF.US,Coats Group plc,COMMON STOCK,US,19,7,up,5.2925,1.06,2026-10-15,0.023,USD
CHAU.US,Direxion Daily CSI 300 China A Share Bull 2X Shares,ETF,US,28,1,down,2.5117,19.19,2026-09-22,0.111,USD
CHDN.US,Churchill Downs Incorporated,COMMON STOCK,US,33,33,up,0.5784,75.72,2025-12-05,0.438,USD
CHJTF.US,CSPC Pharmaceutical Group Ltd,COMMON STOCK,US,31,2,up,5.0631,1.11,2026-10-20,0.0191,USD
CHNL.US,CHAINLINK ETF,ETF,US,6,1,new,0.8044,34.81,2026-09-23,0.046,USD
CHYMF.US,Cahya Mata Sarawak Berhad,COMMON STOCK,US,6,2,up,3.2628,0.2268,2026-06-05,0.0074,USD
CL.US,Colgate-Palmolive Company,COMMON STOCK,US,215,27,up,6.0795,86.52,2026-10-20,0.53,USD
CKNHF.US,Clarkson PLC,COMMON STOCK,US,32,5,up,3.8907,67.08,2026-08-28,0.4756,USD
CLCGY.US,Clicks Group Ltd,COMMON STOCK,US,32,5,up,4.2235,26.25,2026-07-02,0.319,USD
CJNHF.US,China Jinmao Holdings Group Limited,COMMON STOCK,US,24,3,flat,2.5066,0.1516,2026-09-18,0.0038,USD
CLDT.US,Chatham Lodging Trust REIT,COMMON STOCK,US,113,1,down,3.6009,13.33,2026-09-30,0.1,USD
CLKFF.US,Clarke Inc,COMMON STOCK,US,26,1,down,0.0000,15.73,2017-08-10,1.41087,USD
COPA.US,Themes Copper Miners ETF,ETF,US,2,2,up,3.4834,52.822,2025-12-18,1.84,USD
CQP.US,Cheniere Energy Partners LP,COMMON STOCK,US,78,1,down,5.2070,62.8,2026-08-07,0.82,USD
COMT.US,iShares GSCI Commodity Dynamic Roll Strategy ETF,ETF,US,25,2,up,5.2309,36.84,2025-12-16,1.92708,USD
CNSWF.US,Constellation Software Inc,COMMON STOCK,US,64,1,down,0.1997,2002.53,2026-09-18,1,USD
CMPGY.US,Compass Group PLC ADR,COMMON STOCK,US,49,5,up,2.3173,29.69,2026-06-18,0.255,USD
CRYIF.US,Crystal International Group Limited,COMMON STOCK,US,6,3,up,19.8610,0.5468,2026-09-04,0.023,USD
CMTUF.US,Comture Corporation,COMMON STOCK,US,33,1,down,2.1883,14.76,2026-06-30,0.0802,USD
CORP.US,PIMCO Investment Grade Corporate Bond Index Exchange-Traded Fund,ETF,US,201,1,down,5.1260,92.08,2026-09-01,0.39,USD
CLIP.US,Global X 1-3 Month T-Bill ETF,ETF,US,39,1,down,3.7580,100.32,2026-09-01,0.31,USD
CRCA.US,ProShares Ultra CRCL,ETF,US,5,2,up,4.1932,19.04,2026-09-23,0.1264,USD
CAE.US,CAE Inc. Common Shares,COMMON STOCK,US,71,1,down,0.0000,24.28,2020-03-12,0.08,USD
CHCJY.US,China Citic Bank Corp Ltd ADR,COMMON STOCK,US,17,2,up,7.9960,21.196,2026-11-03,0.60396,USD
CSMD.US,Congress SMID Growth ETF,ETF,US,3,2,up,0.0000,34.03,2024-12-12,0.00017,USD
CXMSF.US,CEMEX S.A.B. de C.V,COMMON STOCK,US,17,3,up,2.1093,0.97,2026-09-15,0.00311,USD
CUYTY.US,Etablissementen Franz Colruyt NV ADR,ETF,US,19,1,down,7.3450,10.94,2026-10-05,0.3982,USD
CTATF.US,"Contemporary Amperex Technology Co., Limited",COMMON STOCK,US,4,2,up,3.9803,61,2026-08-10,0.2076,USD
CURB.US,Curbline Properties Corp.,COMMON STOCK,US,8,1,down,3.0335,28.35,2026-09-29,0.17,USD
CX.US,Cemex SAB de CV ADR,COMMON STOCK,US,21,1,down,1.1268,9.53,2026-09-15,0.031,USD
DACL.US,REX ETF Trust,ETF,US,1,1,new,0.5521,24.995,2026-09-15,0.138,USD
DCRE.US,Doubleline ETF Trust - DoubleLine Commercial Real Estate ETF,ETF,US,41,1,down,4.9452,51.08,2026-09-01,0.283,USD
CWLLF.US,Cowell e Holdings Inc.,COMMON STOCK,US,1,1,new,1.4950,2.99,2026-06-10,0.0447,USD
CSTAF.US,Constellation Acquisition Corp I,COMMON STOCK,US,1,1,new,0.0000,13.05,2024-02-07,0.8,USD
CIM.US,Chimera Investment Corporation,COMMON STOCK,US,78,1,down,20.5506,10.17,2026-09-30,0.45,USD
CTNGY.US,Costain Group PLC,COMMON STOCK,US,7,4,up,4.2461,3.3,2026-09-18,0.05414,USD
DIHP.US,Dimensional International High Profitability ETF,ETF,US,18,1,down,2.0436,33.91,2026-09-22,0.156,USD
DIN.US,Dine Brands Global Inc,COMMON STOCK,US,72,1,down,2.6343,28.85,2026-09-16,0.19,USD
DGMDF.US,Digital Domain Holdings Limited,COMMON STOCK,US,45,2,up,0.0000,0.044,2022-03-10,0.98,USD
DFDDF.US,DFDS A/S,COMMON STOCK,US,8,1,down,0.0000,21.5,2024-03-18,0.4379,USD
DIIBF.US,Dorel Industries Inc,COMMON STOCK,US,51,2,up,0.0000,1.02,2022-02-02,12,USD
DHC.US,Diversified Healthcare Trust,COMMON STOCK,US,109,1,down,0.5025,7.96,2026-07-20,0.01,USD
DHT.US,DHT Holdings Inc,COMMON STOCK,US,81,2,up,11.1872,21.9,2026-08-17,1.22,USD
DIVZ.US,Polen Dividend Income ETF,ETF,US,42,1,down,2.5072,36.91,2026-08-28,0.1151,USD
DLAPQ.US,"Delta Apparel, Inc.",COMMON STOCK,US,23,1,down,0.0000,0.0001,2007-08-27,0.05,USD
DIV.US,Global X SuperDividend U.S. ETF,ETF,US,162,1,down,6.6658,19,2026-09-03,0.106,USD
DISV.US,Dimensional ETF Trust - Dimensional International Small Cap Value ETF,ETF,US,18,1,down,2.6014,43.63,2026-09-22,0.272,USD
DOX.US,Amdocs Ltd,COMMON STOCK,US,58,1,down,4.8084,57.42,2026-09-30,0.569,USD
DRPRF.US,Dr. Ing. h.c. F. Porsche AG,COMMON STOCK,US,6,1,down,2.2274,52.25,2026-06-25,1.1638,USD
CZBS.US,Citizens Bancshares Corp,COMMON STOCK,US,27,7,up,1.8462,65,2026-03-09,1.2,USD
DQJCY.US,Pan Pacific International Holdings Corp ADR,COMMON STOCK,US,53,1,down,1.8303,9.1,2026-06-30,0.06341,USD
DVOL.US,First Trust Dorsey Wright Momentum & Low Volatility ETF,ETF,US,32,1,down,1.6634,35.4691,2026-09-24,0.066,USD
DRI.US,Darden Restaurants Inc,COMMON STOCK,US,100,7,up,3.9285,197.02,2026-10-09,1.62,USD
ECNS.US,iShares MSCI China Small-Cap ETF,ETF,US,32,1,down,6.9004,27.52,2026-06-15,0.454,USD
DRXGY.US,Drax Group PLC ADR,COMMON STOCK,US,31,5,up,8.4428,19.33,2026-09-25,0.351,USD
DURYY.US,Duerr AG ADR,COMMON STOCK,US,12,6,up,4.7677,3.9,2026-05-26,0.18594,USD
ECML.US,EA Series Trust - Euclidean Fundamental Value ETF,ETF,US,3,3,up,1.1599,39.574,2025-12-23,0.459,USD
EBIT.US,Harbor AlphaEdge Small Cap Earners ETF,ETF,US,2,1,down,1.7667,37.924,2025-12-19,0.67,USD
DRAY.US,YieldMax DKNG Option Income Strategy ETF,ETF,US,52,1,down,114.3088,12.391,2026-09-24,0.101,USD
DXIV.US,Dimensional International Vector Equity ETF,ETF,US,8,1,down,2.3958,72.92,2026-09-22,0.293,USD
ECOW.US,Pacer Emerging Markets Cash Cows 100 ETF,ETF,US,28,1,down,5.7321,26.395,2026-09-03,0.559,USD
ECTXF.US,Electrolux Professional AB (publ),COMMON STOCK,US,6,5,up,4.3551,4.65,2026-05-07,0.1072,USD
EDESY.US,Elders Ltd ADR,COMMON STOCK,US,18,1,down,6.1861,19.7325,2026-05-28,0.61965,USD
EMES.US,Harbor Emerging Markets Select ETF,ETF,US,1,1,new,0.4246,28.2614,2025-12-19,0.12,USD
EFAV.US,iShares MSCI EAFE Min Vol Factor ETF,ETF,US,29,1,down,3.0880,92.52,2026-06-15,1.684,USD
EMNSF.US,Elementis plc,COMMON STOCK,US,27,3,up,1.7375,2.59,2026-08-14,0.015,USD
EGBN.US,Eagle Bancorp Inc,COMMON STOCK,US,43,1,down,0.1406,28.45,2026-08-06,0.01,USD
EFSI.US,Eagle Financial Services Inc,COMMON STOCK,US,93,1,down,2.7009,45.91,2026-08-03,0.31,USD
ELV.US,Elevance Health Inc,COMMON STOCK,US,63,1,down,1.7410,394.59,2026-09-10,1.72,USD
EEM.US,iShares MSCI Emerging Markets ETF,ETF,US,47,1,down,1.6577,67.2,2026-06-15,0.351,USD
EMP.US,Entergy Mississippi LLC,COMMON STOCK,US,41,1,down,8.0486,19.02,2026-09-30,0.3063,USD
EMBD.US,Global X Emerging Markets Bond ETF,ETF,US,75,1,down,11.9258,22.749,2026-09-01,0.112,USD
DON.US,WisdomTree U.S. MidCap Dividend Fund,ETF,US,195,1,down,2.3988,54.48,2026-09-25,0.12,USD
ENGGF.US,Enagás S.A,COMMON STOCK,US,48,1,down,10.5606,19.75,2026-07-01,0.56032,USD
ENJ.US,Entergy New Orleans Inc Pref,COMMON STOCK,US,55,1,down,6.5413,19.14,2026-08-31,0.313,USD
ENGQF.US,Engie SA,COMMON STOCK,US,29,1,down,5.9427,26.55,2026-05-04,1.5778,USD
ENZL.US,iShares MSCI New Zealand ETF,ETF,US,32,1,down,2.2330,45.32,2026-06-15,0.437,USD
ENSV.US,Enservco Co,COMMON STOCK,US,2,2,up,0.0000,0.0005,2009-12-03,10.95,USD
EP.US,Empire Petroleum Corp,COMMON STOCK,US,12,1,down,0.0000,2.1,2012-03-01,0.01,USD
ENQUF.US,EnQuest PLC,COMMON STOCK,US,2,2,up,2.9722,0.36,2026-05-08,0.0107,USD
EPEM.US,Harbor Emerging Markets Equity ETF,ETF,US,1,1,new,5.6663,30.249,2025-12-19,0.857,USD
EQIX.US,Equinix Inc,COMMON STOCK,US,49,1,down,1.9949,1011.07,2026-08-19,5.16,USD
EQAL.US,Invesco Russell 1000 Equal Weight ETF,ETF,US,47,1,down,1.7572,57.65,2026-09-21,0.271,USD
EPAC.US,Enerpac Tool Group Corp,COMMON STOCK,US,74,23,flat,0.2271,35.23,2026-10-06,0.04,USD
EQS.US,Equus Total Return Closed Fund,COMMON STOCK,US,28,1,down,0.0000,1.04,2009-08-21,0.158,USD
EQX.US,Equinox Gold Corp,COMMON STOCK,US,3,1,new,0.4675,11.23,2026-08-19,0.0225,USD
ERBKY.US,Eurobank S.A.,COMMON STOCK,US,1,1,new,2.7725,12.01,2026-06-22,0.16649,USD
ERTH.US,Invesco MSCI Sustainable Future ETF,ETF,US,55,1,down,1.9476,42.72,2026-09-21,0.148,USD
DMC.US,Del Monte Corporation,COMMON STOCK,US,82,1,down,3.9139,30.66,2026-08-12,0.3,USD
EUSA.US,iShares MSCI USA Equal Weighted ETF,ETF,US,68,1,down,1.4376,112.2,2026-09-15,0.394,USD
ESGA.US,American Century Sustainable Equity ETF,ETF,US,26,1,down,0.6727,56.82,2026-06-09,0.1446,USD
ETTYF.US,Essity AB (publ),COMMON STOCK,US,11,6,up,6.8896,26.81,2026-03-30,0.9692,SEK
ESS.US,Essex Property Trust Inc,COMMON STOCK,US,130,3,up,4.7288,273.01,2026-09-30,2.59,USD
EUBG.US,Entrepreneur Universe Bright Group,COMMON STOCK,US,1,1,new,0.0000,0.33,2024-08-30,0.013,USD
ESNT.US,Essent Group Ltd,COMMON STOCK,US,29,1,down,2.1438,63.44,2026-08-31,0.35,USD
ETRXF.US,Etrion Corporation,COMMON STOCK,US,2,1,down,0.0000,0.0006,2025-04-24,0.01174,USD
ERIE.US,Erie Indemnity Company,COMMON STOCK,US,127,6,up,3.2518,221.92,2026-10-05,1.4625,USD
ERIC.US,Telefonaktiebolaget LM Ericsson B ADR,COMMON STOCK,US,52,8,up,3.4386,9.42,2026-09-29,0.15792,USD
ETX.US,Eaton Vance Municipal Income Term Closed Fund,COMMON STOCK,US,160,1,down,5.4261,17.25,2026-09-15,0.078,USD
ETEC.US,iShares Breakthrough Environmental Solutions ETF,ETF,US,7,2,up,0.5376,24.18,2026-06-15,0.096,USD
EVRG.US,"Evergy, Inc.",COMMON STOCK,US,170,1,down,3.5682,77.91,2026-08-18,0.695,USD
EVKIY.US,Evonik Industries AG,COMMON STOCK,US,7,1,down,5.3214,11.2,2026-06-05,0.596,USD
EWT.US,iShares MSCI Taiwan ETF,ETF,US,24,2,up,2.4665,114.17,2025-12-16,2.816,USD
EXPO.US,Exponent Inc,COMMON STOCK,US,55,1,down,1.9114,64.35,2026-09-04,0.31,USD
EWY.US,iShares MSCI South Korea ETF,ETF,US,29,2,up,1.1096,183.58,2025-12-16,2.037,USD
FBTT.US,First Bankers Trustshares Inc,COMMON STOCK,US,124,1,down,6.8148,27,2026-09-25,0.23,USD
FBGGF.US,Fabege AB (publ),COMMON STOCK,US,42,1,down,7.8699,8.41,2027-01-12,0.0609,USD
EYUUF.US,Electricity Gnrtng NVtg,COMMON STOCK,US,35,1,down,6.1418,3.208,2026-09-04,0.09673,USD
FBBPF.US,FIBRA Prologis,COMMON STOCK,US,45,1,down,3.3661,4.19,2026-08-03,0.04176,USD
FAZ.US,Direxion Daily Financial Bear 3X Shares,ETF,US,23,1,down,2.6427,37.84,2026-09-22,0.205,USD
FBOT.US,Fidelity Disruptive Automation ETF,ETF,US,11,1,down,0.4007,38.68,2026-09-18,0.028,USD
FAF.US,First American Corporation,COMMON STOCK,US,66,1,down,3.4920,64.72,2026-09-28,0.61,USD
FBVI.US,FCN Banc Corp,COMMON STOCK,US,101,1,down,3.9376,39.11,2026-09-28,0.37,USD
FCG.US,First Trust Natural Gas ETF,ETF,US,66,1,down,2.2750,28.95,2026-09-24,0.1936,USD
FCFS.US,FirstCash Inc,COMMON STOCK,US,43,1,down,0.7744,216.95,2026-08-14,0.42,USD
FCUS.US,Pinnacle Focused Opportunities ETF,ETF,US,2,1,down,3.2486,41.833,2025-12-29,1.359,USD
FDIF.US,Fidelity Disruptors ETF,ETF,US,11,1,down,0.2472,41.6588,2026-09-18,0.02,USD
FDLO.US,Fidelity® Low Volatility Factor ETF,ETF,US,41,1,down,1.4024,70.949,2026-09-18,0.232,USD
FELC.US,Fidelity Covington Trust,ETF,US,12,1,down,0.8308,43.45,2026-09-18,0.086,USD
FDNI.US,First Trust Dow Jones International Internet ETF,ETF,US,8,4,up,1.4522,26.03,2025-12-12,0.378,USD
FDIQ.US,Invesco Bloomberg Financial Data Providers ETF,ETF,US,60,1,down,2.1666,68.7709,2026-09-21,0.365,USD
FFMH.US,First Farmers and Merchants Corporation,COMMON STOCK,US,53,3,up,2.3129,63.99,2026-10-01,0.32,USD
FF.US,FutureFuel Corp,COMMON STOCK,US,74,1,down,2.9528,5.08,2026-12-04,0.01,USD
FBSI.US,First Bancshares Inc,COMMON STOCK,US,62,9,up,1.4327,34.9,2026-04-01,0.5,USD
FHEQ.US,Fidelity Hedged Equity ETF,ETF,US,10,1,down,0.5870,33.73,2026-09-18,0.057,USD
FGSI.US,FT Vest Growth Strength & Target Income ETF,ETF,US,16,2,up,9.1012,20.25,2026-09-24,0.142,USD
FHYS.US,Federated Hermes Short Duration High Yield ETF,ETF,US,57,1,down,6.1212,22.61,2026-08-31,0.1351,USD
FICO.US,Fair Isaac Corporation,COMMON STOCK,US,100,1,down,0.0000,840.89,2017-03-01,0.02,USD
ETN.US,Eaton Corporation PLC,COMMON STOCK,US,218,1,down,1.0060,431.41,2026-08-07,1.1,USD
FG.US,F&G Annuities & Life Inc.,COMMON STOCK,US,15,1,down,4.6275,21.61,2026-09-16,0.25,USD
FILAF.US,F.I.L.A. - Fabbrica Italiana Lapis ed Affini S.p.A.,COMMON STOCK,US,4,1,down,5.9455,12.47,2026-05-19,0.2781,USD
FINY.US,GraniteShares YieldBOOST Financials ETF,ETF,US,21,1,new,8.0075,24.6067,2026-09-25,0.052,USD
FIXP.US,FolioBeyond Enhanced Fixed Income Premium ETF,ETF,US,19,1,down,4.9058,19.2848,2026-08-28,0.08,USD
FIZY.US,Tidal Trust II,COMMON STOCK,US,6,1,new,1.5901,26.1621,2026-09-23,0.069,USD
FCOM.US,Fidelity® MSCI Communication Services Index ETF,ETF,US,53,1,down,0.9455,71.92,2026-09-18,0.175,USD
FLBR.US,Franklin FTSE Brazil ETF,ETF,US,22,1,down,5.6829,22.77,2026-06-26,0.261,USD
FIXD.US,First Trust TCW Opportunistic Fixed Income ETF,ETF,US,123,1,down,5.4246,41.3859,2026-09-24,0.165,USD
EWP.US,iShares MSCI Spain ETF,ETF,US,54,1,down,2.7441,60.64,2026-06-15,0.924,USD
FERG.US,Ferguson Plc,COMMON STOCK,US,43,2,up,1.5662,227.3,2026-08-21,0.89,USD
FINMF.US,Leonardo S.p.a,COMMON STOCK,US,20,5,up,2.2389,56.43,2026-06-23,0.7259,USD
FAD.US,First Trust Multi Cap Growth AlphaDEX® Fund,ETF,US,60,1,down,0.0848,181.64,2026-09-24,0.052,USD
FGM.US,First Trust Germany AlphaDEX® Fund,ETF,US,39,2,up,1.7758,60.3683,2026-09-24,0.191,USD
FLCC.US,Federated Hermes MDT Large Cap Core ETF,ETF,US,2,2,up,0.4504,36.41,2025-12-31,0.164,USD
FDD.US,First Trust STOXX® European Select Dividend Index Fund,ETF,US,73,2,up,5.3543,19.73,2026-09-24,0.2584,USD
FLDB.US,Fidelity Low Duration Bond ETF,ETF,US,32,1,down,3.9996,50.28,2026-08-28,0.167,USD
FLGV.US,Franklin Liberty U.S. Treasury Bond ETF,ETF,US,74,1,down,4.3332,19.47,2026-09-01,0.0617,USD
FLCH.US,Franklin FTSE China ETF,ETF,US,18,1,down,2.4663,20.76,2026-06-26,0.142,USD
FLIA.US,Franklin Liberty International Aggregate Bond ETF,ETF,US,38,1,down,3.0409,19.985,2026-09-01,0.03752,USD
FLRG.US,Fidelity Covington Trust - Fidelity U.S. Multifactor ETF,ETF,US,25,1,down,1.4212,41.443,2026-09-18,0.128,USD
FLTCF.US,Filtronic plc,COMMON STOCK,US,2,2,flat,0.0000,3.15,2010-10-06,0.01437,USD
FMBN.US,Farmers & Merchants Bancshares Inc. (Burlington IA),COMMON STOCK,US,36,1,down,2.5641,39,2026-06-09,0.5,USD
FMHI.US,First Trust Municipal High Income ETF,ETF,US,108,1,down,5.0635,44.6727,2026-09-24,0.179,USD
FLQS.US,Franklin LibertyQ U.S. Small Cap Equity ETF,ETF,US,40,2,up,1.5589,46.955,2026-09-18,0.196,USD
FOCIF.US,Focusrite plc,COMMON STOCK,US,15,2,up,2.4185,3.73,2026-07-10,0.0624,USD
FOUR-P-A.US,FOUR-P-A,COMMON STOCK,US,5,2,up,11.7050,51.26,2026-07-15,1.5,USD
FMCKO.US,Federal Home Loan Mortgage Corp Pref 5.9,COMMON STOCK,US,7,1,down,0.0000,6.18,2008-06-12,0.36875,USD
FLG-PU.US,New York Community Capital Trust V,COMMON STOCK,US,80,2,flat,0.0000,37.79,2025-04-30,0.75,USD
FNK.US,First Trust Mid Cap Value AlphaDEX® Fund,ETF,US,59,1,down,1.6400,59.94,2026-09-24,0.276,USD
FNMAP.US,Federal National Mortgage Association Pref F,COMMON STOCK,US,34,1,down,0.0000,9.77,2008-09-11,0.17,USD
FOVSY.US,Ford Otomotiv Sanayi AS ADR,COMMON STOCK,US,30,1,down,13.9901,8.07,2026-03-17,0.415,USD
FLOT.US,iShares Floating Rate Bond ETF,ETF,US,182,1,down,4.3359,51.02,2026-09-01,0.18099,USD
FLTR.US,VanEck Investment Grade Floating Rate ETF,ETF,US,184,1,down,4.4928,25.59,2026-09-01,0.0907,USD
FMCKM.US,Federal Home Ln Mtg,COMMON STOCK,US,6,1,down,0.0000,5.6,2008-06-12,0.34813,USD
FPNUF.US,FP Newspapers Inc,COMMON STOCK,US,127,1,down,0.0000,0.59,2015-06-26,0.065,USD
FPRUF.US,Fraport AG,COMMON STOCK,US,19,2,up,1.3968,84.91,2026-05-14,1.186,USD
FPRO.US,Fidelity Real Estate Investment ETF,ETF,US,23,1,down,2.5693,23.3917,2026-09-18,0.135,USD
FPRUY.US,Fraport AG Frankfurt Airport Services Worldwide ADR,COMMON STOCK,US,8,1,down,1.5908,36.9,2026-05-14,0.587,USD
FNY.US,First Trust Mid Cap Growth AlphaDEX® Fund,ETF,US,34,1,down,0.0000,99.0309,2025-06-26,0.03,USD
FPWR.US,First Trust EIP Power Solutions ETF,ETF,US,28,1,down,2.2627,34.3842,2026-09-24,0.217,USD
FMCCT.US,Federal Home Loan Mortgage Corp Pref Perpetual,COMMON STOCK,US,8,1,down,0.0000,11.75,2008-06-12,0.8025,USD
FPA.US,First Trust Asia Pacific Ex-Japan AlphaDEX® Fund,ETF,US,58,1,down,3.9038,49.644,2026-09-24,0.367,USD
FNWD.US,Finward Bancorp,COMMON STOCK,US,113,1,down,1.1307,42.45,2026-09-18,0.12,USD
FPAA.US,FPA Global Allocation ETF,ETF,US,1,1,new,0.5178,24.93,2026-09-25,0.12908,USD
FPI.US,Farmland Partners Inc,COMMON STOCK,US,53,1,down,5.4935,10.74,2026-10-01,0.09,USD
FOX.US,Fox Corp Class B,COMMON STOCK,US,16,8,up,1.0080,56.55,2026-09-02,0.29,USD
FPXE.US,First Trust IPOX Europe Equity Opportunities ETF,ETF,US,22,2,up,1.7660,32.39,2026-09-24,0.094,USD
FNX.US,First Trust Mid Cap Core AlphaDEX® Fund,ETF,US,66,1,down,1.0139,136.3072,2026-09-24,0.411,USD
FPXI.US,First Trust International Equity Opportunities ETF,ETF,US,39,2,up,1.0294,67.323,2026-09-24,0.228,USD
FRCEF.US,Fletcher Building Limited,COMMON STOCK,US,15,1,down,0.0000,2.1,2023-09-14,0.09054,USD
FQAL.US,Fidelity® Quality Factor ETF,ETF,US,40,1,down,1.1546,83.84,2026-09-18,0.235,USD
FRIZ.US,Franklin Dividend Growth ETF,ETF,US,5,2,up,0.9912,26.634,2026-09-18,0.059,USD
FREGP.US,Federal Home Loan Mortgage Corp GP Pref,COMMON STOCK,US,18,1,down,0.0000,11.53,2008-06-12,0.72625,USD
FRCLL.US,First Republic Bank,COMMON STOCK,US,9,1,down,0.0000,0.0002,2023-01-12,0.26563,USD
FRFC.US,First Robinson Financial Corporation,COMMON STOCK,US,64,1,down,2.0526,76,2026-09-04,0.5,USD
FRCB.US,First Republic Bank,COMMON STOCK,US,44,1,down,0.0000,0.0004,2023-01-25,0.27,USD
FQVLF.US,First Quantum Minerals Ltd,COMMON STOCK,US,37,5,up,0.0000,31.55,2023-08-25,0.059,USD
FRSHY.US,China Jinmao Holdings Group Ltd ADR,COMMON STOCK,US,16,2,up,0.0000,7.5,2025-09-16,0.19238,USD
FSML.US,Franklin Small Cap Enhanced ETF,ETF,US,4,2,up,0.5091,29.0716,2026-09-18,0.029,USD
FSCS.US,First Trust SMID Capital Strength ETF,ETF,US,37,2,up,1.2816,35.815,2026-09-24,0.139,USD
FPX.US,First Trust US Equity Opportunities ETF,ETF,US,63,1,down,0.1779,178.15,2026-06-25,0.005,USD
FSROF.US,FSROF,COMMON STOCK,US,7,1,down,3.4637,2.62,2026-09-30,0.0236,USD
FSSL.US,FS Specialty Lending Fund,ETF,US,10,2,up,14.6864,11.48,2026-09-23,0.15,USD
FRMUF.US,Firm Capital Property Trust,COMMON STOCK,US,99,2,up,10.1247,4.94,2026-12-31,0.03106,USD
FLS.US,Flowserve Corporation,COMMON STOCK,US,139,1,down,1.1742,74.09,2026-09-25,0.22,USD
FTMS.US,Putnam ETF Trust - Putnam Franklin Short Term Municipal Income ETF,ETF,US,10,2,up,2.8660,9.7,2026-09-01,0.027,USD
FSHUF.US,Fu Shou Yuan International Group Limited,COMMON STOCK,US,20,4,up,5.9895,0.38,2025-11-11,0.009,USD
FLXS.US,Flexsteel Industries Inc,COMMON STOCK,US,168,1,down,1.0282,87.53,2026-09-30,0.25,USD
FSMD.US,Fidelity Small-Mid Factor,ETF,US,31,1,down,1.3105,49.6,2026-09-18,0.185,USD
FUJHF.US,Subaru Corp,COMMON STOCK,US,52,1,down,10.3119,16.75,2027-03-30,0.29182,USD
FWD.US,AB Disruptors ETF,ETF,US,3,1,down,0.0862,131.11,2025-12-17,0.113,USD
FXCNF.US,FIH Mobile Limited,COMMON STOCK,US,4,2,up,1.1567,3,2026-06-15,0.0347,USD
FYGGY.US,Fuyao Glass Industry Group Co. Ltd,COMMON STOCK,US,12,1,down,6.6391,1.69,2026-09-23,0.03685,USD
FTXL.US,First Trust Nasdaq Semiconductor ETF,ETF,US,39,1,down,0.0677,249.73,2026-06-25,0.036,USD
FRAF.US,Franklin Financial Services Corp,COMMON STOCK,US,133,1,down,2.1355,62.75,2026-08-07,0.34,USD
FSP.US,Franklin Street Properties Corp,COMMON STOCK,US,84,1,down,5.8462,0.3421,2026-01-23,0.01,USD
GASNF.US,Naturgy Energy Group S.A,COMMON STOCK,US,61,1,down,9.3417,33.53,2026-07-28,0.6826,USD
GBND.US,Goldman Sachs Core Bond ETF,ETF,US,14,2,up,3.9909,48.235,2026-09-01,0.189,USD
GCCO.US,Garden City Co,COMMON STOCK,US,70,1,down,3.0556,1800,2026-09-04,5,USD
GARP.US,iShares MSCI USA Quality GARP ETF,ETF,US,28,1,down,0.2431,84.73,2026-09-15,0.049,USD
FVAL.US,Fidelity® Value Factor ETF,ETF,US,41,1,down,1.5139,81.181,2026-09-18,0.254,USD
GCSH.US,Guggenheim Ultra Short Income ETF,ETF,US,2,1,new,0.8960,49.8901,2026-09-03,0.125,USD
GAMR.US,Amplify Video Game Leaders ETF,ETF,US,22,3,up,0.4727,99.637,2025-12-30,0.471,USD
GDEV.US,GDEV Inc.,COMMON STOCK,US,1,1,new,0.0000,10.7,2025-03-12,3.31,USD
GENK.US,"GEN Restaurant Group, Inc. Class A Common Stock",COMMON STOCK,US,1,1,new,0.0000,1.71,2025-06-09,0.03,USD
GENM.US,Spinnaker ETF Series,ETF,US,27,1,down,2.7919,9.85,2026-08-28,0.026,USD
GFCJ.US,Guaranty Financial Corporation,COMMON STOCK,US,19,1,down,0.0000,0.0003,2007-10-11,0.5,USD
GFGY.US,Granite Falls Energy LLC,COMMON STOCK,US,15,1,down,0.0000,5500,2022-06-15,600,USD
FTI.US,TechnipFMC PLC,COMMON STOCK,US,25,1,down,0.2832,70.62,2026-08-18,0.05,USD
GIB.US,CGI Inc,COMMON STOCK,US,8,1,down,0.7262,67.71,2026-08-14,0.122,USD
FXN.US,First Trust Energy AlphaDEX® Fund,ETF,US,64,1,down,1.8976,22.16,2026-09-24,0.1605,USD
GIKLY.US,Grifols SA ADR,COMMON STOCK,US,19,1,down,0.8174,5.75,2026-07-02,0.047,USD
GILT.US,Gilat Satellite Networks Ltd,COMMON STOCK,US,3,2,up,0.0000,10.01,2021-01-08,0.63,USD
GENSF.US,Genus plc,COMMON STOCK,US,32,3,up,2.6503,28.945,2026-11-12,0.32414,USD
GKAT.US,Scharf Global Opportunity ETF,ETF,US,3,2,up,0.6514,44.0616,2026-06-29,0.088,USD
GKTRF.US,GEK TERNA Holdings Real Estate Construction S.A,COMMON STOCK,US,5,5,up,0.9334,50,2026-07-01,0.4667,USD
GLDW.US,Roundhill Gold WeeklyPay ETF,ETF,US,47,2,up,32.8793,39.0439,2026-09-28,0.20438,USD
FXBY.US,Foxby Corp,COMMON STOCK,US,12,1,down,0.5295,24.55,2025-12-15,0.13,USD
GEO.US,Geo Group Inc,COMMON STOCK,US,36,1,down,0.0000,30.22,2021-01-22,0.25,USD
GLOW.US,VictoryShares WestEnd Global Equity ETF,ETF,US,11,1,down,1.2183,34.6451,2026-07-09,0.14106,USD
GFF.US,Griffon Corporation,COMMON STOCK,US,63,1,down,0.9159,96.08,2026-08-31,0.22,USD
FSTR.US,LB Foster Company,COMMON STOCK,US,28,1,down,0.0000,37.6,2016-09-07,0.04,USD
GLPJF.US,GLP J-REIT,COMMON STOCK,US,11,1,down,7.9205,824.7,2026-08-31,20.2638,USD
GEFB.US,"Greif, Inc.",COMMON STOCK,US,115,1,down,0.0000,106.92,2024-09-16,0.81,USD
GLOF.US,iShares MSCI Global Multifactor ETF,ETF,US,24,1,down,1.5293,61.01,2026-06-15,0.449,USD
GMKKY.US,Gruma S.A.B. de C.V,COMMON STOCK,US,29,1,down,2.1525,15.0146,2026-07-16,0.08222,USD
GLPI.US,Gaming & Leisure Properties,COMMON STOCK,US,53,1,down,8.2837,38.63,2026-09-11,0.82,USD
GNLAF.US,Genesis Land Development Corp,COMMON STOCK,US,16,1,down,6.6402,2.49,2026-05-22,0.08744,USD
GOIB.US,Direxion GOOGL Defined Income Boost ETF,ETF,US,3,1,new,2.5205,24.36,2026-09-15,0.202,USD
GIGM.US,Giga Media Ltd,COMMON STOCK,US,1,1,new,0.0000,1.44,2002-04-01,10,USD
GNNDY.US,GN Store Nord A/S ADR,COMMON STOCK,US,10,1,down,0.0000,49.11,2022-03-10,0.709,USD
GONYF.US,GO Residential Real Estate Investment Trust,COMMON STOCK,US,12,2,up,8.4190,7.59,2026-09-30,0.05325,USD
GNCGY.US,Greencore Group PLC ADR,COMMON STOCK,US,34,2,up,1.0770,12.9,2026-01-09,0.13893,USD
GOOG.US,Alphabet Inc Class C,COMMON STOCK,US,10,1,down,0.2536,339.16,2026-09-04,0.22,USD
GPIQ.US,Goldman Sachs Nasdaq-100 Core Premium Income ETF,ETF,US,34,1,down,9.8939,57.76,2026-09-01,0.49683,USD
GNL.US,"Global Net Lease, Inc.",COMMON STOCK,US,76,1,down,8.9517,8.49,2026-07-13,0.19,USD
GRKZF.US,Greek Organization of Football Prognostics S.A,COMMON STOCK,US,40,1,down,9.7700,15.525,2026-04-09,0.933,USD
GRNI.US,Fundstrat Granny Shots US Large Cap & Income ETF,ETF,US,9,2,up,7.2864,21.1628,2026-08-28,0.177,USD
GRNNF.US,Grand City Properties S.A,COMMON STOCK,US,6,1,down,3.3181,10.28,2026-06-26,0.3411,USD
GRRLF.US,Grange Resources Ltd,COMMON STOCK,US,24,2,up,0.0000,0.09,2024-09-16,0.0034,USD
GRW.US,TCW Compounders ETF,ETF,US,3,1,down,0.0000,30.951,2025-09-22,0.083,USD
GEF.US,Greif Inc,COMMON STOCK,US,148,1,down,2.8914,81.62,2026-09-17,0.62,USD
GRWPF.US,Growthpoint Properties Australia,COMMON STOCK,US,11,1,down,12.2747,1.54,2026-06-30,0.0632,USD
GPRE.US,Green Plains Renewable Energy Inc,COMMON STOCK,US,24,1,down,0.0000,14.8,2019-05-23,0.12,USD
GMBXF.US,Grupo México S.A.B. de C.V,COMMON STOCK,US,85,1,down,2.2156,12.54,2026-08-27,0.005,USD
GSID.US,Goldman Sachs MarketBeta International Equity ETF,ETF,US,25,1,down,2.4849,75.68,2026-09-24,0.3876,USD
GTND.US,Goaltender ETF,ETF,US,2,1,new,0.2610,25.77,2026-09-28,0.02725,USD
GLU.US,Gabelli Global Utility & Income Tr,COMMON STOCK,US,269,19,up,9.1062,17.79,2026-12-11,0.11,USD
GPT.US,Intelligent Alpha Atlas ETF,ETF,US,2,2,up,0.6581,34.343,2025-12-23,0.226,USD
GVDBF.US,Givaudan SA,COMMON STOCK,US,25,8,up,2.4278,3869,2026-03-24,93.9312,USD
GXLC.US,Global X U.S. 500 ETF,ETF,US,4,2,up,0.8857,92.3573,2026-08-05,0.246,USD
GXPC.US,Global X Purecap MSCI Communication Services ETF,ETF,US,2,2,up,0.3105,30.579,2026-06-29,0.05846,USD
GUSH.US,Direxion Daily S&P Oil & Gas Exp. & Prod. Bull 2X Shares,ETF,US,27,1,down,1.1756,40.83,2026-09-22,0.148,USD
GIS.US,General Mills Inc,COMMON STOCK,US,177,1,down,7.2619,33.6,2026-07-10,0.61,USD
GROW.US,US Global Investors Inc,COMMON STOCK,US,238,11,flat,3.8527,2.92,2026-12-14,0.0075,USD
GVIP.US,Goldman Sachs Hedge Industry VIP ETF,ETF,US,19,2,up,0.3067,169.24,2025-12-23,0.519,USD
GXPT.US,Global X PureCap MSCI Information Technology ETF,ETF,US,2,1,down,0.2014,35.15,2026-06-29,0.0333,USD
HBIE.US,Hai Jia International Limited Company,COMMON STOCK,US,3,1,new,0.0000,0.0003,2020-12-29,0.27,USD
GUNR.US,FlexShares Morningstar Global Upstream Natural Resources Index Fund,ETF,US,48,1,down,2.3094,53.39,2026-09-18,0.366,USD
GFI.US,Gold Fields Ltd ADR,COMMON STOCK,US,78,3,up,6.9812,35.18,2026-09-11,1.014,USD
GROZ.US,Zacks Trust Zacks Focus Growth,ETF,US,1,1,new,0.0385,33.76,2025-12-29,0.013,USD
GSY.US,Invesco Ultra Short Duration ETF,ETF,US,205,1,down,4.2178,49.9,2026-09-21,0.17542,USD
HAPS.US,Harbor Human Capital Factor US Small Cap ETF,ETF,US,3,1,down,0.4850,36.698,2025-12-19,0.178,USD
HCHDY.US,Hochschild Mining plc,COMMON STOCK,US,2,1,new,5.1759,3.6187,2026-09-18,0.1073,USD
HBGRY.US,Heidelberger Druckmaschinen AG ADR,COMMON STOCK,US,1,1,new,0.0000,0.8844,2010-10-15,1.468,USD
HCMT.US,HCM Tactical Enhanced US ETF,ETF,US,14,2,up,0.4629,42.56,2026-09-22,0.004,USD
HCRB.US,Hartford Core Bond ETF,ETF,US,79,1,down,4.0066,33.5,2026-08-28,0.10838,USD
GS.US,Goldman Sachs Group Inc,COMMON STOCK,US,110,17,flat,1.9645,916.28,2026-09-01,5,USD
HDIUF.US,Hardwoods Distribution Inc,COMMON STOCK,US,104,5,up,2.1470,26.49,2026-10-19,0.11413,USD
HCC.US,Warrior Met Coal Inc,COMMON STOCK,US,45,1,down,0.3488,91.75,2026-08-10,0.08,USD
HCA.US,"HCA Healthcare, Inc.",COMMON STOCK,US,37,1,down,0.7074,432.6,2026-09-16,0.78,USD
HELX.US,Franklin Genomic Advancements ETF,ETF,US,4,3,up,0.3221,44.4,2025-12-30,0.143,USD
HERE.US,Here Group Limited,COMMON STOCK,US,1,1,new,0.0000,1.665,2024-10-30,0.201,USD
HEGD.US,Swan Hedged Equity US Large Cap ETF,ETF,US,5,1,down,0.3341,26.94,2025-12-23,0.09,USD
HENGY.US,Hengdeli Holdings Ltd ADR,COMMON STOCK,US,7,1,down,0.0000,1.15,2019-08-29,0.135,USD
HEAL.US,Global X HealthTech ETF,ETF,US,3,2,up,0.2448,29.35,2025-12-30,0.07184,USD
HDLB.US,ETRACS Monthly Pay 2xLeveraged US High Dividend Low Volatility ETN Series B,ETF,US,83,1,down,11.3130,15.8587,2026-09-14,0.0505,USD
HFEQ.US,Unlimited HFEQ Equity Long/Short ETF,ETF,US,1,1,new,9.4825,23.19,2025-12-24,2.199,USD
HFRO-P-B.US,HFRO-P-B,COMMON STOCK,US,7,1,down,8.6380,15.5564,2026-09-23,0.33594,USD
HFSP.US,TradersAI Large Cap Equity & Cash ETF,ETF,US,1,1,new,0.0000,13.5,2024-12-26,0.307,USD
HG.US,"Hamilton Insurance Group, Ltd.",COMMON STOCK,US,1,1,new,6.0187,33.23,2026-03-06,2,USD
HGMCF.US,Harmony Gold Mining Company Limited,COMMON STOCK,US,17,5,up,3.7568,19.45,2026-10-07,0.3211,USD
HIBL.US,Direxion Daily S&P 500® High Beta Bull 3X Shares,ETF,US,15,1,down,1.3640,109.09,2026-06-23,0.075,USD
HIMZ.US,Defiance Daily Target 2X Long HIMS ETF,ETF,US,1,1,new,7.6601,25.77,2025-12-30,1.974,USD
HEWJ.US,iShares Currency Hedged MSCI Japan ETF,ETF,US,28,1,down,4.0210,64.86,2026-07-02,0.349,USD
HEZU.US,iShares Currency Hedged MSCI Eurozone ETF,ETF,US,27,1,down,2.5595,49.15,2026-07-02,0.839,USD
HBNC.US,Horizon Bancorp,COMMON STOCK,US,131,12,flat,4.2017,19.04,2026-10-02,0.16,USD
HLAGF.US,Hapag-Lloyd Aktiengesellschaft,COMMON STOCK,US,10,1,down,2.2749,152.2,2026-05-22,3.4624,USD
HLAL.US,Wahed FTSE USA Shariah ETF,ETF,US,29,1,down,0.3596,74.8,2026-09-24,0.096,USD
HDB.US,HDFC Bank Limited ADR,COMMON STOCK,US,34,2,up,5.2676,22.41,2026-08-07,0.40861,USD
HKTTF.US,HKT Trust and HKT Limited,COMMON STOCK,US,36,4,up,6.3669,1.66,2026-08-17,0.0444,USD
HMLN.US,Hamlin Bank and Trust Company,COMMON STOCK,US,59,1,down,4.8039,255,2026-06-17,6.25,USD
HMLSF.US,Global X Marijuana Life Sciences Index ETF,ETF,US,32,2,up,2.1070,5.2885,2026-09-29,0.06043,USD
HENOY.US,Henkel Ag A,COMMON STOCK,US,25,3,up,2.8687,21.09,2026-04-29,0.605,USD
HLDVF.US,Henderson Land,COMMON STOCK,US,54,1,down,4.9783,3.23,2026-09-04,0.0638,USD
HMSNF.US,Hammerson plc,COMMON STOCK,US,36,5,up,9.2579,4.89,2026-09-04,0.1308,USD
HOOX.US,Defiance Daily Target 2X Long HOOD ETF,ETF,US,1,1,new,22.5278,38.872,2025-12-30,8.757,USD
HOCPF.US,HOYA Corporation,COMMON STOCK,US,53,3,up,2.4715,144.802,2026-09-29,0.81887,USD
HLI.US,Houlihan Lokey Inc,COMMON STOCK,US,44,1,down,2.0071,129.54,2026-09-01,0.7,USD
HKXCY.US,Hong Kong Exchange & Clearing,COMMON STOCK,US,36,5,up,3.5936,49.56,2026-09-02,0.947,USD
HRST.US,Harvest Oil & Gas Corp,COMMON STOCK,US,11,2,up,0.0000,3.13,2023-06-22,1,USD
HLGVD.US,Kantra Copper Ltd,COMMON STOCK,US,3,1,down,0.0000,0.5745,2019-06-13,0.156,USD
GWW.US,WW Grainger Inc,COMMON STOCK,US,167,1,down,0.7566,1255.69,2026-08-10,2.49,USD
HRZCF.US,Horizon Construction Development Limited,COMMON STOCK,US,2,1,down,0.1538,1.3,2026-06-15,0.002,USD
HSBH.US,HSBC Holdings PLC ADRhedged,ETF,US,3,2,up,2.2151,112.908,2026-06-16,2.15,USD
HSHPF.US,Hill & Smith Holdings PLC,COMMON STOCK,US,23,1,down,1.7850,39.78,2026-05-29,0.4716,USD
HTEC.US,Robo Global® Healthcare Technology and Innovation ETF,ETF,US,2,2,up,0.7799,44.365,2025-12-30,0.346,USD
HTWSF.US,Helios Towers plc,COMMON STOCK,US,1,1,new,0.2822,2.87,2026-08-07,0.0081,USD
HRUFF.US,H&R Real Estate Investment Trust,COMMON STOCK,US,290,1,down,5.3692,6.73,2026-07-31,0.03564,USD
HUSQF.US,Husqvarna AB (publ),COMMON STOCK,US,32,2,up,4.5340,4.12,2026-10-20,0.0833,USD
HVAC.US,AdvisorShares Trust,ETF,US,1,1,new,0.1756,34.17,2025-12-22,0.06,USD
HUNGF.US,Huaneng Power International Inc,COMMON STOCK,US,24,3,up,8.0243,0.7228,2026-06-26,0.058,USD
HTHIF.US,Hitachi Ltd,COMMON STOCK,US,50,3,up,1.7021,35.76,2026-09-29,0.13992,USD
HXGCF.US,Hexagon Composites ASA,COMMON STOCK,US,6,1,down,0.0000,1.35,2018-04-20,0.004,USD
HXPLF.US,HEXPOL AB (publ),COMMON STOCK,US,16,1,down,4.9576,9.66,2026-05-06,0.4739,USD
HSQVY.US,Husqvarna AB,COMMON STOCK,US,34,2,up,5.2793,7.05,2026-10-20,0.16819,USD
HUMGF.US,Humm Group Limited,COMMON STOCK,US,31,1,down,4.8966,0.29,2026-09-01,0.0036,USD
HYBL.US,SSGA Active Trust - SPDR Blackstone High Income ETF,ETF,US,54,1,down,7.0904,27.64,2026-09-01,0.16749,USD
HYGW.US,iShares Trust - iShares High Yield Corporate Bond BuyWrite Strategy ETF,ETF,US,49,1,down,10.6257,28.344,2026-09-02,0.17921,USD
HYFI.US,AB High Yield ETF,ETF,US,40,1,down,6.8221,36.191,2026-09-01,0.188,USD
IBDY.US,iShares iBonds Dec 2033 Term Corporate ETF,ETF,US,38,1,down,5.1028,24.51,2026-09-01,0.10138,USD
IBHF.US,iShares iBonds 2026 Term High Yield and Income ETF,ETF,US,69,1,down,5.9252,22.54,2026-09-01,0.0793,USD
IBHH.US,iShares iBonds 2028 Term High Yield and Income ETF,ETF,US,53,1,down,6.2297,23.17,2026-09-01,0.11809,USD
IBID.US,iShares iBonds Oct 2027 Term TIPS ETF,ETF,US,11,1,down,4.8724,25.86,2026-07-01,0.625,USD
HTLD.US,Heartland Express Inc,COMMON STOCK,US,93,1,down,0.6993,11.44,2026-09-25,0.02,USD
IBMU.US,IBMU,COMMON STOCK,US,5,1,new,1.0805,23.97,2026-09-01,0.055,USD
HYZD.US,WisdomTree Interest Rate Hedged High Yield Bond Fund,ETF,US,155,1,down,5.8877,22.385,2026-09-25,0.11,USD
IBMP.US,iShares iBonds Dec 2027 Term Muni Bond ETF,ETF,US,88,1,down,2.5342,25.21,2026-09-01,0.05507,USD
IBMV.US,IBMV,COMMON STOCK,US,5,1,new,1.1975,23.8,2026-09-01,0.055,USD
IBRN.US,iShares Trust - iShares Neuroscience and Healthcare ETF,ETF,US,4,3,up,0.9562,33.466,2025-12-16,0.32,USD
IBTH.US,iShares iBonds Dec 2027 Term Treasury ETF,ETF,US,78,1,down,3.7685,22.31,2026-09-01,0.0695,USD
IBTN.US,InsCorp Inc,COMMON STOCK,US,25,1,down,1.6726,28.1,2026-08-14,0.12,USD
IAK.US,iShares U.S. Insurance ETF,ETF,US,82,4,up,2.5884,137.73,2026-09-15,0.508,USD
HOG.US,Harley-Davidson Inc,COMMON STOCK,US,137,1,down,3.0158,24.67,2026-09-15,0.188,USD
IDVZ.US,Opal International Dividend Income ETF,ETF,US,19,1,down,2.8669,33.52,2026-08-28,0.12,USD
IERNF.US,iShares Public Limited Company - iShares MSCI Brazil UCITS ETF USD (Dist),ETF,US,24,1,down,0.0000,30.4806,2025-06-12,0.2836,USD
IFPJF.US,Informa plc,COMMON STOCK,US,27,5,up,4.3369,11.635,2026-08-07,0.1006,USD
IFNNF.US,Infineon Technologies AG,COMMON STOCK,US,16,2,up,0.6058,67.35,2026-02-23,0.40802,USD
IDCBF.US,Industrial and Commercial Bank of China,COMMON STOCK,US,25,1,down,7.0303,0.99,2026-10-09,0.0248,USD
IDEXF.US,Industria de Diseño Textil S.A,COMMON STOCK,US,46,7,up,7.8752,60.15,2026-10-30,1.012,USD
IGCB.US,TCW Corporate Bond ETF,ETF,US,22,1,down,4.9173,43.52,2026-09-01,0.16,USD
HLT.US,Hilton Worldwide Holdings Inc,COMMON STOCK,US,37,1,down,0.1873,320.28,2026-08-21,0.15,USD
IHAK.US,iShares Cybersecurity and Tech ETF,ETF,US,15,1,down,0.0659,66.78,2026-06-15,0.007,USD
IHCNF.US,iShares VII Public Limited Company - iShares MSCI Canada UCITS ETF,ETF,US,1,1,new,0.0000,305.5877,2022-03-15,0.285,USD
HRL.US,Hormel Foods Corporation,COMMON STOCK,US,169,1,down,5.8463,19.97,2026-07-13,0.2925,USD
IHPCF.US,iShares Public Limited Company - iShares S&P 500 UCITS ETF,ETF,US,50,1,down,0.8631,76.24,2026-09-17,0.165,USD
IHRMF.US,iShares Public Limited Company - iShares MSCI Japan UCITS ETF USD (Dist),ETF,US,39,4,up,1.5106,25.09,2026-07-16,0.197,USD
IEF.US,iShares 7-10 Year Treasury Bond ETF,ETF,US,290,1,down,4.1346,89.53,2026-09-01,0.33204,USD
IGLB.US,iShares 10+ Year Investment Grade Corporate Bond ETF,ETF,US,201,1,down,5.6836,45.98,2026-09-01,0.2192,USD
ILPMF.US,Permanent TSB Group Holdings plc,COMMON STOCK,US,2,1,new,1.0465,3.55,2026-04-10,0.0213,USD
ILDR.US,First Trust Exchange-Traded Fund VIII - First Trust Innovation Leaders ETF,ETF,US,1,1,new,0.0000,39.38,2021-12-23,0.034,USD
IINC.US,Alki Consolidated Income ETF,ETF,US,2,1,new,1.7410,25.1002,2026-08-28,0.221,USD
IGV.US,iShares Expanded Tech-Software Sector ETF,ETF,US,39,1,down,0.0161,105.43,2026-06-15,0.017,USD
IIJIY.US,Internet Initiative Japan Inc ADR,COMMON STOCK,US,54,1,down,1.3603,42.7,2026-09-29,0.00171,USD
HR.US,Healthcare Realty Trust Incorporated,COMMON STOCK,US,173,1,down,5.3393,17.98,2026-08-11,0.24,USD
IEV.US,iShares Europe ETF,ETF,US,51,1,down,2.8047,72.45,2026-06-15,1.281,USD
ILPT.US,Industrial Logistics Properties Trust,COMMON STOCK,US,34,4,up,3.4388,7.27,2026-07-20,0.1,USD
IJH.US,iShares Core S&P Mid-Cap ETF,ETF,US,108,1,down,1.2452,72.44,2026-09-15,0.226,USD
IMSIF.US,iShares II Public Limited Company - iShares Global Clean Energy UCITS ETF,ETF,US,13,1,down,1.0258,10.333,2026-05-21,0.019,USD
IBM.US,International Business Machines,COMMON STOCK,US,226,1,down,3.0543,220.67,2026-08-10,1.69,USD
IMPJY.US,Webuild SpA ADR,COMMON STOCK,US,12,5,up,4.0642,4.675,2026-05-19,0.19,USD
IMMQF.US,Immobiliare Grande Distribuzione SIIQ S.p.A,COMMON STOCK,US,9,2,up,5.0491,3.46,2026-05-05,0.1747,USD
INDE.US,Matthews India Active ETF,ETF,US,2,2,up,1.8218,28.927,2025-12-17,0.527,USD
IMOM.US,Alpha Architect International Quantitative Momentum ETF,ETF,US,20,1,down,2.3766,40.563,2025-12-23,0.964,USD
INTM.US,Invesco Intermediate Municipal ETF,ETF,US,13,2,up,3.8027,49.07,2026-09-21,0.184,USD
INCM.US,Franklin Income Focus ETF,ETF,US,39,1,down,5.2997,28.7,2026-08-31,0.13,USD
INMU.US,BlackRock Intermediate Muni Income Bond ETF,ETF,US,65,1,down,3.5463,22.82,2026-09-01,0.0692,USD
INRO.US,BlackRock U.S. Industry Rotation ETF,ETF,US,10,1,down,0.5858,36.8741,2026-09-15,0.054,USD
ICGT.US,ICG ENTERPRISE TRUST PLC,COMMON STOCK,US,72,1,down,0.0287,1378,2026-08-13,0.095,USD
HEI.US,Heico Corporation,COMMON STOCK,US,85,10,up,0.0821,304.61,2026-07-01,0.13,USD
ILCG.US,iShares Morningstar Growth ETF,ETF,US,90,1,down,0.4093,117.04,2026-09-15,0.138,USD
IQSZ.US,Invesco Global Equity Net Zero ETF,ETF,US,5,2,up,1.8797,32.08,2026-09-21,0.129,USD
IJK.US,iShares S&P Mid-Cap 400 Growth ETF,ETF,US,105,1,down,0.5804,109.76,2026-09-15,0.193,USD
ISFFF.US,ISS A/S,COMMON STOCK,US,6,4,up,1.1651,43.31,2026-04-20,0.5046,USD
ISBG.US,IncomeSTKd 1x Bitcoin & 1x Gold Premium ETF,ETF,US,34,1,new,14.2488,15.11,2026-09-21,0.05,USD
ISRPF.US,iShares Public Limited Company - iShares $ Corp Bond UCITS ETF,ETF,US,71,1,down,5.3265,95.128,2026-09-17,1.268,USD
IQRA.US,NYLI CBRE Real Assets ETF,ETF,US,14,1,down,2.6063,30.5517,2026-09-18,0.16808,USD
ISXVF.US,iShares IV Public Limited Company - iShares Digitalisation UCITS ETF,ETF,US,1,1,new,0.0000,11.6497,2022-03-15,0.285,USD
ISTM.US,iShares Strategic Metals ETF,ETF,US,3,1,down,13.9657,30.09,2025-12-16,4.20229,USD
IPSEY.US,Ipsen S.A.,COMMON STOCK,US,17,7,up,1.1348,40.89,2026-06-04,0.464,USD
ITDI.US,Ishares Lifepath Target Date 2065 ETF,ETF,US,3,3,up,1.4353,42.638,2025-12-23,0.612,USD
ITJTY.US,Intrum AB (publ),COMMON STOCK,US,8,2,up,192.5305,0.656,2026-07-14,1.263,USD
ITDG.US,Ishares Lifepath Target Date 2055 ETF,ETF,US,3,3,up,1.4175,42.61,2025-12-23,0.604,USD
ITWO.US,ProShares Russell 2000 High Income ETF,ETF,US,23,1,down,7.6853,43.353,2026-09-01,0.21677,USD
ISRWF.US,iShares II Public Limited Company - iShares J.P. Morgan $ Emerging Markets Bond UCITS ETF,ETF,US,136,1,down,5.9028,90.025,2026-09-17,0.412,USD
IMKTA.US,Ingles Markets Incorporated,COMMON STOCK,US,154,1,down,0.7756,85.09,2026-07-09,0.165,USD
IVCHF.US,Invicta Holdings Ltd,COMMON STOCK,US,5,1,down,3.9141,1.98,2026-08-28,0.0775,USD
IVES.US,Dan IVES Wedbush AI Revolution ETF,ETF,US,1,1,new,0.3214,40.76,2025-12-22,0.131,USD
ISCB.US,iShares Morningstar Small-Cap ETF,ETF,US,89,1,down,1.3635,71.58,2026-09-15,0.252,USD
IWMY.US,Defiance R2000 Target 30 Income ETF,ETF,US,114,1,down,39.0493,17.25,2026-09-24,0.102,USD
IVREF.US,Inovalis Real Estate Investment Trust,COMMON STOCK,US,89,1,down,21.6092,0.5978,2025-12-31,0.12918,USD
IRM.US,Iron Mountain Incorporated,COMMON STOCK,US,71,1,down,3.1121,111.05,2026-09-15,0.864,USD
IPOAF.US,Industrias Penoles Sab De CV,COMMON STOCK,US,33,2,up,0.8605,44.16,2026-05-13,0.38,USD
JA.US,Janus Henderson AA-A CLO ETF,ETF,US,6,1,new,2.5238,50.32,2026-08-31,0.204,USD
IYRI.US,NEOS ETF Trust NEOS Real Estate,ETF,US,21,1,down,11.7474,45.68,2026-09-16,0.4289,USD
INTC.US,Intel Corporation,COMMON STOCK,US,129,1,down,0.0000,116.03,2024-08-07,0.125,USD
JCAL.US,JPMorgan California Tax Free Bond ETF,ETF,US,3,1,new,0.8916,47.22,2026-09-01,0.142,USD
JANZ.US,Listed Funds Trust - TrueShares Structured Outcome (January) ETF,ETF,US,5,1,down,1.2990,41.6489,2025-12-24,0.541,USD
JDVI.US,John Hancock Exchange-Traded Fund Trust,ETF,US,2,2,up,2.1160,40.36,2025-12-29,0.854,USD
JAKK.US,JAKKS Pacific Inc,COMMON STOCK,US,15,1,down,3.9604,25.25,2026-08-28,0.25,USD
IYLD.US,iShares Morningstar Multi-Asset Income ETF,ETF,US,173,1,down,4.7361,21.79,2026-09-02,0.068,USD
JHLN.US,JHancock Global Senior Loan ETF,ETF,US,13,2,up,5.4954,24.47,2026-09-28,0.11072,USD
JIII.US,Janus Henderson Income ETF,ETF,US,21,1,down,7.4369,48.3,2026-08-31,0.247,USD
IX.US,Orix Corp Ads,COMMON STOCK,US,50,1,down,2.0354,39.03,2026-03-31,0.39076,USD
JHMU.US,John Hancock Exchange-Traded Fund Trust,ETF,US,35,1,down,4.0343,24.62,2026-09-28,0.07601,USD
IWP.US,iShares Russell Mid-Cap Growth ETF,ETF,US,103,1,down,0.3839,137.79,2026-09-15,0.155,USD
JFKOF.US,Jafco Company Ltd,COMMON STOCK,US,17,1,down,12.5443,10.8,2026-03-31,0.4662,USD
JMBS.US,Janus Henderson Mortgage-Backed Securities ETF,ETF,US,95,1,down,5.5051,42.61,2026-08-31,0.19659,USD
JBTM.US,JBTMarel Corp,COMMON STOCK,US,72,1,down,0.3599,111.15,2026-08-17,0.1,USD
IP.US,International Paper,COMMON STOCK,US,229,1,down,5.4471,34,2026-08-14,0.463,USD
JMHI.US,J P Morgan Exchange-Traded Fund Trust - High Yield Municipal Etf Fund,ETF,US,38,1,down,4.7456,46.76,2026-09-01,0.18439,USD
JPEVF.US,"Japan Elevator Service Holdings Co.,Ltd.",COMMON STOCK,US,1,1,new,1.4209,9.29,2026-03-31,0.132,USD
IWV.US,iShares Russell 3000 ETF,ETF,US,108,1,down,0.8734,433.38,2026-09-15,0.997,USD
JNPKF.US,Jenoptik AG,COMMON STOCK,US,18,1,down,1.0542,43.9,2026-06-11,0.4628,USD
JNSTF.US,Jinhui Shipping and Transportation Limited,COMMON STOCK,US,15,1,down,3.1421,0.57,2026-05-28,0.01791,USD
JOET.US,Virtus Terranova U.S. Quality Momentum ETF,ETF,US,6,2,up,0.6075,45.27,2025-12-22,0.275,USD
IVW.US,iShares S&P 500 Growth ETF,ETF,US,107,1,down,0.3410,142.21,2026-09-15,0.128,USD
JPPSF.US,Jinmao Property Services Co. Limited,COMMON STOCK,US,10,2,up,10.1556,0.3727,2026-09-09,0.0136,USD
JMUB.US,J.P. Morgan Exchange-Traded Fund Trust,ETF,US,96,1,down,3.8378,47.47,2026-09-01,0.15049,USD
IYG.US,iShares U.S. Financial Services ETF,ETF,US,110,1,down,1.1245,91.42,2026-09-15,0.27,USD
JOYY.US,JOYY Inc,COMMON STOCK,US,28,3,up,6.6944,80.59,2026-09-30,1.545,USD
JNUG.US,Direxion Daily Junior Gold Miners Index Bull 2X Shares,ETF,US,25,6,up,2.3490,149.55,2026-09-22,0.755,USD
JTKWY.US,Just Eat Takeaway.com NV ADR,COMMON STOCK,US,1,1,new,0.0000,,2026-09-25,4.83978,USD
JRNGF.US,Journey Energy Inc,COMMON STOCK,US,5,1,new,0.0000,3.73,2015-09-28,0.04,USD
JPSWY.US,Japan Steel Works Ltd ADR,COMMON STOCK,US,69,2,up,2.1965,23.39,2026-09-29,0.0009,USD
JSTC.US,Tidal ETF Trust - Adasina Social Justice All Cap Global ETF,ETF,US,11,1,down,1.2217,22.51,2026-06-29,0.1,USD
JXX.US,Janus Henderson Transformational Growth ETF,ETF,US,2,1,new,0.0000,31.1842,2025-06-30,0.004,USD
JPIN.US,JPMorgan Diversified Return International Equity ETF,ETF,US,40,1,down,4.2098,74.66,2026-09-22,0.512,USD
JMHLY.US,Jardine Matheson Holdings Ltd PK,COMMON STOCK,US,45,23,up,4.2336,56.69,2026-08-21,0.65,USD
JRVR.US,James River Group Holdings Ltd,COMMON STOCK,US,47,1,down,1.1628,3.44,2026-09-15,0.01,USD
KCKSF.US,Keck Seng Investments (Hong Kong) Limited,COMMON STOCK,US,22,2,up,6.5867,0.3,2026-10-09,0.00446,USD
KDEF.US,PLUS Korea Defense Industry Index ETF,ETF,US,1,1,new,6.9685,42.52,2025-12-30,2.963,USD
KARS.US,KraneShares Electric Vehicles and Future Mobility Index,ETF,US,8,1,down,0.2000,27.997,2025-12-22,0.056,USD
KCDMF.US,Kimberly-Clark de México S. A. B. de C. V,COMMON STOCK,US,106,2,up,3.4624,2.18,2026-12-02,0.03174,USD
KDVD.US,Keeley Dividend ETF,ETF,US,4,2,up,1.9504,27.639,2026-09-28,0.16508,USD
JUVF.US,Juniata Valley Financial Corp,COMMON STOCK,US,106,1,down,5.5451,15.87,2026-08-18,0.22,USD
KARNF.US,Kernel Holding S.A,COMMON STOCK,US,8,8,up,0.0000,5.2,2022-02-07,0.44,USD
JSGRY.US,Lixil Group Corp,COMMON STOCK,US,51,1,down,6.9944,19.7644,2026-09-29,0.00336,USD
KBDCY.US,Kingboard Chemical Holdings Ltd ADR,COMMON STOCK,US,23,1,down,3.7941,37.06,2026-06-12,0.96303,USD
KHNGF.US,Kuehne + Nagel International AG,COMMON STOCK,US,27,1,down,4.5644,275,2026-05-11,7.6438,USD
KIKOY.US,Kikkoman Corp ADR,COMMON STOCK,US,37,1,down,1.4220,23,2026-09-29,0.0008,USD
KKR-P-D.US,KKR-P-D,COMMON STOCK,US,6,2,up,7.5224,41.54,2026-08-14,0.7812,USD
KLIB.US,Killbuck Bancshares Inc,COMMON STOCK,US,57,1,down,3.9548,177,2026-05-29,3.75,USD
KEN.US,Kenon Holdings,COMMON STOCK,US,12,1,down,6.0062,64.1,2026-04-13,3.85,USD
KGSPY.US,Kingspan Group PLC ADR,COMMON STOCK,US,21,4,up,0.5787,112.49,2026-09-04,0.313,USD
KNBWF.US,Kirin Holdings Co. Ltd.,COMMON STOCK,US,60,1,down,4.6312,18.51,2026-12-31,0.18952,USD
JCI.US,Johnson Controls International PLC,COMMON STOCK,US,270,1,down,1.0746,148.89,2026-09-21,0.4,USD
KKPNF.US,Koninklijke KPN N.V,COMMON STOCK,US,49,5,up,7.7048,4.54,2026-07-27,0.0912,USD
KELRF.US,Keisei Electric Railway Co. Ltd.,COMMON STOCK,US,40,1,down,5.1994,6.27,2027-03-30,0.05584,USD
KMGGF.US,Kumagai Gumi Company. Ltd.,COMMON STOCK,US,15,1,down,13.9598,9.1,2026-03-31,0.5494,USD
KONG.US,Formidable Fortress ETF,ETF,US,5,1,down,0.3449,32.4689,2025-12-24,0.112,USD
KNTTF.US,"Kintetsu Department Store Co., Ltd.",COMMON STOCK,US,6,4,up,2.5026,10.685,2026-02-28,0.1393,USD
KNNNF.US,Kainos Group plc,COMMON STOCK,US,16,1,down,3.8561,16.85,2026-10-01,0.26585,USD
KOTMY.US,Koito Manufacturing Co Ltd ADR,COMMON STOCK,US,35,1,down,2.8162,16.5,2026-03-31,0.13952,USD
KCLI.US,Kansas City Life Insurance Company,COMMON STOCK,US,169,1,down,1.8826,36.12,2026-08-06,0.18,USD
KORU.US,Direxion Daily South Korea Bull 3X Shares,ETF,US,23,1,down,0.3895,20.4,2026-03-24,0.0057,USD
KRRYF.US,Kerry Logistics Network Limited,COMMON STOCK,US,26,3,up,6.4909,0.55,2026-09-11,0.0153,USD
KOYJF.US,Kemira Oyj,COMMON STOCK,US,26,1,down,9.8154,20.5,2026-10-06,0.44113,USD
KPGHF.US,Kelly Partners Group Holdings Limited,COMMON STOCK,US,19,1,down,0.0000,3.15,2024-02-20,0.00308,USD
KRYPY.US,Kerry Properties Ltd ADR,COMMON STOCK,US,33,1,down,7.6604,11.225,2026-09-15,0.25501,USD
KPTCY.US,Kansai Paint Co. Ltd,COMMON STOCK,US,13,5,up,8.6359,8.02,2026-09-29,0.0011,USD
KPDCF.US,Keppel DC REIT,COMMON STOCK,US,24,2,up,12.1333,1.62,2026-09-09,0.0179,USD
KRKKF.US,KRUK Spólka Akcyjna,COMMON STOCK,US,10,7,up,8.5802,124.58,2026-06-01,5.4874,USD
KNX.US,Knight Transportation Inc,COMMON STOCK,US,88,1,down,1.2274,63.55,2026-09-04,0.2,USD
KELYA.US,Kelly Services A Inc,COMMON STOCK,US,163,1,down,1.8138,16.54,2026-08-19,0.075,USD
KSPI.US,Joint Stock Company Kaspi.kz,COMMON STOCK,US,16,1,down,5.9560,95.82,2026-09-10,2.149,USD
KUKYF.US,"Kokuyo Co., Ltd.",COMMON STOCK,US,7,1,down,4.3453,5.59,2026-12-31,0.08,USD
KTB.US,Kontoor Brands Inc,COMMON STOCK,US,27,1,down,3.2651,64.93,2026-09-08,0.53,USD
KTSUF.US,Koatsu Gas Kogyo Co. Ltd,COMMON STOCK,US,14,1,down,6.3952,6.28,2026-03-31,0.1373,USD
KKPNY.US,Koninklijke KPN NV ADR,COMMON STOCK,US,62,5,up,4.7835,4.62,2026-08-03,0.091,USD
KYRNF.US,"KYORIN Pharmaceutical Co., Ltd.",COMMON STOCK,US,26,1,down,3.5674,10.31,2026-03-31,0.2326,USD
KRTL.US,KRTL Holding Group Inc,COMMON STOCK,US,1,1,new,0.0000,0.0498,2004-03-29,0.02,USD
LDDR.US,Stone Ridge 2035 Term Income ETF,ETF,US,20,1,down,13.3593,74.824,2026-09-02,0.833,USD
LCF.US,Touchstone ETF Trust - Touchstone US Large Cap Focused ETF,ETF,US,4,4,up,0.5034,45.889,2025-12-30,0.231,USD
LCHTF.US,Text S.A.,COMMON STOCK,US,22,1,down,12.8321,11.2,2026-10-07,0.5646,USD
LCOMF.US,Lifestyle Communities Limited,COMMON STOCK,US,10,1,down,0.0000,12.15,2024-09-05,0.0336,USD
LCTD.US,BlackRock World ex U.S. Carbon Transition Readiness ETF,ETF,US,11,1,down,3.3328,58.6,2026-06-15,0.956,USD
KWEB.US,KraneShares CSI China Internet ETF,ETF,US,14,3,up,8.4996,24.66,2025-12-22,2.096,USD
KWHIY.US,Kawasaki Heavy Industries Ltd ADR,COMMON STOCK,US,54,3,up,12.6285,6.06,2026-09-29,0.00032,USD
LDRH.US,iShares iBonds 1-5 Year High Yield and Income Ladder ETF,ETF,US,22,1,down,6.5075,24.077,2026-09-02,0.12988,USD
LDEM.US,iShares® ESG MSCI EM Leaders ETF,ETF,US,13,1,down,2.9071,60.885,2026-06-15,0.496,USD
LDI.US,Loandepot Inc,COMMON STOCK,US,5,1,down,0.0000,0.6098,2022-04-01,0.08,USD
LDSCY.US,Land Securities Group PLC ADR,COMMON STOCK,US,36,1,down,5.7896,8.23,2026-06-18,0.29744,USD
LENZ.US,LENZ Therapeutics Inc,COMMON STOCK,US,1,1,new,0.0000,3.96,2024-03-22,7.21,USD
LFBCF.US,Life & Banc Split Corp,COMMON STOCK,US,204,1,down,9.5621,9.05,2026-09-29,0.07067,USD
LEVI.US,Levi Strauss & Co Class A,COMMON STOCK,US,26,1,down,2.9278,19.81,2026-07-22,0.16,USD
LGDX.US,Intech S&P Large Cap Diversified Alpha ETF,ETF,US,1,1,new,0.4687,25.388,2025-12-23,0.119,USD
LGSXY.US,Light SA ADR,COMMON STOCK,US,19,2,up,11.9298,1.14,2026-06-11,0.136,USD
LGNDZ.US,Ligand Pharms Inc Cvr,COMMON STOCK,US,1,1,new,0.0000,0.0023,2010-07-02,0.076,USD
LGOV.US,First Trust Long Duration Opportunities ETF,ETF,US,93,1,down,5.1116,19.71,2026-09-24,0.0775,USD
KO.US,The Coca-Cola Company,COMMON STOCK,US,226,1,down,2.4088,87.18,2026-09-15,0.53,USD
LGPS.US,LogProstyle Inc.,COMMON STOCK,US,6,1,down,9.2194,0.743,2027-03-31,0.0115,USD
LGRO.US,Level Four Large Cap Growth Active ETF,ETF,US,12,1,down,0.3233,46.7108,2026-09-17,0.03,USD
LAD.US,Lithia Motors Inc,COMMON STOCK,US,88,1,down,0.7820,303.07,2026-08-07,0.7,USD
LIAM.US,Stone Ridge 2055 Inflation-Protected Longevity Income ETF,ETF,US,26,1,down,4.8016,218.72,2026-09-02,0.88191,USD
LIAU.US,Stone Ridge 2060 Inflation-Protected Longevity Income ETF,ETF,US,26,1,down,4.3563,241.0773,2026-09-02,0.88191,USD
LITL.US,Simplify Piper Sandler US Small-Cap PLUS Income ETF,ETF,US,11,2,up,2.8135,33.197,2026-09-25,0.1,USD
LDSVF.US,Chocoladefabriken Lindt & Sprüngli AG,COMMON STOCK,US,20,1,down,2.2431,10350,2026-04-21,232.1622,USD
LKQ.US,LKQ Corporation,COMMON STOCK,US,20,1,down,5.1680,23.22,2026-08-20,0.3,USD
LLESF.US,Lend Lease Group,COMMON STOCK,US,47,2,up,8.1354,1.92,2026-08-24,0.0684,USD
KTF.US,DWS Municipal Income Trust,COMMON STOCK,US,457,1,down,9.4913,8.06,2026-09-23,0.061,USD
LNC.US,Lincoln National Corporation,COMMON STOCK,US,168,17,flat,5.5039,40.88,2026-10-09,0.45,USD
LLYX.US,Defiance Daily Target 2X Long LLY ETF,ETF,US,1,1,new,2.7361,25.73,2025-12-30,0.704,USD
LKTEF.US,L.K. Technology Holdings Limited,COMMON STOCK,US,1,1,new,2.5333,0.15,2026-09-15,0.0038,USD
LMPMF.US,Lee and Man Paper Manufacturing Limited,COMMON STOCK,US,45,2,up,8.1064,0.47,2026-08-17,0.0143,USD
LMTL.US,Direxion Daily LMT Bull 2X ETF,ETF,US,6,1,down,5.0488,30.225,2026-09-22,0.273,USD
LPG.US,Dorian LPG Ltd,COMMON STOCK,US,20,2,up,6.1626,54.36,2026-07-27,1,USD
LEN-B.US,Lennar Corporation,COMMON STOCK,US,96,18,flat,3.1033,80.56,2026-10-07,0.5,USD
LPGCY.US,"Laopu Gold Co., Ltd. ADR",COMMON STOCK,US,3,2,up,13.6595,4.22,2026-11-30,0.26776,USD
KYOAY.US,Kyocera Corporation ADR,COMMON STOCK,US,78,2,up,0.6810,23.6,2025-09-30,0.16072,USD
LPX.US,Louisiana-Pacific Corporation,COMMON STOCK,US,132,1,down,1.7863,66.06,2026-08-14,0.3,USD
KR.US,Kroger Company,COMMON STOCK,US,158,4,up,3.0658,59.69,2026-11-16,0.39,USD
LSTB.US,Natixis ETF Trust,ETF,US,2,1,new,1.0213,23.99,2026-09-01,0.113,USD
LQTI.US,FT Vest Investment Grade & Target Income ETF,ETF,US,18,1,down,9.6292,18.07,2026-09-01,0.141,USD
LQID.US,Kurv Enhanced Short Maturity ETF,ETF,US,4,1,new,1.7763,24.77,2026-09-16,0.11,USD
LSAT.US,Two Roads Shared Trust - LeaderShares AlphaFactor Tactical Focused ETF,ETF,US,6,2,up,1.6603,44.39,2025-12-17,0.737,USD
LRLCY.US,L’Oreal Co ADR,COMMON STOCK,US,32,7,up,1.8638,87.99,2026-04-28,1.64,USD
LQD.US,iShares iBoxx $ Investment Grade Corporate Bond ETF,ETF,US,290,1,down,4.8952,102.47,2026-09-01,0.44367,USD
LRGE.US,ClearBridge Large Cap Growth ESG ETF,ETF,US,11,1,down,0.1152,90.2515,2025-12-26,0.104,USD
LQAI.US,LG QRAFT AI-Powered U.S. Large Cap Core ETF,ETF,US,12,1,down,0.8804,46.07,2026-09-28,0.0966,USD
LTGHF.US,Life Healthcare Group Holdings Limited,COMMON STOCK,US,31,1,down,5.0319,0.69,2026-06-18,0.014,USD
LPTI.US,Longport Inc,COMMON STOCK,US,1,1,new,0.0000,0.0001,1999-06-28,0.01,USD
LII.US,Lennox International Inc,COMMON STOCK,US,109,1,down,1.7969,368.41,2026-09-30,1.36,USD
LYB.US,LyondellBasell Industries NV,COMMON STOCK,US,63,1,down,5.9036,58.27,2026-08-24,0.69,USD
LVDS.US,JPMorgan Fundamental Data Science Large Value ETF,ETF,US,6,1,down,7.5000,58.8,2026-09-22,0.203,USD
LZB.US,La-Z-Boy Incorporated,COMMON STOCK,US,151,1,down,3.2451,29.83,2026-09-03,0.242,USD
LXP.US,LXP Industrial Trust,COMMON STOCK,US,132,1,down,5.8898,60.91,2026-06-30,0.7,USD
LW.US,Lamb Weston Holdings Inc,COMMON STOCK,US,39,1,down,3.4970,43.18,2026-08-07,0.38,USD
LVMHF.US,LVMH Moët Hennessy - Louis Vuitton Société Européenne,COMMON STOCK,US,48,7,up,5.2909,457.11,2026-12-01,8.771,USD
MADE.US,iShares U.S. Manufacturing ETF,ETF,US,9,1,down,0.6438,34.95,2026-09-15,0.07,USD
LTPZ.US,PIMCO 15+ Year U.S. TIPS Index Exchange-Traded Fund,ETF,US,143,1,down,6.8342,45.36,2026-08-03,0.46,USD
LIN.US,Linde plc Ordinary Shares,COMMON STOCK,US,137,1,down,1.3346,472.04,2026-09-03,1.6,USD
LUXE.US,LuxExperience B.V.,COMMON STOCK,US,5,1,down,0.0000,9.42,2022-10-13,0.029,USD
MAT.US,Mattel Inc,COMMON STOCK,US,89,1,down,0.0000,13.34,2017-08-21,0.15,USD
MBSX.US,Regan Fixed Rate MBS ETF,ETF,US,17,1,down,3.9035,25.524,2026-09-28,0.05034,USD
MAR.US,Marriott International Inc,COMMON STOCK,US,104,1,down,0.7809,358.57,2026-08-20,0.73,USD
MBOX.US,Freedom Day Dividend ETF,ETF,US,22,1,down,1.9333,40.33,2026-09-28,0.17171,USD
MCCHF.US,McChip Resources Inc,COMMON STOCK,US,13,6,up,64637.5000,0.0012,2026-04-22,0.77565,USD
MAHN.US,Mid-Atlantic Home Health Network Inc,COMMON STOCK,US,1,1,new,0.0000,0.12,2010-09-28,0.005,USD
MARUF.US,Marubeni Corporation,COMMON STOCK,US,50,1,down,4.1457,30.65,2027-03-30,0.29246,USD
LWAY.US,Lifeway Foods Inc,COMMON STOCK,US,2,2,up,0.0000,21.36,2013-05-29,0.08,USD
LHX.US,L3Harris Technologies Inc,COMMON STOCK,US,181,1,down,2.0825,237.7,2026-09-04,1.25,USD
MCHS.US,Matthews China Discovery Active ETF,ETF,US,2,1,down,2.9184,39.645,2025-12-17,1.157,USD
MDAA.US,Series Portfolios Trust - Myriad Dynamic Asset Allocation ETF,ETF,US,1,1,new,0.3932,116.488,2025-12-29,0.458,USD
MDIBF.US,Mediobanca Banca di Credito Finanziario S.p.A,COMMON STOCK,US,27,1,down,6.6573,28.964,2026-04-21,0.5375,USD
MCRUF.US,Morgan Advanced Materials plc,COMMON STOCK,US,35,3,up,7.4976,3.4,2026-10-22,0.0915,USD
MDIV.US,First Trust Multi-Asset Diversified Income Index Fund,ETF,US,168,1,down,7.6742,15.96,2026-09-24,0.096,USD
MDCOY.US,PT Medco Energi Internasional Tbk,COMMON STOCK,US,1,1,new,2.5620,7,2026-06-22,0.17934,USD
MCDS.US,JPMorgan Fundamental Data Science Mid Core ETF,ETF,US,9,1,down,1.0410,65.5138,2026-09-22,0.193,USD
MDNDF.US,McDonald's Holdings Company (Japan) Ltd,COMMON STOCK,US,33,2,up,1.6349,47.86,2026-12-31,0.41325,USD
MDST.US,Ultimus Managers Trust,ETF,US,29,1,down,8.7872,28.166,2026-08-28,0.225,USD
MBGYY.US,Mercedes-Benz Group AG,COMMON STOCK,US,18,1,down,8.6078,11.78,2026-04-20,1.014,USD
MAIN.US,Main Street Capital Corporation,COMMON STOCK,US,258,1,down,9.2882,55.07,2026-12-08,0.265,USD
MEOH.US,Methanex Corporation,COMMON STOCK,US,98,1,down,1.2379,59.78,2026-09-16,0.185,USD
MED.US,MEDIFAST INC,COMMON STOCK,US,32,1,down,0.0000,11.71,2023-09-18,1.65,USD
MEMY.US,Tuttle Capital Meme Stock Income Blast ETF,ETF,US,35,1,new,15.8905,16.1732,2026-09-25,0.08,USD
MGCLY.US,"Midea Group Co., Ltd.",COMMON STOCK,US,3,2,up,10.3480,12.11,2026-06-22,0.55639,USD
MHGU.US,Meritage Hospitality Group Inc,COMMON STOCK,US,37,1,down,0.0000,0.0736,2024-06-14,0.06,USD
MFSM.US,MFS Active Intermediate Muni Bond ETF,ETF,US,21,1,down,3.7911,23.5201,2026-08-31,0.07408,USD
MGM.US,MGM Resorts International,COMMON STOCK,US,26,2,flat,0.0000,31.86,2022-12-08,0.003,USD
MGLUY.US,Magazine Luiza S.A,COMMON STOCK,US,5,1,down,1.2735,5.2,2026-05-04,0.06622,USD
MHIVF.US,Invesque Inc,COMMON STOCK,US,46,1,down,0.0000,0.07,2020-03-30,0.061,USD
MICR.US,MICR,COMMON STOCK,US,11,1,down,0.0000,0.0003,2012-02-13,0.03,USD
MDRX.US,Veradigm Inc.,COMMON STOCK,US,1,1,new,0.0000,5.05,2008-10-08,5.23,USD
MIESY.US,Mitsui Engineering & Shipbuilding Co Ltd ADR,COMMON STOCK,US,9,4,up,1.4773,24.05,2026-03-31,0.25882,USD
LXU.US,Lsb Industries Inc,COMMON STOCK,US,12,1,down,0.0000,9.84,1998-12-29,0.00769,USD
MGHTF.US,Mercury NZ Limited,COMMON STOCK,US,32,7,up,9.2025,4.37,2026-09-03,0.156,USD
MIND.US,Mind Technology Inc,COMMON STOCK,US,1,1,new,0.0000,4.25,2018-10-12,0.563,USD
MITNF.US,Mi Technovation Berhad,COMMON STOCK,US,13,1,down,1.3408,0.5616,2026-06-12,0.0025,USD
MLPB.US,UBS AG London Branch ELKS 6,ETF,US,43,1,down,5.8378,29.8296,2026-07-14,0.4437,USD
MLDR.US,Global X Intermediate-Term Treasury Ladder ETF,ETF,US,24,1,down,4.0030,46.715,2026-09-01,0.16,USD
MKC.US,McCormick & Company Incorporated,COMMON STOCK,US,168,1,down,4.8906,48.46,2026-10-13,0.48,USD
MINOF.US,Minor International Public Company Limited,COMMON STOCK,US,15,9,up,4.3286,0.7834,2026-08-28,0.0091,USD
MINT.US,PIMCO Enhanced Short Maturity Active Exchange-Traded Fund,ETF,US,209,1,down,4.1400,100.58,2026-09-01,0.335,USD
MMIN.US,IQ MacKay Municipal Insured ETF,ETF,US,106,1,down,4.3213,22.25,2026-08-31,0.07996,USD
MITEF.US,Mitsubishi Estate Co. Ltd,COMMON STOCK,US,55,1,down,3.0141,23.2,2027-03-30,0.1262,USD
MLTTY.US,MULTIPLAN EMPREENDIMENTOS IMOB,COMMON STOCK,US,13,3,up,5.0935,12,2026-09-25,0.09504,USD
MMHTF.US,Miramar Hotel and Investment Company Limited,COMMON STOCK,US,45,1,down,5.3228,1.27,2026-09-23,0.0293,USD
MNRS.US,Grayscale Bitcoin Miners ETF,ETF,US,1,1,new,1.1119,14.65,2025-12-31,0.16289,USD
MONTF.US,Montfort Capital Corp,COMMON STOCK,US,5,1,down,0.0000,0.057,2024-12-17,0.01411,USD
MMTOF.US,Mitsubishi Motors Corp.,COMMON STOCK,US,23,1,down,6.6707,2.25,2027-03-30,0.02538,USD
MOHCF.US,Motor Oil (Hellas) Corinth Refineries S.A,COMMON STOCK,US,25,1,down,8.8457,23,2026-06-29,1.6311,USD
MMTMF.US,Monument Mining Limited,COMMON STOCK,US,1,1,new,2.1739,0.667,2026-01-05,0.0145,USD
MMCA.US,NYLI MacKay California Muni Intermediate ETF,ETF,US,57,1,down,3.4306,20.45,2026-08-31,0.0608,USD
MCI.US,Barings Corporate Investors,COMMON STOCK,US,186,1,down,9.0243,17.73,2026-08-28,0.4,USD
MPIA.US,m+ Nasdaq-100 Accelerator Autocall ETF,ETF,US,1,1,new,2.4263,25.7592,2026-09-21,0.625,USD
MRAAF.US,Murata Manufacturing Co. Ltd,COMMON STOCK,US,56,1,down,1.8621,51.546,2027-03-30,0.17802,USD
MPZAF.US,MIPS AB (publ),COMMON STOCK,US,10,1,down,1.4119,37.63,2026-04-27,0.2804,USD
MQBKY.US,Macquarie Group Ltd ADR,COMMON STOCK,US,43,1,down,2.8357,171.4,2026-05-19,3.048,USD
MRCBF.US,Morguard Corporation,COMMON STOCK,US,97,1,down,0.6927,82.95,2026-09-15,0.144,USD
MMIT.US,IQ MacKay Municipal Intermediate ETF,ETF,US,106,1,down,3.8253,22.92,2026-08-31,0.07408,USD
MOTG.US,VanEck Vectors ETF Trust - VanEck Vectors Morningstar Global Wide Moat ETF,ETF,US,8,3,up,17.5427,39.23,2025-12-22,6.882,USD
MMSMY.US,Mitsui Mining and Smelting Co Ltd ADR,COMMON STOCK,US,26,2,up,4.0017,29.235,2026-09-29,0.00112,USD
MPRO.US,Northern Lights Fund Trust IV - Monarch ProCap ETF,ETF,US,22,1,down,1.9051,31.6,2026-09-24,0.162,USD
MPVDF.US,Mountain Province Diamonds Inc,COMMON STOCK,US,1,1,new,0.0000,0.002,2018-09-07,0.02822,USD
MKKGY.US,Merck KGaA ADR,COMMON STOCK,US,19,8,up,1.6030,31.69,2026-04-28,0.508,USD
MOTI.US,VanEck Morningstar International Moat ETF,ETF,US,11,1,down,3.4013,34.751,2025-12-22,1.182,USD
MRCHF.US,H.U. Group Holdings Inc,COMMON STOCK,US,44,1,down,8.0463,23.35,2027-03-30,0.31803,USD
MLAB.US,Mesa Laboratories Inc,COMMON STOCK,US,92,1,down,0.4812,132.99,2026-08-31,0.16,USD
MPWR.US,Monolithic Power Systems Inc,COMMON STOCK,US,51,1,down,0.6750,1351.2,2026-09-30,2,USD
MRSH.US,"Marsh & McLennan Companies, Inc.",COMMON STOCK,US,176,22,up,2.7687,169.03,2026-10-01,0.99,USD
MRSK.US,Toews Agility Shares Managed Risk ETF,ETF,US,7,1,down,0.3480,39.65,2025-12-30,0.043,USD
MRFCF.US,MRFCF,COMMON STOCK,US,8,1,down,16.8719,13.35,2026-12-31,0.4636,USD
MRCY.US,Mercury Systems Inc,COMMON STOCK,US,1,1,new,0.0000,80.12,2015-03-13,0.6175,USD
MRTPY.US,Marston's PLC,COMMON STOCK,US,17,1,down,0.0000,7.63,2019-12-20,0.62693,USD
MRTI.US,Maxus Realty Trust Inc,COMMON STOCK,US,177,2,up,3.7333,75,2026-11-16,0.3,USD
MRETF.US,Martinrea International Inc,COMMON STOCK,US,56,1,down,2.5163,7.1,2026-09-29,0.03566,USD
MRPRF.US,MERLIN Properties SOCIMI S.A,COMMON STOCK,US,26,1,down,4.8017,14.15,2026-05-08,0.0178,USD
MRVL.US,Marvell Technology Group Ltd,COMMON STOCK,US,58,6,flat,0.1191,251.9,2026-10-09,0.06,USD
MRPMF.US,Marco Polo Marine Ltd.,COMMON STOCK,US,3,3,up,1.1584,0.101,2026-02-13,0.00117,USD
MRVCF.US,Metrovacesa S.A,COMMON STOCK,US,12,1,down,21.8739,10.5,2026-05-20,1.02331,USD
MSFO.US,YieldMax MSFT Option Income Strategy ETF,ETF,US,75,1,down,38.8311,12.2,2026-09-24,0.0504,USD
MSDL.US,Morgan Stanley Direct Lending Fund,COMMON STOCK,US,13,1,down,16.5960,14.16,2026-09-30,0.45,USD
MRVU.US,Direxion Daily MRVL Bull 2X ETF,ETF,US,3,1,new,0.5834,134.04,2026-09-22,0.382,USD
MRX.US,Marex Group plc Ordinary Shares,COMMON STOCK,US,9,1,down,0.8697,71.29,2026-08-24,0.16,USD
MRVSY.US,Minerva SA,COMMON STOCK,US,16,1,down,3.9622,3.7,2026-05-14,0.025,USD
MRTN.US,Marten Transport Ltd,COMMON STOCK,US,65,1,down,1.8576,12.92,2026-09-16,0.06,USD
MSFU.US,Daily MSFT Bull 2X ETF,ETF,US,19,1,down,8.1073,38.78,2026-09-22,0.303,USD
MSBHF.US,Mitsubishi Corp.,COMMON STOCK,US,55,1,down,5.6791,30.52,2027-03-30,0.32044,USD
MSFD.US,Direxion Daily MSFT Bear 1X Shares,ETF,US,18,1,down,4.1476,10.03,2026-09-22,0.075,USD
MSFX.US,ETF Opportunities Trust - T-Rex 2X Long Microsoft Daily Target ETF,ETF,US,1,1,new,5.6538,25.84,2025-12-24,1.46095,USD
MSCI.US,MSCI Inc,COMMON STOCK,US,48,1,down,1.4648,542.72,2026-08-14,2.05,USD
MSLOY.US,Mitsui OSK Lines Ltd ADR,COMMON STOCK,US,50,2,up,5.9484,22.62,2026-09-29,0.00199,USD
MSIF.US,"MSC Income Fund, Inc.",COMMON STOCK,US,19,1,down,14.9007,12.08,2026-12-16,0.03,USD
MSGNF.US,Man Sang International Limited,COMMON STOCK,US,7,1,down,0.0000,0.035,2013-08-22,0.013,USD
MSGS.US,Madison Square Garden Sports Corp,COMMON STOCK,US,1,1,new,0.0000,416.34,2022-10-14,7,USD
MS.US,Morgan Stanley,COMMON STOCK,US,142,1,down,2.1432,193.64,2026-07-31,1.15,USD
MSADF.US,MS&AD Insurance Group Holdings Inc,COMMON STOCK,US,41,1,down,5.7330,33.5,2027-03-30,0.42617,USD
MSFT.US,Microsoft Corporation,COMMON STOCK,US,92,22,up,0.9073,509.22,2026-11-19,0.98,USD
MSSMY.US,MISUMI Group Inc,COMMON STOCK,US,20,2,up,3.2527,12.38,2026-09-29,0.09776,USD
MSR.US,GraniteShares Autocallable MSTR ETF,ETF,US,2,1,new,8.5215,14.88,2026-09-09,0.55,USD
MSSS.US,Northern Lights Fund Trust IV - Monarch Select Subsector Index ETF,ETF,US,6,1,down,0.2080,34.615,2026-03-26,0.053,USD
MSSM.US,Morgan Stanley Pathway Small-Mid Cap Equity ETF,ETF,US,1,1,new,2.7953,57.06,2025-12-10,1.595,USD
MSST.US,YieldMax MSTR Performance & Distribution Target 25 ETF,ETF,US,40,2,up,20.4318,31.916,2026-09-22,0.153,USD
MSMR.US,ETF Series Solutions - McElhenny Sheffield Managed Risk ETF,ETF,US,14,1,down,1.6593,34.532,2026-06-29,0.193,USD
MSTY.US,YieldMax™ MSTR Option Income Strategy ETF,ETF,US,69,1,down,137.7831,16.37,2026-09-24,0.3421,USD
MSWV.US,Main Street Financial Services Corp,COMMON STOCK,US,21,1,down,2.4863,23.73,2026-07-27,0.15,USD
MSTX.US,Defiance Daily Target 1.75x Long MSTR ETF,ETF,US,1,1,new,0.0000,19.29,2024-12-31,144.27609,USD
MST.US,Defiance Leveraged Long + Income MSTR ETF,ETF,US,70,1,down,282.9656,15.39,2026-09-23,0.1018,USD
MSTW.US,Roundhill MSTR WeeklyPay ETF,ETF,US,60,1,down,151.0474,5.06,2026-09-21,0.043,USD
MSEX.US,Middlesex Water Company,COMMON STOCK,US,167,1,down,2.7455,52.45,2026-08-17,0.36,USD
MTB-P-J.US,MTB-P-J,COMMON STOCK,US,9,1,down,7.4316,25.23,2026-09-01,0.46875,USD
MTB.US,M&T Bank Corporation,COMMON STOCK,US,167,1,down,2.7218,220.44,2026-09-01,1.5,USD
MTAGF.US,Ceconomy AG,COMMON STOCK,US,17,1,down,0.0000,5.04,2022-02-10,0.194,USD
MTB-P-K.US,MTB-P-K,COMMON STOCK,US,4,2,up,6.1573,22.56,2026-09-01,0.39688,USD
MTBLY.US,Moatable Inc,COMMON STOCK,US,3,1,down,0.0000,0.66,2025-03-28,0.6057,USD
MTB-PK.US,M&T Bank Corporation,COMMON STOCK,US,4,2,up,6.1573,22.56,2026-09-01,0.39688,USD
MTEX.US,Mannatech Incorporated,COMMON STOCK,US,49,1,down,0.0000,7.83,2023-06-14,0.2,USD
MTG.US,MGIC Investment Corp,COMMON STOCK,US,99,1,down,2.1869,28.35,2026-08-05,0.17,USD
MTBA.US,Simplify MBS ETF,ETF,US,34,1,down,6.2406,46.79,2026-09-25,0.23,USD
MTGP.US,WisdomTree Mortgage Plus Bond Fund,ETF,US,83,1,down,4.7081,42.155,2026-09-25,0.2,USD
MSA.US,MSA Safety,COMMON STOCK,US,171,1,down,1.1738,182.32,2026-08-14,0.54,USD
MTA.US,Metalla Royalty & Streaming Ltd,COMMON STOCK,US,31,2,up,0.0000,9.65,2023-07-31,0.023,USD
MTGRF.US,Mount Gibson Iron Ltd,COMMON STOCK,US,11,1,down,0.0000,0.26,2021-09-01,0.021,USD
MTHRF.US,M3 Inc,COMMON STOCK,US,13,1,down,1.3346,10.363,2026-03-31,0.1383,USD
MTLPF.US,Metlen Energy & Metals PLC,COMMON STOCK,US,1,1,new,1.9901,57.3,2026-06-26,1.1403,USD
MTLI.US,Metaline Contact Mines,COMMON STOCK,US,1,1,new,0.0000,0.05,2012-03-28,0.05,USD
MTGSF.US,MetroGAS S.A.,COMMON STOCK,US,1,1,new,993.5345,0.0116,2026-07-17,0.11525,USD
MTLK.US,Metalink Ltd,COMMON STOCK,US,1,1,new,0.0000,0.21,2013-03-13,0.1,USD
MTGRY.US,Mount Gibson Iron Ltd ADR,COMMON STOCK,US,6,1,down,0.0000,2.825,2021-09-03,0.14476,USD
MTLRF.US,Metalore Resources Limited,COMMON STOCK,US,15,2,up,0.0000,1.65,2014-11-21,0.04,USD
MTH.US,Meritage Corporation,COMMON STOCK,US,29,1,down,2.8769,65,2026-09-15,0.48,USD
MTHRY.US,M3 Inc,COMMON STOCK,US,7,3,up,3.5877,5.59,2026-03-31,0.06895,USD
MTLZF.US,Metall Zug AG,COMMON STOCK,US,5,1,down,0.0000,1525.8,2025-05-14,22.6192,USD
MTNOF.US,MTN Group Limited,COMMON STOCK,US,27,3,up,4.4839,11.82,2026-04-10,0.298,USD
MSN.US,Emerson Radio Corporation,COMMON STOCK,US,3,1,down,0.0000,0.41,2014-10-01,0.7,USD
MTPOF.US,Metropolitan Bank & Trust Company,COMMON STOCK,US,34,1,down,8.3202,1.0144,2026-09-09,0.024,USD
MTN.US,Vail Resorts Inc,COMMON STOCK,US,56,1,down,6.4306,138.09,2026-06-25,2.22,USD
MTPOY.US,Metropolitan Bank and Trust Co ADR,COMMON STOCK,US,18,1,down,17.9736,18.2,2026-09-09,0.48658,USD
MTNOY.US,MTN Group Ltd PK,COMMON STOCK,US,32,3,up,2.4750,12,2026-04-10,0.297,USD
MTPTF.US,Motorpoint Group plc,COMMON STOCK,US,7,1,down,1.6275,1.78,2026-07-02,0.0159,USD
MTRA.US,Invesco Managed Futures Strateg,ETF,US,1,1,new,0.6778,26.5562,2025-12-22,0.18,USD
MTRN.US,Materion Corporation,COMMON STOCK,US,125,1,down,0.2176,261.99,2026-08-20,0.145,USD
MTRJF.US,MTR Corp Ltd,COMMON STOCK,US,51,2,up,4.0805,4.1,2026-08-28,0.0536,USD
MTQCF.US,MTQCF,COMMON STOCK,US,4,1,down,0.0000,0.1723,2025-08-08,0.0039,USD
MT.US,ArcelorMittal SA ADR,COMMON STOCK,US,52,8,up,1.2527,69.85,2026-11-13,0.15,USD
MTSEF.US,Matsui Securities Co Ltd,COMMON STOCK,US,46,1,down,5.1696,6.31,2026-03-31,0.1572,USD
MTRAF.US,Metro Inc,COMMON STOCK,US,89,1,down,3.6112,64.14,2026-09-03,0.294,USD
MTR.US,Mesa Royalty Trust,COMMON STOCK,US,483,1,down,5.8442,2.4,2026-05-29,0.02451,USD
MTSFF.US,Mitsui Fudosan Co. Ltd,COMMON STOCK,US,56,1,down,4.3008,9.6,2027-03-30,0.09339,USD
MTSUY.US,Mitsubishi Corporation,COMMON STOCK,US,10,2,up,4.4065,30.67,2026-09-29,0.39204,USD
MTSMF.US,"Mitsui Matsushima Holdings Co., Ltd.",COMMON STOCK,US,3,1,down,9.1800,9,2026-03-31,0.2577,USD
MTTRF.US,Mattr Corp,COMMON STOCK,US,42,1,down,0.0000,14.98,2020-03-13,0.108,USD
MTTRY.US,Ceconomy AG ADR,COMMON STOCK,US,9,1,down,0.0000,0.6947,2022-02-10,0.039,USD
MTUAY.US,MTU Aero Engines AG,COMMON STOCK,US,19,3,up,1.0110,209.9,2026-05-11,2.122,USD
MTUS.US,"Metallus, Inc",COMMON STOCK,US,5,2,up,0.0000,18.97,2015-08-25,0.14,USD
MTW.US,Manitowoc Company Inc,COMMON STOCK,US,63,6,flat,0.0000,22.17,2015-11-24,0.07247,USD
MTUM.US,iShares MSCI USA Momentum Factor ETF,ETF,US,54,1,down,0.5872,315.59,2026-09-15,0.603,USD
MTUAF.US,MTU Aero Engines AG,COMMON STOCK,US,21,1,down,0.9929,427.889,2026-05-11,4.2484,USD
MTSFY.US,Mitsui Fudosan Co Ltd ADR,COMMON STOCK,US,49,1,down,2.7425,28.45,2026-09-29,0.00221,USD
MTYFF.US,MTY Food Group Inc,COMMON STOCK,US,60,1,down,4.6053,22.559,2026-08-04,0.263,USD
MTYY.US,GraniteShares YieldBOOST MSTR ETF,ETF,US,53,1,down,243.7801,17.58,2026-09-25,0.135,USD
MU.US,Micron Technology Inc,COMMON STOCK,US,33,1,down,0.0503,1053.98,2026-07-06,0.15,USD
MUNC.US,Northern Trust 2045 Tax-Exempt Distributing Ladder ETF,ETF,US,13,2,up,6.8297,96.081,2026-09-01,0.277,USD
MULT.US,Franklin Multisector Income ETF,ETF,US,11,2,up,4.8599,24.26,2026-09-01,0.12,USD
MUEL.US,Paul Mueller Co,COMMON STOCK,US,98,1,down,0.2660,470,2026-08-25,0.35,USD
MUFG.US,Mitsubishi UFJ Financial Group Inc ADR,COMMON STOCK,US,60,1,down,1.8511,23.37,2026-03-31,0.22177,USD
MUIB.US,Direxion MU Defined Income Boost ETF,ETF,US,3,1,new,2.2327,32.4274,2026-09-15,0.249,USD
MULL.US,GraniteShares 2x Long MU Daily ETF,ETF,US,1,1,new,0.0555,25.03,2025-12-29,0.01388,USD
MUNB.US,Northern Trust 2035 Tax-Exempt Distributing Ladder ETF,ETF,US,13,2,up,2.4412,96.59,2026-09-01,0.21,USD
MUNA.US,Northern Trust 2030 Tax-Exempt Distributing Ladder ETF,ETF,US,13,2,up,2.2484,98.38,2026-09-01,0.217,USD
MUG.US,Leverage Shares 2X Long MU Daily ETF,ETF,US,2,2,flat,0.0000,,2027-03-30,0.30678,USD
MUD.US,Direxion Daily MU Bear 1X Shares,ETF,US,8,1,down,46.4744,9.19,2026-09-22,0.148,USD
MUNX.US,AMG ETF Trust,ETF,US,10,2,up,3.0834,23.3836,2026-09-01,0.078,USD
MUR.US,Murphy Oil Corporation,COMMON STOCK,US,175,1,down,3.7517,36.65,2026-08-17,0.35,USD
MUND.US,Northern Trust 2055 Tax-Exempt Distributing Ladder ETF,ETF,US,13,2,up,3.9647,96.35,2026-09-01,0.304,USD
MUSE.US,TCW Multisector Credit Income ETF,ETF,US,23,1,down,8.0140,48.54,2026-09-01,0.33,USD
MUNI.US,PIMCO Intermediate Municipal Bond Active Exchange-Traded Fund,ETF,US,205,1,down,6.9495,49.5,2026-09-01,0.13,USD
MUSQ.US,MUSQ Global Music Industry Index ETF,ETF,US,3,1,down,0.7098,25.078,2025-12-30,0.178,USD
MUSA.US,Murphy USA Inc,COMMON STOCK,US,24,1,down,0.4903,520.12,2026-08-24,0.65,USD
MUSI.US,American Century Multisector Income ETF,ETF,US,62,1,down,5.5927,41.742,2026-09-04,0.1647,USD
MURGF.US,Münchener Rückversicherungs-Gesellschaft Aktiengesellschaft in München,COMMON STOCK,US,27,5,up,8.3083,582.34,2026-05-04,20.37227,USD
MUNY.US,Vanguard New York Tax-Exempt Bond ETF Shares,ETF,US,15,2,up,3.4284,96.86,2026-09-01,0.2867,USD
MUST.US,Columbia Multi-Sector Municipal Income ETF,ETF,US,94,1,down,3.6002,19.05,2026-09-01,0.05178,USD
MUB.US,iShares National Muni Bond ETF,ETF,US,227,1,down,3.4022,100.61,2026-09-01,0.28987,USD
MUYY.US,GraniteShares YieldBOOST MU ETF,ETF,US,24,1,new,48.2905,18.69,2026-09-25,0.219,USD
MUU.US,Direxion Daily MU Bull 2X Shares,ETF,US,9,3,up,1.5028,35.91,2026-09-22,0.203,USD
MUX.US,McEwen Mining Inc.,COMMON STOCK,US,8,1,down,0.0000,18.12,2019-03-07,0.05,USD
MVFD.US,Northern Lights Fund Trust IV - Monarch Volume Factor Dividend Tree Index ETF,ETF,US,11,1,down,1.4615,30.243,2026-09-24,0.085,USD
MVAL.US,VanEck Morningstar Wide Moat Value ETF,ETF,US,2,2,up,1.7109,36.998,2025-12-22,0.633,USD
MVFG.US,Northern Lights Fund Trust IV - Monarch Volume Factor Global Unconstrained Index ETF,ETF,US,9,1,down,1.7357,34.01,2026-09-24,0.0673,USD
MVLY.US,Mission Valley Bancorp,COMMON STOCK,US,9,9,flat,0.6912,21.7,2026-05-18,0.15,USD
MVPA.US,Advisor Managed Portfolios,ETF,US,2,1,down,0.5381,34.567,2025-12-18,0.186,USD
MWTCY.US,Manila Water Company Inc ADR,COMMON STOCK,US,21,5,up,6.1646,14.275,2026-03-13,0.88,USD
MVV.US,ProShares Ultra MidCap400,ETF,US,57,1,down,0.6582,80.22,2026-09-23,0.085,USD
MVPL.US,Advisor Managed Portfolios,ETF,US,2,1,down,0.9050,43.9777,2025-12-18,0.398,USD
MWA.US,Mueller Water Products,COMMON STOCK,US,80,1,down,1.2939,21.64,2026-08-10,0.07,USD
MVRL.US,ETRACS Monthly Pay 1.5X Leveraged Mortgage REIT ETN,ETF,US,75,1,down,52.8147,10.3759,2026-09-14,0.1596,USD
MWTCF.US,Manila Water Company Inc,COMMON STOCK,US,39,5,up,4.8750,0.72,2026-03-13,0.0351,USD
MXCHY.US,Orbia Advance Corp,COMMON STOCK,US,52,1,down,0.0000,2.13,2024-12-23,0.042,USD
MXCHF.US,Orbia Advance Corporation S.A.B. de C.V,COMMON STOCK,US,74,1,down,0.0000,1.25,2024-12-17,0.021,USD
MXC.US,Mexco Energy Corporation,COMMON STOCK,US,4,4,flat,1.0030,9.97,2026-06-15,0.1,USD
MVBF.US,MVB Financial Corp,COMMON STOCK,US,56,1,down,2.2919,29.67,2026-09-01,0.17,USD
MXGBF.US,Molson Coors Canada Inc,COMMON STOCK,US,36,1,down,3.8462,48.42,2026-08-28,0.47263,USD
MXGFF.US,Maxim Power Corp,COMMON STOCK,US,1,1,new,0.0000,2.97,2024-11-21,0.3585,USD
MXTRF.US,Montero Mining and Exploration Ltd,COMMON STOCK,US,1,1,new,0.0000,1,2025-07-04,1.32264,USD
MYCF.US,SPDR SSGA My2026 Corporate Bond ETF,ETF,US,24,1,down,4.3200,25.04,2026-09-01,0.08744,USD
MXUBY.US,MIXUE Group,COMMON STOCK,US,1,1,new,0.0000,,2026-10-05,0.09876,USD
MYCH.US,SPDR SSGA My2028 Corporate Bond ETF,ETF,US,24,1,down,4.3641,24.605,2026-09-01,0.08999,USD
MYCI.US,SPDR SSGA My2029 Corporate Bond ETF,ETF,US,24,1,down,4.6153,24.24,2026-09-01,0.09248,USD
MTX.US,Minerals Technologies Inc,COMMON STOCK,US,136,1,down,0.7179,66.86,2026-08-14,0.12,USD
MYCJ.US,SPDR SSGA My2030 Corporate Bond ETF,ETF,US,24,1,down,4.7056,23.9204,2026-09-01,0.09205,USD
MYCM.US,SPDR SSGA My2033 Corporate Bond ETF,ETF,US,24,1,down,4.9375,23.4667,2026-09-01,0.09076,USD
MYCK.US,SPDR SSGA My2031 Corporate Bond ETF,ETF,US,24,1,down,4.6871,23.8619,2026-09-01,0.09305,USD
MYCG.US,SPDR SSGA My2027 Corporate Bond ETF,ETF,US,24,1,down,4.2840,24.9,2026-09-01,0.08868,USD
MYCN.US,SPDR SSGA My2034 Corporate Bond ETF,ETF,US,24,1,down,5.2571,23.2213,2026-09-01,0.10356,USD
MYGN.US,Myriad Genetics Inc,COMMON STOCK,US,2,1,new,0.0000,4.24,2009-07-01,1.75,USD
MYCO.US,SPDR SSGA My2035 Corporate Bond ETF,ETF,US,12,2,up,4.8224,23.08,2026-09-01,0.091,USD
MYHA.US,State Street My2027 High Yield Corporate Bond ETF,ETF,US,6,1,new,3.0107,24.745,2026-09-01,0.115,USD
MYE.US,Myers Industries Inc,COMMON STOCK,US,156,1,down,1.7154,31.48,2026-09-18,0.135,USD
MYCL.US,SPDR SSGA My2032 Corporate Bond ETF,ETF,US,24,1,down,4.8314,23.59,2026-09-01,0.09229,USD
MYHB.US,State Street My2028 High Yield Corporate Bond ETF,ETF,US,6,1,new,3.2844,24.7232,2026-09-01,0.128,USD
MYHC.US,State Street My2029 High Yield Corporate Bond ETF,ETF,US,6,1,new,3.6646,24.6685,2026-09-01,0.146,USD
MURGY.US,Muenchener Rueckver Ges,COMMON STOCK,US,18,8,up,4.7472,11.67,2026-05-04,0.554,USD
MXI.US,iShares Global Materials ETF,ETF,US,40,2,up,1.6974,107.99,2026-06-15,1.125,USD
MYHD.US,State Street My2030 High Yield Corporate Bond ETF,ETF,US,6,1,new,3.7323,24.355,2026-09-01,0.15,USD
MYMG.US,SPDR SSGA My2027 Municipal Bond ETF,ETF,US,24,1,down,2.7765,24.545,2026-09-01,0.04719,USD
MYMF.US,SPDR SSGA My2026 Municipal Bond ETF,ETF,US,24,1,down,2.4825,24.87,2026-09-01,0.0574,USD
MYMJ.US,SPDR SSGA My2030 Municipal Bond ETF,ETF,US,24,1,down,2.9910,24,2026-09-01,0.05379,USD
MYMI.US,SPDR SSGA My2029 Municipal Bond ETF,ETF,US,24,1,down,2.8817,23.825,2026-09-01,0.05182,USD
MYMH.US,SPDR SSGA My2028 Municipal Bond ETF,ETF,US,24,1,down,2.8189,24.28,2026-09-01,0.04683,USD
MYTEF.US,Telekom Malaysia Berhad,COMMON STOCK,US,53,1,down,4.0100,2,2026-09-04,0.01714,USD
MYLD.US,Cambria Micro And Smallcap Shareholder Yield ETF,ETF,US,10,1,down,2.3764,32.2338,2026-09-18,0.241,USD
MYHE.US,State Street My2031 High Yield Corporate Bond ETF,ETF,US,6,1,new,3.6753,24.025,2026-09-01,0.144,USD
MYMK.US,SPDR SSGA My2031 Municipal Bond ETF,ETF,US,12,2,up,2.5514,24.065,2026-09-01,0.048,USD
MYND.US,"Mynd.ai, Inc.",COMMON STOCK,US,1,1,new,0.0000,0.316,2023-12-13,5.628,USD
MYTKY.US,Magyar Telekom TÃ¡vkÃ¶zlÃ©si NyilvÃ¡nosan MÃ¼kÃ¶dÃ¶ RÃ©szvÃ©nytÃ¡rsasÃ¡g,COMMON STOCK,US,26,1,down,6.0380,7.9,2026-05-11,0.477,USD
MYY.US,ProShares Short MidCap400,ETF,US,33,1,down,3.4275,15.93,2026-09-23,0.115,USD
MZDAY.US,Mazda Motor Corp ADR,COMMON STOCK,US,23,2,up,18.8564,3.65,2026-03-31,0.08445,USD
MYRX.US,Myrexis Inc Cmn Stk,COMMON STOCK,US,1,1,new,0.0000,0.0008,2013-02-19,2.86,USD
NACP.US,Impact Shares NAACP Minority Empowerment ETF,ETF,US,31,1,down,0.3773,60.96,2026-06-29,0.106,USD
NABZY.US,National Australia Bank Ltd ADR,COMMON STOCK,US,81,1,down,4.1344,13.69,2026-05-15,0.306,USD
MZDAF.US,Mazda Motor Corporation,COMMON STOCK,US,38,1,down,11.7604,7.1,2027-03-30,0.15206,USD
MZTFF.US,Mizrahi Tefahot Bank Ltd,COMMON STOCK,US,35,1,down,4.5167,77,2026-08-24,0.89316,USD
NAPRF.US,Naspers Limited,COMMON STOCK,US,20,1,down,1.1448,45.382,2025-12-05,0.2911,USD
MZZ.US,ProShares UltraShort MidCap400,ETF,US,33,1,down,7.1560,6.54,2026-09-23,0.033,USD
MZTI.US,The Marzetti Company,COMMON STOCK,US,168,1,down,3.9565,101.1,2026-09-08,1,USD
MZHOF.US,Mizuho Financial Group Inc,COMMON STOCK,US,40,1,down,3.8361,57.31,2027-03-30,0.37735,USD
NAIL.US,Direxion Daily Homebuilders & Supplies Bull 3X Shares,ETF,US,22,1,down,1.1349,29.87,2026-09-22,0.116,USD
NANC.US,Unusual Whales Subversive Democratic Trading ETF,ETF,US,3,2,up,0.1833,52.36,2025-12-26,0.096,USD
NASB.US,NASB Financial Inc,COMMON STOCK,US,114,1,down,3.0270,46.25,2026-09-11,0.35,USD
NANR.US,SPDR S&P® North American Natural Resources ETF,ETF,US,22,1,down,1.6653,84.85,2026-06-01,0.713,USD
NAT.US,Nordic American Tankers Limited,COMMON STOCK,US,117,2,up,10.1412,7.79,2026-09-10,0.27,USD
NATH.US,Nathans Famous Inc,COMMON STOCK,US,35,1,down,3.9417,101.48,2026-06-22,0.5,USD
NATR.US,Natures Sunshine Products Inc,COMMON STOCK,US,103,2,up,0.0000,12.83,2021-03-26,1,USD
NAVI.US,Navient Corp,COMMON STOCK,US,50,1,down,7.2235,8.86,2026-09-04,0.16,USD
NBBK.US,"NB Bancorp, Inc. Common Stock",COMMON STOCK,US,5,2,up,1.2411,22.56,2026-08-05,0.07,USD
NAUBF.US,National Australia Bank Ltd,COMMON STOCK,US,47,1,down,4.3112,27,2026-05-08,0.61413,USD
NAUH.US,National American University Holdings Inc,COMMON STOCK,US,32,1,down,0.0000,0.06,2017-09-28,0.045,USD
NACB.US,National Capital Bank of Washington,COMMON STOCK,US,122,1,down,1.0592,88.75,2026-08-14,0.26,USD
NBCDF.US,National Bank of Canada,COMMON STOCK,US,12,1,down,5.9056,18.48,2026-07-06,0.27284,USD
NBCM.US,Neuberger Berman Commodity Strategy ETF,ETF,US,4,4,up,6.1839,30.935,2025-12-19,1.913,USD
NBCR.US,Neuberger Core Equity ETF,ETF,US,2,2,up,0.4180,34.2085,2025-12-18,0.143,USD
NBBTF.US,Natural Beauty Bio-Technology Limited,COMMON STOCK,US,40,1,down,0.0000,0.05,2022-06-03,0.0004,USD
NBCE.US,Neuberger Berman ETF Trust,ETF,US,2,2,up,1.1907,37.205,2025-12-19,0.443,USD
NATO.US,Themes Transatlantic Defense ETF,ETF,US,2,2,up,0.4629,37.16,2025-12-18,0.172,USD
NATKY.US,JSC National Atomic Company Kazatomprom,COMMON STOCK,US,4,2,up,3.8380,71.125,2026-07-24,2.72976,USD
NBET.US,Neuberger Berman Energy Transition & Infrastructure ETF,ETF,US,10,1,down,2.5236,39.7443,2026-09-23,0.308,USD
NBDS.US,Neuberger Berman Disrupters ETF,ETF,US,1,1,new,0.3325,40.601,2025-12-19,0.135,USD
NBGIF.US,National Bank of Greece SA,COMMON STOCK,US,19,1,down,9.0121,19.1,2026-06-11,0.3394,USD
NBGX.US,Neuberger Growth ETF,ETF,US,1,1,new,0.3804,30.23,2025-12-19,0.115,USD
NBFC.US,Neuberger Flexible Credit Income ETF,ETF,US,27,1,down,7.2529,49.3626,2026-09-25,0.2381,USD
NBFR.US,Innovator Nasdaq-100 Managed 10 Buffer ETF,ETF,US,1,1,new,0.0223,26.9236,2026-03-31,0.006,USD
NBH.US,Neuberger Berman IMF Inc,COMMON STOCK,US,287,1,down,7.6908,9.13,2026-09-30,0.05417,USD
NBKCF.US,National Bank of Canada,COMMON STOCK,US,29,2,up,16.5716,18.78,2026-10-06,0.31683,USD
NBIAY.US,Nobia AB ADR,COMMON STOCK,US,6,1,down,62.0681,7.1975,2026-03-17,4.46735,USD
NBHC.US,National Bank Holdings Corporation,COMMON STOCK,US,56,1,down,3.2038,39.64,2026-08-28,0.32,USD
NBN.US,Northeast Bancorp,COMMON STOCK,US,153,1,down,0.0317,126.26,2026-08-10,0.01,USD
NBJP.US,Neuberger Japan Equity ETF,ETF,US,2,2,up,1.9709,35.7708,2025-12-19,0.705,USD
NBNKF.US,Nordea Bank Abp,COMMON STOCK,US,25,5,up,15.2934,19.853,2026-08-06,0.3927,USD
NBPVF.US,NB Private Equity Partners Limited,COMMON STOCK,US,27,13,up,19.1938,19.5,2026-07-17,0.47,USD
NBGRY.US,National Bank of Greece S.A,COMMON STOCK,US,4,1,down,2.9634,20.11,2026-06-15,0.3405,USD
NCHEY.US,Nichirei Corporation,COMMON STOCK,US,15,1,down,2.4472,12.1,2026-03-31,0.14831,USD
NCHEF.US,Nichirei Corporation,COMMON STOCK,US,21,1,down,5.7792,10.6,2026-03-31,0.1509,USD
NCLO.US,Nuveen AA-BBB CLO ETF,ETF,US,21,1,down,5.5392,25.13,2026-09-01,0.111,USD
NBOS.US,Neuberger Berman ETF Trust,ETF,US,31,1,down,8.0815,28.48,2026-09-25,0.1866,USD
NCTKF.US,Nabtesco Corporation,COMMON STOCK,US,39,1,down,2.1822,30.61,2026-12-31,0.20449,USD
NCTKY.US,Nabtesco Corporation,COMMON STOCK,US,19,3,up,3.9879,15.4,2026-12-29,0.00082,USD
NDBKF.US,Nedbank Group Limited,COMMON STOCK,US,33,4,up,7.2979,17.95,2026-08-28,0.652,USD
NCTY.US,The9 Ltd ADR,COMMON STOCK,US,1,1,new,0.0000,3.34,2009-01-29,333,USD
NBXG.US,Neuberger Berman Next Generation Connectivity Fund Inc,COMMON STOCK,US,63,1,down,9.3933,15.33,2026-09-15,0.12,USD
NCDL.US,Nuveen Churchill Direct Lending Corp.,COMMON STOCK,US,16,1,down,17.6976,11.64,2026-09-30,0.38,USD
NDAA.US,Ned Davis Research 360 Dynamic Allocation ETF,ETF,US,2,2,up,2.4542,24,2025-12-23,0.589,USD
NCRRP.US,NCR Corp Pref A,COMMON STOCK,US,27,1,down,5.4890,1002,2026-09-01,13.75,USD
NCLTY.US,Nitori Holdings Co. Ltd,COMMON STOCK,US,14,2,up,1.8923,9.33,2026-09-29,0.00032,USD
NDCVF.US,Nordic Semiconductor ASA,COMMON STOCK,US,3,3,up,0.0000,19,2011-06-17,0.0726,USD
NDEKY.US,Nitto Denko Corp,COMMON STOCK,US,70,3,up,2.5044,22.07,2026-09-29,0.20375,USD
NDMO.US,Nuveen Dynamic Municipal Opportunities Fund,COMMON STOCK,US,72,1,down,8.4527,8.66,2026-09-15,0.059,USD
NDGPY.US,Nine Dragons Paper Holdings Ltd ADR,COMMON STOCK,US,26,1,down,0.0000,13.94,2022-12-08,0.056,USD
NDIV.US,Amplify ETF Trust - Amplify Natural Resources Dividend Income ETF,ETF,US,46,2,up,8.1348,33.492,2026-08-28,0.3526,USD
NDIA.US,Global X Funds - Global X India Active ETF,ETF,US,3,1,down,1.2451,26.262,2025-12-30,0.327,USD
NDOW.US,Anydrus Advantage ETF,ETF,US,3,2,up,2.3860,28.667,2025-12-16,0.342,USD
NDRBF.US,NIBE Industrier AB (publ),COMMON STOCK,US,12,2,up,0.8243,4.525,2026-05-21,0.0373,USD
NDSN.US,Nordson Corporation,COMMON STOCK,US,160,1,down,1.0262,331.32,2026-09-10,0.94,USD
NDVLY.US,New World Development Co Ltd ADR,COMMON STOCK,US,47,1,down,0.0000,0.3,2024-03-20,0.013,USD
NEAR.US,iShares Short Maturity Bond ETF,ETF,US,155,1,down,4.4846,49.86,2026-09-01,0.18,USD
NECPY.US,NEC Corporation ADR,COMMON STOCK,US,2,2,up,0.7573,15.8836,2026-03-31,0.06875,USD
NEMCL.US,Newmont Corporation,COMMON STOCK,US,11,1,down,0.8047,128,2026-09-03,0.26,USD
NEE.US,Nextera Energy Inc,COMMON STOCK,US,174,1,down,3.2270,75.49,2026-08-28,0.6232,USD
NEHI.US,NEOS Ethereum High Income ETF,ETF,US,10,2,up,28.7754,33.68,2026-09-16,0.8721,USD
NEM.US,Newmont Goldcorp Corp,COMMON STOCK,US,170,1,down,1.7751,116.05,2026-09-03,0.26,USD
NDEKF.US,Nitto Denko Corporation,COMMON STOCK,US,54,1,down,4.3164,21.4,2027-03-30,0.15991,USD
NDGPF.US,Nine Dragons Paper (Holdings) Limited,COMMON STOCK,US,39,1,down,1.8949,0.78,2027-01-15,0.01478,USD
NEMD.US,Neuberger Berman Emerging Markets Debt Hard Currency ETF,ETF,US,14,2,up,6.0352,50.5365,2026-09-25,0.233,USD
NEMTF.US,Nemetschek SE,COMMON STOCK,US,14,1,down,2.5350,61,2026-05-22,0.77317,USD
NE.US,Noble Corporation plc,COMMON STOCK,US,14,1,down,4.6937,42.61,2026-09-03,0.5,USD
NEMKY.US,Nemetschek SE,COMMON STOCK,US,5,5,up,1.0595,14.917,2026-05-22,0.15805,USD
NEXNY.US,Nexans S.A,COMMON STOCK,US,11,7,up,2.1815,77.365,2026-05-26,1.68773,USD
NEXOF.US,NEXON Co. Ltd,COMMON STOCK,US,30,4,up,15.6352,21,2026-12-31,0.1965,USD
NDAQ.US,Nasdaq Inc,COMMON STOCK,US,58,1,down,1.2524,92.62,2026-09-11,0.31,USD
NEXPF.US,Nexi S.p.A,COMMON STOCK,US,3,1,down,14.6624,4.74,2026-05-19,0.3475,USD
NEXXY.US,Nexi S.p.A,COMMON STOCK,US,2,2,up,7.4442,4.68,2026-05-19,0.34839,USD
NFE.US,New Fortress Energy LLC,COMMON STOCK,US,19,1,down,0.0000,6.48,2024-09-13,5,USD
NENTY.US,Nordic Entertainment Group AB (publ),COMMON STOCK,US,1,1,new,0.0000,0.0121,2024-02-28,0.06297,USD
NEWZ.US,StockSnips AI-Powered Sentiment US All Cap ETF,ETF,US,6,2,up,0.0000,29.118,2025-09-29,0.012,USD
NDBKY.US,Nedbank Group,COMMON STOCK,US,49,4,up,7.5508,17.72,2026-08-28,0.645,USD
NEXA.US,Nexa Resources SA,COMMON STOCK,US,8,2,up,1.0793,12.23,2026-07-28,0.132,USD
NFGRF.US,BeijingWest Industries International Limited,COMMON STOCK,US,9,2,up,0.0000,0.5844,2019-05-28,0.0076,USD
NFLP.US,Kurv Yield Prm Stgy Netflix (NFLX) ETF,ETF,US,35,1,down,26.9255,15.97,2026-09-23,0.25,USD
NFLW.US,Roundhill ETF Trust - NFLX WeeklyPay ETF,ETF,US,65,1,down,65.9875,14.15,2026-09-21,0.11,USD
NFRA.US,FlexShares STOXX Global Broad Infrastructure Index Fund,ETF,US,53,1,down,5.8818,62.94,2026-09-18,0.327,USD
NFLU.US,T-REX 2X Long NFLX Daily Target ETF,ETF,US,1,1,new,0.0275,14.52,2026-08-25,0.004,USD
NFTY.US,First Trust India NIFTY 50 Equal Weight ETF,ETF,US,27,1,down,1.9864,51.65,2026-03-26,0.305,USD
NFRX.US,Harrison Street Infrastructure Active ETF,ETF,US,3,1,new,1.3925,24.56,2026-09-25,0.076,USD
NFLY.US,YieldMax NFLX Option Income Strategy ETF,ETF,US,76,1,down,63.7932,6.778,2026-09-24,0.0349,USD
NFXL.US,Direxion Daily NFLX Bull 2X Shares,ETF,US,10,1,down,14.0160,13.72,2026-09-22,0.119,USD
NFXS.US,Direxion Daily NFLX Bear 1X Shares,ETF,US,8,1,down,2.3941,21.762,2026-09-22,0.129,USD
NEPTF.US,Neptune Wellness Solutions Inc.,COMMON STOCK,US,1,1,new,0.0000,0.0001,2008-07-24,0.28,USD
NFLT.US,Virtus Newfleet Multi-Sector Bond ETF,ETF,US,133,1,down,5.5291,22.15,2026-09-21,0.10229,USD
NGKIF.US,NGK Insulators Ltd,COMMON STOCK,US,51,1,down,3.9085,32.018,2027-03-30,0.2632,USD
NGKSY.US,NGK Spark Plug Co Ltd ADR,COMMON STOCK,US,24,3,up,5.3190,25.345,2026-03-31,0.34884,USD
NGCRY.US,Nagacorp Ltd ADR,COMMON STOCK,US,23,3,up,4.7470,26,2026-09-09,0.588,USD
NGGTF.US,National Grid plc,COMMON STOCK,US,43,1,down,4.2217,15.38,2026-05-28,0.43453,USD
NEWT.US,"NewtekOne, Inc.",COMMON STOCK,US,49,1,down,8.4897,11.19,2026-09-24,0.19,USD
NECB.US,Northeast Community Bancorp Inc,COMMON STOCK,US,78,1,down,4.1307,26.63,2026-10-09,0.25,USD
NFYEF.US,NFI Group Inc,COMMON STOCK,US,80,1,down,0.0000,17.06,2022-09-29,0.0398,USD
NGCRF.US,Nagacorp Ltd,COMMON STOCK,US,34,4,up,5.1750,0.4,2026-09-10,0.0098,USD
NHOLF.US,Sompo Holdings Inc,COMMON STOCK,US,37,1,down,5.5642,45,2027-03-30,0.50138,USD
NHOXF.US,Nederman Holding AB (publ),COMMON STOCK,US,9,2,up,5.8703,14.5,2026-04-23,0.4498,USD
NGVC.US,Natural Grocers by Vitamin Cottage Inc,COMMON STOCK,US,28,1,down,1.9544,30.7,2026-08-17,0.15,USD
NIABY.US,NIBE Industrier AB (publ),COMMON STOCK,US,5,2,up,0.8134,4.61,2026-05-21,0.0375,USD
NIC.US,Nicolet Bankshares Inc.,COMMON STOCK,US,14,1,down,0.8156,166.75,2026-09-01,0.36,USD
NHLPF.US,NAHL Group plc,COMMON STOCK,US,9,1,down,0.0000,0.6533,2019-09-26,0.03445,USD
NHNKY.US,Nihon Kohden Corp ADR,COMMON STOCK,US,42,1,down,2.6014,10.23,2026-09-29,0.00065,USD
NHYM.US,Nuveen High Yield Municipal Income ETF,ETF,US,19,1,down,4.9108,23.031,2026-09-01,0.0943,USD
NHPEF.US,New Hope Corporation Ltd,COMMON STOCK,US,42,1,down,8.5558,4.12,2026-09-22,0.2137,USD
NHP.US,"National Healthcare Properties, Inc.",COMMON STOCK,US,1,1,new,0.4653,16.12,2026-07-15,0.075,USD
NICE.US,Nice Ltd ADR,COMMON STOCK,US,16,1,down,0.0000,109.09,2017-02-23,0.16,USD
NIPKF.US,"NIKKON Holdings Co.,Ltd.",COMMON STOCK,US,6,1,down,5.1324,9.405,2026-03-31,0.2326,USD
NIKL.US,Sprott Nickel Miners ETF,ETF,US,3,2,up,2.9329,13.57,2025-12-18,0.398,USD
NIPMY.US,NH Foods Ltd ADR,COMMON STOCK,US,20,2,up,2.3879,21,2026-03-31,0.50146,USD
NHPCF.US,"Nihon Parkerizing Co., Ltd.",COMMON STOCK,US,7,1,down,3.3979,9.6,2026-03-31,0.1572,USD
NHTC.US,Natural Health Trend,COMMON STOCK,US,48,1,down,40.4040,0.99,2026-05-12,0.1,USD
NICMF.US,Nickel Mines Limited,COMMON STOCK,US,11,1,down,0.0000,0.5725,2025-02-28,0.0093,USD
NIPNF.US,NEC Corporation,COMMON STOCK,US,41,1,down,1.8659,30.075,2027-03-30,0.09994,USD
NISUF.US,Nippon Suisan Kaisha Ltd,COMMON STOCK,US,19,1,down,4.2245,7.23,2026-03-31,0.0955,USD
NIDB.US,Northeast Indiana Bancorp Inc,COMMON STOCK,US,133,1,down,3.1470,24.15,2026-08-13,0.19,USD
NGL.US,NGL Energy Partners LP,COMMON STOCK,US,39,1,down,0.0000,14.88,2020-11-05,0.1,USD
NLCP.US,Newlake Capital Partners Inc,COMMON STOCK,US,21,1,down,14.3429,14.99,2026-09-30,0.43,USD
NKNSF.US,Nakanishi Inc.,COMMON STOCK,US,26,2,up,6.5150,8.815,2026-12-31,0.1965,USD
NKRKY.US,Nokian Tyres Plc ADR,COMMON STOCK,US,20,2,up,1.6685,8.87,2026-03-27,0.148,USD
NICH.US,Nitches Inc,COMMON STOCK,US,37,1,down,0.0000,0.0005,2003-07-29,1001.998,USD
NLTBF.US,Nolato AB (publ),COMMON STOCK,US,14,3,up,6.5233,5.5,2026-05-08,0.1882,USD
NMRK.US,Newmark Group Inc,COMMON STOCK,US,34,6,up,1.4412,12.49,2026-08-14,0.06,USD
NMRSF.US,Namura Shipbuilding Co. Ltd,COMMON STOCK,US,22,1,down,1.3211,30.1228,2026-03-31,0.1354,USD
NNCHF.US,Nissan Chemical Corporation,COMMON STOCK,US,28,1,down,5.1965,39.405,2026-03-31,0.7279,USD
NNXXY.US,Nexity SA,COMMON STOCK,US,6,4,up,0.0000,1.08,2023-05-22,0.53535,USD
NMFC.US,New Mountain Finance Corporation,COMMON STOCK,US,67,1,down,16.3558,6.97,2026-09-16,0.25,USD
NODE.US,Vaneck Funds - Onchain Economy Etf,ETF,US,3,2,up,4.7120,40.11,2026-05-20,1.5,USD
NNGRY.US,NN Group NV ADR,COMMON STOCK,US,19,5,up,5.2333,45.23,2026-08-17,0.893,USD
NNRRF.US,NRC Group ASA,COMMON STOCK,US,2,2,up,0.0000,0.8386,2018-04-20,0.16884,USD
NMM.US,Navios Maritime Partners LP Unit,COMMON STOCK,US,66,1,down,0.2436,90.33,2026-08-10,0.06,USD
NPEGF.US,Nippon Electric Glass Co. Ltd,COMMON STOCK,US,46,1,down,4.3005,30.02,2026-12-31,0.399,USD
NOPMF.US,Neo Performance Materials Inc,COMMON STOCK,US,38,1,down,1.2546,22.79,2026-09-18,0.071,USD
NMR.US,Nomura Holdings Inc ADR,COMMON STOCK,US,58,1,down,2.8043,10.02,2026-03-31,0.11952,USD
NEN.US,New England Realty Associates LP,COMMON STOCK,US,132,1,down,3.2000,50,2026-09-15,0.4,USD
NOEJF.US,NORMA Group SE,COMMON STOCK,US,13,1,down,0.9419,16.9,2026-07-02,0.15918,USD
NPPHY.US,Nippon Paint Holdings Co. Ltd.,COMMON STOCK,US,7,1,down,1.2340,4.12,2026-06-30,0.02586,USD
NHC.US,National HealthCare Corporation,COMMON STOCK,US,133,1,down,1.4427,225.97,2026-09-30,0.67,USD
NTETF.US,Nikkei 225 Exchange Traded Fund,ETF,US,13,3,up,1.2979,386,2026-07-07,5.01,USD
NSI.US,National Security Emerging Markets Index ETF,ETF,US,8,1,down,1.2061,38.0562,2026-05-22,0.052,USD
NI.US,NiSource Inc,COMMON STOCK,US,163,14,up,3.7852,39.1,2026-10-30,0.3,USD
NUDM.US,NuShares ETF Trust - Nuveen ESG International Developed Markets Equity ETF,ETF,US,9,4,up,6.7449,40.06,2025-12-18,2.702,USD
NLY.US,"Annaly Capital Management, Inc.",COMMON STOCK,US,118,1,down,17.6904,20.35,2026-09-30,0.75,USD
NRC.US,National Research Corp,COMMON STOCK,US,46,1,down,3.1904,20.06,2026-09-25,0.16,USD
NWKHY.US,Netcare Ltd ADR,COMMON STOCK,US,30,5,up,5.0618,11.086,2026-07-10,0.268,USD
NTIP.US,Network-1 Technologies Inc,COMMON STOCK,US,21,11,flat,6.4516,1.55,2026-09-17,0.05,USD
NJR.US,NewJersey Resources Corporation,COMMON STOCK,US,162,1,down,3.8194,50.4,2026-09-24,0.5,USD
NWOEF.US,New Oriental Education & Technology Group Inc.,COMMON STOCK,US,3,3,flat,2.6549,4.52,2026-05-15,0.06,USD
NWPP.US,New Peoples Bankshares Inc,COMMON STOCK,US,5,5,up,1.8367,4.9,2026-03-16,0.09,USD
NKE.US,Nike Inc,COMMON STOCK,US,166,1,down,4.5067,36.39,2026-09-01,0.41,USD
NWRLY.US,New World Department Store China Ltd ADR,COMMON STOCK,US,11,1,down,0.0000,0.7553,2017-03-08,0.0275,USD
NWSA.US,News Corp A,COMMON STOCK,US,23,12,flat,0.6873,29.1,2026-09-09,0.1,USD
NVDA.US,NVIDIA Corporation,COMMON STOCK,US,56,15,up,0.2272,228.86,2026-09-10,0.25,USD
NWSGY.US,NWS Holdings Ltd ADR,COMMON STOCK,US,31,1,down,17.8130,10,2026-03-19,0.35739,USD
NL.US,NL Industries Inc,COMMON STOCK,US,135,1,down,5.5714,7,2026-09-03,0.1,USD
NUSC.US,Nuveen ESG Small-Cap ETF,ETF,US,9,1,down,0.9564,48.83,2025-12-18,0.467,USD
NWTKV.US,"NewtekOne, Inc.",COMMON STOCK,US,4,2,up,8.7144,24.385,2026-09-24,0.53125,USD
NWWCF.US,New China Life Insurance Company Ltd,COMMON STOCK,US,11,1,down,6.4718,6.125,2026-07-14,0.3022,USD
NWS.US,News Corp B,COMMON STOCK,US,23,12,flat,0.6203,32.24,2026-09-09,0.1,USD
NXAGF.US,"NEXTAGE Co., Ltd.",COMMON STOCK,US,3,3,up,2.6196,23.11,2026-11-30,0.3193,USD
NWXPF.US,Newport Exploration Ltd,COMMON STOCK,US,25,1,down,0.0000,0.05,2024-05-24,0.00353,USD
NXCLF.US,LIFULL Co. Ltd,COMMON STOCK,US,15,1,down,2.5935,1.55,2026-09-30,0.0337,USD
NPK.US,National Presto Industries Inc,COMMON STOCK,US,48,5,flat,0.6836,146.28,2026-03-09,1,USD
NWSZF.US,NWS Holdings Limited,COMMON STOCK,US,39,1,down,12.4011,0.9908,2026-11-19,0.04207,USD
NXFNF.US,Next Fifteen Communications Group plc,COMMON STOCK,US,20,1,down,4.9691,4.11,2026-07-02,0.14043,USD
NXGPF.US,NEXT plc,COMMON STOCK,US,46,4,up,5.7094,189.93,2026-12-03,2.4186,USD
NWFL.US,Norwood Financial Corp,COMMON STOCK,US,121,26,up,4.6903,33.9,2026-10-15,0.32,USD
NWWDF.US,New World Development Company Limited,COMMON STOCK,US,42,1,down,0.0000,0.8,2024-03-21,0.0256,USD
NYYY.US,xETFs NVDA Daily Income ETF,ETF,US,18,1,new,6.6318,45.36,2026-09-23,0.1702,USD
NZMEF.US,NZME Limited,COMMON STOCK,US,15,1,down,14.5629,0.35,2026-09-10,0.01699,USD
OAIM.US,OneAscent International Equity ETF,ETF,US,4,1,down,0.8391,48.502,2025-12-30,0.407,USD
NXG.US,NXG NextGen Infrastructure Income Fund,ETF,US,135,1,down,14.7321,53.76,2026-11-16,0.6,USD
OHCS.US,Optimus Healthcare Services Inc,COMMON STOCK,US,2,1,new,0.0000,0.0005,2019-03-01,0.34,USD
OBDC.US,Blue Owl Capital Corporation,COMMON STOCK,US,42,1,down,16.2488,10.77,2026-09-30,0.31,USD
ONVC.US,Online Vacation Center Holdings Corp,COMMON STOCK,US,9,7,up,5.1613,1.55,2026-09-30,0.02,USD
NXGPY.US,Next PLC ADR,COMMON STOCK,US,42,4,up,4.1999,100.05,2026-07-02,1.207,USD
NXH.US,"Neighborhood Intelligence, Inc. Common Stock",COMMON STOCK,US,16,1,down,0.0000,3.09,2020-03-12,0.17,USD
ONXXF.US,Ontex Group NV,COMMON STOCK,US,5,4,up,0.0000,2.42,2022-06-01,0.8,USD
NWL.US,Newell Brands Inc,COMMON STOCK,US,163,1,down,5.1471,5.44,2026-08-31,0.07,USD
NXDT.US,NexPoint Strategic Opportunities Fund,COMMON STOCK,US,223,1,down,9.1778,5.23,2026-09-15,0.03,USD
PATN.US,Pacer Nasdaq International Patent Leaders ETF,ETF,US,6,1,down,1.7459,35.97,2026-09-03,0.053,USD
OSSUY.US,Össur hf,COMMON STOCK,US,2,2,up,0.0000,4.15,2020-03-20,0.02195,USD
PAVE.US,Global X U.S. Infrastructure Development ETF,ETF,US,17,1,down,0.8120,53.08,2026-06-29,0.103,USD
PAYC.US,"Paycom Software, Inc.",COMMON STOCK,US,14,1,down,0.6800,220.58,2026-08-24,0.375,USD
PAWZ.US,ProShares Pet Care,ETF,US,30,1,down,0.7645,47.4,2026-09-23,0.05639,USD
PBTDF.US,Plover Bay Technologies Limited,COMMON STOCK,US,7,4,up,5.3494,0.9029,2026-08-14,0.02,USD
OR.US,Osisko Gold Ro,COMMON STOCK,US,51,1,down,0.8606,34.28,2026-09-30,0.065,USD
OPHC.US,"OptimumBank Holdings, Inc.",COMMON STOCK,US,4,1,down,0.0000,8.85,2009-06-09,0.2495,USD
PCR.US,Simplify VettaFi Private Credit Strategy ETF,ETF,US,12,2,up,12.6463,18.108,2026-09-25,0.18,USD
PDCC.US,Pearl Diver Credit Company Inc.,COMMON STOCK,US,28,1,down,29.2914,8.6715,2026-11-16,0.13,USD
PDO.US,Pimco Dynamic Income Opportunities Fund,COMMON STOCK,US,69,1,down,13.1620,11.67,2026-09-11,0.128,USD
PFOE.US,Pathfinder Focused Opportunities ETF,ETF,US,3,1,new,0.2728,21.995,2026-09-28,0.01,USD
NX.US,Quanex Building Products,COMMON STOCK,US,154,1,down,1.6512,19.38,2026-09-15,0.08,USD
PHIN.US,PHINIA Inc.,COMMON STOCK,US,13,1,down,1.9262,60.74,2026-09-04,0.3,USD
NWN.US,Northwest Natural Gas Co,COMMON STOCK,US,168,1,down,4.2137,46.8,2026-07-31,0.493,USD
PHGPY.US,Pets at Home Group Plc,COMMON STOCK,US,10,1,down,3.4820,11.4,2026-06-08,0.1443,USD
ONEQ.US,Fidelity® Nasdaq Composite Index® ETF,ETF,US,94,1,down,0.4856,105.64,2026-09-18,0.112,USD
PBA.US,Pembina Pipeline Corp,COMMON STOCK,US,164,1,down,4.5990,45.05,2026-09-15,0.52442,USD
PGPHF.US,Partners Group,COMMON STOCK,US,21,18,up,13.2577,730,2026-05-26,59.3303,USD
PJUL.US,Innovator S&P 500 Power Buffer ETF — July,ETF,US,1,1,new,0.0000,49.77,2019-11-19,0.22,USD
PFBX.US,Peoples Financial Corp,COMMON STOCK,US,45,1,down,1.5000,24,2026-06-08,0.18,USD
PIFMY.US,Indofood Sukses Makmur Tbk PT ADR,COMMON STOCK,US,18,1,down,4.4925,18.03,2026-07-10,0.81,USD
PIAGF.US,Piaggio & C. SpA,COMMON STOCK,US,27,1,down,2.8811,2.27,2026-09-22,0.0654,USD
PINE.US,"Alpine Income Property Trust, Inc.",COMMON STOCK,US,28,1,down,7.1344,16.89,2026-09-10,0.32,USD
PLFRF.US,Palfinger AG,COMMON STOCK,US,10,2,up,2.8983,36.1,2026-04-13,1.0463,USD
PLLIF.US,Pirelli & C. S.p.A,COMMON STOCK,US,9,2,up,4.6523,8.34,2026-07-21,0.388,USD
PLRRF.US,Polar Capital Holdings plc,COMMON STOCK,US,20,1,down,5.6820,10.85,2026-07-10,0.4295,USD
PMNV.US,PGIM S&P 500 Max Buffer ETF - November,ETF,US,1,1,new,0.0038,26.43,2025-12-30,0.001,USD
PMCUF.US,Pro Medicus Limited,COMMON STOCK,US,40,12,up,1.0137,114.56,2026-09-08,0.381,USD
PMFIF.US,PIMCO ETFs plc - PIMCO US Short-Term High Yield Corporate Bond Index UCITS ETF,ETF,US,1,1,new,0.0000,168.75,2022-03-15,0.285,USD
PLTK.US,Playtika Holding Corp,COMMON STOCK,US,8,2,flat,4.6948,2.13,2025-12-26,0.1,USD
PMREF.US,Primaris Real Estate Investment Trust,COMMON STOCK,US,59,1,down,4.3990,15.58,2026-09-29,0.05316,USD
POCT.US,Innovator S&P 500 Power Buffer October,ETF,US,1,1,new,0.0000,47.79,2019-11-19,0.558,USD
PPLFY.US,Perusahaan Perkebunan London Sumatra Indonesia Tbk PT ADR,COMMON STOCK,US,13,3,up,5.1189,4.5,2026-07-10,0.23035,USD
PQJL.US,PGIM Nasdaq-100 Buffer 12 ETF - July,ETF,US,1,1,new,0.0063,31.5997,2025-12-30,0.002,USD
PPZRF.US,Western Atlas Resources Inc,COMMON STOCK,US,1,1,new,0.0000,0.0023,2020-09-29,0.01058,USD
PKPYY.US,Pick N Pay Stores Ltd ADR,COMMON STOCK,US,18,2,up,0.0000,6.1,2024-08-19,0.74351,USD
PGC.US,Peapack-Gladstone Financial,COMMON STOCK,US,114,1,down,0.4533,44.12,2026-08-13,0.05,USD
PQOC.US,PGIM Nasdaq-100 Buffer 12 ETF - October,ETF,US,1,1,new,0.0031,32.365,2025-12-30,0.001,USD
PRDO.US,Perdoceo Education Corp,COMMON STOCK,US,13,1,down,2.0660,30.01,2026-09-01,0.17,USD
PPTTF.US,Perpetual Limited,COMMON STOCK,US,27,1,down,8.3295,10.44,2026-09-11,0.4507,USD
PNNT.US,PennantPark Investment Corporation,COMMON STOCK,US,102,1,down,27.9635,3.29,2026-09-15,0.08,USD
PRFD.US,PIMCO Preferred And Capital Securities Active Exchange-Traded Fund,ETF,US,43,1,down,6.0366,49.2,2026-09-01,0.25,USD
PRMRY.US,Paramount Resources Ltd.,COMMON STOCK,US,6,1,new,2.5310,20.2,2026-09-15,0.03611,USD
OGE.US,OGE Energy Corporation,COMMON STOCK,US,170,11,up,4.7644,44.68,2026-10-05,0.42875,USD
PRRCF.US,ProCredit Holding AG & Co. KGaA,COMMON STOCK,US,6,2,up,10.2383,9.2,2026-06-05,0.5411,USD
OXY.US,Occidental Petroleum Corporation,COMMON STOCK,US,179,1,down,1.8538,56.1,2026-09-10,0.28,USD
PSH.US,PGIM Short Duration High Yield ETF,ETF,US,32,1,down,5.9287,49.11,2026-08-31,0.25397,USD
PSBYP.US,PS Business Parks Inc.,COMMON STOCK,US,35,1,down,13.0000,10,2026-09-15,0.325,USD
PH.US,Parker-Hannifin Corporation,COMMON STOCK,US,165,1,down,0.7839,969.55,2026-08-31,2,USD
PROSF.US,Prosus,COMMON STOCK,US,7,5,up,1.2866,43,2026-11-05,0.31982,USD
PSBXP.US,PS Business Parks Inc.,COMMON STOCK,US,35,1,down,13.4564,9.75,2026-09-15,0.328,USD
PSHZF.US,Pershing Square Holdings Ltd,COMMON STOCK,US,33,8,up,2.6550,47.67,2026-11-13,0.1837,USD
PSPSY.US,PSP Swiss Property AG,COMMON STOCK,US,4,3,up,2.5307,39.4,2026-04-08,0.9971,USD
PRNDY.US,Pernod Ricard SA.,COMMON STOCK,US,34,1,down,8.1892,13.35,2026-07-21,0.538,USD
PTBRY.US,Bank Negara Indonesia Persero Tbk PT ADR,COMMON STOCK,US,12,1,down,10.8412,9.51,2026-03-26,1.031,USD
PSSWF.US,PSI Software AG,COMMON STOCK,US,3,3,flat,0.0000,23.7924,2023-05-24,0.45486,USD
PSZKY.US,Powszechna Kasa Oszczednosci Bank Polski SA ADR,COMMON STOCK,US,12,6,up,5.1943,31.4,2026-08-05,1.631,USD
PPH.US,VanEck Pharmaceutical ETF,ETF,US,536,1,down,1.9492,111.48,2026-07-01,0.625,USD
PTNDY.US,Vale Indonesia Tbk PT ADR,COMMON STOCK,US,13,2,up,1.5282,14.2,2026-06-18,0.217,USD
PGR.US,Progressive Corp,COMMON STOCK,US,135,5,up,6.6835,209.47,2026-10-01,0.1,USD
PTRRY.US,Petro Rio S.A,COMMON STOCK,US,1,1,new,0.0000,11.7802,2023-12-20,0.01491,USD
PTVLF.US,Pet Valu Holdings Ltd.,COMMON STOCK,US,14,1,down,2.8904,12.4465,2026-08-31,0.0917,USD
PVEX.US,TrueShares ConVex Protect ETF,ETF,US,1,1,new,0.1739,30.89,2025-12-24,0.05373,USD
PVARF.US,Porvair plc,COMMON STOCK,US,29,13,up,0.8004,11.53,2026-07-17,0.0323,USD
PNW.US,Pinnacle West Capital Corp,COMMON STOCK,US,151,1,down,3.9860,91.32,2026-08-03,0.91,USD
PUMSY.US,PUMA SE,COMMON STOCK,US,7,1,down,0.0000,2.59,2025-05-23,0.069,USD
PTMC.US,Pacer Trendpilot US Mid Cap ETF,ETF,US,11,2,up,1.6701,39.34,2025-12-30,0.657,USD
PUTRY.US,PTT PCL ADR,COMMON STOCK,US,21,1,down,5.2241,6.73,2026-03-06,0.21443,USD
PVILF.US,Partners Value Investments LP,COMMON STOCK,US,12,1,down,4.6843,18.0122,2026-06-30,0.28125,USD
PTEN.US,Patterson-UTI Energy Inc,COMMON STOCK,US,90,1,down,3.5023,10.85,2026-09-01,0.1,USD
PRK.US,Park National Corporation,COMMON STOCK,US,144,1,down,3.0964,181.5,2026-08-21,1.1,USD
PPT.US,Putnam Premier Income Trust,COMMON STOCK,US,465,1,down,11.2346,3.24,2026-11-20,0.026,USD
PWZYF.US,Powszechny Zaklad Ubezpieczen SA,COMMON STOCK,US,11,5,up,7.7607,16.246,2026-09-17,1.2608,USD
PWP.US,Perella Weinberg Partners,COMMON STOCK,US,21,1,down,1.9126,14.64,2026-08-28,0.07,USD
PVMCF.US,Pine Valley Mining Corp,COMMON STOCK,US,4,4,flat,0.0000,0.0052,2023-10-25,0.04,USD
PWRZ.US,TrueShares Eagle Global Next Gen Power Infrastructure ETF,ETF,US,15,1,down,1.2333,29.191,2026-06-29,0.178,USD
PVI.US,Invesco VRDO Tax-Free ETF,ETF,US,225,1,down,2.2084,24.86,2026-09-21,0.043,USD
PWZ.US,Invesco California AMT-Free Municipal Bond ETF,ETF,US,227,1,down,4.0725,22.31,2026-09-21,0.07269,USD
PYPTF.US,PayPoint plc,COMMON STOCK,US,47,1,down,23.4526,8.18,2026-08-28,0.1355,USD
PUK.US,Prudential PLC ADR,COMMON STOCK,US,55,6,up,2.2063,25.2,2026-09-11,0.178,USD
Q.US,"Qnity Electronics, Inc",COMMON STOCK,US,4,2,up,0.2402,124.91,2026-08-31,0.08,USD
PYPY.US,Yieldmax PYPL Option Income Strategy ETF,ETF,US,74,1,down,63.4657,25.94,2026-09-24,0.152,USD
PWB.US,Invesco Dynamic Large Cap Growth ETF,ETF,US,64,1,down,0.0000,161.63,2025-06-23,0.002,USD
PXF.US,Invesco FTSE RAFI Developed Markets ex-U.S. ETF,ETF,US,74,1,down,3.2234,77.34,2026-09-21,0.549,USD
PXLG.US,Invesco S&P 500 GARP ETF,ETF,US,59,1,down,0.7020,121.09,2026-06-22,0.301,USD
QBEIF.US,QBE Insurance Group Limited,COMMON STOCK,US,55,6,up,10.4096,14.99,2026-08-25,0.2363,USD
QBUL.US,QBUL,ETF,US,2,2,up,8.8349,24.0862,2025-12-24,2.128,USD
QCMU.US,Direxion Daily QCOM Bull 2X ETF,ETF,US,5,1,down,2.5288,23.45,2026-09-22,0.141,USD
PXE.US,Invesco Dynamic Energy Exploration & Production ETF,ETF,US,78,1,down,1.5823,39.5,2026-09-21,0.173,USD
QAT.US,iShares MSCI Qatar ETF,ETF,US,21,1,down,5.1311,16.585,2026-06-15,0.624,USD
QLDY.US,Defiance Nasdaq 100 LightningSpread Income ETF,ETF,US,104,2,up,43.9349,41.16,2026-09-25,0.159,USD
PXH.US,Invesco FTSE RAFI Emerging Markets ETF,ETF,US,72,1,down,3.9774,29.19,2026-09-21,0.325,USD
PZA.US,Invesco National AMT-Free Municipal Bond ETF,ETF,US,227,1,down,4.1146,21.31,2026-09-21,0.07482,USD
QQQA.US,ProShares Nasdaq-100 Dorsey Wright Momentum ETF,ETF,US,14,1,down,0.0254,71.559,2026-06-24,0.015,USD
PW.US,Power REIT,COMMON STOCK,US,112,1,down,0.0000,6.9,2013-01-10,1,USD
QUCT.US,Queen City Investments Inc,COMMON STOCK,US,18,18,flat,0.3992,2505,2025-11-03,10,USD
QAI.US,IQ Hedge Multi-Strategy Tracker ETF,ETF,US,16,1,down,1.3950,36.13,2025-12-30,0.504,USD
QUILF.US,Quilter plc,COMMON STOCK,US,17,4,up,3.5464,2.425,2026-08-28,0.0285,USD
RAA.US,SMI 3Fourteen REAL Asset Allocation ETF,ETF,US,6,1,down,2.0810,29.985,2026-09-16,0.125,USD
QEMM.US,SPDR® MSCI Emerging Markets StrategicFactors ETF,ETF,US,25,1,down,4.3395,81.2069,2026-06-01,1.046,USD
RAFI.US,Regency Affiliates Inc,COMMON STOCK,US,48,1,down,0.0000,4.58,2025-03-31,0.078,USD
RB.US,ProShares Trust - ProShares Russell 2000 Dynamic Daily Buffer ETF,ETF,US,5,1,down,2.3255,46.28,2026-09-23,0.14545,USD
QBIEY.US,QBE Insurance Group Ltd ADR,COMMON STOCK,US,33,6,up,4.8096,16.28,2026-08-27,0.233,USD
QUS.US,SPDR® MSCI USA StrategicFactors ETF,ETF,US,31,1,down,1.2699,191.1138,2026-06-01,1.011,USD
RANKF.US,The Rank Group Plc,COMMON STOCK,US,24,3,up,3.1347,1.5,2026-09-18,0.0334,USD
RBIL.US,F/m Ultrashort Treasury Inflation-Protected Security (TIPS) ETF,ETF,US,18,1,down,4.1564,49.875,2026-09-16,0.246,USD
RBLAY.US,Robinsons Land Corp ADR,COMMON STOCK,US,15,4,up,5.7736,5.61,2026-05-26,0.3239,USD
RAHGF.US,China Lending Corp,COMMON STOCK,US,4,1,down,0.0000,0.0001,2017-06-01,0.047,USD
QUAD.US,Quad Graphics Inc,COMMON STOCK,US,48,4,up,3.9851,9.41,2026-08-17,0.1,USD
RDTY.US,YieldMax™ R2000 0DTE Covered Call Strategy ETF,ETF,US,80,1,down,44.0536,34.86,2026-09-23,0.179,USD
RCLFF.US,RCL Foods Limited,COMMON STOCK,US,18,1,down,47.2344,0.5713,2026-10-14,0.0091,USD
RGTU.US,Tradr 2X Long QBTS Daily ETF Tradr 2X Long RGTI Daily ETF,ETF,US,1,1,new,86.0829,10.814,2025-12-12,9.309,USD
RGLXY.US,RTL Group SA ADR,COMMON STOCK,US,18,2,up,14.8248,3.71,2026-05-04,0.55,USD
RHUHF.US,Richelieu Hardware Ltd,COMMON STOCK,US,94,1,down,1.7553,25.68,2026-07-23,0.11116,USD
RJMI.US,RJ Eagle Municipal Income ETF,ETF,US,11,2,up,3.0139,23.8563,2026-08-31,0.068,USD
RISN.US,Inspire Tactical Balanced ESG ETF,ETF,US,24,1,down,1.0791,30.043,2026-09-25,0.0832,USD
RKLX.US,Defiance Daily Target 2X Long RKLB ETF,ETF,US,1,1,new,32.3328,18.39,2025-12-30,5.946,USD
REXR.US,Rexford Industrial Realty Inc,COMMON STOCK,US,52,1,down,5.8215,37.19,2026-09-30,0.435,USD
RLEVF.US,Rami Levi Chain Stores Hashikma Marketing 2006 Ltd,COMMON STOCK,US,32,1,down,7.3395,74,2026-08-31,1.18263,USD
RAIL.US,Freightcar America Inc,COMMON STOCK,US,42,1,down,0.0000,7.1,2017-08-15,0.09,USD
RBGLY.US,Reckitt Benckiser Group PLC ADR,COMMON STOCK,US,37,5,up,9.3598,13.12,2026-08-10,0.236,USD
RBCAA.US,Republic Bancorp Inc,COMMON STOCK,US,115,1,down,2.0717,93.45,2026-09-18,0.495,USD
RICK.US,RCI Hospitality Holdings Inc,COMMON STOCK,US,43,1,down,1.1244,27.57,2026-09-15,0.08,USD
RMNY.US,Rockefeller New York Municipal Bond ETF,ETF,US,24,1,down,4.2546,22.9663,2026-08-28,0.08104,USD
QCOM.US,Qualcomm Incorporated,COMMON STOCK,US,96,1,down,1.9309,187.48,2026-09-03,0.92,USD
RMRC.US,ARMOR Core Risk-Managed ETF,ETF,US,3,1,new,0.9460,25.01,2026-09-28,0.0876,USD
RNGR.US,Ranger Energy Services Inc,COMMON STOCK,US,13,1,down,1.5727,15.26,2026-08-07,0.06,USD
RNKGF.US,RENK Group AG,COMMON STOCK,US,2,2,up,1.3429,49.98,2026-06-12,0.6712,USD
RNDXF.US,Randgold & Exploration Company Limited,COMMON STOCK,US,1,1,new,0.0000,0.2229,2014-07-21,0.13694,USD
RNWHF.US,Renew Holdings plc,COMMON STOCK,US,13,1,down,2.4353,11.05,2026-06-05,0.0935,USD
RLJ.US,RLJ Lodging Trust,COMMON STOCK,US,63,1,down,6.7751,11.07,2026-09-30,0.15,USD
RMGGY.US,Resolute Mining Ltd ADR,COMMON STOCK,US,3,1,down,0.0000,7.693,2018-08-31,0.1423,USD
RIOCF.US,Riocan REIT,COMMON STOCK,US,275,1,down,6.1674,14.69,2026-09-29,0.06929,USD
RHHVF.US,Roche Holding AG Participation,COMMON STOCK,US,25,8,up,2.8303,444.62,2026-03-13,12.5843,USD
RNEM.US,First Trust Emerging Markets Equity Select ETF,ETF,US,30,1,down,2.3867,55.097,2026-09-24,0.635,USD
ROKRF.US,ROK Resources Inc.,COMMON STOCK,US,1,1,new,0.0000,0.2369,2016-04-05,1.48128,USD
RPKIF.US,Richards Packaging Income Fund,COMMON STOCK,US,234,1,down,4.4824,21.2465,2026-09-29,0.07835,USD
ROCQ.US,JPMorgan Nasdaq Equity Premium Yield ETF,ETF,US,5,1,new,5.1205,56.42,2026-09-01,0.494,USD
RSNHF.US,Resona Holdings Inc,COMMON STOCK,US,36,1,down,2.8148,16.748,2027-03-30,0.09308,USD
ROBO.US,Robo Global® Robotics and Automation Index ETF,ETF,US,11,1,down,0.3633,80.38,2025-12-30,0.292,USD
RSBT.US,Return Stacked Bonds & Managed Futures ETF,ETF,US,2,2,up,2.9286,19.6,2025-12-29,0.574,USD
ROYTL.US,Pacific Coast Oil Trust,COMMON STOCK,US,75,1,down,0.0000,0.15,2020-01-08,0.00385,USD
RPGRY.US,REA Group Limited,COMMON STOCK,US,20,4,up,2.0414,25.91,2026-08-28,0.30902,USD
RWCI.US,RWC Inc,COMMON STOCK,US,4,3,up,21.0526,14.25,2026-02-06,3,USD
RSPN.US,Invesco S&P 500 Equal Weight Industrials ETF,ETF,US,80,1,down,0.9202,58.58,2026-09-21,0.18337,USD
RSPT.US,Invesco S&P 500 Equal Weight Technology ETF,ETF,US,76,1,down,0.2348,65.58,2026-09-21,0.033,USD
RUSHA.US,Rush Enterprises A Inc,COMMON STOCK,US,33,1,down,1.0941,47.53,2026-09-09,0.14,USD
RWSPF.US,RWS Holdings plc,COMMON STOCK,US,16,1,down,4.8566,1.75,2026-06-18,0.02319,USD
SAOGF.US,Seria Co. Ltd,COMMON STOCK,US,17,1,down,3.5733,20.61,2026-03-31,0.2411,USD
RSPD.US,Invesco S&P 500 Equal Weight Consumer Discretionary ETF,ETF,US,80,1,down,0.9854,51.96,2026-09-21,0.132,USD
SAFLY.US,Safilo Group SpA ADR,COMMON STOCK,US,2,1,down,0.0000,4.75,2021-10-29,0.281,USD
SATO.US,Invesco Alerian Galaxy Crypto Economy ETF,ETF,US,18,1,down,5.1282,19.149,2026-03-23,0.021,USD
SAX.US,SAX,COMMON STOCK,US,2,1,down,0.0000,,2027-02-12,0.5,USD
RYCEF.US,Rolls-Royce Holdings PLC,COMMON STOCK,US,23,4,up,1.1038,19.56,2026-08-07,0.0807,USD
SBAR.US,Simplify Barrier Income ETF,ETF,US,17,2,up,12.3711,25.22,2026-09-25,0.25,USD
SAPMY.US,Saipem SpA ADR,COMMON STOCK,US,10,1,down,4.0465,0.99,2026-05-21,0.04006,USD
SBFFY.US,SBM Offshore NV ADR,COMMON STOCK,US,16,3,up,2.7554,41.7,2026-08-17,0.585,USD
SBLOF.US,"Shin Nippon Biomedical Laboratories, Ltd.",COMMON STOCK,US,9,1,down,5.8345,9.1608,2026-03-31,0.2062,USD
SBND.US,Columbia Short Duration Bond ETF,ETF,US,59,1,down,4.6796,18.29,2026-09-01,0.0729,USD
SBNC.US,Southern BancShares N.C. Inc,COMMON STOCK,US,100,1,down,0.1887,13250,2026-09-01,6.25,USD
RZG.US,Invesco S&P SmallCap 600® Pure Growth ETF,ETF,US,69,2,up,0.5688,63.2858,2026-09-21,0.111,USD
SBMFF.US,Sino Biopharmaceutical Limited,COMMON STOCK,US,65,2,up,2.2014,0.695,2026-09-03,0.0089,USD
SBIGY.US,Sabre Insurance Group plc,COMMON STOCK,US,10,1,down,8.8101,8.63,2026-08-21,0.2175,USD
SBB.US,ProShares Short SmallCap600,ETF,US,29,1,down,3.2839,23.8129,2026-09-23,0.191,USD
RSPS.US,Invesco S&P 500 Equal Weight Consumer Staples ETF,ETF,US,80,1,down,3.0369,29.24,2026-09-21,0.199,USD
RWJ.US,Invesco S&P SmallCap 600 Revenue ETF,ETF,US,73,1,down,1.1394,56.87,2026-09-21,0.19,USD
SCDS.US,JPMorgan Fundamental Data Science Small Core ETF,ETF,US,9,1,down,1.1139,71.8204,2026-09-22,0.303,USD
SDFI.US,AB Short Duration Income ETF,ETF,US,27,1,down,4.5791,34.81,2026-09-01,0.127,USD
SBYSF.US,Sibanye Stillwater Limited,COMMON STOCK,US,13,2,up,8.1484,2.5,2026-09-18,0.1238,USD
SCOW.US,Pacer S&P SmallCap 600 Quality FCF Aristocrats ETF,ETF,US,4,2,up,0.5583,21.851,2026-09-03,0.039,USD
SCHY.US,Schwab International Dividend Equity ETF,ETF,US,18,1,down,3.6776,31.95,2026-09-23,0.316,USD
SDS.US,ProShares UltraShort S&P500,ETF,US,36,1,down,5.2377,54.07,2026-09-23,0.629,USD
SDTHF.US,Sdiptech AB (publ),COMMON STOCK,US,4,1,down,0.0000,26.56,2023-03-14,0.20073,USD
SDTY.US,YieldMax™ S&P 500 0DTE Covered Call Strategy ETF,ETF,US,84,1,down,27.6804,40.532,2026-09-23,0.1884,USD
SBUX.US,Starbucks Corporation,COMMON STOCK,US,66,1,down,2.6031,95.27,2026-08-14,0.62,USD
SDMHF.US,Sartorius Stedim Biotech S.A,COMMON STOCK,US,19,3,up,0.3275,247.95,2026-04-01,0.81216,USD
SDOW.US,ProShares UltraPro Short Dow30,ETF,US,26,1,down,4.7157,25.22,2026-09-23,0.29388,USD
SCHK.US,Schwab 1000 ETF,ETF,US,40,1,down,1.0410,36.79,2026-09-23,0.102,USD
SDXOF.US,Sodexo SA,COMMON STOCK,US,19,1,down,4.9429,63.04,2025-12-22,3.116,USD
SEBYY.US,SEB SA,COMMON STOCK,US,9,7,up,4.6493,6.98,2026-05-19,0.32452,USD
SEKEF.US,Seiko Epson Corporation,COMMON STOCK,US,52,1,down,5.5995,20.4,2027-03-30,0.20345,USD
SAXPF.US,Sampo Oyj,COMMON STOCK,US,27,1,down,4.1740,10.17,2026-04-24,0.4245,USD
SEKEY.US,Seiko Epson Corp ADR,COMMON STOCK,US,56,3,up,4.4643,10.28,2026-09-29,0.0008,USD
SCHH.US,Schwab U.S. REIT ETF,ETF,US,66,1,down,3.0472,22.25,2026-09-23,0.173,USD
SAP.US,SAP SE ADR,COMMON STOCK,US,32,4,up,1.3994,209.31,2026-05-05,2.929,USD
SEPLF.US,Seplat Energy Plc,COMMON STOCK,US,12,3,up,3.0692,11.99,2026-08-13,0.12,USD
SEF.US,ProShares Short Financials,ETF,US,25,1,down,2.9243,31.05,2026-09-23,0.22,USD
SECT.US,Main Sector Rotation ETF,ETF,US,33,2,up,0.6885,71.69,2026-09-24,0.0776,USD
SEI.US,"Solaris Energy Infrastructure, Inc.",COMMON STOCK,US,32,1,down,0.6941,69.15,2026-09-15,0.12,USD
SETM.US,Sprott Critical Materials ETF,ETF,US,3,2,up,1.5320,29.57,2025-12-18,0.453,USD
SCHP.US,Schwab U.S. TIPS ETF,ETF,US,132,1,down,5.0950,25.17,2026-09-01,0.0773,USD
SEMI.US,Columbia Seligman Semiconductor & Technology ETF,ETF,US,4,4,up,3.4631,39.675,2025-12-18,1.374,USD
SFFYF.US,Signify N.V,COMMON STOCK,US,8,1,down,10.5271,17.74,2026-05-04,1.8675,USD
SFGV.US,EA Series Trust - Sequoia Global Value ETF,ETF,US,11,1,down,2.2624,35.48,2026-09-28,0.14369,USD
SFEGY.US,SFEGY,COMMON STOCK,US,3,2,up,0.3771,13.7379,2026-06-08,0.0518,USD
SFRRF.US,Sandfire Resources Limited,COMMON STOCK,US,18,2,up,3.2372,15.47,2026-09-11,0.2504,USD
RVTY.US,Revvity Inc.,COMMON STOCK,US,176,31,flat,0.2318,151.02,2026-10-23,0.07,USD
SHAOF.US,SHIMAMURA Co. Ltd,COMMON STOCK,US,21,1,down,7.5576,21.4883,2027-02-19,0.2508,USD
SHANF.US,Shandong Molong Petroleum Machinery Company Limited,COMMON STOCK,US,9,2,up,0.0000,0.94,2013-07-11,0.05,USD
SHWDF.US,Showa Denko K.K,COMMON STOCK,US,30,2,flat,0.8431,100.7,2026-12-31,0.4245,USD
SDVKY.US,Sandvik AB ADR,COMMON STOCK,US,28,4,up,1.6759,37.89,2026-04-30,0.635,USD
SCCO.US,Southern Copper Corporation,COMMON STOCK,US,125,3,up,1.9442,202.63,2026-08-11,1.1,USD
SHEZF.US,Shenzhen Hepalink Pharmaceutical Group Co. Ltd,COMMON STOCK,US,5,1,down,4.5145,0.4696,2026-05-29,0.0212,USD
SIG.US,Signet Jewelers Ltd,COMMON STOCK,US,85,6,up,3.2720,103.3,2026-10-23,0.35,USD
SIO.US,Touchstone Strategic Income Opportunities ETF,ETF,US,51,1,down,6.6422,24.759,2026-08-28,0.09794,USD
SHECY.US,Shin-Etsu Chemical Co Ltd ADR,COMMON STOCK,US,58,2,up,3.3952,18.47,2026-03-31,0.13861,USD
SIXGF.US,Sixt SE,COMMON STOCK,US,11,2,up,4.3320,84,2026-06-18,3.63884,USD
SITIF.US,SITC International Holdings Company Limited,COMMON STOCK,US,33,3,up,6.7066,6.1,2026-09-03,0.1913,USD
SGGKF.US,Singapore Technologies Engineering Ltd,COMMON STOCK,US,57,4,up,2.3537,8,2026-08-24,0.0394,USD
SKFRY.US,AB SKF,COMMON STOCK,US,41,4,up,3.1902,27.32,2026-10-15,0.42155,USD
SHYD.US,VanEck Short High Yield Muni ETF,ETF,US,151,1,down,3.7587,21.88,2026-09-01,0.068,USD
SILC.US,Silicom,COMMON STOCK,US,5,5,flat,0.0000,51.09,2017-03-23,1,USD
SKHL.US,Direxion Shares ETF Trust,ETF,US,1,1,new,0.3686,10.58,2026-09-22,0.039,USD
SKHSY.US,Sekisui House Ltd ADR,COMMON STOCK,US,77,1,down,8.9580,21.5,2027-01-28,0.47498,USD
SKOR.US,FlexShares Credit-Scored US Corporate Bond Index Fund,ETF,US,142,1,down,4.8306,46.792,2026-09-01,0.19047,USD
SKSDF.US,Sakata Seed Corporation,COMMON STOCK,US,9,3,up,402.3080,25.25,2026-05-31,50,USD
SHEL.US,Shell PLC ADR,COMMON STOCK,US,129,1,down,3.1330,96.47,2026-08-14,0.7812,USD
SKYZF.US,SkyCity Entertainment Group Limited,COMMON STOCK,US,22,1,down,0.0000,0.38,2024-03-06,0.0277,USD
SLDE.US,"Slide Insurance Holdings, Inc. Common Stock",COMMON STOCK,US,1,1,new,0.3062,22.86,2026-08-14,0.07,USD
SLAHF.US,Stella Chemifa Corporation,COMMON STOCK,US,6,1,down,5.3479,21.9,2026-03-31,0.5856,USD
SLM.US,SLM Corp,COMMON STOCK,US,132,1,down,2.2707,22.9,2026-09-04,0.13,USD
SIZE.US,iShares MSCI USA Size Factor ETF,ETF,US,56,1,down,1.4055,175.53,2026-09-15,0.653,USD
SKSUY.US,Sekisui Chemical Co Ltd ADR,COMMON STOCK,US,45,1,down,3.6651,75.86,2026-09-29,0.00797,USD
SKSUF.US,Sekisui Chemical Co. Ltd,COMMON STOCK,US,41,1,down,5.1899,15.7,2026-03-31,0.2803,USD
SMAX.US,iShares Large Cap Max Buffer Sep ETF,ETF,US,2,2,up,0.9251,28.43,2025-12-23,0.263,USD
SMFNF.US,Sumitomo Mitsui Financial,COMMON STOCK,US,51,1,down,4.3432,45.53,2027-03-30,0.22716,USD
SLVX.US,Nicholas Silver Income ETF,ETF,US,30,1,new,16.8326,13.98,2026-09-28,0.0692,USD
SLNH.US,Soluna Holdings Inc,COMMON STOCK,US,2,1,new,0.0000,1.18,2019-03-21,9.25,USD
SMECF.US,SMC Corp,COMMON STOCK,US,54,1,down,3.2953,453.83,2027-03-30,2.52402,USD
SKYF.US,Sky440 Inc,COMMON STOCK,US,11,1,down,0.0000,0.0001,2007-06-08,0.25,USD
SMIG.US,ETF Series Solutions - AAM Bahl & Gaynor Small/Mid Cap Income Growth ETF,ETF,US,60,1,down,1.6006,31.3,2026-08-28,0.042,USD
SMLL.US,Harbor Active Small Cap ETF,ETF,US,2,2,up,2.3441,20.136,2025-12-19,0.472,USD
SMOPF.US,Smartoptics Group AS,COMMON STOCK,US,5,1,down,1.3060,5,2026-05-11,0.0653,USD
SMPNY.US,Sompo Holdings Inc ADR,COMMON STOCK,US,32,5,up,3.9506,21.8,2026-09-29,0.00199,USD
SNGNF.US,Singapore Telecommunications Limited,COMMON STOCK,US,47,1,down,4.0480,3.54,2026-08-04,0.0803,USD
SMNNY.US,Shimano Inc ADR,COMMON STOCK,US,40,3,up,10.9541,11.33,2026-12-29,0.00072,USD
SNMCY.US,Suncorp Group Ltd ADR,COMMON STOCK,US,37,1,down,4.1150,13.56,2026-08-24,0.438,USD
SNN.US,Smith & Nephew SNATS Inc,COMMON STOCK,US,55,8,up,4.0399,27.08,2026-10-02,0.312,USD
SNNRF.US,Sanne Group PLC,COMMON STOCK,US,3,2,up,9.1218,47.56,2026-05-11,4.33834,USD
SOBO.US,South Bow Corporation,COMMON STOCK,US,8,1,down,5.8806,34.01,2026-09-29,0.5,USD
SOGP.US,Sound Group Inc.,COMMON STOCK,US,3,1,down,18.2876,12.03,2026-04-22,1.2,USD
SOMLY.US,Secom Co Ltd ADR,COMMON STOCK,US,61,3,up,4.6350,9.93,2026-09-29,0.00056,USD
SON.US,Sonoco Products Company,COMMON STOCK,US,150,1,down,4.2826,49.97,2026-08-10,0.54,USD
SOFA.US,Direxion Daily SOFI Bull 2X ETF,ETF,US,3,1,new,1.4725,10.73,2026-09-22,0.056,USD
SOXY.US,YieldMax Target 12 Semiconductor Option Income ETF,ETF,US,21,1,down,9.5072,95.412,2026-09-02,0.883,USD
SMLV.US,SPDR® SSGA US Small Cap Low Volatility Index ETF,ETF,US,55,1,down,2.4008,151.28,2026-09-21,0.971,USD
SPHD.US,Invesco S&P 500® High Dividend Low Volatility ETF,ETF,US,168,1,down,10.1338,48.68,2026-09-21,0.20156,USD
SPD.US,Simplify US Equity PLUS Downside Convexity ETF,ETF,US,22,3,up,1.1995,41.685,2026-09-25,0.2,USD
SPXL.US,Direxion Daily S&P500® Bull 3X Shares,ETF,US,37,1,down,0.5111,284.66,2026-09-22,0.31,USD
SPRPY.US,Superior Plus Corp.,COMMON STOCK,US,3,1,new,1.7267,11.25,2026-09-29,0.06506,USD
SPHRY.US,Starpharma Holdings Ltd,COMMON STOCK,US,1,1,new,1.5135,5.55,2026-08-10,0.084,USD
SPHY.US,SPDR Portfolio High Yield Bond,ETF,US,171,1,down,7.3654,22.69,2026-09-01,0.14036,USD
SHKLY.US,Sinotruk Hong Kong Ltd ADR,COMMON STOCK,US,18,2,up,5.7913,226.62,2026-09-14,7.52484,USD
SPY.US,State Street® SPDR® S&P 500® ETF Trust,ETF,US,136,1,down,0.9904,765.61,2026-09-18,1.88883,USD
SQM.US,Sociedad Quimica y Minera de Chile SA ADR B,COMMON STOCK,US,64,2,up,2.4076,65.16,2026-09-08,0.90708,USD
SQNXF.US,Square Enix Holdings Co. Ltd,COMMON STOCK,US,52,1,down,5.0259,18.117,2027-03-30,0.12578,USD
SHPU.US,Direxion Daily SHOP Bull 2X ETF,ETF,US,6,1,down,37.8464,15.695,2026-09-22,0.064,USD
SHOO.US,Steven Madden Ltd,COMMON STOCK,US,34,1,down,1.8708,44.9,2026-09-11,0.21,USD
SHKLF.US,Sinotruk (Hong Kong) Ltd,COMMON STOCK,US,21,2,up,7.7781,3.38,2026-09-14,0.1505,USD
SHOC.US,Strive U.S. Semiconductor ETF,ETF,US,16,1,down,0.1164,110.262,2026-09-28,0.0244,USD
SHRD.US,Arimathea Catholic Bond Index ETF,ETF,US,4,1,new,1.1055,23.935,2026-09-22,0.0746,USD
SRGGF.US,SRG Global Limited,COMMON STOCK,US,10,1,down,1.8043,2.76,2026-08-28,0.0287,USD
SRWRF.US,SolarWorld Aktiengesellschaft,COMMON STOCK,US,2,1,down,0.0000,0.0002,2012-05-25,0.10234,USD
SRRE.US,Sunrise Real Estate Group Inc,COMMON STOCK,US,3,3,up,0.0000,0.07,2023-04-06,0.15,USD
SRNN.US,Southern Banc Company Inc,COMMON STOCK,US,54,1,down,0.0000,16.56,2009-02-25,0.088,USD
SSPPF.US,SSP Group PLC,COMMON STOCK,US,16,3,up,3.8346,2.54,2026-05-29,0.0216,USD
SREDY.US,Storebrand ASA ADR,COMMON STOCK,US,11,4,up,2.8288,40.81,2026-04-13,1.15444,USD
SSFI.US,Strategy Shares - Day Hagan/Ned Davis Research Smart Sector Fixed Income ETF,ETF,US,19,1,down,2.8976,20.5,2026-06-29,0.216,USD
SSUS.US,Day Hagan/Ned Davis Research Smart Sector ETF,ETF,US,6,1,down,0.4466,56.198,2025-12-29,0.251,USD
SSK.US,REX-Osprey SOL + Staking ETF,ETF,US,14,2,up,37.9092,15.975,2026-08-28,0.055,USD
SSNLF.US,Samsung Electronics Co Ltd,COMMON STOCK,US,91,1,down,3.2303,65.21,2026-06-30,0.2415,USD
SSBI.US,Summit State Bank,COMMON STOCK,US,73,1,down,0.0000,12.442,2024-10-03,0.04,USD
SPYG.US,SPDR® Portfolio S&P 500 Growth ETF,ETF,US,104,1,down,0.4761,123.09,2026-09-21,0.148,USD
STAX.US,Macquarie ETF Trust,ETF,US,32,1,down,6.4312,24.715,2026-08-31,0.05942,USD
STLRF.US,STLLR Gold Inc,COMMON STOCK,US,1,1,new,0.0000,1.1,2019-08-06,9.07407,USD
STLD.US,Steel Dynamics Inc,COMMON STOCK,US,90,1,down,1.1242,230.39,2026-09-30,0.53,USD
STOX.US,Horizon Core Equity ETF,ETF,US,1,1,new,0.1677,32.05,2025-12-24,0.05375,USD
STRNY.US,Severn Trent PLC PK,COMMON STOCK,US,34,1,down,4.0250,41.54,2026-06-01,1.013,USD
STPZ.US,PIMCO 1-5 Year U.S. TIPS Index Exchange-Traded Fund,ETF,US,128,1,down,4.9421,51.8,2026-08-03,0.39,USD
SRHQ.US,Elevation Series Trust - SRH U.S. Quality ETF,ETF,US,16,1,down,0.7419,46.635,2026-09-24,0.092,USD
STRT.US,Strattec Security Corporation,COMMON STOCK,US,41,1,down,0.0000,66.59,2020-03-12,0.14,USD
STXE.US,Strive Emerging Markets Ex-China ETF,ETF,US,12,4,up,2.7700,50.184,2026-09-28,0.89812,USD
STRYF.US,Storytel AB (publ),COMMON STOCK,US,3,2,up,3.0439,10.475,2026-05-07,0.1683,USD
STAOF.US,Sing Tao News Corporation Limited,COMMON STOCK,US,1,1,new,0.0000,0.035,2021-07-02,0.00255,USD
STGXF.US,Smartgroup Corporation Ltd,COMMON STOCK,US,13,1,down,6.7543,5.82,2026-09-09,0.1553,USD
SUHJY.US,Sun Hung Kai Properties Ltd,COMMON STOCK,US,52,2,up,5.9397,13.78,2026-11-10,0.35349,USD
SVOL.US,Simplify Volatility Premium ETF,ETF,US,61,1,down,21.1750,16.34,2026-09-25,0.28,USD
SUZ.US,Suzano Papel e Celulose SA ADR,COMMON STOCK,US,46,1,down,2.3870,8.57,2026-05-04,0.001,USD
SUI.US,Sun Communities Inc,COMMON STOCK,US,133,1,down,4.8450,112.28,2026-09-30,1.12,USD
SWAN.US,Amplify BlackSwan Growth & Treasury Core ETF,ETF,US,31,1,down,2.5682,32.28,2026-06-29,0.354,USD
SURI.US,Simplify Propel Opportunities ETF,ETF,US,15,1,down,15.5554,17.4859,2026-09-25,0.68,USD
SVAL.US,iShares US Small Cap Value Factor ETF,ETF,US,23,1,down,4.4813,41.64,2026-09-15,0.253,USD
SW.US,Smurfit WestRock plc,COMMON STOCK,US,31,1,down,3.9645,45.07,2026-08-14,0.452,USD
SWBI.US,Smith & Wesson Brands Inc,COMMON STOCK,US,25,1,down,3.7063,14.03,2026-09-17,0.13,USD
SWDHF.US,Skyworth Group Limited,COMMON STOCK,US,40,2,up,0.0000,0.59,2024-05-30,0.0064,USD
SWGAF.US,The Swatch Group AG,COMMON STOCK,US,23,2,up,2.7486,211.1,2026-05-15,5.8023,USD
SWGAY.US,Swatch Group AG ADR,COMMON STOCK,US,17,2,up,2.5602,11.21,2026-05-18,0.287,USD
SWOBY.US,Swedish Orphan Biovitrum AB (publ),COMMON STOCK,US,1,1,new,0.0000,20.7,2023-09-21,0.49959,USD
SWP.US,SWP Growth & Income ETF,ETF,US,7,1,down,7.3701,27.815,2026-06-29,0.616,USD
SWIOU.US,Southwest Iowa Renewable Energy LLC,COMMON STOCK,US,1,1,new,0.0000,17500,2022-02-09,1250,USD
SWPRF.US,Swiss Prime Site AG,COMMON STOCK,US,21,5,up,4.2553,160.315,2026-03-30,2.2873,USD
STXT.US,Strive Total Return Bond ETF,ETF,US,37,1,down,4.7059,19,2026-09-28,0.07013,USD
SWPFF.US,Swire Properties Limited,COMMON STOCK,US,31,5,up,8.1656,3.08,2026-09-04,0.0472,USD
SWRAF.US,Swire Pacific Limited,COMMON STOCK,US,55,3,up,4.6217,11.05,2026-09-11,0.1913,USD
SWQGF.US,Swissquote Group Holding Ltd,COMMON STOCK,US,6,4,up,20.5078,49.29,2026-05-12,9.2191,USD
SPXC.US,SPX Corp,COMMON STOCK,US,94,1,down,0.0000,170.11,2015-06-12,0.09444,USD
SRL.US,Scully Royalty Ltd,COMMON STOCK,US,27,2,up,0.0000,5.2114,2025-01-24,0.26,USD
SWGNF.US,The Swatch Group AG,COMMON STOCK,US,25,2,up,2.7484,41.9,2026-05-18,1.1516,USD
SWONF.US,SoftwareONE Holding AG,COMMON STOCK,US,7,1,down,3.5329,10.48,2026-05-28,0.1899,USD
SWQGD.US,SWQGD,COMMON STOCK,US,3,3,up,1.8666,49.008,2026-05-11,0.9148,USD
SWRBF.US,Swire Pacific Limited,COMMON STOCK,US,43,3,up,6.4930,1.574,2026-09-11,0.0383,USD
SWRHF.US,Shibusawa Logistics Corporation,COMMON STOCK,US,6,1,down,22.7996,4.565,2026-03-31,0.1886,USD
SY.US,So-Young International Inc,COMMON STOCK,US,2,1,down,0.0000,2.69,2025-04-08,0.027,USD
SYANY.US,Sydbank A/S ADR,COMMON STOCK,US,12,1,down,3.6656,21.13,2026-03-23,0.77455,USD
SXC.US,SunCoke Energy Inc,COMMON STOCK,US,33,1,down,4.9793,9.64,2026-08-17,0.12,USD
SXI.US,Standex International Corporation,COMMON STOCK,US,165,1,down,0.4884,278.47,2026-08-07,0.34,USD
SXYAY.US,Sika AG ADR,COMMON STOCK,US,11,3,up,1.0308,22.39,2026-03-27,0.23079,USD
SWSSF.US,Swiss Water Decaffeinated Coffee Inc,COMMON STOCK,US,127,2,flat,0.0000,6.4,2019-12-30,0.048,USD
SYF-P-B.US,SYF-P-B,COMMON STOCK,US,10,1,down,8.1362,25.35,2026-08-05,0.51563,USD
SYFI.US,AB Short Duration High Yield ETF,ETF,US,27,1,down,6.0354,35.01,2026-09-01,0.152,USD
SUBCY.US,Subsea 7 SA ADR,COMMON STOCK,US,19,5,up,5.6053,34.61,2026-05-21,1.358,USD
SYKWF.US,SKY Network Television Limited,COMMON STOCK,US,21,4,up,15.4127,1.89,2026-09-11,0.155,USD
SYK.US,Stryker Corporation,COMMON STOCK,US,87,1,down,1.5837,275.31,2026-09-30,0.88,USD
SYIEY.US,Symrise Ag PK,COMMON STOCK,US,19,5,up,1.3919,26.51,2026-05-08,0.369,USD
SYQH.US,Liaoning Shuiyun Qinghe Rice Industry Co. Ltd,COMMON STOCK,US,2,1,down,0.0000,0.0001,2018-07-23,0.02585,USD
SYLD.US,Cambria Shareholder Yield ETF,ETF,US,53,1,down,3.6029,81.49,2026-09-18,0.505,USD
SYNNF.US,Symphony International Holdings Limited,COMMON STOCK,US,10,2,flat,0.0000,0.4391,2023-07-06,0.025,USD
SYF.US,Synchrony Financial,COMMON STOCK,US,41,1,down,1.7338,71.52,2026-08-05,0.34,USD
SYIEF.US,Symrise AG,COMMON STOCK,US,20,1,down,1.4251,102.1,2026-05-08,1.455,USD
SYHMY.US,Synthomer plc,COMMON STOCK,US,3,1,down,0.0000,2.05,2023-12-07,2.13762,USD
SYSB.US,iShares Systematic Bond ETF,ETF,US,120,1,down,4.7126,84.455,2026-09-01,0.338,USD
SYYNY.US,SYN prop e tech SA ADR,COMMON STOCK,US,23,1,down,126.1471,2.8,2025-12-22,0.30404,USD
SYZ.US,Lazard US Systematic Small Cap Equity ETF,ETF,US,3,1,new,0.4503,29.0912,2026-09-18,0.059,USD
SVC.US,Service Properties Trust,COMMON STOCK,US,123,1,down,3.0441,6.57,2026-07-20,0.05,USD
SZDEF.US,Dongjiang Environmental Company Limited,COMMON STOCK,US,13,1,down,0.0000,0.2937,2022-07-20,0.0081,USD
SZGPY.US,Salzgitter AG ADR,COMMON STOCK,US,18,2,up,0.3934,6.1,2026-06-05,0.024,USD
T.US,AT&T Inc.,COMMON STOCK,US,172,1,down,5.5803,24.9,2026-10-09,0.2775,USD
SZCRF.US,SCOR SE,COMMON STOCK,US,17,2,up,5.7820,38.25,2026-05-05,2.2116,USD
SZKMY.US,Suzuki Motor Corp ADR,COMMON STOCK,US,45,1,down,2.4011,50.28,2026-03-31,0.53441,USD
TABD.US,Transamerica Bond Active ETF,ETF,US,10,2,up,3.4260,23.84,2026-09-25,0.09576,USD
SZKMF.US,Suzuki Motor Corporation,COMMON STOCK,US,55,1,down,4.6277,12.0825,2027-03-30,0.13081,USD
SYZLF.US,Sylogist Ltd,COMMON STOCK,US,70,1,down,0.6941,2.03,2026-02-27,0.007,USD
TABCF.US,Tabcorp Holdings Limited,COMMON STOCK,US,50,3,up,3.3810,0.63,2026-09-01,0.0108,USD
TAC.US,TransAlta Corp,COMMON STOCK,US,102,1,down,1.6638,11.81,2026-09-01,0.051,USD
TAFI.US,Ab Tax-Aware Short Duration ETF,ETF,US,48,1,down,3.1846,24.54,2026-09-01,0.0639,USD
SYYYF.US,Synthomer plc,COMMON STOCK,US,3,2,up,0.0000,1.4,2022-10-06,0.04,USD
SYPR.US,Sypris Solutions Inc,COMMON STOCK,US,38,3,flat,0.0000,1.7,2014-12-17,0.02,USD
TATYF.US,Tate & Lyle plc,COMMON STOCK,US,38,1,down,3.4820,7.51,2026-06-18,0.175,USD
TAKMF.US,"Takamatsu Construction Group Co., Ltd.",COMMON STOCK,US,4,1,down,4.3185,19.55,2026-03-31,0.54016,USD
TAGG.US,TagLikeMe Corp,ETF,US,60,1,down,4.6820,40.551,2026-09-25,0.1599,USD
TASK.US,Taskus Inc,COMMON STOCK,US,1,1,new,45.0617,8.1,2026-03-26,3.65,USD
TAFL.US,"AB Active ETFs, Inc.",ETF,US,33,1,down,4.3760,23.325,2026-09-01,0.0777,USD
TAP-A.US,Molson Coors Beverage Company,COMMON STOCK,US,82,1,down,4.8330,39.52,2026-08-28,0.48,USD
TAL.US,TAL Education Group,COMMON STOCK,US,2,2,flat,0.0000,11.89,2017-05-09,0.08333,USD
TAK.US,Takeda Pharmaceutical Co Ltd ADR,COMMON STOCK,US,43,1,down,3.3355,18.9,2026-03-31,0.30827,USD
TAN.US,Invesco Solar ETF,ETF,US,14,2,up,0.0000,43,2024-12-23,0.165,USD
TAGOF.US,TAG Immobilien AG,COMMON STOCK,US,11,2,up,4.9512,16.118,2026-05-22,0.4605,USD
TATYY.US,Tate & Lyle PLC ADR,COMMON STOCK,US,52,1,down,3.5343,29.85,2026-06-22,0.709,USD
TAP.US,Molson Coors Brewing Co Class B,COMMON STOCK,US,158,1,down,5.2661,36.27,2026-08-28,0.48,USD
TAVHF.US,TAV Havalimanlari Holding AS,COMMON STOCK,US,4,1,new,2.8217,5.54,2026-09-23,0.0413,USD
TAFM.US,"AB Active ETFs, Inc.",ETF,US,33,1,down,3.8536,23.9,2026-09-01,0.071,USD
TAVHY.US,Tav Havalimanlari Holding AS,COMMON STOCK,US,11,1,down,1.5264,21.62,2026-09-23,0.165,USD
TAXX.US,BondBloxx ETF Trust,ETF,US,29,1,down,3.5011,49.76,2026-09-01,0.151,USD
TAYD.US,Taylor Devices Inc,COMMON STOCK,US,1,1,new,0.0000,65.14,1989-12-04,0.02,USD
TBABF.US,Trelleborg AB (publ),COMMON STOCK,US,24,12,up,3.5390,48.208,2026-04-27,0.9027,USD
TAXS.US,Northern Trust Short-Term Tax-Exempt Bond ETF,ETF,US,13,2,up,2.4200,49.215,2026-09-01,0.104,USD
TDSC.US,Cabana Target Drawdown 10 ETF,ETF,US,20,1,down,1.3335,28.121,2026-09-28,0.107,USD
TBF.US,ProShares Short 20+ Year Treasury,ETF,US,24,1,down,2.2151,26.5,2026-09-23,0.125,USD
TBG.US,TBG Dividend Focus ETF,ETF,US,12,1,down,2.7848,36.47,2026-09-28,0.25561,USD
TBFG.US,ETF Series Solutions,ETF,US,11,1,down,2.4410,32.528,2026-09-24,0.145,USD
TBFC.US,The Brinsmere Fund - Conservative ETF,ETF,US,11,1,down,3.1609,28.789,2026-09-24,0.21,USD
TBIL.US,Rbb Fund Inc - Us Treasury 3 Month Bill ETF,ETF,US,53,1,down,3.9709,49.83,2026-09-28,0.1566,USD
TDAQ.US,TappAlpha Innovation 100 Growth & Daily Income ETF,ETF,US,12,2,up,16.6092,27.12,2026-09-15,0.382,USD
TCBK.US,TriCo Bancshares,COMMON STOCK,US,135,1,down,2.7751,51.89,2026-09-11,0.36,USD
TCBX.US,"Third Coast Bancshares, Inc.",COMMON STOCK,US,2,1,down,0.0000,43.18,2023-03-30,16.88,USD
TECS.US,Direxion Daily Technology Bear 3X Shares,ETF,US,24,1,down,7.8913,52.97,2026-09-22,0.5,USD
TBABY.US,Trelleborg AB (publ),COMMON STOCK,US,2,2,up,1.9607,43.82,2026-04-27,0.85918,USD
TFX.US,Teleflex Incorporated,COMMON STOCK,US,169,1,down,1.0677,127.38,2026-08-14,0.34,USD
TER.US,Teradyne Inc,COMMON STOCK,US,50,1,down,0.1271,401.3,2026-09-04,0.13,USD
TENJ.US,iShares Trust - iShares Large Cap 10% Target Buffer Jun ETF,ETF,US,1,1,new,0.2547,28.2697,2025-12-23,0.072,USD
THMZ.US,Lazard Equity Megatrends ETF,ETF,US,5,2,up,0.3909,34.5372,2026-09-18,0.056,USD
TIGO.US,Millicom International Cellular SA,COMMON STOCK,US,12,1,down,8.6322,89.78,2027-04-08,0.75,USD
THYP.US,21Shares Hyperliquid ETF,ETF,US,1,1,new,0.0728,50.8,2026-06-29,0.037,USD
TJSCF.US,Tianjin Development Holdings Limited,COMMON STOCK,US,38,2,flat,6.9596,0.2572,2026-09-23,0.0066,USD
TKYVY.US,Turkiye Vakiflar Bankasi TAO ADR,COMMON STOCK,US,10,1,down,0.0000,6.75,2018-08-16,0.104,USD
TIPZ.US,PIMCO Broad U.S. TIPS Index Exchange-Traded Fund,ETF,US,137,1,down,6.0294,49.59,2026-08-03,0.41,USD
TIPD.US,Northern Trust 2055 Inflation-Linked Distributing Ladder ETF,ETF,US,10,2,up,7.7861,90.674,2026-08-03,0.701,USD
TKGBY.US,Turkiye Garanti Bankasi AS,COMMON STOCK,US,19,1,down,3.1149,2.48,2026-04-08,0.07725,USD
TLTZF.US,Tele2 AB (publ),COMMON STOCK,US,30,2,up,8.8962,16.48,2026-10-13,0.567,USD
TMFG.US,Motley Fool Global Opportunities ETF,ETF,US,4,1,down,0.2684,30.18,2025-12-18,0.081,USD
TMLDF.US,Tasmea Limited,COMMON STOCK,US,1,1,new,1.6743,8.35,2026-06-11,0.0699,USD
TMAK.US,Touchmark Bancshares Inc,COMMON STOCK,US,3,3,up,5.9091,11,2025-12-31,0.65,USD
TMSNY.US,Temenos Group AG ADR,COMMON STOCK,US,10,7,up,2.2397,79.92,2026-05-19,1.79,USD
TMICY.US,Trend Micro Inc ADR,COMMON STOCK,US,34,2,up,5.0301,40.82,2025-12-31,1.15452,USD
TMTNY.US,Toromont Industries Ltd.,COMMON STOCK,US,3,1,new,0.7452,32.126,2026-09-04,0.08032,USD
TMVE.US,Thrivent Mid Cap Value ETF,ETF,US,1,1,new,0.1054,17.0831,2025-12-23,0.018,USD
TOEAF.US,Toei Animation Co.Ltd,COMMON STOCK,US,8,1,down,2.6224,19.19,2027-03-30,0.22243,USD
TOELY.US,Tokyo Electron Ltd PK,COMMON STOCK,US,72,2,up,3.1645,164.55,2026-09-29,1.20268,USD
TNLX.US,Trans Lux Cp,COMMON STOCK,US,82,1,down,0.0000,0.001,2006-04-18,0.875,USD
TNABY.US,Tenaga Nasional Berhad,COMMON STOCK,US,44,2,up,5.7201,12.61,2026-09-30,0.24631,USD
TMTMF.US,TechMatrix Corporation,COMMON STOCK,US,6,1,down,3.4524,14.91,2026-03-31,0.176,USD
TOLZ.US,ProShares DJ Brookfield Global Infrastructure ETF,ETF,US,50,1,down,3.2813,55.1,2026-09-23,0.428,USD
TOPPY.US,Toppan Printing Ltd,COMMON STOCK,US,61,1,down,1.1282,15.6,2026-09-29,0.00054,USD
TRC.US,Tejon Ranch Co,COMMON STOCK,US,28,6,flat,0.0000,16.41,1999-11-17,0.02354,USD
TPRY.US,VistaShares Target 15 TEPRTantrum Contrarian Distribution ETF,ETF,US,7,1,new,9.1223,18.6,2026-09-28,0.23875,USD
TRND.US,Pacer Trendpilot Fund of Funds ETF,ETF,US,7,6,up,2.1161,36.86,2025-12-31,0.78,USD
TRIN.US,Trinity Capital Inc.,COMMON STOCK,US,32,1,down,17.4857,17.5,2026-12-11,0.17,USD
TMFC.US,Motley Fool 100 Index ETF,ETF,US,9,1,down,0.1283,80.27,2025-12-18,0.103,USD
TOITF.US,Topicus.com Inc,COMMON STOCK,US,1,1,new,0.0000,60.5,2024-03-14,1.687,USD
TLTD.US,FlexShares Morningstar Developed Markets ex-US Factor Tilt Index Fund,ETF,US,47,1,down,3.2584,101.92,2026-09-18,0.421,USD
TRSNF.US,CompaÃ±Ã­a de Transporte de EnergÃ­a ElÃ©ctrica en Alta TensiÃ³n Transener S.A.,COMMON STOCK,US,3,3,up,37.4000,1,2026-09-03,0.374,USD
TRS.US,TriMas Corporation,COMMON STOCK,US,20,1,down,0.4060,39.41,2026-08-06,0.04,USD
TSE.US,Trinseo SA,COMMON STOCK,US,37,1,down,0.0000,1.25,2025-07-10,0.01,USD
TSDOF.US,Tessenderlo Group NV,COMMON STOCK,US,7,1,down,3.1819,26.8,2026-06-03,0.85276,USD
TSEM.US,Tower Semiconductor Ltd,COMMON STOCK,US,2,1,down,0.0000,226.04,1997-09-24,15,USD
TRUH.US,VanEck Healthcare TruSector ETF,ETF,US,1,1,new,0.2836,29.9723,2026-07-01,0.085,USD
TRUC.US,VanEck Communication Services TruSector ETF,ETF,US,1,1,new,0.2221,25.66,2026-07-01,0.057,USD
TSLG.US,Leverage Shares 2X Long TSLA Daily ETF,ETF,US,1,1,new,13.3479,4.57,2025-12-30,0.61,USD
TRZBF.US,Transat A.T. Inc,COMMON STOCK,US,11,1,down,0.0000,1.43,2008-12-29,0.0739,USD
TSGMY.US,Tsugami Corp ADR,COMMON STOCK,US,2,1,down,0.0000,66,2017-03-29,0.71995,USD
TRPA.US,HARTFORD AAA CLO ETF,ETF,US,100,1,down,4.5028,39.07,2026-08-28,0.15349,USD
TSMG.US,Leverage Shares 2X Long TSM Daily ETF,ETF,US,1,1,new,6.3349,43.047,2025-12-30,2.727,USD
TSMZ.US,Direxion Daily TSM Bear 1X Shares,ETF,US,8,1,down,4.3749,7.223,2026-09-22,0.071,USD
TSRYY.US,Treasury Wine Estates Ltd PK,COMMON STOCK,US,31,2,up,0.0000,3.74,2025-08-28,0.131,USD
TTXD.US,Direxion Daily Technology Top 5 Bear 2X ETF,ETF,US,5,2,up,6.5206,11.87,2026-09-22,0.238,USD
TTBKF.US,2020 Bulkers Ltd,COMMON STOCK,US,53,2,up,1822.3039,0.816,2026-04-29,13.8,USD
TSYW.US,Roundhill ETF Trust - Treas Bond Weeklypay ETF,ETF,US,44,2,up,12.5438,38.505,2026-09-21,0.074,USD
TTAM.US,Titan America SA,COMMON STOCK,US,6,2,flat,1.4535,13.76,2026-10-01,0.04,USD
TSSD.US,Truth Social American Security & Defense ETF,ETF,US,3,1,new,0.0861,30.2,2026-06-24,0.007,USD
TTI.US,Tetra Technologies Inc,COMMON STOCK,US,3,2,up,0.0000,5.91,2017-05-16,0.1,USD
TTSH.US,Tile Shop Holdings Inc,COMMON STOCK,US,12,2,up,0.0000,2.01,2021-11-18,0.65,USD
TSLS.US,Daily TSLA Bear 1X ETF,ETF,US,18,1,down,2.7663,56.78,2026-09-22,0.39619,USD
TSVNF.US,Team17 Group plc,COMMON STOCK,US,4,1,down,0.9926,4.03,2026-09-25,0.0145,USD
TUFBY.US,Thai Union Group PCL ADR,COMMON STOCK,US,26,3,up,5.6704,8.05,2026-08-17,0.24077,USD
TUSI.US,Touchstone ETF Trust - Touchstone Ultra Short Income ETF,ETF,US,51,1,down,4.0796,25.32,2026-08-28,0.08654,USD
TVLF.US,Tennessee Valley Financial Holdings Inc,COMMON STOCK,US,8,8,up,2.3333,12,2026-04-20,0.28,USD
TSLI.US,GraniteShares ETF Trust - GraniteShares 2x Long NIO Daily ETF,ETF,US,4,1,down,15.0585,17.08,2026-09-23,0.103,USD
TXNU.US,Daily TXN Bull 2X ETF,ETF,US,2,1,new,1.1674,43.43,2026-09-22,0.337,USD
TWODF.US,Taylor Wimpey plc,COMMON STOCK,US,38,1,down,13.5000,1.04,2026-10-08,0.0391,USD
TXT.US,Textron Inc,COMMON STOCK,US,173,1,down,0.1034,77.37,2026-09-11,0.02,USD
TSHMY.US,Toshiba Machine Co Ltd ADR,COMMON STOCK,US,23,3,up,7.8815,11.17,2026-03-31,0.21776,USD
TYEKF.US,Thyssenkrupp AG O.N.,COMMON STOCK,US,20,2,up,1.0185,17.27,2026-02-03,0.1759,USD
TYLG.US,Global X Funds - Global X Information Technology Covered Call & Growth ETF,ETF,US,46,3,up,8.5449,43.16,2026-09-21,0.272,USD
TZROP.US,tZERO Group Inc,COMMON STOCK,US,1,1,new,0.0000,1.98,2022-03-15,0.285,USD
TYTMF.US,Tokyo Tatemono Co. Ltd,COMMON STOCK,US,51,1,down,6.1109,20.91,2026-12-31,0.30424,USD
UAHC.US,United American Healthcare Corp,COMMON STOCK,US,1,1,new,0.0000,0.017,2024-09-06,0.08,USD
UCB.US,"United Community Banks, Inc.",COMMON STOCK,US,82,1,down,2.9715,33.99,2026-09-15,0.26,USD
THFF.US,First Financial Corporation Indiana,COMMON STOCK,US,76,3,up,3.6696,74.94,2026-10-01,0.56,USD
UEPEO.US,Union Electric Company,COMMON STOCK,US,159,1,down,6.2797,71.66,2026-07-16,1.125,USD
URMCY.US,Unibail-Rodamco-Westfield SE,COMMON STOCK,US,1,1,new,4.7435,11.11,2026-05-18,0.527,USD
UGLD.US,Daily Gold Bull 2X ETF,ETF,US,2,1,new,0.6656,19.53,2026-09-22,0.084,USD
UHT.US,Universal Health Realty Income Trust,COMMON STOCK,US,159,1,down,7.7082,38.79,2026-09-21,0.75,USD
UIS.US,Unisys Corporation,COMMON STOCK,US,23,1,down,0.0000,2.24,1990-06-18,2.5,USD
UNCHF.US,Unicharm Corporation,COMMON STOCK,US,59,2,up,3.3202,6.114,2026-12-31,0.0721,USD
UMGNF.US,Universal Music Group N.V.,COMMON STOCK,US,12,6,up,14.5605,16.55,2026-10-05,0.3245,USD
UNICY.US,Unicharm Corp,COMMON STOCK,US,57,3,up,3.2188,3.03,2026-12-29,0.00022,USD
UNHG.US,Leverage Shares 2X Long UNH Daily ETF,ETF,US,1,1,new,10.4573,18.15,2025-12-30,1.898,USD
UNTC.US,Unit Corporation,COMMON STOCK,US,15,1,down,32.6264,30.65,2026-09-15,1.25,USD
UPV.US,ProShares Ultra FTSE Europe,ETF,US,20,1,down,4.9145,96.53,2026-09-23,0.588,USD
UFO.US,Procure Space ETF,ETF,US,26,1,down,0.3449,42.91,2026-06-29,0.058,USD
UBOT.US,Direxion Daily Robotics Artificial Intelligence & Automation Index Bull 2X Shares,ETF,US,24,1,down,1.1691,21.64,2026-09-22,0.066,USD
ULST.US,SPDR® SSgA Ultra Short Term Bond ETF,ETF,US,155,1,down,4.1812,40.23,2026-09-01,0.14004,USD
URTY.US,ProShares UltraPro Russell2000,ETF,US,22,1,down,0.9178,68.64,2026-09-23,0.18,USD
USEG.US,US Energy Corp,COMMON STOCK,US,6,1,down,0.0000,1.65,2023-05-18,0.0225,USD
USAI.US,Pacer American Energy Independence ETF,ETF,US,90,1,down,4.3508,44.13,2026-09-24,0.16,USD
USDP.US,USD Partners LP,COMMON STOCK,US,33,1,down,0.0000,0.0002,2023-02-07,0.1235,USD
USMF.US,WisdomTree U.S. Multifactor Fund,ETF,US,37,1,down,1.2650,52.255,2026-09-25,0.125,USD
USHY.US,iShares Broad USD High Yield Corporate Bond ETF,ETF,US,107,1,down,7.1011,35.86,2026-09-01,0.21327,USD
USSG.US,Xtrackers MSCI USA ESG Leaders Equity ETF,ETF,US,30,1,down,0.9587,71.66,2026-09-18,0.164,USD
USMC.US,Principal U.S. Mega-Cap ETF,ETF,US,35,1,down,0.7347,76.898,2026-07-01,0.139,USD
USPH.US,"U.S. Physical Therapy, Inc.",COMMON STOCK,US,61,1,down,2.1257,86.09,2026-08-21,0.46,USD
USTB.US,VictoryShares USAA Core Short-Term Bond ETF,ETF,US,109,1,down,4.5901,49.87,2026-09-09,0.18337,USD
USCB.US,US Century Bank,COMMON STOCK,US,11,1,down,2.0971,22.65,2026-08-17,0.125,USD
URNM.US,Sprott Uranium Miners ETF,ETF,US,5,2,up,3.6377,47.92,2025-12-18,1.74317,USD
TRST.US,TrustCo Bank Corp NY,COMMON STOCK,US,172,1,down,2.7823,55.35,2026-09-04,0.4,USD
USVM.US,VictoryShares US Small Mid Cap Value Momentum ETF,ETF,US,88,1,down,1.8941,104.2634,2026-09-09,0.18824,USD
VAIAF.US,Vaisala Oyj,COMMON STOCK,US,27,6,up,1.5649,65.32,2026-03-26,1.0222,USD
UUU.US,Universal Security Instruments Inc,COMMON STOCK,US,1,1,new,0.0000,4.88,2025-09-26,1,USD
UTZ.US,Utz Brands Inc,COMMON STOCK,US,25,1,down,1.7684,14.25,2026-09-21,0.063,USD
VBVBF.US,VERBIO Vereinigte BioEnergie AG,COMMON STOCK,US,8,5,up,0.0000,36.985,2024-12-10,0.2101,USD
VALE.US,Vale SA ADR,COMMON STOCK,US,54,1,down,7.9345,13.59,2026-08-13,0.4,USD
VANVF.US,Vaneck Vectors UCITS ETFs plc - Vaneck Vectors J.P. Morgan EM Local Currency Bond UCITS ETF,ETF,US,1,1,new,0.0000,69.2447,2022-03-15,0.285,USD
VBCF.US,Vanguard Target Maturity 2032 Corporate Bond ETF,ETF,US,5,1,new,1.7225,72.336,2026-09-01,0.29,USD
VAVX.US,VanEck Avalanche ETF Common Shares of Beneficial Interest,ETF,US,1,1,new,0.7871,21.598,2026-07-07,0.17,USD
VDI.US,Virtus International Dividend ETF,ETF,US,3,1,new,3.2987,36.196,2026-09-21,0.37,USD
VACNY.US,VAT Group AG,COMMON STOCK,US,9,3,up,1.1239,79.1,2026-05-04,0.889,USD
VBCC.US,Vanguard Target Maturity 2029 Corporate Bond ETF,ETF,US,5,1,new,1.5245,73.9925,2026-09-01,0.261,USD
UTHY.US,US Treasury 30 Year Bond ETF,ETF,US,42,1,down,5.5158,36.996,2026-09-28,0.15551,USD
VDMCY.US,Vodacom Group Ltd PK,COMMON STOCK,US,29,1,down,4.7477,9.28,2026-06-18,0.246,USD
VEOEF.US,Veolia Environnement S.A,COMMON STOCK,US,20,1,down,4.9839,35.51,2026-05-12,1.7698,USD
VGM.US,Invesco Trust For Inv Grade Munis,COMMON STOCK,US,488,1,down,8.9450,8.72,2026-09-14,0.065,USD
VESTF.US,Corporación Inmobiliaria Vesta S.A.B. de C.V,COMMON STOCK,US,36,1,down,2.0319,3.95,2026-07-14,0.01997,USD
VKI.US,Invesco Advantage MIT II,COMMON STOCK,US,448,1,down,8.8073,7.63,2026-09-14,0.056,USD
VIOV.US,Vanguard S&P Small-Cap 600 Value Index Fund ETF Shares,ETF,US,50,1,down,1.6884,111.23,2026-09-23,0.446,USD
VLEEY.US,Valeo SA ADR,COMMON STOCK,US,23,7,up,3.0602,8.3,2026-05-22,0.254,USD
VHI.US,Valhi Inc,COMMON STOCK,US,151,1,down,2.0632,15.51,2026-09-03,0.08,USD
VIVHY.US,Vivendi SA PK,COMMON STOCK,US,19,2,up,5.6790,1.62,2026-04-23,0.046,USD
VGPBF.US,VGP NV,COMMON STOCK,US,8,1,down,8.5787,79.15,2026-05-20,2.78486,USD
VERU.US,Veru Inc,COMMON STOCK,US,19,1,down,0.0000,2.525,2014-04-28,0.7,USD
VGRSF.US,Vanguard Funds Public Limited Company - Vanguard Global Aggregate Bond UCITS ETF,ETF,US,1,1,new,0.0000,26.2602,2022-03-15,0.285,USD
VLOWY.US,Vallourec SA,COMMON STOCK,US,11,2,up,10.8121,4.31,2026-08-07,0.466,USD
VIRC.US,Virco Manufacturing Corporation,COMMON STOCK,US,79,1,down,1.5385,6.5,2026-09-18,0.025,USD
VIG.US,Vanguard Dividend Appreciation Index Fund ETF Shares,ETF,US,82,1,down,1.5477,235.57,2026-09-28,0.93,USD
VERF.US,Versailles Financial Corporation,COMMON STOCK,US,8,8,flat,2.9104,25.77,2025-12-05,0.75,USD
VLTO.US,Veralto Corporation,COMMON STOCK,US,12,1,down,0.6549,96.2,2026-09-30,0.13,USD
VNM.US,VanEck Vietnam ETF,ETF,US,21,1,down,0.2224,17.09,2025-12-22,0.038,USD
VPV.US,Invesco Pennsylvania Value Municipal Income Trust,COMMON STOCK,US,400,1,down,7.7457,10.38,2026-09-14,0.067,USD
VNOM.US,Viper Energy Ut,COMMON STOCK,US,48,1,down,6.0449,40.53,2026-08-13,0.67,USD
VOT.US,Vanguard Mid-Cap Growth Index Fund ETF Shares,ETF,US,62,1,down,0.6058,293.35,2026-09-28,0.389,USD
VNSE.US,Natixis ETF Trust II - Natixis Vaughan Nelson Select ETF,ETF,US,8,1,down,0.1997,42.072,2026-04-08,0.004,USD
VTC.US,Vanguard Total Corporate Bond ETF ETF Shares,ETF,US,106,1,down,5.1929,72.915,2026-09-01,0.3273,USD
VRTIX.US,Vanguard Russell 2000 Index Fund Institutional Shares,ETF,US,49,1,down,0.8588,432.47,2026-06-18,1.165,USD
VRAI.US,Virtus Real Asset Income ETF,ETF,US,30,1,down,3.2209,27.1353,2026-09-21,0.261,USD
VTEPF.US,The Vitec Group plc,COMMON STOCK,US,21,1,down,0.0000,6.34,2023-04-20,66.24447,USD
VRTVX.US,Vanguard Scottsdale Funds - Vanguard Russell 2000 Value ETF,ETF,US,47,1,down,1.1783,367.81,2026-06-18,1.415,USD
WD.US,Walker & Dunlop Inc,COMMON STOCK,US,35,1,down,7.3164,37.04,2026-08-20,0.68,USD
WAWIF.US,Wallenius Wilhelmsen ASA,COMMON STOCK,US,8,1,down,9.1268,17.75,2026-08-27,0.61,USD
VUSV.US,Vanguard Wellesley Income Fund - Vanguard Wellington U.S. Value Active ETF,ETF,US,1,1,new,0.1791,69.24,2025-12-23,0.124,USD
VUS.US,Virtus U.S. Dividend ETF,ETF,US,3,1,new,2.2852,29.9323,2026-09-21,0.3,USD
VTS.US,Vitesse Energy Inc,COMMON STOCK,US,15,1,down,11.2060,16.75,2026-09-15,0.438,USD
WCC.US,WESCO International Inc,COMMON STOCK,US,15,1,down,0.5358,364.67,2026-09-11,0.5,USD
VMBS.US,Vanguard Mortgage-Backed Securities Index Fund ETF Shares,ETF,US,202,1,down,4.3952,44.53,2026-09-01,0.1666,USD
VOSSY.US,Vossloh AG ADR,COMMON STOCK,US,10,5,up,1.9120,7.07,2026-05-08,0.13518,USD
WDTE.US,Defiance S&P 500 Target 30 Weekly Distribution ETF,ETF,US,116,1,down,32.7830,28.796,2026-09-24,0.1686,USD
WBIF.US,WBI BullBear Value 3000 ETF,ETF,US,42,1,down,0.0000,34.7465,2025-09-25,0.02,USD
WCPRF.US,Whitecap Resources Inc.,COMMON STOCK,US,167,1,down,4.1324,12.73,2026-09-29,0.04365,USD
WDIV.US,SPDR® S&P Global Dividend ETF,ETF,US,54,1,down,4.2195,82.38,2026-09-21,0.827,USD
VYMI.US,Vanguard International High Dividend Yield Index Fund ETF Shares,ETF,US,43,1,down,3.6253,102.64,2026-09-18,0.817,USD
WEEK.US,WEEK,ETF,US,81,1,down,3.5516,100.04,2026-09-22,0.07,USD
WEEL.US,Peerless Option Income Wheel ETF,ETF,US,9,1,down,12.7692,19.97,2026-09-24,0.6,USD
WELPM.US,Wisconsin Electric Power Company PFD 6%,COMMON STOCK,US,130,9,flat,7.0755,106,2026-10-14,1.5,USD
VOYA.US,Voya Financial Inc,COMMON STOCK,US,54,1,down,1.9587,95.98,2026-08-26,0.47,USD
VTIAF.US,VITA 34 AG,COMMON STOCK,US,5,1,down,0.0000,6.375,2019-06-05,0.1799,USD
WEIGF.US,The Weir Group PLC,COMMON STOCK,US,35,1,down,2.4099,35.5,2026-10-01,0.301,USD
WEBB.US,Web Global Holdings Inc,COMMON STOCK,US,1,1,new,0.0000,0.0001,2008-12-10,0.32,USD
WFAFF.US,Wesfarmers Limited,COMMON STOCK,US,63,1,down,8.4569,50.8,2026-09-02,0.8569,USD
WHR-PA.US,Whirlpool Corp 8.50% PRF PERPETUAL USD 1 - Ser A 1/20th Int,COMMON STOCK,US,2,1,new,6.8646,28.72,2026-07-31,1.0625,USD
WMTI.US,REX ETF Trust REX WMT Growth &,ETF,US,45,2,up,36.0786,19.396,2026-09-22,0.079,USD
WRDEF.US,Wereldhave N.V,COMMON STOCK,US,38,1,down,6.0148,25.75,2026-05-18,1.5488,USD
WDC.US,Western Digital Corporation,COMMON STOCK,US,38,2,up,0.1214,453.23,2026-09-08,0.15,USD
VTWO.US,Vanguard Russell 2000 Index Fund ETF Shares,ETF,US,50,1,down,1.1997,113.11,2026-09-23,0.391,USD
WRTBY.US,Wartsila Oyj Abp ADR,COMMON STOCK,US,29,6,up,3.8629,6.42,2026-09-16,0.062,USD
WLDBF.US,WildBrain Ltd,COMMON STOCK,US,15,1,down,0.0000,0.83,2018-05-24,0.01921,USD
WSIOF.US,Wasion Holdings Limited,COMMON STOCK,US,19,5,up,3.5029,1.75,2026-05-26,0.0613,USD
WSDDF.US,WisdomTree Issuer ICAV - WisdomTree US Quality Dividend Growth UCITS ETF,ETF,US,13,1,down,0.9434,51.304,2026-07-02,0.109,USD
WEBNF.US,Westpac Banking Corporation,COMMON STOCK,US,38,1,down,4.3536,24.38,2026-05-11,0.5588,USD
WSBF.US,Waterstone Financial Inc,COMMON STOCK,US,57,3,up,4.0099,20.2,2026-10-08,0.17,USD
WHTAF.US,WashTec AG,COMMON STOCK,US,14,4,up,5.0360,57.3,2026-05-14,2.8856,USD
WWNTY.US,Want Want China Holdings Ltd,COMMON STOCK,US,33,1,down,3.5008,19.68,2026-08-28,0.68896,USD
XAIX.US,Xtrackers Artificial Intelligence and Big Data ETF,ETF,US,4,1,down,0.3760,58.51,2026-06-18,0.098,USD
WDFC.US,WD-40 Company,COMMON STOCK,US,168,1,down,1.9617,203.9,2026-07-17,1.02,USD
XBB.US,BondBloxx BB Rated USD High Yield Corporate Bond ETF,ETF,US,51,1,down,5.6137,39.635,2026-09-01,0.18392,USD
VMRK.US,Vivmark Residential,COMMON STOCK,US,135,3,up,4.5649,61.37,2026-10-05,0.7025,USD
XBCI.US,NEOS Boosted Bitcoin High Income ETF,ETF,US,8,1,new,25.7563,40.83,2026-09-02,1.2488,USD
WERN.US,Werner Enterprises Inc,COMMON STOCK,US,164,3,flat,2.0877,33.53,2026-10-05,0.14,USD
WTBDY.US,Whitbread PLC ADR,COMMON STOCK,US,29,1,down,4.1795,7.8,2026-05-22,0.204,USD
XBIT.US,XBiotech Inc,COMMON STOCK,US,1,1,new,0.0000,2.15,2021-07-15,2.5,USD
WTBFB.US,W.T.B. Financial Corporation,COMMON STOCK,US,58,1,down,2.0066,460.98,2026-09-04,1.85,USD
XAUMF.US,GoldMoney Inc,COMMON STOCK,US,2,1,new,0.0000,9.59,2019-11-27,0.015,USD
WSOUF.US,Washington H. Soul Pattinson and Company Limited,COMMON STOCK,US,18,1,down,1.9943,33.7925,2026-10-12,0.33724,USD
XBNB.US,Listed Funds Trust,COMMON STOCK,US,1,1,new,0.0090,33.26,2026-05-27,0.003,USD
WLK.US,Westlake Chemical Corporation,COMMON STOCK,US,88,1,down,3.1762,66.84,2026-08-25,0.533,USD
XCLR.US,Global X S&P 500® Collar 95-110 ETF,ETF,US,11,1,down,12.6261,27.95,2026-06-29,0.102,USD
XLUI.US,State Street Utilities Select Sector SPDR Premium Income ETF,ETF,US,13,2,up,15.8523,21.58,2026-09-01,0.21903,USD
XLSI.US,State Street Consumer Staples Select Sector SPDR Premium Income ETF,ETF,US,13,2,up,12.5849,22.915,2026-09-01,0.17782,USD
XIJN.US,FT Vest U.S. Equity Buffer & Premium Income ETF - June,ETF,US,26,1,down,6.9196,30.84,2026-09-01,0.172,USD
XLYI.US,State Street Consumer Discretionary Select Sector SPDR Premium Income ETF,ETF,US,13,2,up,15.5723,21.4718,2026-09-01,0.18591,USD
WVFC.US,WVS Financial Corp,COMMON STOCK,US,132,1,down,2.4623,19.9,2026-08-10,0.11,USD
XCOR.US,FundX ETF,ETF,US,3,1,down,0.3838,89.627,2025-12-31,0.344,USD
XOEF.US,iShares S&P 500 ex S&P 100 ETF,ETF,US,5,2,up,1.1218,29.24,2026-09-15,0.089,USD
XIFR.US,XPLR Infrastructure LP Unit,COMMON STOCK,US,41,11,up,0.0000,10.36,2024-11-06,0.918,USD
XRN-PB.US,Chiron Real Estate Inc.,COMMON STOCK,US,3,1,new,5.4560,25.44,2026-07-15,0.5,USD
XONE.US,Bondbloxx Bloomberg One Year Target Duration US Treasury ETF,ETF,US,47,1,down,3.9459,49.14,2026-09-01,0.168,USD
XRLX.US,FundX Investment Trust,ETF,US,3,3,up,2.5978,49.08,2025-12-31,1.275,USD
WWD.US,Woodward Inc,COMMON STOCK,US,126,7,up,0.4786,325.94,2026-11-19,0.32,USD
XRN-P-A.US,XRN-P-A,COMMON STOCK,US,37,10,flat,9.4468,24.81,2026-10-15,0.46875,USD
XNGSY.US,ENN Energy Holdings Ltd,COMMON STOCK,US,21,1,down,6.1869,24.82,2026-06-02,1.20079,USD
XTRKF.US,Xtrackers Russell 2000 UCITS ETF,ETF,US,1,1,new,0.0000,428.4657,2022-03-15,0.285,USD
XV.US,Simplify Target 15 Distribution ETF,ETF,US,17,1,down,20.2816,24.15,2026-09-25,0.3,USD
XYIGF.US,Xinyi Glass Holdings Limited,COMMON STOCK,US,45,1,down,3.7280,1.25,2026-08-17,0.0191,USD
XYLG.US,Global X S&P 500® Covered Call & Growth ETF,ETF,US,73,1,down,12.8028,29.59,2026-09-21,0.1012,USD
XSHD.US,Invesco S&P SmallCap High Dividend Low Volatility ETF,ETF,US,118,1,down,5.1843,13.04,2026-09-21,0.04978,USD
WSO.US,Watsco Inc,COMMON STOCK,US,168,1,down,4.0227,313.22,2026-07-16,3.3,USD
XTEN.US,Bondbloxx ETF Trust - BondBloxx Bloomberg Ten Year Target Duration US Treasury ETF,ETF,US,47,1,down,4.6318,42.575,2026-09-01,0.17,USD
XYZG.US,Leverage Shares 2X Long XYZ Daily ETF,ETF,US,1,1,new,6.9461,14.195,2025-12-30,0.986,USD
XSHQ.US,Invesco S&P SmallCap Quality ETF,ETF,US,39,1,down,1.2251,45.219,2026-09-21,0.123,USD
YASKF.US,YASKAWA Electric Corporation,COMMON STOCK,US,42,1,down,3.0838,27.75,2027-02-25,0.18035,USD
YBIT.US,YieldMax Bitcoin Option Income Strategy ETF,ETF,US,68,1,down,76.7690,20.91,2026-09-24,0.1924,USD
YBTY.US,GraniteShares YieldBoost TopYielders ETF,ETF,US,41,2,up,85.1034,10.17,2026-09-28,0.103,USD
YCLO.US,Franklin Templeton ETF Trust,ETF,US,3,1,new,1.1094,25.24,2026-09-01,0.106,USD
YGLD.US,Simplify Gold Strategy PLUS Income ETF,ETF,US,14,1,down,25.5036,30.231,2026-09-25,0.35,USD
YHEKF.US,Yeahka Limited,COMMON STOCK,US,1,1,new,0.5263,0.722,2026-09-18,0.0038,USD
YADGF.US,Yadea Group Holdings Ltd,COMMON STOCK,US,5,2,up,6.3178,1.07,2026-06-25,0.0676,USD
XSMO.US,Invesco S&P SmallCap Momentum ETF,ETF,US,50,1,down,0.6172,82.92,2026-09-21,0.1583,USD
XLY.US,Consumer Discretionary Select Sector SPDR® Fund,ETF,US,111,1,down,0.8569,109,2026-09-21,0.244,USD
WMT.US,Walmart Inc.,COMMON STOCK,US,211,54,up,1.1280,108.73,2026-12-11,0.2475,USD
YQQQ.US,YieldMax™ Short N100 Option Income Strategy ETF,ETF,US,64,1,down,29.9862,9.431,2026-09-24,0.037,USD
YTRGF.US,Y. T. Realty Group Limited,COMMON STOCK,US,21,1,down,0.0000,0.001,2020-05-21,0.0013,USD
YYYM.US,Amplify Municipal CEF High Income ETF,ETF,US,5,1,new,3.4136,17.1961,2026-08-28,0.114,USD
YZOFF.US,Yangtze Optical Fibre And Cable Joint Stock Limited Company,COMMON STOCK,US,10,2,up,0.8766,22.76,2026-09-17,0.15629,USD
ZEGLF.US,Zegona Communications plc,COMMON STOCK,US,1,1,new,9.4170,23,2025-12-19,2.1659,USD
YMAX.US,YieldMax™ Universe Fund of Option Income ETFs,ETF,US,113,1,down,62.8440,7.63,2026-09-23,0.06,USD
ZMUN.US,F/m Callable Tax-Free Municipal ETF,ETF,US,12,2,up,3.6268,49.355,2026-09-28,0.165,USD
YITYY.US,Yit Oyj ADR,COMMON STOCK,US,16,3,up,0.0000,1.55,2023-10-02,0.04766,USD
YMAG.US,YieldMax™ Magnificent 7 Fund of Option Income ETFs,ETF,US,113,1,down,48.7102,11.32,2026-09-23,0.072,USD
YLDE.US,ClearBridge Dividend Strategy ESG ETF,ETF,US,50,1,down,7.4702,55.03,2026-09-01,0.32262,USD
YMHAY.US,Yamaha Motor Co. Ltd,COMMON STOCK,US,20,1,down,3.1261,22.665,2026-12-29,0.00201,USD
ZTOP.US,F/m High Yield 100 ETF,ETF,US,18,1,down,6.3907,50.135,2026-09-16,0.253,USD
ZVOL.US,ZVOL,ETF,US,34,1,down,75.5844,7.7,2026-09-23,0.485,USD
XEL.US,Xcel Energy Inc,COMMON STOCK,US,167,1,down,3.3852,69.39,2026-09-15,0.593,USD
YZCAY.US,Yanzhou Coal Mining Company Limited,COMMON STOCK,US,33,1,down,5.1080,14.91,2026-09-11,0.2934,USD